filepath,filename,class,original_split,source_group_id,new_split,sha256,group_size,group_reason
dataset/test/Algal leaf spot/2025_12_21_IMG (101).JPG,2025_12_21_IMG (101).JPG,Algal leaf spot,test,source_96a131b6d8be9ac7e30b524813b8353aadd585506c557e90897410f35e6a9c8d,train,7c526bef19c885bdcacf9994c28050858f9af434bdb5db84636c7a949cab3378,1,singleton_no_enforced_relationship
dataset/test/Algal leaf spot/2025_12_21_IMG (11).JPG,2025_12_21_IMG (11).JPG,Algal leaf spot,test,source_6eac2d409fa91e9481b552962a827623e2d5143b6649b5b62c836f01fca1d10e,train,3889cb7e5b45e5efac5e5ca3e354be16c8e087017b5d380a3db9b5b757b89f31,1,singleton_no_enforced_relationship
dataset/test/Algal leaf spot/2025_12_21_IMG (110).JPG,2025_12_21_IMG (110).JPG,Algal leaf spot,test,source_5ad792a88349bf4d0e3cdeac628860384b07107cb22112e6875ee04eca24d3a5,val,2278d11c6727ac669d2a668f358b36525150a25621ffdb46ca5f168cc1342e4a,1,singleton_no_enforced_relationship
dataset/test/Algal leaf spot/2025_12_21_IMG (112).JPG,2025_12_21_IMG (112).JPG,Algal leaf spot,test,source_e70efc5e421ce2dc7ad254a33d6f526e5280735d19045480445b6a20a245a714,train,219fcfaf90f39be0f3c45640ae3811ad94510b8c8407076d0c367388e95d69d5,1,singleton_no_enforced_relationship
dataset/test/Algal leaf spot/2025_12_21_IMG (113).JPG,2025_12_21_IMG (113).JPG,Algal leaf spot,test,source_87a0b8eff6c040dec93f2eadc207e7a9b60212d1177174a95cdef10762e6e188,train,0a6d4528246a7f07ad83658ba2818c6f26e5ffb68d6d8da36730cbf18e46b651,1,singleton_no_enforced_relationship
dataset/test/Algal leaf spot/2025_12_21_IMG (119).JPG,2025_12_21_IMG (119).JPG,Algal leaf spot,test,source_988b9cf4cf8fcfcb768edf4285bf3e68f6a32370188313eb42830582504cd68f,val,5f85c280d4ddfe68e5eae343584b3d6e8a94b6192b4180ab42ddba48cd131c96,1,singleton_no_enforced_relationship
dataset/test/Algal leaf spot/2025_12_21_IMG (135).JPG,2025_12_21_IMG (135).JPG,Algal leaf spot,test,source_355923a267c5cdb4901b6577251230145cd7271b657911d18d63d30f3e7913ce,test,49fad4da16ea394ece9e4998fb33ea064c16e63b376e644cc5f9b76db9740777,1,singleton_no_enforced_relationship
dataset/test/Algal leaf spot/2025_12_21_IMG (139).JPG,2025_12_21_IMG (139).JPG,Algal leaf spot,test,source_742338416704b74c7d494a5b8a39390a6224e29d8bc899fb6a2cd96de364ada3,train,3f261f6ec0a49ee866eedfa6563dd0d33eb5eb0c564156af592d19ee78ea3ae9,1,singleton_no_enforced_relationship
dataset/test/Algal leaf spot/2025_12_21_IMG (141).JPG,2025_12_21_IMG (141).JPG,Algal leaf spot,test,source_759500554a9ffb9cd1f4e63258262f1627d186e8ffa49e30a06395cae3eb8351,val,fa8c66ed153648b5f1e283b07c016110feca94f3c08f9ac965bc1a23413b5896,1,singleton_no_enforced_relationship
dataset/test/Algal leaf spot/2025_12_21_IMG (143).JPG,2025_12_21_IMG (143).JPG,Algal leaf spot,test,source_ee40b680bf5287eb119406842f847be15256240ed9ce27e9b1312c80f0389a8a,train,ac1c63e2f9b4f7d56eb787e413f05ca15e63bd971688e1abfc72fe69f613b033,1,singleton_no_enforced_relationship
dataset/test/Algal leaf spot/2025_12_21_IMG (146).JPG,2025_12_21_IMG (146).JPG,Algal leaf spot,test,source_318633cd449d4f8b0dd980fb79831fb7e45e5370ae0d6e10e1350d4b4bbdab64,train,729e9851af857b7d07af02f576691c30ace7f89d6fd69e0c0a16c49fd3024757,1,singleton_no_enforced_relationship
dataset/test/Algal leaf spot/2025_12_21_IMG (150).JPG,2025_12_21_IMG (150).JPG,Algal leaf spot,test,source_d42e41f903cff96fdeadeab16bbe87fd5019cc23deed6c021ac32283afc4f243,train,5566ce5b04be7023d31944a5073b5a9ee408a19e19f0b7f5d4c64d04bb79152c,1,singleton_no_enforced_relationship
dataset/test/Algal leaf spot/2025_12_21_IMG (156).JPG,2025_12_21_IMG (156).JPG,Algal leaf spot,test,source_47f880f2ed9798f0eeed1192f65b4b7aa60532dd0f53b8317d8ec604015d0211,train,1c864aef8055431a9435bf3c28f22cf8c7960e539cbae2b164c28f34ce540d32,1,singleton_no_enforced_relationship
dataset/test/Algal leaf spot/2025_12_21_IMG (163).JPG,2025_12_21_IMG (163).JPG,Algal leaf spot,test,source_2b2c13e614c03b8c3f73d30729da95ba3461b4a5ac7dde5a22aa66751a93c1b9,train,c812dff7f4d4c0e8f1e6a0767865fe4043513239589cab5ef1dd682c528a6234,1,singleton_no_enforced_relationship
dataset/test/Algal leaf spot/2025_12_21_IMG (170).JPG,2025_12_21_IMG (170).JPG,Algal leaf spot,test,source_9c66efec7da5b383aada6a2c4995f613102ec9cfb85bad7030d94b7c61c24ab5,train,6c90f7b612c70542dbf57f65176a27acab6119765f62804d668acc64554cb19b,1,singleton_no_enforced_relationship
dataset/test/Algal leaf spot/2025_12_21_IMG (172).JPG,2025_12_21_IMG (172).JPG,Algal leaf spot,test,source_b9bc863702e76b1abf561b10627742556057a22585746b33889b919500d67832,train,675fd3e26b23d60041c7b29aaef9429a65656bef0f5b3d734b373d7fbca9f649,1,singleton_no_enforced_relationship
dataset/test/Algal leaf spot/2025_12_21_IMG (188).JPG,2025_12_21_IMG (188).JPG,Algal leaf spot,test,source_20b8896629d94dd25db918a4a278123a8586e79b03352e766f3f740dea614b17,train,e3c746768774f126a389923b363ee1766e2b0d975761efacf1e7d41a87c416cf,1,singleton_no_enforced_relationship
dataset/test/Algal leaf spot/2025_12_21_IMG (190).JPG,2025_12_21_IMG (190).JPG,Algal leaf spot,test,source_50ee56e8d2b89fd21bdb9800a8d370bace50fe653eddc10d18cdeb1768045499,train,ea16a9bd4d2abd884131bc437c993efe14bfb00c098109b268c12d8ad8a089f3,1,singleton_no_enforced_relationship
dataset/test/Algal leaf spot/2025_12_21_IMG (199).JPG,2025_12_21_IMG (199).JPG,Algal leaf spot,test,source_c675a18ac664f80146874d136518305abe8d705d38fbc96f48850a84cd3a21c6,train,961367dee7627ebe38965ea29eba23322e90966ca0243c38d165047f4f3cc907,2,human_SAME_SOURCE
dataset/test/Algal leaf spot/2025_12_21_IMG (2).JPG,2025_12_21_IMG (2).JPG,Algal leaf spot,test,source_21d876685e41f42c050265e65fae6b25f85d4b0918cf527adb044d8bee7a8115,val,e8979abdcf2b95baf706c39b395524ef4998bf1c50b725c98d383ca0398fcee1,1,singleton_no_enforced_relationship
dataset/test/Algal leaf spot/2025_12_21_IMG (20).JPG,2025_12_21_IMG (20).JPG,Algal leaf spot,test,source_6f0f8f0986d02687449488e86a3e58f7e8189174630e339e2a8440f56fe4aa70,train,8ab4687b01f5f79fec9fe001797d98fa5b2d05a3e2079f66a8bed773a245b6af,1,singleton_no_enforced_relationship
dataset/test/Algal leaf spot/2025_12_21_IMG (201).JPG,2025_12_21_IMG (201).JPG,Algal leaf spot,test,source_5c98b0d0422f7c2d9d6f52854acc5a934342a2a613b7cb82ce566690ffe861da,val,2736f12c5dae6f2d7505d52a2a28312db843643bd648d9e93950295a9994a5d9,1,singleton_no_enforced_relationship
dataset/test/Algal leaf spot/2025_12_21_IMG (206).JPG,2025_12_21_IMG (206).JPG,Algal leaf spot,test,source_bcce76e2a128417d7485a9fcf9dde29a383a46c635bf451594a8fdaf8acae97a,train,1bcf8df0ca8922e5690bbead7b6614898d75bf7296ff3db08b5e02340b7a1c94,1,singleton_no_enforced_relationship
dataset/test/Algal leaf spot/2025_12_21_IMG (211).JPG,2025_12_21_IMG (211).JPG,Algal leaf spot,test,source_aa52c34a73dcaac8e5954eaa1d73a0fbdb1506a05f2cac4042b766c10652fa0b,test,1412ae304aeb40aa14761588b60028f7190048cdb6191769b1f5ac20376ff017,1,singleton_no_enforced_relationship
dataset/test/Algal leaf spot/2025_12_21_IMG (220).JPG,2025_12_21_IMG (220).JPG,Algal leaf spot,test,source_b40d351eee97f7ef80f1af4f436ee1cc8c3f743bee6fc16dfdd9ab23ae98db16,train,8863b8eecdaa9b656735c31429f3632109b16b286f978205068198d936c5b46a,1,singleton_no_enforced_relationship
dataset/test/Algal leaf spot/2025_12_21_IMG (225).JPG,2025_12_21_IMG (225).JPG,Algal leaf spot,test,source_ab2988b200e99ee11b4322c5eb5912ce9f48e282dfad978d15e5647bfb531934,val,df07bc41b1f36ff8b4db42e32c58b375f4a6f2d7fcc34726dbdb57a5ba5b10f2,1,singleton_no_enforced_relationship
dataset/test/Algal leaf spot/2025_12_21_IMG (227).JPG,2025_12_21_IMG (227).JPG,Algal leaf spot,test,source_b63b03d3a61cad0bb9a13cbab570f7324b001e263693776e7af8e31767ba20e9,train,27aeba3496125835fb5695a641c8dbc398432b10b51eeabc7f50dd92041193e2,1,singleton_no_enforced_relationship
dataset/test/Algal leaf spot/2025_12_21_IMG (234).JPG,2025_12_21_IMG (234).JPG,Algal leaf spot,test,source_43a8d9d20d5eb12c19b9b50b9bb3e006e7eca2829e4ed35d81c65c3545091dfd,train,0e4275467ce82540b2a16d79bb69163ac544d126249c473e176b17fba25bf805,1,singleton_no_enforced_relationship
dataset/test/Algal leaf spot/2025_12_21_IMG (254).JPG,2025_12_21_IMG (254).JPG,Algal leaf spot,test,source_47f1c5f9e693ae58b7f8dd696be5efa4518557df802d0ef013dd2f7dd7a2d2ee,test,834d4c73a9e7c358f93d855fd3547c4d5cb756f68d7b1f1eb7b320c6359f9ee0,1,singleton_no_enforced_relationship
dataset/test/Algal leaf spot/2025_12_21_IMG (256).JPG,2025_12_21_IMG (256).JPG,Algal leaf spot,test,source_c0f56bdce03fb16db317f02926016c5e408f2a73b74e06ec234f18368e8f6601,val,cfa719d20153f6d53aaffb87f78d9133ab9aa668e020dc25d7a284dc879e1495,1,singleton_no_enforced_relationship
dataset/test/Algal leaf spot/2025_12_21_IMG (258).JPG,2025_12_21_IMG (258).JPG,Algal leaf spot,test,source_0de1ce89bb4f67c1f503af21f1691f26f2dca38fe5d189c62e74e35f51f0ce2a,train,d475a84e11fc30453b129d559d514003a94c6645c9aae1503de22b74aa157765,1,singleton_no_enforced_relationship
dataset/test/Algal leaf spot/2025_12_21_IMG (264).JPG,2025_12_21_IMG (264).JPG,Algal leaf spot,test,source_bb06901e6220fb32d3f82544bbd1bf0a688e0cb915b8084473446aba959b2759,train,f960ee4e1dc290e44bb076cc1a5397d4edff5c56540617543ff55c049a229746,1,singleton_no_enforced_relationship
dataset/test/Algal leaf spot/2025_12_21_IMG (266).JPG,2025_12_21_IMG (266).JPG,Algal leaf spot,test,source_3bb48140701b3f972c62757653fb0e1159b37f9659473f185168b3bed4c0d56e,test,0fad7b5bdc848761b25818aed8e98bd075759239bae6d20e2e0cf14534a3cee9,1,singleton_no_enforced_relationship
dataset/test/Algal leaf spot/2025_12_21_IMG (273).JPG,2025_12_21_IMG (273).JPG,Algal leaf spot,test,source_d3eec6f3f0e6f2c8d584ee3d177ff17818ed53f93ec7533a8e72e1bce28f4cb0,train,cdc6fe33d8512d2fbb5ab1a218a8c43b7aee8369cd1d9b4edb45ed35435dccd1,1,singleton_no_enforced_relationship
dataset/test/Algal leaf spot/2025_12_21_IMG (274).JPG,2025_12_21_IMG (274).JPG,Algal leaf spot,test,source_1a3505d4062c222a5243705df430490a5c047eb8712b03ae8454d9aa3bf05f12,train,66bdd20206cf0d942cbbda14c3a4dd028ecfb942b26aa7bb1c63fb68e86b310d,1,singleton_no_enforced_relationship
dataset/test/Algal leaf spot/2025_12_21_IMG (292).JPG,2025_12_21_IMG (292).JPG,Algal leaf spot,test,source_ff0f0951ccad5511430e59a59fa5ad509caaa1028be90be2a69103ef2d7fe5f3,test,6c3c072a6df0036dd44ef4e87bb1d064a87aaa71231e964fea330677b3adaf48,1,singleton_no_enforced_relationship
dataset/test/Algal leaf spot/2025_12_21_IMG (294).JPG,2025_12_21_IMG (294).JPG,Algal leaf spot,test,source_59a297ffe817525daffb47ed96050c2a6c3d818d8fcba231c45183f755a84ac1,val,2d208b7e2425faf4be63b8be488081789c8beecef8a4836fae8a177d7f7d2cc1,1,singleton_no_enforced_relationship
dataset/test/Algal leaf spot/2025_12_21_IMG (305).JPG,2025_12_21_IMG (305).JPG,Algal leaf spot,test,source_95a5ba4dcfd0946095201b52c0d1b14630beb1b40d32ab54bf229ac5b02a0f88,train,2a64a8e287d21b4ad3fd827a00cea3ef25eef54533b46806a658eb5240e4a02a,1,singleton_no_enforced_relationship
dataset/test/Algal leaf spot/2025_12_21_IMG (310).JPG,2025_12_21_IMG (310).JPG,Algal leaf spot,test,source_51d0078b525d34e446008a4d514999a3bc8d3121750560315964864c5f0f2827,val,9638616d327a23abf1cf531407eb6f4401e588579e7d9af022f1d84155a30d05,1,singleton_no_enforced_relationship
dataset/test/Algal leaf spot/2025_12_21_IMG (52).JPG,2025_12_21_IMG (52).JPG,Algal leaf spot,test,source_fbcb605dbe9d3dee935e457a17e61e311f71d09606d234617a3579c02d25f7dd,train,ae8d6a52c8a496eb3874e901bfbb56a382362574a655e43d6f452d10af1e911c,1,singleton_no_enforced_relationship
dataset/test/Algal leaf spot/2025_12_21_IMG (71).JPG,2025_12_21_IMG (71).JPG,Algal leaf spot,test,source_b352b4b9ffbd07f656cbe1c9331a3e784c6b506a1beb6af9874f4a93422221d2,val,036cd715bee5aee9fc3d2d6e47c04df9f8cd130ab62a4b743e4d68597b16b1cf,1,singleton_no_enforced_relationship
dataset/test/Algal leaf spot/2025_12_21_IMG (78).JPG,2025_12_21_IMG (78).JPG,Algal leaf spot,test,source_5bed328e4b858a2d8b2da6d630bd6e7ac14a5bbbaf60e85f24cfc27a2b93f76e,train,5b217c5ce61699d7b21fe4305151582f1b614fe1f07d2e4c6a1041e2d7ad490f,1,singleton_no_enforced_relationship
dataset/test/Algal leaf spot/2025_12_21_IMG (79).JPG,2025_12_21_IMG (79).JPG,Algal leaf spot,test,source_81fb991edcf39cb9ffacb0f024e822da2bbdf9387737bcac401c986d443acca6,train,62a76e17025c2ed450ec9e99b14a151522d1e753ee2a2f26dfed944b17685dea,1,singleton_no_enforced_relationship
dataset/test/Algal leaf spot/2025_12_21_IMG (88).JPG,2025_12_21_IMG (88).JPG,Algal leaf spot,test,source_a7897eeb975e84a0870e84c7038980aff4b53d4c90e8e6048f7c6a0c5e66418c,train,7a8fed725abeb7af534d35ad2f81c26f6d7624197528e676c561f77c1dc790fb,1,singleton_no_enforced_relationship
dataset/test/Algal leaf spot/2025_12_21_IMG (90).JPG,2025_12_21_IMG (90).JPG,Algal leaf spot,test,source_8d9feb7b07f3fa5df96e5916b81b863f8bc868f74cd7cff2ed1090ed24fb2aa3,val,5d2d70fdefaa800c164098b0d0999efc3ef3b147308f8a73bd7f2a850eb75084,1,singleton_no_enforced_relationship
dataset/test/Algal leaf spot/2025_12_21_IMG (92).JPG,2025_12_21_IMG (92).JPG,Algal leaf spot,test,source_0e4383ebff3e04255e71acc53f402fcdfaf365a1df7442751fd03564a3893cee,val,25c0fb07d30533362bb93aec790979fbb0511c4d90d3894db3ea510fddcb5284,1,singleton_no_enforced_relationship
dataset/test/Algal leaf spot/2025_12_21_IMG (93).JPG,2025_12_21_IMG (93).JPG,Algal leaf spot,test,source_4c4c517d9e88504f1d9764ea8b22307c209dab54f3c23be02656b2dd1f3aaff0,train,ed32a9e1185f7352136fb223e1b3dbe875230baa3dd2e833cda536d4c0c5880b,1,singleton_no_enforced_relationship
dataset/test/Black spot/2025_12_20_IMG (101).JPG,2025_12_20_IMG (101).JPG,Black spot,test,source_98e5a0172707cc5b1ecd9dcd63ab6e7f393db15ec76b02d6feb1e74e246bb0ce,train,cca6d18e47c016ea8e3805c6c4597a3ee626883c93361b208f0bcd5fc74ccfe2,1,singleton_no_enforced_relationship
dataset/test/Black spot/2025_12_20_IMG (11).JPG,2025_12_20_IMG (11).JPG,Black spot,test,source_dea8b1ac1e67ffc04600a47aedd119c47f345ecf83cdd5b90f48077861ea0162,train,9740f187b46b9fbf12b402fdbc04e2a2ae2b6515bfcc9a9a51be483b255c36bb,1,singleton_no_enforced_relationship
dataset/test/Black spot/2025_12_20_IMG (110).JPG,2025_12_20_IMG (110).JPG,Black spot,test,source_879bb372ef5d5b734e932577dce657d9e97b9d91baf26f3cc12afe53ae547a60,train,0c00fb4869a82f0b8e19992e87b826aba402cdc254374049b1e59f2ea099a7fc,1,singleton_no_enforced_relationship
dataset/test/Black spot/2025_12_20_IMG (112).JPG,2025_12_20_IMG (112).JPG,Black spot,test,source_22ce8ecf1f8011c6620d8be794d2e6e68812bbd746abdd6fbece9a7a86fed91e,train,9e4bd51aee5a16c42212871f6d0235ea4dc4f1c84e645028c86509dda031dcfe,1,singleton_no_enforced_relationship
dataset/test/Black spot/2025_12_20_IMG (113).JPG,2025_12_20_IMG (113).JPG,Black spot,test,source_067c8a3925dab71254ed3479f49a22c5f43c5d1fc5ef188330f4b1d68b87efc3,test,e4eaad41dea685273c0551d858ca859857c829425dd87ae6ceb4f931055b86c8,1,singleton_no_enforced_relationship
dataset/test/Black spot/2025_12_20_IMG (119).JPG,2025_12_20_IMG (119).JPG,Black spot,test,source_dd74c3f66dc7716997ee23cbb4a6578c8f599898dcce8e09ac1391d2377e2dbc,train,25ff18baab4fbcb7ae65c0985527ec19d47472844cf63acc8842259616f7c50c,1,singleton_no_enforced_relationship
dataset/test/Black spot/2025_12_20_IMG (135).JPG,2025_12_20_IMG (135).JPG,Black spot,test,source_b2426e9d0fd50ff73812757c303a6bad4efa6b8e8f916ed68295c357df828f12,val,5055c769ff98329634c515aa697cc13baba436fea51864e33bdfd2334b5c0ee7,1,singleton_no_enforced_relationship
dataset/test/Black spot/2025_12_20_IMG (139).JPG,2025_12_20_IMG (139).JPG,Black spot,test,source_0986becc75e251d97d26e0bab7d23e9ffd60043ee49fdde998e7121f3d71a49c,train,8c82381b22432171b434dac5d889ab84f1155a668ef4edfb32afe5d208ed812e,1,singleton_no_enforced_relationship
dataset/test/Black spot/2025_12_20_IMG (141).JPG,2025_12_20_IMG (141).JPG,Black spot,test,source_cd01e321cbbe9b2a86975343627fa56ad935ce2fe24aab893dd5af3ce163e533,train,ec5de52ec5bfd2dab5ddd9612cf608109aad475ea9fa28be36dd850a23af8bec,1,singleton_no_enforced_relationship
dataset/test/Black spot/2025_12_20_IMG (143).JPG,2025_12_20_IMG (143).JPG,Black spot,test,source_499024f350cba5fee1498af0da3ed6d9969436f5a4c2ec4eac54fbd3e90ad7c0,val,925cbbc44c0794ea0d9788cd38b58ea65b3a9dec6766e6c01605073b05f9e17c,1,singleton_no_enforced_relationship
dataset/test/Black spot/2025_12_20_IMG (146).JPG,2025_12_20_IMG (146).JPG,Black spot,test,source_c351b99f9aa2c87588a6470d1b59bf64a5a2090b5d4a484f3da708ad7a50df12,train,64d34fdd0bb698c51ea4619905803082f5e6360f3a90c7e544788f8d7b416e8f,1,singleton_no_enforced_relationship
dataset/test/Black spot/2025_12_20_IMG (150).JPG,2025_12_20_IMG (150).JPG,Black spot,test,source_231d22524d2968dbecacd7e443b7f53ceb5753bfdab7da48a21f336a41b5609a,train,a4f49e5bc8d731c51b93977b534ddfa691e5487f549ba6928894fd75873e118a,1,singleton_no_enforced_relationship
dataset/test/Black spot/2025_12_20_IMG (156).JPG,2025_12_20_IMG (156).JPG,Black spot,test,source_0e781244c1f511fc0c8533d1f81d7b8ebedaf7310e2677c8f055153e279496e8,train,bcdc97372d5eb5c341d42a98468fb79b2b9478d0b9b5bf1108e7c8ec0b883125,1,singleton_no_enforced_relationship
dataset/test/Black spot/2025_12_20_IMG (163).JPG,2025_12_20_IMG (163).JPG,Black spot,test,source_4ecd308525d7d47ba118372bbba248c0282f3262d589fc56c26d593faa6fd423,val,da689db78e437cfa6f797f2c436f8d6f8c00532008e29b632e9626c83d5a3320,1,singleton_no_enforced_relationship
dataset/test/Black spot/2025_12_20_IMG (170).JPG,2025_12_20_IMG (170).JPG,Black spot,test,source_49f606babdbd2e8b7e351f36bfd5267a5351033f15db80c34f3910c3993dcf7a,val,8bc53293bc889268389eecc77d19d02fc61c0f5c08af248ce3245cc87528d27a,1,singleton_no_enforced_relationship
dataset/test/Black spot/2025_12_20_IMG (172).JPG,2025_12_20_IMG (172).JPG,Black spot,test,source_6521963e4c2227e50664336025e437c06b4ba7d6ee7ec89e09994fa2fc4f7c47,train,090b951a61d716d4ec7a106688a894f2fceaf0a9b2efba72cc8cc8eb8c951bf0,1,singleton_no_enforced_relationship
dataset/test/Black spot/2025_12_20_IMG (190).JPG,2025_12_20_IMG (190).JPG,Black spot,test,source_1ebc63d642f510a82b894d68ddffc9e9c9ac676b0ebb0389ab83ebdeb78bf6df,train,97a47d09d9ddd67fb1cea2e4740ee89703f67e88ad76aa4091ec468ccdb4623a,1,singleton_no_enforced_relationship
dataset/test/Black spot/2025_12_20_IMG (199).JPG,2025_12_20_IMG (199).JPG,Black spot,test,source_fb3ff58d30f020d480d70b9864cc22ef2a8763ccfced15233eb1e9222a4f7c48,train,813ac2526f4310a452460256630048ba57da1218b948819933627a8d4da529fc,1,singleton_no_enforced_relationship
dataset/test/Black spot/2025_12_20_IMG (2).JPG,2025_12_20_IMG (2).JPG,Black spot,test,source_1662cd2472c6788d666e699d5a4bf2b39f8992ec2847fbc708fd8d03259f80f3,train,dc7bddc03502ca42e56a1be05841727ae068e2dea0e8c826d1f63ef5a78b4f88,1,singleton_no_enforced_relationship
dataset/test/Black spot/2025_12_20_IMG (20).JPG,2025_12_20_IMG (20).JPG,Black spot,test,source_7aacdf6d7ceeb9ee0fac91c1a409c298ae9fb140b654baeb00579c446f60bcf6,train,bbd3ff12f78ec64ac86a13a91576620daffee9d68bc6822cd4ca274eec0ffa48,1,singleton_no_enforced_relationship
dataset/test/Black spot/2025_12_20_IMG (201).JPG,2025_12_20_IMG (201).JPG,Black spot,test,source_0c6da2fb119e7d909749e6e41c2214fa8fd1ecfd0bf10114bd757cbf56991e89,val,29979d78c6ff53b1a680b0babc4c7d460068f98cedd2666dcfe979a77a4364dd,1,singleton_no_enforced_relationship
dataset/test/Black spot/2025_12_20_IMG (206).JPG,2025_12_20_IMG (206).JPG,Black spot,test,source_66f2427ecac52175b038694a41664be46d5df66d4f34b0940a29cff27b5ead7d,train,6a776db6a68a9feaabdf7b1b61e10105c9e55e74c7b1b9c0eabd5bacb859d713,1,singleton_no_enforced_relationship
dataset/test/Black spot/2025_12_20_IMG (211).JPG,2025_12_20_IMG (211).JPG,Black spot,test,source_b2b402f5a9383206284611c65174926de5a58438ce8dd26408f31b0e6a1274af,train,b067382d08d3585e7ac7b32d34b9acbbdb425481aaf8e41cba29517341b06a0d,1,singleton_no_enforced_relationship
dataset/test/Black spot/2025_12_20_IMG (220).JPG,2025_12_20_IMG (220).JPG,Black spot,test,source_0f397425f46c0a3833426a14e466969e53d316375039fc5a5cc85dd588f2f1b3,train,77613921ffa0e591762e3d006252f4d1d30f7b0affbc37659372ceb5724a7d91,1,singleton_no_enforced_relationship
dataset/test/Black spot/2025_12_20_IMG (225).JPG,2025_12_20_IMG (225).JPG,Black spot,test,source_aef5c525184e7e9d3c8d4703263516180a6a4883d53c3cd8d122d719600b422e,train,c29b5af5045d2b74a51b6cafa1b033b161cf05441e2202356a815be87882ff1d,1,singleton_no_enforced_relationship
dataset/test/Black spot/2025_12_20_IMG (227).JPG,2025_12_20_IMG (227).JPG,Black spot,test,source_f46139c17341aca16fff3a5b898dca7ad1fd6e7206b31d72c6ddcd3875732bb7,test,ff0c634b9f35b692a28a0aa1355ab6878142c9c16e001c772bb42c5e432674f5,1,singleton_no_enforced_relationship
dataset/test/Black spot/2025_12_20_IMG (234).JPG,2025_12_20_IMG (234).JPG,Black spot,test,source_0e130b073e137c405a5f8bfa8f0ddc0678a7177873c107f2cb338d7bc0c090e8,val,f22857cbbf405a2a05b5adc3e04a4baad217cd3f9004300ee6662a7d7593de70,1,singleton_no_enforced_relationship
dataset/test/Black spot/2025_12_20_IMG (254).JPG,2025_12_20_IMG (254).JPG,Black spot,test,source_d52fa85c450e7023e02edd47ff06d3ffc7a0e0a74f0e190937c4b53c5da36afc,test,dfa7393c4f2e55ac229702e7db8a83e46b0b8cd2a1c23a23cdcd38a7c24202cd,1,singleton_no_enforced_relationship
dataset/test/Black spot/2025_12_20_IMG (256).JPG,2025_12_20_IMG (256).JPG,Black spot,test,source_0aa6b08d155cc17b455f87403f15461bff5ea6965eb40a04ea2c705fc206506c,train,44db27c6c71d91fd8f053afa855e621dcd1af2f81b209b94f1dae96d964a8d57,1,singleton_no_enforced_relationship
dataset/test/Black spot/2025_12_20_IMG (258).JPG,2025_12_20_IMG (258).JPG,Black spot,test,source_c38c51e914318d290d3b974cad1bb926b3b9a77b89751c7c0e5468d5342be4c1,val,1f3ca9c83e9f1e1d5ae2782422674527ba2f3b3fb74c322fcf3543a70906bd58,1,singleton_no_enforced_relationship
dataset/test/Black spot/2025_12_20_IMG (264).JPG,2025_12_20_IMG (264).JPG,Black spot,test,source_a7eb39293f913d2250640c3713933a63625ea44c05c7331b5c3881d7802dc7e3,train,bbf6a8bb6f89eeecbdef3371444267a68a23e56258ad35b5db4f55560d1eb222,1,singleton_no_enforced_relationship
dataset/test/Black spot/2025_12_20_IMG (266).JPG,2025_12_20_IMG (266).JPG,Black spot,test,source_22ee3cad6b5de55012bdc37a495becc20e243f23929542193f010eefb4ed9d65,test,9fc591c18c0fdd5bde4e14c2d49770df30aa316cbc5d269fc5663036e1736edf,1,singleton_no_enforced_relationship
dataset/test/Black spot/2025_12_20_IMG (273).JPG,2025_12_20_IMG (273).JPG,Black spot,test,source_17ed718486ebbf34be593fe295f533b18ab30f629145c96ededfe9b9f96dc3b1,train,40c0f682999ce7d9d15bde99aa2581080b5ce1e86e02df133251ae81b0e0b5ac,1,singleton_no_enforced_relationship
dataset/test/Black spot/2025_12_20_IMG (274).JPG,2025_12_20_IMG (274).JPG,Black spot,test,source_b971cd2cfa0ebfaf341eb3af8ffae2df0182beb727e74f78df63dc072d695e8c,train,2ced9587e08e17299c8fddd2cff025160ac761339e3ad912dea325567b31eb6f,1,singleton_no_enforced_relationship
dataset/test/Black spot/2025_12_20_IMG (292).JPG,2025_12_20_IMG (292).JPG,Black spot,test,source_3e6de14ee7dcfbe6e9adf1589fcb9e34c15d0b11dcb93b6be72b520dd00f7a9e,train,edd4faf16cfceee6c3e9042adbd16a9f02b8099b951b755a06479bd4728de3bc,1,singleton_no_enforced_relationship
dataset/test/Black spot/2025_12_20_IMG (294).JPG,2025_12_20_IMG (294).JPG,Black spot,test,source_df318259343111bbb58e917c1b0310f794d589c56592f4081cdee02c6d119cf1,train,8037e0ff8fb2fc6ee6348072493bfb60e385b902ce83edb182885ed280edc487,1,singleton_no_enforced_relationship
dataset/test/Black spot/2025_12_20_IMG (305).JPG,2025_12_20_IMG (305).JPG,Black spot,test,source_95964b31d65c59db1bf3450a52d78308d2416be713b795a32d7ecc8e26cb64bc,train,2fee34af5900b0fc9ae1596db27998cfbe4bb2805b367990f914bec5a1222496,1,singleton_no_enforced_relationship
dataset/test/Black spot/2025_12_20_IMG (310).JPG,2025_12_20_IMG (310).JPG,Black spot,test,source_e28f78d8514d2fe64d9592b7d62e13c4d3fca3c8865828935745c109907d6615,train,242b3265c4581781a7a1c2b58a58b5e9fe0b1ea3950cd64d39f9dc6534f638db,1,singleton_no_enforced_relationship
dataset/test/Black spot/2025_12_20_IMG (34).JPG,2025_12_20_IMG (34).JPG,Black spot,test,source_7a666550d50f180e655d72ec452b4dfbcae780055be3ddc371a6fba2f54ef582,train,f5e5f2573d1a997afccb7637b24aa883d71dbfd4c06ae8cc52d93c72ef22dfd9,1,singleton_no_enforced_relationship
dataset/test/Black spot/2025_12_20_IMG (49).JPG,2025_12_20_IMG (49).JPG,Black spot,test,source_c581c2d9ad72e395f24bbe48f186726148c54a10c30035bf4615cb1a0982ac28,train,39dd66c569e99849f8c18bf9558497d82cbd5b9db9e0a9881317d3275f136ce4,1,singleton_no_enforced_relationship
dataset/test/Black spot/2025_12_20_IMG (53).JPG,2025_12_20_IMG (53).JPG,Black spot,test,source_a3cee3700e33f1bf8d93ebe87599cf099d0c32cf36f684cc8656160e66ecfcde,val,6c2b0b657f6ba7d70722dd369e47b8817f5633ed7f9be890be3b80b7d6da7fe2,2,human_SAME_SOURCE
dataset/test/Black spot/2025_12_20_IMG (60).JPG,2025_12_20_IMG (60).JPG,Black spot,test,source_487557cfc77a3154b9506916101f46c89c24711cb48af54e64165ba326f1a485,train,7edc2ffe72efe40d986d0791d305e6ed54e01c0eaf27a5d7d7f9f069b6da9645,1,singleton_no_enforced_relationship
dataset/test/Black spot/2025_12_20_IMG (73).JPG,2025_12_20_IMG (73).JPG,Black spot,test,source_0f99c3c5758d24556d1f1dabb7d2ac2e7a4e4825932bde1ceae2c0adad4c38f1,train,096ff96d0acfbd38eb93b2a69255bdf6e72a9be34f6845f3a76fcc3bb6b21042,1,singleton_no_enforced_relationship
dataset/test/Black spot/2025_12_20_IMG (74).JPG,2025_12_20_IMG (74).JPG,Black spot,test,source_24ca35a60bd50581a36c38574d0638053bc8f359b90438ede4a0cb0aa9026d6b,train,adb9c48403177149c3188b6b46bf13d0039afb23781a00ed6ad9d7128e24caad,1,singleton_no_enforced_relationship
dataset/test/Black spot/2025_12_20_IMG (8).JPG,2025_12_20_IMG (8).JPG,Black spot,test,source_df89282be8c4e9fe22ea55fd3f4a1a783f093b7169ffd3cb81dfc26968274401,train,aea9c5120688c9c7390f2695cbef2620f3d83cd292c70d56af1279074773323f,1,singleton_no_enforced_relationship
dataset/test/Black spot/2025_12_20_IMG (86).JPG,2025_12_20_IMG (86).JPG,Black spot,test,source_dbb4c5195b7bdc10a82b174e754b6a96b8958f0c3afc349eed6f785540fe42d5,test,0b515892eac1fdd344c8949aa3935c6fc40446895d8c5ab7842685307505d448,1,singleton_no_enforced_relationship
dataset/test/Black spot/2025_12_20_IMG (89).JPG,2025_12_20_IMG (89).JPG,Black spot,test,source_cd260dcc1fddf7a3962b57edfd66383eca21ecbe279c3dbb4fc8d849211d32d5,test,3a351029b06199df2a7f263b34a13c9ead5c9ad3e875d78f5f4bd22b7c7f0210,1,singleton_no_enforced_relationship
dataset/test/Black spot/2025_12_20_IMG (9).JPG,2025_12_20_IMG (9).JPG,Black spot,test,source_575876e67515599cbf5d07f1f425d3b663e577a2246321d359ea8b3041354e1d,test,7ccd3d04f40059af4e559bf53d21ed5e6d8888964a686d4e8708f994e93d42d3,1,singleton_no_enforced_relationship
dataset/test/Black spot/2025_12_20_IMG (91).JPG,2025_12_20_IMG (91).JPG,Black spot,test,source_693147dd6a7570d25f1eccdde37db7eb144581cd8802ede7d21308030138d5d1,val,a0aa36677a1fc0a253a1ab335b4179f3709f91d1cbd6c5206fb59e6f7c67c028,1,singleton_no_enforced_relationship
dataset/test/Black spot/2025_12_20_IMG (92).JPG,2025_12_20_IMG (92).JPG,Black spot,test,source_aaa2174082275e61bebde7ed4df3601f9527bc54d56f6a2a3956eb879b410ddc,train,0896a62956c44ec10ca8bf9e232d974cba4c34333127af9c2efa34d4851057d2,1,singleton_no_enforced_relationship
dataset/test/Black spot/2025_12_20_IMG (97).JPG,2025_12_20_IMG (97).JPG,Black spot,test,source_640a53b25d24f7e858dd98b1c55d842f8b4e07f87e5ed8486c3e17507a64b8cf,train,c1cefdb887e1a0698213c7ffd923a36bc771228bf1c465de2f18f35a082294d5,1,singleton_no_enforced_relationship
dataset/test/Citrus canker/2025_12_21_IMG (205).JPG,2025_12_21_IMG (205).JPG,Citrus canker,test,source_bda4af429641f8ced67832beb5da0ca87d648d4cd6c0e52a0974d63de3107716,train,8d3fca4dc22f074d9d11c0533fc3a84c6fa7880d039128ad1e92d238cf92daf7,1,singleton_no_enforced_relationship
dataset/test/Citrus canker/2025_12_21_IMG (214).JPG,2025_12_21_IMG (214).JPG,Citrus canker,test,source_28f708ca2495cbb8cc28638ef9aaf4ee50fe8628503139946846b7d974b703e1,val,5fa75ff03fd557b87e470a5dac33f0764c26ce811bc9793067c32ccf21424e74,1,singleton_no_enforced_relationship
dataset/test/Citrus canker/2025_12_21_IMG (215).JPG,2025_12_21_IMG (215).JPG,Citrus canker,test,source_101fd1b6242c59632e67ecf5059a95318c2776a81034d5821683f06b90b00236,val,2ac6b45790ee79aa7ce0530a49e30c9c1d5099f2a3e311f6742272ad5f05abcf,1,singleton_no_enforced_relationship
dataset/test/Citrus canker/2025_12_21_IMG (217).JPG,2025_12_21_IMG (217).JPG,Citrus canker,test,source_a1051d933ea80f3dd39afdc3aef0cf7ff71ec52f80e8affd3b0d193969a98cef,train,559d0b0fc513f0f4690eb7202df8fb03bd75ba6f50cbf8422e09101647f96301,1,singleton_no_enforced_relationship
dataset/test/Citrus canker/2025_12_21_IMG (218).JPG,2025_12_21_IMG (218).JPG,Citrus canker,test,source_21b628f41761550197678ec8d32f912e7c43aaa80b02d3c6695b5710bbdb2b0d,train,51e95f61bef4eb6935b19ea53350cfb1e6746addd26066670f89c2e57c0b6c9d,1,singleton_no_enforced_relationship
dataset/test/Citrus canker/2025_12_21_IMG (224).JPG,2025_12_21_IMG (224).JPG,Citrus canker,test,source_c180ad8d845374e2d82676d0bb10b087c1bbe64fc1bcc28ce808904e785a82e6,train,afcf235c4570946624de1d5f1810f3eaf8226b32762ffc7b7f35269c037cafcb,1,singleton_no_enforced_relationship
dataset/test/Citrus canker/2025_12_21_IMG (242).JPG,2025_12_21_IMG (242).JPG,Citrus canker,test,source_523a3e3a000a3912f326925bec76bc5e3abf37534a06886b984b53d538492e51,train,e7fa0bf544719aa8a71f185ef13514ecaebbbfdd8068de1ee834d33b8cfecbf6,1,singleton_no_enforced_relationship
dataset/test/Citrus canker/2025_12_21_IMG (246).JPG,2025_12_21_IMG (246).JPG,Citrus canker,test,source_0ef1d5a5c488733d070f531a0b167e6132abaa8b1811e28a542dfed4e99573b6,train,275a945dab9f5bdbe3cf8df0354eaa37bd8d7b7fb9091faed00539d602d0e4b5,1,singleton_no_enforced_relationship
dataset/test/Citrus canker/2025_12_21_IMG (249).JPG,2025_12_21_IMG (249).JPG,Citrus canker,test,source_2ff9f9faf8da13d54a3a44445394814ae32e6926d2ffcdc0381c9a9ea10ad9ed,train,f5f4091f6bcedef2dcf113af31f9b815d572bad4d0dd0491965bc966d4657008,1,singleton_no_enforced_relationship
dataset/test/Citrus canker/2025_12_21_IMG (251).JPG,2025_12_21_IMG (251).JPG,Citrus canker,test,source_773501918913d930058463e11caed26a81dbed9e1ec56e29a29502c4e9ab8442,train,35c75db821796b08b24595a54f432d49d6c3d8071c3ac5e1ca1192a065d4a3c1,1,singleton_no_enforced_relationship
dataset/test/Citrus canker/2025_12_21_IMG (254).JPG,2025_12_21_IMG (254).JPG,Citrus canker,test,source_710823930c1ec6bda9d8c5a07251435b5fd47ebe0ce6637514cd8a71db8da3e5,train,45475cabded92b553405c69b0c25d035675a3ef0d34a09b4b7799329a3bfefae,1,singleton_no_enforced_relationship
dataset/test/Citrus canker/2025_12_21_IMG (259).JPG,2025_12_21_IMG (259).JPG,Citrus canker,test,source_c5003a74ffcd7f920c2f32a9f8672d85621953b30a441b19e154d194827cb1e3,train,590f9370259a292064f09305a5be01306e9d8fe6b926262f763bbbd758332cd9,1,singleton_no_enforced_relationship
dataset/test/Citrus canker/2025_12_21_IMG (265).JPG,2025_12_21_IMG (265).JPG,Citrus canker,test,source_fae02ef06675984783f5aa7eba22fabdea339068f0a9b26e799609cdb7da58ad,train,79eb417487b688272c082907ff1ee86b50de0c883519f5602e56e284eed024d7,1,singleton_no_enforced_relationship
dataset/test/Citrus canker/2025_12_21_IMG (273).JPG,2025_12_21_IMG (273).JPG,Citrus canker,test,source_7dc7c8c15ba46fc54acdf82f8adce3bd8c8e5c47604e7448da4af39f5fe613e0,train,e1b04a96b29be9c6caa52a8b18fe9689098cdb4b8656ed32aa44655940b598d1,1,singleton_no_enforced_relationship
dataset/test/Citrus canker/2025_12_21_IMG (281).JPG,2025_12_21_IMG (281).JPG,Citrus canker,test,source_5a8adaf6a69daed8c4b4955c5abd369762ff6275323f9e8c806da5275811e342,train,3793b93a1d8f734e6df20b63f1998181fe0ccf3692f01808f4d8b2f21adc4656,1,singleton_no_enforced_relationship
dataset/test/Citrus canker/2025_12_21_IMG (283).JPG,2025_12_21_IMG (283).JPG,Citrus canker,test,source_29309552ba94576b91ead1935badd1c0da16407ccd8135e4d57a1a3697b26844,train,0c40b162d662b1c88e425d4dc4ace70d4dda82372b30f57bd02755bba7f916ae,1,singleton_no_enforced_relationship
dataset/test/Citrus canker/2025_12_21_IMG (303).JPG,2025_12_21_IMG (303).JPG,Citrus canker,test,source_a6045b7f8c56f3c89863bd36855a01505578d7a40e1ad024c3c773070e6c06ec,train,b5bff19e87bb2e757f1a50a8ee8f10458bcd22497b2beac6fe4d454a469cdb07,1,singleton_no_enforced_relationship
dataset/test/Citrus canker/2025_12_21_IMG (312).JPG,2025_12_21_IMG (312).JPG,Citrus canker,test,source_e82b4b76421820c6db9147bfa93380e8843b7ecfc548432c837d4727cd32b0a9,train,c6c3bc3394776d02bba45913aa4a5cb01edcece3fea40936f0e1f3912e22ef4c,1,singleton_no_enforced_relationship
dataset/test/Citrus canker/2025_12_21_IMG (313).JPG,2025_12_21_IMG (313).JPG,Citrus canker,test,source_91bf1ecf2de89b45d2fec66c7520b4f8ff5eb11d3d89befee0ae78f0803c3580,train,14f14bd0a84d30901c47877b6e29bc825a9831ed1459a21fee1e00f8f6970919,1,singleton_no_enforced_relationship
dataset/test/Citrus canker/2025_12_21_IMG (314).JPG,2025_12_21_IMG (314).JPG,Citrus canker,test,source_926028713aec796f1307838982dd75bd846102995957f2d5058d3cb17ca09e6a,train,a79b2bfeea3a570fdb9a0ddcc69b7e6183aa0106f8847a2f06db07194246b8b8,1,singleton_no_enforced_relationship
dataset/test/Citrus canker/2025_12_21_IMG (316).JPG,2025_12_21_IMG (316).JPG,Citrus canker,test,source_585d588f911104cabb5b0bd09fd535b9d442e0f877d695020010562116ddcec0,val,fb77564772ef57fae6bd64824ecb23a3c45f0acdc597c0a0a4960dc693e4a631,1,singleton_no_enforced_relationship
dataset/test/Citrus canker/2025_12_21_IMG (321).JPG,2025_12_21_IMG (321).JPG,Citrus canker,test,source_cea8e58b091461a34cbded38cc0a876a79d4dca86ad3c59ac277f728a6c3ed30,test,8aeb9b4a0327a91623699dbd267b5b0cb26e8d50e30ee66a6f608a42763bce9f,1,singleton_no_enforced_relationship
dataset/test/Citrus canker/2025_12_21_IMG (327).JPG,2025_12_21_IMG (327).JPG,Citrus canker,test,source_ece9b82e253d723017eb2936e83cbc9e20abb098d00159a98a9bd74a3e9245dd,train,7b1152cb0d4d0b79d0cf01081248018531427e6f31beca5bf6e7719e7104c216,1,singleton_no_enforced_relationship
dataset/test/Citrus canker/2025_12_21_IMG (337).JPG,2025_12_21_IMG (337).JPG,Citrus canker,test,source_da983f3e36b5959a0a95d615127748a1518c42371a8fcee6b87123e0882b17f2,train,e3eb9c37df85d781350a797cdc09a0297dbf692f0dae67b6ffa8e55436dc5f6f,1,singleton_no_enforced_relationship
dataset/test/Citrus canker/2025_12_21_IMG (342).JPG,2025_12_21_IMG (342).JPG,Citrus canker,test,source_daa73a21c1ab4e56624f3d0deb841b97cc7283af08c29fff662cf040517b5270,train,229fbd15e2d37105afc940b412d9b2a6a6d9a8ea2d9a60ec52d5ff04668d133e,1,singleton_no_enforced_relationship
dataset/test/Citrus canker/2025_12_21_IMG (344).JPG,2025_12_21_IMG (344).JPG,Citrus canker,test,source_9173d411d720e99b444046885981055da7cbd1befce6b9650f19a813c121a238,test,c2998315fc872f3350091f7fe20149fc201270e07d1491d7431c1af283f64ef4,1,singleton_no_enforced_relationship
dataset/test/Citrus canker/2025_12_21_IMG (352).JPG,2025_12_21_IMG (352).JPG,Citrus canker,test,source_fd9d2851560edccb05c36192782a883835a81cff77ffbdbc5f5e13dfac015722,train,95728906a3b0962e9e9ede2a413a4df9ad3d36ec6baa2b736487b9e62593215b,1,singleton_no_enforced_relationship
dataset/test/Citrus canker/2025_12_21_IMG (374).JPG,2025_12_21_IMG (374).JPG,Citrus canker,test,source_c4225a44028c121e5f7d96b2e1719b60eebd7e570e48b58ac07fd31ed5af78b6,train,e35f46bc1d003ebe74dd7ed768c0537d59d80726ec0f859b915d2759c36e4ea3,1,singleton_no_enforced_relationship
dataset/test/Citrus canker/2025_12_21_IMG (376).JPG,2025_12_21_IMG (376).JPG,Citrus canker,test,source_0126167f3cd2e0110f01013a37b666745b01776fbf3758b4f2abb2ba1b5e959f,train,37970cfb000c25fa49afe3437602816a90b5bbfa506c2cd9a80047592a339d6d,1,singleton_no_enforced_relationship
dataset/test/Citrus canker/2025_12_21_IMG (378).JPG,2025_12_21_IMG (378).JPG,Citrus canker,test,source_916797b0d648017b276df087c0218efad013797ddfb82ba26def867ea5dd8a92,train,cfe4ac0b5c8603764f041159ed1423aa08e729e7b1952b3879bb2f603db2e8d4,1,singleton_no_enforced_relationship
dataset/test/Citrus canker/2025_12_21_IMG (385).JPG,2025_12_21_IMG (385).JPG,Citrus canker,test,source_1a72c00410e40ec67658cb051faf4e4f768c5ed9ba6eb6a4a91db0d03bfd31f1,train,159b19255ff22108b39cb37e20f2edc864836eafd74d41cac62511ad235e488d,1,singleton_no_enforced_relationship
dataset/test/Citrus canker/2025_12_21_IMG (387).JPG,2025_12_21_IMG (387).JPG,Citrus canker,test,source_66bcbbcbab5867e11f1680c5b0851d1162e8e1bf1f1d334b107351133f5035ff,test,1a38343d1f2d499e6a9bccc46c229e70396fe2bfb906599697d8d9f2cd871927,1,singleton_no_enforced_relationship
dataset/test/Citrus canker/2025_12_21_IMG (395).JPG,2025_12_21_IMG (395).JPG,Citrus canker,test,source_034cb19c726b2364428003baa8310c52ac67b7b5b75a8fbd910a51dc81e5d316,train,af14cabb52dc5e96cb096397843ad2618be5d753deca716fabc6b9a3c06b59b8,1,singleton_no_enforced_relationship
dataset/test/Citrus canker/2025_12_21_IMG (396).JPG,2025_12_21_IMG (396).JPG,Citrus canker,test,source_a97012b7d330a8f212f13f2fe585d64b39df949c357e2cfc6e5299eb432b7c0e,val,7348f01a572c55024130b590161990f5f350b19b8986ee13629b1b6b9a615d97,1,singleton_no_enforced_relationship
dataset/test/Citrus canker/2025_12_21_IMG (416).JPG,2025_12_21_IMG (416).JPG,Citrus canker,test,source_8c7f98b8fa45223dea5808df9b4d1143f2e337e9477973afb5410c2155747ec6,train,ee308d51e6da793e6130a26c8614101eb051940fdca0844745812df6f0e5c928,1,singleton_no_enforced_relationship
dataset/test/Citrus canker/2025_12_21_IMG (418).JPG,2025_12_21_IMG (418).JPG,Citrus canker,test,source_096faf53d540ff2d39fb2f9488e4e281aabbe2c45b44dffcc40cf9fbee75e8c2,val,d42419c632e8b0803922846e3571e806d92bb5eb7b682d6e4df5c4f75baacfe6,1,singleton_no_enforced_relationship
dataset/test/Citrus canker/2025_12_21_IMG (431).JPG,2025_12_21_IMG (431).JPG,Citrus canker,test,source_efd9459e75b55e1f696a943230c10476be92ecdd0c047200f1c7fb31ec5b227d,val,d0cc201666cca0004e9e0a0faec18c598e19623a5b106b37597ce8ceef5728c2,1,singleton_no_enforced_relationship
dataset/test/Citrus canker/2025_12_21_IMG (437).JPG,2025_12_21_IMG (437).JPG,Citrus canker,test,source_c1d489667b344b2cf196b229ceb339011eacfbd8e20ea6ebbd62408dde7138b1,train,41446938418447e787cfe519f6bb792ec11b07e92eb4fa9f7879275d40852df9,1,singleton_no_enforced_relationship
dataset/test/Citrus canker/2025_12_21_IMG (460).JPG,2025_12_21_IMG (460).JPG,Citrus canker,test,source_a803d8aeae6a7520d0de9cc637c429ed3ce20a330169d28c6c43988b399f9a01,val,688789a55cbea966fc964b58f5f820714ca2e1293fec6f0310292b7e6ae42894,1,singleton_no_enforced_relationship
dataset/test/Citrus canker/2025_12_21_IMG (476).JPG,2025_12_21_IMG (476).JPG,Citrus canker,test,source_c6cf3735a7826fd9f5a608ac99967c417e32eae88d92f312a583b0d7813a82e5,train,9c833b26572e0efc5ff913f61564781e0dd4d21f4a151735bfc3bcd7f402fa14,1,singleton_no_enforced_relationship
dataset/test/Citrus canker/2025_12_21_IMG (481).JPG,2025_12_21_IMG (481).JPG,Citrus canker,test,source_42f6870efe395878ccea1af93a3e9581fed9b7dc421ff162073617d23475ec51,train,a3e0169e0b1c4df5729e0af074789c6c3ce4ce956938a920baa099db33d2aa26,1,singleton_no_enforced_relationship
dataset/test/Citrus canker/2025_12_21_IMG (484).JPG,2025_12_21_IMG (484).JPG,Citrus canker,test,source_20c091def2b438cc34fd6ffee468cff563b942d1711e8cafee3008b6fad51364,train,04a8e03f5d6e1dc031025da4feba3f86837008475d9b41f89ddaaad97b161f93,1,singleton_no_enforced_relationship
dataset/test/Citrus canker/2025_12_21_IMG (489).JPG,2025_12_21_IMG (489).JPG,Citrus canker,test,source_93a1e941c3002ec639790b3b3b16ea539c6f83db822ec334a8e2ca1a1d756949,test,7a3e99acd15d3d723bb170a99ccccd62bfa7c06c4276ae7eade9d0b4ec384815,1,singleton_no_enforced_relationship
dataset/test/Citrus canker/2025_12_21_IMG (497).JPG,2025_12_21_IMG (497).JPG,Citrus canker,test,source_148288ef2e59c1aef976ad1d35d5ec5b1a46298d90cd40b2c71aea469004605f,train,76ba820b15f3b1eaa8917f5b06372747fa880b0515980e4dd57725cd3c9f8416,1,singleton_no_enforced_relationship
dataset/test/Citrus canker/2025_12_21_IMG (503).JPG,2025_12_21_IMG (503).JPG,Citrus canker,test,source_cd28f010a098c2e48a1c3187abecebf3543d6bf29af3b8e5e3c03ac4bf82e537,train,e515c9b8ad7d9343355f0c2c6c017272b1edfb3df72f7a99fc483ec03a7e1155,1,singleton_no_enforced_relationship
dataset/test/Citrus canker/2025_12_21_IMG (504).JPG,2025_12_21_IMG (504).JPG,Citrus canker,test,source_c42299f7988194863619287a03289be2ae618f00abf808f028b8d8aea56d77fa,train,d44b07d13a69e28a21b56a7e5e1df122e79de15b60b18a9b1048374f810d9a79,1,singleton_no_enforced_relationship
dataset/test/Citrus canker/2025_12_21_IMG (510).JPG,2025_12_21_IMG (510).JPG,Citrus canker,test,source_10aac1223b3a6e93e647c474be1136eb2697c6912893cb6ba3b338b6ef1ef8d5,train,c37bce3c255aa04b3da661416c215b4fdfb762209617ab5e9e9add7c67a1f806,1,singleton_no_enforced_relationship
dataset/test/Citrus canker/2025_12_21_IMG (511).JPG,2025_12_21_IMG (511).JPG,Citrus canker,test,source_c7bef2fef8e769bb16b9e96e85e6c0ea927f6a92c89a774caf6b69994a746a63,train,6c330d3b02803339852b7446bb50d3482c1583eb80fc80619bef1df238675d34,1,singleton_no_enforced_relationship
dataset/test/Citrus canker/2025_12_21_IMG (529).JPG,2025_12_21_IMG (529).JPG,Citrus canker,test,source_230b42cbc61a246f1e412c4d308d43d916406768bc4dc37abed9d5b14999fd4e,test,3785fbd4604d5478cd386d8671a6e427ad7b7938561ecb8da52c3e99c2ada64d,1,singleton_no_enforced_relationship
dataset/test/Citrus canker/2025_12_21_IMG (534).JPG,2025_12_21_IMG (534).JPG,Citrus canker,test,source_57e2086384f8703beafd3f0a98c482713130dc80d3e9dc797c88566077143eaa,train,868a7d4d79d92bafad408bd8cdbf08150b7751c91c61d4b09bb842aa72a4add3,1,singleton_no_enforced_relationship
dataset/test/Citrus canker/2025_12_21_IMG (542).JPG,2025_12_21_IMG (542).JPG,Citrus canker,test,source_3302ccfb078ef9e8b315acd1f801f8eada07d366c62c97f3d509cb3fd3336b77,train,5d00cedbc95d45ace9f98d4b07e3178d8d0b0ac8d8a1696dc43eaf1c982bbf83,1,singleton_no_enforced_relationship
dataset/test/Citrus canker/2025_12_21_IMG (548).JPG,2025_12_21_IMG (548).JPG,Citrus canker,test,source_a8958a102168cfd3203484a219550a00ca3e1cb69165d1f680a524a9e570623f,train,88ad8e8c338e250db8db1712e37cf20a3c2082501a4939649a9b9a13cceb5e7c,1,singleton_no_enforced_relationship
dataset/test/Citrus canker/2025_12_21_IMG (556).JPG,2025_12_21_IMG (556).JPG,Citrus canker,test,source_e2f2e3d15022eb9acadf39b56b9e50fe0c1bff3f8887d48feab1bf4823852a2e,train,bbf4607b301b5f16780479b86af1bca9aa8bfcc6b5b1e41d7f460c1c62f0862c,1,singleton_no_enforced_relationship
dataset/test/Citrus canker/2025_12_21_IMG (559).JPG,2025_12_21_IMG (559).JPG,Citrus canker,test,source_329b5e756a938caaecdc74509fb63dc7c5e5e8f0616c64f1832f5a8a62ba355c,test,f5bda7b8c49b757d4cc8412273db56c2f81b24a82d41f9500ca789c2a74453ac,1,singleton_no_enforced_relationship
dataset/test/Citrus canker/2025_12_21_IMG (562).JPG,2025_12_21_IMG (562).JPG,Citrus canker,test,source_76406cf759e310d16db9ecc3e1784015ba84857e2fca236f09821d103329cc36,train,f11b92bf5c622c33af818385c2043710a8f9307ce98e4ab0d422c60705dd0a72,1,singleton_no_enforced_relationship
dataset/test/Citrus canker/2025_12_21_IMG (564).JPG,2025_12_21_IMG (564).JPG,Citrus canker,test,source_eb0dc6da7df095a7a2dc07d67b4532bd21343d916212e91b951038f50bf9b2cc,train,38f115f4b4bb8a1817d427e692eb772cffbadf491f975b163719f779cbe561a8,1,singleton_no_enforced_relationship
dataset/test/Citrus pest/2025_12_20_IMG (103).JPG,2025_12_20_IMG (103).JPG,Citrus pest,test,source_b964f5708d99ca56ba5b6f0d732b3c6bf55d7a64cf521bfa69a865344e542621,train,84a2284889c1dfd6bbbbf2e4e0a552e468e03da4b279a5a77c39a5051bd648e0,1,singleton_no_enforced_relationship
dataset/test/Citrus pest/2025_12_20_IMG (112).JPG,2025_12_20_IMG (112).JPG,Citrus pest,test,source_119d48723a7ef4cc35dcdea6359d510ad81ef816d9e1b897e23670e95b3163ad,train,783866bf7a04c068eb64910e238c1d1ed623611e3f10152c6496f0342722fdf8,1,singleton_no_enforced_relationship
dataset/test/Citrus pest/2025_12_20_IMG (113).JPG,2025_12_20_IMG (113).JPG,Citrus pest,test,source_a077eb134c57d003d7ccfeb528e30b5c1d3d7afef3ffc4d154a1c70350e8b377,train,5160aa2dd9358fc1f961abae6e93c2fe747be0231b0132822b011f5e9239648e,1,singleton_no_enforced_relationship
dataset/test/Citrus pest/2025_12_20_IMG (115).JPG,2025_12_20_IMG (115).JPG,Citrus pest,test,source_41db1d00a1d451aaa2c46e5a9ba1a1de0b475d6150b07a87830a7a6a6c68e983,val,4383799b778e28306dcd7e5fa9de2c9a92bd073ea8bb853e50d78b6fba1c630e,1,singleton_no_enforced_relationship
dataset/test/Citrus pest/2025_12_20_IMG (116).JPG,2025_12_20_IMG (116).JPG,Citrus pest,test,source_69895d47c686cd1b0bc28bc20c446a0fcb203f109068c784ecfca4590ef6fca1,val,eb84136ab87e034ce7b538fb0f1bb3dd0298948eb73a66e229c11e9869b4454b,1,singleton_no_enforced_relationship
dataset/test/Citrus pest/2025_12_20_IMG (122).JPG,2025_12_20_IMG (122).JPG,Citrus pest,test,source_8e7782d3ae6cb8544d7c2935ba08cb81976b7ea6cbd803d9a832d2ad54fda656,train,a7300231210a32d7d77601a6588217f28a8c9c0f472b863318ef092da57e1b1c,1,singleton_no_enforced_relationship
dataset/test/Citrus pest/2025_12_20_IMG (140).JPG,2025_12_20_IMG (140).JPG,Citrus pest,test,source_c3d05eba3392db2258c6f44e637b95df7d8860a47e34f1b728292aa7b3a33ea4,test,f3a42f7524ed1d6747e836555e6066cb1a68782999d36545a0581a89d5633e41,1,singleton_no_enforced_relationship
dataset/test/Citrus pest/2025_12_20_IMG (144).JPG,2025_12_20_IMG (144).JPG,Citrus pest,test,source_304b335872198008bd16399a2b58a685ce74fc146f565ef34b73e7d88ffc62af,train,d1f9c0793c5ca130ead379a85722d8426846b595e6df2833a2c918d47148d20d,1,singleton_no_enforced_relationship
dataset/test/Citrus pest/2025_12_20_IMG (147).JPG,2025_12_20_IMG (147).JPG,Citrus pest,test,source_915614273016cb420026ebe3ab4006abbc0465f88b9abccb2398ecac0ed74cb1,train,f5013fe146bb310bddd224544acbd5893afc48a2412cedf2a071c58bbd37ad6d,1,singleton_no_enforced_relationship
dataset/test/Citrus pest/2025_12_20_IMG (149).JPG,2025_12_20_IMG (149).JPG,Citrus pest,test,source_2c40e3ece799d3ee8b7111287f3bf3a74899b102da8a02636114db18f7aa27d7,test,263b98e9e0ba23e6b59707ed5e2864cb5eb748f6d9a67514333cc41df3c2a043,1,singleton_no_enforced_relationship
dataset/test/Citrus pest/2025_12_20_IMG (152).JPG,2025_12_20_IMG (152).JPG,Citrus pest,test,source_c932a0d267621f10cc24097f3899a6e705b3124ee12ed6311ff73c5804ed6a9a,val,68f8c3f682447b9a46b4371ce68370a2f5ad1fc773ca90be535b0e9d5a22dd7f,1,singleton_no_enforced_relationship
dataset/test/Citrus pest/2025_12_20_IMG (157).JPG,2025_12_20_IMG (157).JPG,Citrus pest,test,source_26d0b74f252c5dacc869c004a926c6f78b89f72d2f27065fae771c31d16ad7f9,train,9ec609dafb732b4a1f8a41753ef842283d15d3c4f0e18e4d4e77783ae9135ba3,1,singleton_no_enforced_relationship
dataset/test/Citrus pest/2025_12_20_IMG (163).JPG,2025_12_20_IMG (163).JPG,Citrus pest,test,source_929f1c102b8da40c8b3744eff10479f477069731084a663914b6b5a701d0a073,train,2e3244ea7030ba9906ac2a26b3d02eb6a11bc98947734dc4c120712799465a72,1,singleton_no_enforced_relationship
dataset/test/Citrus pest/2025_12_20_IMG (171).JPG,2025_12_20_IMG (171).JPG,Citrus pest,test,source_afc568863e3853a09ea275084ef0f635e6168e7acfc9689ff906bad6dcf358b4,train,742145f321df6a2db01e141707c96c577abdd6256446aec88fe766c476ccee61,1,singleton_no_enforced_relationship
dataset/test/Citrus pest/2025_12_20_IMG (179).JPG,2025_12_20_IMG (179).JPG,Citrus pest,test,source_7b4b8bb212373d1dc118d9317cbd9c84d4612390e328bf1c5c3d63d039c24ece,val,f2fc08c008973e32d9a52c91be5619e1a1a2c6bb716dad229837f32008de7fdc,1,singleton_no_enforced_relationship
dataset/test/Citrus pest/2025_12_20_IMG (180).JPG,2025_12_20_IMG (180).JPG,Citrus pest,test,source_fd9f754e130af5a5e6c66e115c23c9886217cf5f006ca4c65f73bb56260af7ed,test,746a794c6c18bde3ee3d0c18bac17e92727c3d3cc1d3f818595e859a75a68bd2,1,singleton_no_enforced_relationship
dataset/test/Citrus pest/2025_12_20_IMG (199).JPG,2025_12_20_IMG (199).JPG,Citrus pest,test,source_ee50712fab8b3c791c39138130993b07ddca7f730cbfb55f7e02a9be7447388d,train,261fee7d6f87a54db320c840d753779cf573dceb15914c8387382e02769c4d1e,1,singleton_no_enforced_relationship
dataset/test/Citrus pest/2025_12_20_IMG (207).JPG,2025_12_20_IMG (207).JPG,Citrus pest,test,source_3d24204a1e367f4077905e160c1030b6bff1e977914eba22775aa9ed95ada535,val,ed46f4938f6f9342d6b9c6e0021861da13b1811493c0971fbef8f455285098d2,1,singleton_no_enforced_relationship
dataset/test/Citrus pest/2025_12_20_IMG (208).JPG,2025_12_20_IMG (208).JPG,Citrus pest,test,source_00282d481462ab4f866336bbea771c5c482435d8e7a793309b6bce428fa0ff9d,train,5bfa99daf03100d0062a58aee578f072f5d8dcffd5ff8a75171ab101baae681e,1,singleton_no_enforced_relationship
dataset/test/Citrus pest/2025_12_20_IMG (209).JPG,2025_12_20_IMG (209).JPG,Citrus pest,test,source_3108a7a9ca91d25353d0dad689afbfdc291427703a618bd697381840df97baf8,val,1520c1bda9c24ebd23ee41a1a0f6613435f5811b74ca732480bab250c5890fc2,1,singleton_no_enforced_relationship
dataset/test/Citrus pest/2025_12_20_IMG (210).JPG,2025_12_20_IMG (210).JPG,Citrus pest,test,source_1f17c02f7fb16e3b8d3d15ac06a2c1b2a32659c819e817a8c3a70313af0a0c34,train,f50cc4f761e2292df9051648f8a5a2fefb53f78fdfe9e032c097b954f1437b47,1,singleton_no_enforced_relationship
dataset/test/Citrus pest/2025_12_20_IMG (215).JPG,2025_12_20_IMG (215).JPG,Citrus pest,test,source_4e5f90ce767626ca545d79352a3d3dd4e84906116a2c8808961e204659716317,train,f8e8bf23cf2281fc096fa71cd5764358d53a6aae54e2f9f595e111e78eea32d5,1,singleton_no_enforced_relationship
dataset/test/Citrus pest/2025_12_20_IMG (220).JPG,2025_12_20_IMG (220).JPG,Citrus pest,test,source_b5a4898526ea171e05f5474d841f9d5fcf8ef6e3b10e161968ed820a58ec385d,train,9d7ba9b2df7b7097bdb7bd6b596cb92347350bed4255c11cfe513e53bf32f02a,1,singleton_no_enforced_relationship
dataset/test/Citrus pest/2025_12_20_IMG (23).JPG,2025_12_20_IMG (23).JPG,Citrus pest,test,source_0bc378823e71d174cb12744b78dd22bc56f5246e8a8f83242e8f78eb51aab052,train,a81209854042a5f906643bf8d764b17818fab7ed7322a3df6a052b0f1b113a97,1,singleton_no_enforced_relationship
dataset/test/Citrus pest/2025_12_20_IMG (234).JPG,2025_12_20_IMG (234).JPG,Citrus pest,test,source_fa7ec61253c5fbe2e27f28620709f3318cc1a188647e9490d51ad510c977614a,train,6320660e5430f20ca371151f08075b6fbd365e5286b0c9d8bcb9aa711ff95bda,1,singleton_no_enforced_relationship
dataset/test/Citrus pest/2025_12_20_IMG (236).JPG,2025_12_20_IMG (236).JPG,Citrus pest,test,source_a0cad90b2b1e5231416fd1ffe0022dd6ed9fc42f0a71450230de08429d9f855b,train,dec4091d3775a6b01ff58e35e91bf0e59e64e17c2e2bbb6256faf7f2cc82a2b9,1,singleton_no_enforced_relationship
dataset/test/Citrus pest/2025_12_20_IMG (243).JPG,2025_12_20_IMG (243).JPG,Citrus pest,test,source_670cfb6caf88d9781f4f9b2e2a6832f0d0d2102de8a8cd276641d0e818cf61ca,val,819a085a79c59ab6eb926bc2942842246a04d4c1fcc44157b3e607afffc8178e,1,singleton_no_enforced_relationship
dataset/test/Citrus pest/2025_12_20_IMG (263).JPG,2025_12_20_IMG (263).JPG,Citrus pest,test,source_303cc8b82abc4770c7fb93b917564bcbbb8086de1e289be0dd8610ca832fe2cd,train,e714114b5c584e723e173848e8cbbddbf7097a2819424cc1c991949afbd275c2,1,singleton_no_enforced_relationship
dataset/test/Citrus pest/2025_12_20_IMG (265).JPG,2025_12_20_IMG (265).JPG,Citrus pest,test,source_55f7e2a62e94ea2d9dd41482b47809b8cc55cbcaaebe4188c225d1bfb8881e65,train,2f7b93c62be176d59a30e2b6dccc63729d902a3b049f455d375a36b607de1549,1,singleton_no_enforced_relationship
dataset/test/Citrus pest/2025_12_20_IMG (267).JPG,2025_12_20_IMG (267).JPG,Citrus pest,test,source_95ca0a370c9171daea9094ae39a5e1862e39c7253c55722f76384b60dda0accd,train,53ab3589b940ec6b4c8067fc6362df46448b11a15b886b267be2080415037f01,1,singleton_no_enforced_relationship
dataset/test/Citrus pest/2025_12_20_IMG (273).JPG,2025_12_20_IMG (273).JPG,Citrus pest,test,source_8f7d24a2e513df2c6d80a15041ce5ce302d54862567c9aad8cd9820d481e66cf,test,e272ccb38d40ac3bae1b7f2e31dca6db5fccb86d1de8f92a564c48407ddb287f,1,singleton_no_enforced_relationship
dataset/test/Citrus pest/2025_12_20_IMG (282).JPG,2025_12_20_IMG (282).JPG,Citrus pest,test,source_62f78b450edac27c9dcd25f4f11a43eb648d212b719b87bbe439a4e89becec4b,train,22a6492b4351d06876f38991f93cad913728e62639be1e46f21a4942f5260814,1,singleton_no_enforced_relationship
dataset/test/Citrus pest/2025_12_20_IMG (283).JPG,2025_12_20_IMG (283).JPG,Citrus pest,test,source_6235c840cc54cfcf1b665e6668f812a14bc03e50d2c23c5969d5bbae2c60d52a,train,2033bac442912a5ef7b255a1c06d499bbdbfcbc2a02d6c65f08c9187a5cd509d,1,singleton_no_enforced_relationship
dataset/test/Citrus pest/2025_12_20_IMG (301).JPG,2025_12_20_IMG (301).JPG,Citrus pest,test,source_4d53a29d86feefe80986dbb7496b9d40e4966bf8a587d55f47cb6b259322838b,train,295ee795a1fb5f280f5c06ef29d0e4f9a60e3acc71316f2842590e5a18470a06,1,singleton_no_enforced_relationship
dataset/test/Citrus pest/2025_12_20_IMG (303).JPG,2025_12_20_IMG (303).JPG,Citrus pest,test,source_b29e9938b7f70c4a79abde6e31c5f693fdda6ad6a166e9307ad7880fde591d55,val,687dad7a393062817f1890102092e6072bd3533d78e0a604e7bf604df91f435e,1,singleton_no_enforced_relationship
dataset/test/Citrus pest/2025_12_20_IMG (315).JPG,2025_12_20_IMG (315).JPG,Citrus pest,test,source_025db1660ddbe1f93d7b54df0d76c7f63eec36e471a193282589b05ff865f62c,test,aa921e62067adc9bf60a07bc4707a12679389f93b7b76950a69ff27877eb8f4f,1,singleton_no_enforced_relationship
dataset/test/Citrus pest/2025_12_20_IMG (320).JPG,2025_12_20_IMG (320).JPG,Citrus pest,test,source_c7245bd9b0754dc7fe24489641686caf55e0246986d841e37d7c8b7a9247591f,train,4a091179177b7cf03c75479b41f756a071b35316cc2689e0deb52ca711e110af,1,singleton_no_enforced_relationship
dataset/test/Citrus pest/2025_12_20_IMG (341).JPG,2025_12_20_IMG (341).JPG,Citrus pest,test,source_6eb5e9de40dd0f5e3977594e411c738344f8c4a0792422ec437655ea42362788,train,cbe2303e1ab4bd5a0513ab3c2f77f08fdbec1fa4be7c7f91dd83e68ba9df763d,1,singleton_no_enforced_relationship
dataset/test/Citrus pest/2025_12_20_IMG (356).JPG,2025_12_20_IMG (356).JPG,Citrus pest,test,source_c33651c43e38b5d2066bfc1add477c6ddc08d87fcd498e02c03fd28d9b783c16,train,dc2b99bb9a3eddb5e3c3e4c5cd94f6c61740b1746d9ee9adc73daa5a1aab7a3c,1,singleton_no_enforced_relationship
dataset/test/Citrus pest/2025_12_20_IMG (360).JPG,2025_12_20_IMG (360).JPG,Citrus pest,test,source_4046b1e2a9679a1dc12790536f6bcb748075add358ef51110cf038300d7a34e5,train,74a9e563e58485b878ecb59d82cea624a8b15e57ce6c5fffa5360f772117005f,1,singleton_no_enforced_relationship
dataset/test/Citrus pest/2025_12_20_IMG (363).JPG,2025_12_20_IMG (363).JPG,Citrus pest,test,source_c20312110d335754683e40066e69170694ea4d065b447d439fa32b1f9e2b2480,train,e813ecfb00e16f385ede3db46150573e05ca6e30077bc9e80669b7fc47dc80a7,1,singleton_no_enforced_relationship
dataset/test/Citrus pest/2025_12_20_IMG (368).JPG,2025_12_20_IMG (368).JPG,Citrus pest,test,source_4e6cf756bd989fe0be001d77812756f0ff15f449edd75c14a6603a65633137fa,train,3e49629475501dcc8987d71104aa8284162281b6cebe997e7e02f1389b51d84d,1,singleton_no_enforced_relationship
dataset/test/Citrus pest/2025_12_20_IMG (380).JPG,2025_12_20_IMG (380).JPG,Citrus pest,test,source_254f705efec726dc2cf02c3e897697112ade0999a8ce5b59529a28d5c9906f23,train,6bdd4a4643e563556998deee2d1363a44cc18c6772a07678a76c23cf40a9d170,1,singleton_no_enforced_relationship
dataset/test/Citrus pest/2025_12_20_IMG (381).JPG,2025_12_20_IMG (381).JPG,Citrus pest,test,source_d704574667fffd341639ec74d639f65aadd1b2a6809be9f822e74adc608092f3,train,b22a9cf1d12a946c042d5bcbc17f2ffd86079689576363261b8a29c1d1ff052c,1,singleton_no_enforced_relationship
dataset/test/Citrus pest/2025_12_20_IMG (387).JPG,2025_12_20_IMG (387).JPG,Citrus pest,test,source_653f0ac91bfb53b8f5cb3045f0d51809d2e351361389770d8fbee34005927696,test,3f75ca285cb9369e9bb47ee40fea1792c43c49cfbd4b5c97bbad88cfa060150a,1,singleton_no_enforced_relationship
dataset/test/Citrus pest/2025_12_20_IMG (388).JPG,2025_12_20_IMG (388).JPG,Citrus pest,test,source_232533e4a6f39b3a45e3367e30aab679b4b5c83905b48f9b36fa1b378ac0e254,train,9e11f758242cc11829e7b71867fddde247081f1a4988446ca5c13891b2ba8ab1,1,singleton_no_enforced_relationship
dataset/test/Citrus pest/2025_12_20_IMG (394).JPG,2025_12_20_IMG (394).JPG,Citrus pest,test,source_505a97355092b9cd72b82f71704fc78ca96c03c25650c9a7660b5717624b03d1,train,17ca0e9deccc8fbf70ec005db0e42118813869dd9e7d531399f8cb591519cab9,1,singleton_no_enforced_relationship
dataset/test/Citrus pest/2025_12_20_IMG (399).JPG,2025_12_20_IMG (399).JPG,Citrus pest,test,source_3fff2b115a7f253bd569838300149ba83c36c4b20d063cf09a46eb9c66892fc1,train,b78d210bac87b5a356c0c6714f52a3b6ed2040a132be8d3c0141cab9611f30cd,1,singleton_no_enforced_relationship
dataset/test/Citrus pest/2025_12_20_IMG (404).JPG,2025_12_20_IMG (404).JPG,Citrus pest,test,source_554f8c918c9a8fa5e90ff6c9496bcc3cebf08e932a425ea1a37b7360869b1a91,train,4385cb28f8ac46bd4c4a0ca0472fca7f9c3ed37a061a07e38a12146b8d15fc92,2,human_SAME_SOURCE
dataset/test/Citrus pest/2025_12_20_IMG (42).JPG,2025_12_20_IMG (42).JPG,Citrus pest,test,source_ace9ba6b3ba2f74666ebab1829c982bd9920d297f4f8c73b645b057290ea7904,train,63d65c1cdd7b809b1c1e34578b216df1e1b45565b2c796a8a6ff16f3184cb58e,1,singleton_no_enforced_relationship
dataset/test/Citrus pest/2025_12_20_IMG (56).JPG,2025_12_20_IMG (56).JPG,Citrus pest,test,source_74bec6cfde139a055ea1bb4f8480c757cf6e5beb717d75f36f9016c823305c1b,test,5ee56455e31ba5d79b8344ea6b72e3264795bf4d705c6160b3529924b6a68847,1,singleton_no_enforced_relationship
dataset/test/Citrus pest/2025_12_20_IMG (67).JPG,2025_12_20_IMG (67).JPG,Citrus pest,test,source_67a5b809f1a005a3d5bb3471bdfacc3aabc80a62b38985d639487ec37f979818,train,5c10347408186de79a5b12ba36b84e54400b4d9340ac5fc7f6e90670aed9661a,1,singleton_no_enforced_relationship
dataset/test/Citrus pest/2025_12_20_IMG (69).JPG,2025_12_20_IMG (69).JPG,Citrus pest,test,source_6d902a99dd60db37bfab585750c24f50e5d52838d064aa2c984590e605f993f6,train,4c06b9e6db341b0a8e703d36c2c11451ee5ea3933c504804b13b31897319038a,1,singleton_no_enforced_relationship
dataset/test/Citrus pest/2025_12_20_IMG (82).JPG,2025_12_20_IMG (82).JPG,Citrus pest,test,source_bf7901a0e8c09bd6b2dc60a64f0050cc7494f626719d8ec27ed60f2b4ae9bc09,train,e611e516c36d072ad20cbeafa6bd9914c7f55f9008a0fa863c7fa6b76d0b079a,1,singleton_no_enforced_relationship
dataset/test/Citrus pest/2025_12_20_IMG (85).JPG,2025_12_20_IMG (85).JPG,Citrus pest,test,source_94fdc00ac2500dc326e67a0908e8dbc5e7b67158b17ce7a25262ff9299b9b51e,test,cffa6c0867e88e4298422f5f096612817527b6be8617edf63e7a4529015f9fe2,1,singleton_no_enforced_relationship
dataset/test/Citrus pest/2025_12_20_IMG (87).JPG,2025_12_20_IMG (87).JPG,Citrus pest,test,source_b76e1e0e55e3eabb6a871122592ecbe4524e84240c72685a59c1c0216684866c,train,a4887ab9643ee2fc035a58f28f0bc742e5c06dc0819a962d7cb45497150a711d,1,singleton_no_enforced_relationship
dataset/test/Citrus pest/2025_12_20_IMG (88).JPG,2025_12_20_IMG (88).JPG,Citrus pest,test,source_6995486a37bda1ff0eebd94d12c1c34f278a176b23aa053069ad5317abf4fc80,train,cf4d1e109cbff9ab07d00fa4c0918f07e8c92fe83e44dd01fb97f375cd9f9980,1,singleton_no_enforced_relationship
dataset/test/Citrus pest/2025_12_20_IMG (89).JPG,2025_12_20_IMG (89).JPG,Citrus pest,test,source_4957b35aa493f6b8703b234c02a52193f0018afcfc00cfefec10ae071efa283d,train,ae219051ac57408fa1cfcf070f37bcf805d35e8841f82b0d0a29075869a58bb9,1,singleton_no_enforced_relationship
dataset/test/Citrus pest/2025_12_20_IMG (90).JPG,2025_12_20_IMG (90).JPG,Citrus pest,test,source_d523edd666f96cb371e48810c458ff0b29365a6d0285d9c9228326164e8b7c2d,val,feea599789f56ab5493b76995fa31f7668da7f6f4d5ad24cb501611a1b62d583,1,singleton_no_enforced_relationship
dataset/test/Greening/2025_12_21_IMG (101).JPG,2025_12_21_IMG (101).JPG,Greening,test,source_f3b5b01fcaee6fe211757f45e94c6337ac2cde3173bacd06418a7bf36930743e,train,0bdd9bf7c421c13330805082d561369488a9386541dca1facf334b3fb0ce8e74,1,singleton_no_enforced_relationship
dataset/test/Greening/2025_12_21_IMG (11).JPG,2025_12_21_IMG (11).JPG,Greening,test,source_1fc26dc7415254fddcf59fee50fc2b2053b59f49a9f1eedfbbc6b2249cfd20f4,train,5f993251d316dfe998192137fd8212698d8722fe83d0da75c11f5ff077b3beab,1,singleton_no_enforced_relationship
dataset/test/Greening/2025_12_21_IMG (110).JPG,2025_12_21_IMG (110).JPG,Greening,test,source_5a590850d1b96f75f05a6998f5a94d4bc384e3b2e6c79bde30bbe014764ccb87,train,ecc8f40919fd6e1cdb4297a9e180fb0c8e803e5c380ff45cb62c576976198612,1,singleton_no_enforced_relationship
dataset/test/Greening/2025_12_21_IMG (112).JPG,2025_12_21_IMG (112).JPG,Greening,test,source_641786d46f9fdd02b1ee28a6bf4865d5921655c3ae284d651964dd558469c805,train,76c8764a5dcadc658fd96b2c7c82bb084c86d06ff200bc3e5cf282e1cff1aa38,1,singleton_no_enforced_relationship
dataset/test/Greening/2025_12_21_IMG (113).JPG,2025_12_21_IMG (113).JPG,Greening,test,source_6b614f77a6ec17fb449932107d149d9d8b245bad8989d30b47d252af9b1564e5,train,9db2de9f92911f96203a97368681bb150948d972e56ea97de7a8a23e000728c4,1,singleton_no_enforced_relationship
dataset/test/Greening/2025_12_21_IMG (119).JPG,2025_12_21_IMG (119).JPG,Greening,test,source_42b138414b8aefe003cae0df9a15afc03eb2aa294f964e47cc56ad39f4d0eea2,train,d6acc15e82bb6f31170fbc9438b38f752ac84e845f29c4c5d92eac4b24ee88e3,1,singleton_no_enforced_relationship
dataset/test/Greening/2025_12_21_IMG (135).JPG,2025_12_21_IMG (135).JPG,Greening,test,source_9c4a103a6523d180f734fc658a0c7e73ccd9751a5dbaa5c8f42c58616bd2da26,train,50f71f085b97cd4a9af883a2faca20eac1d61af521786d84bb7f32385b68fcd1,1,singleton_no_enforced_relationship
dataset/test/Greening/2025_12_21_IMG (139).JPG,2025_12_21_IMG (139).JPG,Greening,test,source_fe3215a7742cdc113940b0aba1bdb2268ee9b2a8c7b9335eb355805eb96112b9,train,a0ef740f4456e721044113e2a12d8d8e1dafa7c82e290a9e504ff8b084f876b0,1,singleton_no_enforced_relationship
dataset/test/Greening/2025_12_21_IMG (141).JPG,2025_12_21_IMG (141).JPG,Greening,test,source_18c1bedc3f03dd0d2aa57413f5314ae90c0ac6364b802b2ece7869b188309270,train,3ce4a51d99a8f893ec029b0ee95bd82e538b0d8cf5f4baafa9d084068588fdc3,1,singleton_no_enforced_relationship
dataset/test/Greening/2025_12_21_IMG (143).JPG,2025_12_21_IMG (143).JPG,Greening,test,source_6258ad7b9590e14456f0cbf0fa2a6be314e7058c7cf041146d650b742190840b,train,296ff21cde2fd4cf974bc3f74ba5cb4e6a2af11cc04d02342d1ec86c2c5d6bfe,1,singleton_no_enforced_relationship
dataset/test/Greening/2025_12_21_IMG (146).JPG,2025_12_21_IMG (146).JPG,Greening,test,source_71e1a90a758c32ede1f7840d5226a56cb59a0957f346e1dd33e425374137b24e,train,f38ed814e3abac119e75e61b74ee990ae7965aa03185811bf3d25fd6c1944820,1,singleton_no_enforced_relationship
dataset/test/Greening/2025_12_21_IMG (150).JPG,2025_12_21_IMG (150).JPG,Greening,test,source_c33f0daca22076b4b8725982579e86a272631672fdebdc15e2d2f7b80acab5e9,train,195c65fef5c71588a478fddd5349b42887ada88d5b067088a4d978c2d5096723,1,singleton_no_enforced_relationship
dataset/test/Greening/2025_12_21_IMG (156).JPG,2025_12_21_IMG (156).JPG,Greening,test,source_cf228d0fcda9f454aaa104f332ad807c447d230b1766dbb763c6df9c178c6cce,test,123c4938642d099a0ecd2842d0bf452d02fbe2052aadf5a7d6f82315b22501e8,1,singleton_no_enforced_relationship
dataset/test/Greening/2025_12_21_IMG (163).JPG,2025_12_21_IMG (163).JPG,Greening,test,source_1dcd09016b5313328cb74e1a9ff0e98538c3ccfc201079781181cce9b636df81,train,b0a18d8347ac10ce9fa5efac1f89ad124d8abbf7aab14a838134ee55254d2d4e,1,singleton_no_enforced_relationship
dataset/test/Greening/2025_12_21_IMG (170).JPG,2025_12_21_IMG (170).JPG,Greening,test,source_f65ca0a22e494c9150ce82eaa8e212f3906f8a275294b05be3a356da2f6fb561,train,90e974c69dbc557c9cceabec61b55d894502ce8725bf48837d50db3e7bbbff14,1,singleton_no_enforced_relationship
dataset/test/Greening/2025_12_21_IMG (172).JPG,2025_12_21_IMG (172).JPG,Greening,test,source_51d757c0dc71a04542b437c891c36142df08ae335b139bed7a467aa73e25a5ef,val,1833ed7cd25d2d5c8aecb6d6e232e87cd3cadbe11861b8d921f420c57b780af7,1,singleton_no_enforced_relationship
dataset/test/Greening/2025_12_21_IMG (188).JPG,2025_12_21_IMG (188).JPG,Greening,test,source_afba8da9f8c0b4d9fc1741537108f5d65cf4a01aaad5bdef20b544724fe17f15,train,29d8c27f4533f75cac6ab857faf9dd86d94a65f05803bcc1a0e5313b0d215908,1,singleton_no_enforced_relationship
dataset/test/Greening/2025_12_21_IMG (190).JPG,2025_12_21_IMG (190).JPG,Greening,test,source_c0019c6b30df30842eca9447849980b40fc59e78fcf799d6feb25d3654fee000,train,0ed38919c4fc6d48643fc9cf8bffd9218cfc5945afd84c7f398751fefed7ceb9,1,singleton_no_enforced_relationship
dataset/test/Greening/2025_12_21_IMG (199).JPG,2025_12_21_IMG (199).JPG,Greening,test,source_3e839d13cf7b17d306b58821f95b42216fe293c8de36cb4db874d52832b15fd6,train,9d812ba0db797167e07127e8e29bdba977559a6e43f23d7d50cd7ff47221dfab,1,singleton_no_enforced_relationship
dataset/test/Greening/2025_12_21_IMG (2).JPG,2025_12_21_IMG (2).JPG,Greening,test,source_54b423e4a7f44ca66bb0df5e4a9441dcb8b5011025b4c1cec3bdb46c1719d1fe,train,fca33e30cb7b634b217df1361b21897e57da45c0ed068cdceffd0a2728038777,1,singleton_no_enforced_relationship
dataset/test/Greening/2025_12_21_IMG (20).JPG,2025_12_21_IMG (20).JPG,Greening,test,source_3bb43899b3e7668bef785b41a7530d8c01e4d9b7e2f65a9d77c961a9d81fd9d5,train,b52c7d49bf2a7ef2d5ebf135661295a7ef81d17974ca87aad41103505272f570,1,singleton_no_enforced_relationship
dataset/test/Greening/2025_12_21_IMG (201).JPG,2025_12_21_IMG (201).JPG,Greening,test,source_cd707911d01ec573db3f7cd2a6b09b2446fdb37c138fc96c832891b3c3e4c823,train,ea9b1f2acbea0babb521fdafb403abe350ce8e4120a1212e49953e8748008d85,1,singleton_no_enforced_relationship
dataset/test/Greening/2025_12_21_IMG (206).JPG,2025_12_21_IMG (206).JPG,Greening,test,source_f6920cbc10494eca6d93e6220759e3b07563f7b4053b63c77edc320ede7961d9,train,76b058374bfabb62d0ac1e4482da22d0ee64f9132851356b8fe75699cb6662aa,1,singleton_no_enforced_relationship
dataset/test/Greening/2025_12_21_IMG (211).JPG,2025_12_21_IMG (211).JPG,Greening,test,source_15c79ec8be6e755ce80f627ef182e68b22a574b609df6bda04de12ea65c24a5c,val,e3770c2f702ee6b13635e9587cdb19444e50e98e7b47094073000fd6ab665326,1,singleton_no_enforced_relationship
dataset/test/Greening/2025_12_21_IMG (220).JPG,2025_12_21_IMG (220).JPG,Greening,test,source_8a020faef997a5c52e43ee1cc08cd4ead4ee8d56df5f346f27265ec2788c0048,train,809761ebc992a95de1201b9231fb3bbe2b1f5b01b951d7a72d70ed42680e764b,1,singleton_no_enforced_relationship
dataset/test/Greening/2025_12_21_IMG (225).JPG,2025_12_21_IMG (225).JPG,Greening,test,source_87e2c74f1621f780434008db7df15e0b420f37265417a9fb792f00531958c3b8,val,e2a0c8197b916d5fc1221fab1f5631f1aad071fc4baad14a824e1683645e6be8,1,singleton_no_enforced_relationship
dataset/test/Greening/2025_12_21_IMG (227).JPG,2025_12_21_IMG (227).JPG,Greening,test,source_0fb0f85a7cf7f92ca141e5ebb04695b6611bb636f38cf167c5c970af8d0d6c7f,train,1d4e9f108928f3a337fdfbd6f380819e0d010a17a0a5f66653b8662ec273b351,1,singleton_no_enforced_relationship
dataset/test/Greening/2025_12_21_IMG (234).JPG,2025_12_21_IMG (234).JPG,Greening,test,source_d5c4da0c1a2dbd0a471b239b8d74062f361175a50e6b70a741e466d857a5fec2,train,7999d50ece8dad14ad564f75024b878750026a240e632455b03d0dfa38e93e05,1,singleton_no_enforced_relationship
dataset/test/Greening/2025_12_21_IMG (254).JPG,2025_12_21_IMG (254).JPG,Greening,test,source_887e430f127ee75dade346010dbfcdd054c5d6ffb21432b93a0dc2e03ac88089,train,cb4290667656a86c6df35d56a4210a8608e1b7b49cae0911de73c4967973b536,1,singleton_no_enforced_relationship
dataset/test/Greening/2025_12_21_IMG (256).JPG,2025_12_21_IMG (256).JPG,Greening,test,source_cc490c6c49fa68cd207f0fbdfed7785820cc6c655ae5a5df491f33eb09348871,val,ea9f06dcdff942c66ca2f2eec3058acf01e0683f26c92b180852e35c971c8a5b,1,singleton_no_enforced_relationship
dataset/test/Greening/2025_12_21_IMG (258).JPG,2025_12_21_IMG (258).JPG,Greening,test,source_87d5bde76d3f7d923cf51553e7f3e816d5ad4c2ab637a78bcb1c0a5931ea9c73,train,c99dac9d2bc3784446dbb8513c21edfc1d73ed8371dd7eb001d0f38d67d93ebb,1,singleton_no_enforced_relationship
dataset/test/Greening/2025_12_21_IMG (264).JPG,2025_12_21_IMG (264).JPG,Greening,test,source_0cb84a2d5298945ad8d279c7e2bff8a2b6d08646ff0a0a7d2940e4022d0afb61,train,d9a65bdc3585d731769fe7ff859fcaf7060361bcb8cb49320866017da98e7b87,1,singleton_no_enforced_relationship
dataset/test/Greening/2025_12_21_IMG (266).JPG,2025_12_21_IMG (266).JPG,Greening,test,source_60cf60fc82360e2a69665e610d015250b471a8f321139f0c86fd61422e356f33,train,0b20a0d1f971211619800729c4e8d7dd13a8899a6a2091efa54dcab394564bf4,1,singleton_no_enforced_relationship
dataset/test/Greening/2025_12_21_IMG (273).JPG,2025_12_21_IMG (273).JPG,Greening,test,source_56f4f22a6cbfcf2f58d489d03ad932114d0fd1576130e27873f80bf3cab54935,train,c0f237cc93db741d217758601e54c32d87690151a72c46c40493456b80244c92,1,singleton_no_enforced_relationship
dataset/test/Greening/2025_12_21_IMG (274).JPG,2025_12_21_IMG (274).JPG,Greening,test,source_29a7f20d187e959e0d3932352f452d8f38fc9d389313ce975990dc64e6a04f6a,train,7c40bb4b480d24e85a3cfd86605ef0fd5a9f73cf9148827191612127dcad6e70,1,singleton_no_enforced_relationship
dataset/test/Greening/2025_12_21_IMG (292).JPG,2025_12_21_IMG (292).JPG,Greening,test,source_a664512982e29679feb9abd47ffdca2f71cf12be04b5f53552fd3ab4e823aabc,train,2db72316f6ec60d353a7eb999b5ba7eb0a5c013949882d72e3aae9c439692b65,1,singleton_no_enforced_relationship
dataset/test/Greening/2025_12_21_IMG (294).JPG,2025_12_21_IMG (294).JPG,Greening,test,source_fd883c33c03714d9debf33374333eee8814b2d299e53e738cfdf7d8f235c74d0,train,346787c596ad94128e79759a2fa84ebfa90fcee5b5a06adef013e1dd271f1c40,1,singleton_no_enforced_relationship
dataset/test/Greening/2025_12_21_IMG (305).JPG,2025_12_21_IMG (305).JPG,Greening,test,source_4389c33325463f691addd586151ea46e033fca601bdf4d8f551dc97366b36131,train,05eaea3709396b9cea244fe5c8f1517b5da71532b80577d3983a90971c5db2e0,1,singleton_no_enforced_relationship
dataset/test/Greening/2025_12_21_IMG (310).JPG,2025_12_21_IMG (310).JPG,Greening,test,source_d3a847cd4c4ed59b9db5cea0a5180e52465c9c03d061908df6db244769b748cc,test,55bf85aac51b9cac242fba0ac9ef616dc91066bc7c120bd43acd3ee08020d006,1,singleton_no_enforced_relationship
dataset/test/Greening/2025_12_21_IMG (331).JPG,2025_12_21_IMG (331).JPG,Greening,test,source_44f6c9b520c676eb09943adc108ad9c13bebfdaf23203bc31e8c3193c556a102,train,e13c2f88d0a396f9a79c32c5caeaabce9168064ee092f849e27486c67b5c401b,1,singleton_no_enforced_relationship
dataset/test/Greening/2025_12_21_IMG (346).JPG,2025_12_21_IMG (346).JPG,Greening,test,source_f3144b7da70719ff76d2dc0d0bb31695120de416e28e262d360b622a4094a5db,test,d14afff19d756513af0617dd3e0f692c3f7f31e35cd40c60c80623cdfe242c06,1,singleton_no_enforced_relationship
dataset/test/Greening/2025_12_21_IMG (350).JPG,2025_12_21_IMG (350).JPG,Greening,test,source_8bca4ba5da101cd19b50a9ee869bf31bbc05dad43b71d02cb7e03af8d9d953ff,train,14e314118f4c6697c796f6c0ca6d8faae25daf99f0cfe6c0f53e6d28c2953ef6,1,singleton_no_enforced_relationship
dataset/test/Greening/2025_12_21_IMG (38).JPG,2025_12_21_IMG (38).JPG,Greening,test,source_18c1f54d5c357a27baba28b2707d7325edcc3074e90de256a5ae2fb591239129,train,e7ca5e853b3b73cccefe1e0d1235792fee5c6fa447efb1a553ae9727bfc18497,1,singleton_no_enforced_relationship
dataset/test/Greening/2025_12_21_IMG (42).JPG,2025_12_21_IMG (42).JPG,Greening,test,source_a4d71b83fcdc145fdc2f88f11ab2ba9251cb3889123585418f986d820c09a1f6,train,1c3d56eaa029ebecfffff1dbf8ccf3c4c1d805474399af23af53b013197fb0be,1,singleton_no_enforced_relationship
dataset/test/Greening/2025_12_21_IMG (5).JPG,2025_12_21_IMG (5).JPG,Greening,test,source_ac435b7d401e85e21125cd3f9614d8e63db50e79d76289b4ebc75f56e19da167,train,e357d522d982d63999703bf706c759d352a9544ce997aac24e2a78d9a57dfc73,1,singleton_no_enforced_relationship
dataset/test/Greening/2025_12_21_IMG (55).JPG,2025_12_21_IMG (55).JPG,Greening,test,source_ef399da718aecd09542d8eb55f27dc43fb578da825a598cc3867c93ce9a60790,train,8375b6b0700d2dccc4866cf65570cbd6061b7a34fbd535d747b0d14e58e17c12,1,singleton_no_enforced_relationship
dataset/test/Greening/2025_12_21_IMG (56).JPG,2025_12_21_IMG (56).JPG,Greening,test,source_72b8fc568d9e9a35feae0f5eddf4657e8fe4e7ee7261197fdacbedb474b32a2c,test,82bedd7e31623e3f1f766b07bce1a792dc32c7e3a9d288f20725a0dbab9b0f94,1,singleton_no_enforced_relationship
dataset/test/Greening/2025_12_21_IMG (61).JPG,2025_12_21_IMG (61).JPG,Greening,test,source_6ff39b3eb870fb8483839763a29cfa8dbf91a881e85b8dac727edcb51b2c68d1,train,53c45431b0dd860d3b324888d88b4a862ed5c7880a8dde8db8a1be71e369d475,1,singleton_no_enforced_relationship
dataset/test/Greening/2025_12_21_IMG (74).JPG,2025_12_21_IMG (74).JPG,Greening,test,source_f34ae1f4f27aaf095d0026229e9560a9cc4072bdaf786deccffc481b4888399d,train,fa32fc3934d34f7f9bc8f2236a5c70b1da78f168e9c29593ed1c4b48eec3a289,1,singleton_no_enforced_relationship
dataset/test/Greening/2025_12_21_IMG (79).JPG,2025_12_21_IMG (79).JPG,Greening,test,source_5bb3b98926a639761364af6dad3223157a1588489f77b97360d2e83807ad6463,train,9d0d35cbc500394f57a4a4e9f7efa76685997c53fcf16aa84b61e58155c7dfb4,1,singleton_no_enforced_relationship
dataset/test/Greening/2025_12_21_IMG (86).JPG,2025_12_21_IMG (86).JPG,Greening,test,source_1187ac643230357365dd8cccf43fe997df1432d38b0514b21a5a4b63b73308c0,val,79d03c8a368b6000857f1993de0e9db39cc9dd8682553585b0874772ff1b312e,1,singleton_no_enforced_relationship
dataset/test/Greening/2025_12_21_IMG (89).JPG,2025_12_21_IMG (89).JPG,Greening,test,source_8b7f588fe1582de3e467f7190d2b4f67f5686370763fde5a6bd989b982a705ca,val,76f743fc6dfabac41587c5226032c9e0b275494634c71cbb4ba7fb59668105cc,1,singleton_no_enforced_relationship
dataset/test/Greening/2025_12_21_IMG (91).JPG,2025_12_21_IMG (91).JPG,Greening,test,source_9a1e73f17b1a6ebc0ff8bd72a083dd32b55219a0d422623a12341d420369f36f,train,0fd6c2619f8c54e984aa287bef4e3ff22c93185aabd4211f92d5892270240a28,1,singleton_no_enforced_relationship
dataset/test/Greening/2025_12_21_IMG (92).JPG,2025_12_21_IMG (92).JPG,Greening,test,source_bed6cbc50f34517d1a8922daad57ae982542626fa5e27ab26e03805d68a7493a,train,2a0ce3d33898df21a45d6cbf0b35e9c803c27ea55041f39211cc2f3a3b303179,1,singleton_no_enforced_relationship
dataset/test/Healthy leaf/2025_11_21_IMG (101).JPG,2025_11_21_IMG (101).JPG,Healthy leaf,test,source_c6ca8cc3fc2266a5dffd430bf35253a9ec8f9c311b3b2690ddcc074fc8ef1f19,train,7566bbc4afa513c7ec0e2b48f27d557def771da8c3b8bd1e9bf3ce4c599e20cb,1,singleton_no_enforced_relationship
dataset/test/Healthy leaf/2025_11_21_IMG (11).JPG,2025_11_21_IMG (11).JPG,Healthy leaf,test,source_2cf3a850ce21744d2dbc523a128c83c2824fa3421267b8dad49184d66ddb8135,train,89363d179977541dc1d5fb78a31eb723e51aa17ad3f845d1f1e324760841b933,1,singleton_no_enforced_relationship
dataset/test/Healthy leaf/2025_11_21_IMG (110).JPG,2025_11_21_IMG (110).JPG,Healthy leaf,test,source_ae5c49578d214bff1399950e5eca13d333618ebfbad7662012830a9a28ee8c5b,test,04f974da5af0b76f15b8b14cc4b63b527e89b381c99440040aac758358a99892,1,singleton_no_enforced_relationship
dataset/test/Healthy leaf/2025_11_21_IMG (112).JPG,2025_11_21_IMG (112).JPG,Healthy leaf,test,source_6bfd828a997fbccb3c6f7432ec255304c31269db09e19440267e4fe98be5902c,train,dbcd9e9d4c5eef2e208bda2600d5896319089e98ab72f9dda43085634ab19b15,1,singleton_no_enforced_relationship
dataset/test/Healthy leaf/2025_11_21_IMG (113).JPG,2025_11_21_IMG (113).JPG,Healthy leaf,test,source_9883c0a48a2de04a6a9a175bb35f6260182d588489596afb8a339af68fb30873,train,728f313f994db30ede237118fcb486e0f7d4cf86adb294e89398aea0fd59ab27,1,singleton_no_enforced_relationship
dataset/test/Healthy leaf/2025_11_21_IMG (119).JPG,2025_11_21_IMG (119).JPG,Healthy leaf,test,source_04c60f86956e085ef9cd3bf5d5ad501bb2af79b9b45e017ac625546426e66a81,train,cc8eece08d1b7353d7b57ba2e83fbdb6d9459e107d26f79fe6414337d4648e83,1,singleton_no_enforced_relationship
dataset/test/Healthy leaf/2025_11_21_IMG (135).JPG,2025_11_21_IMG (135).JPG,Healthy leaf,test,source_24d747179b55535b69c885aa3f16f160c4ad121a0555b9ce433d1141b6fa2a85,val,f20573097807823fa7d8ca6d06cb70cc716858f4b9dd5fb37850f3161d0c1910,2,AB_pair_evidence;autofilled_SAME_SOURCE;exact_sha256;existing_AB_cluster;existing_AB_manifest;refined_capture_strong_link;strict_multimetric
dataset/test/Healthy leaf/2025_11_21_IMG (139).JPG,2025_11_21_IMG (139).JPG,Healthy leaf,test,source_d6ba556f49765bf14682134960d427a7b18f0e8bedd5a7c2a1cfc6bd27135c2d,train,77132094c91ad5eae908a7081153e0e3f078ed0f9b857bdbff8c45331423c111,1,singleton_no_enforced_relationship
dataset/test/Healthy leaf/2025_11_21_IMG (141).JPG,2025_11_21_IMG (141).JPG,Healthy leaf,test,source_1533d76d04a12e98bb73ccbcf4833ace7a6334a63e9df074435885b01a0e338f,train,6240976ddc69af46b1d07fb53a5c13f14034105f4546f4485496b0c4e2da8917,1,singleton_no_enforced_relationship
dataset/test/Healthy leaf/2025_11_21_IMG (143).JPG,2025_11_21_IMG (143).JPG,Healthy leaf,test,source_a5a40ef30b27cd0dc3a7b0a189189eabfa84c0f21db3349414b6eb391d5c646b,test,86852b7d207a92eda1e97f94f290acd53e727b6c10f46498b52f4ade1bd060ae,1,singleton_no_enforced_relationship
dataset/test/Healthy leaf/2025_11_21_IMG (146).JPG,2025_11_21_IMG (146).JPG,Healthy leaf,test,source_d4ca1292d9b5edd9a7fd684409cfe9af4d7fb8a06f90df0e09b5e1d9f81d10af,train,3509f5d18c562c4688a37829da162172baf7922db84bf3503c9c14eb7410f39e,1,singleton_no_enforced_relationship
dataset/test/Healthy leaf/2025_11_21_IMG (150).JPG,2025_11_21_IMG (150).JPG,Healthy leaf,test,source_a9935a5fc9ac9609ad513c2437664fe5553656452a23635c8ef61d7cc36d316a,train,5582433fde4d7e8737669304677a7eeceea5ee1b012a1b6fe7426dd976a19616,1,singleton_no_enforced_relationship
dataset/test/Healthy leaf/2025_11_21_IMG (156).JPG,2025_11_21_IMG (156).JPG,Healthy leaf,test,source_167abc00887332d338a781de3bcf8a3dbeeb659960d41064e0ffa3c55368c224,train,0c0fd3591ea00acf4c304364123f8b364b1b38ae32b99a10998e8fca73d9d84e,1,singleton_no_enforced_relationship
dataset/test/Healthy leaf/2025_11_21_IMG (163).JPG,2025_11_21_IMG (163).JPG,Healthy leaf,test,source_2a3e770bc4c98dc973577a269e83322e37532b5a7f79364fcf11fe661b5e70a5,train,fcf8aae82cb4cad517090c93bf5e2c781c1d105eeabd1f3523373ef3e129fc6e,1,singleton_no_enforced_relationship
dataset/test/Healthy leaf/2025_11_21_IMG (170).JPG,2025_11_21_IMG (170).JPG,Healthy leaf,test,source_ed93ab4fef82684e124441ffacfe841439a6f5f31c6098f775fa25663e9c118d,train,0c8a9833a3371695e00bbd8e0c00d0e696308a2bb8d776779ef46ed2075b1cec,1,singleton_no_enforced_relationship
dataset/test/Healthy leaf/2025_11_21_IMG (172).JPG,2025_11_21_IMG (172).JPG,Healthy leaf,test,source_9afd9535f309ef9983bce3dcc5e2fc4b4f7e74052fac9f939d367375cbf47b9b,train,c4caa7f65b45ecbe7402700890a6833267076f36477df4da5bd24ab01676387a,1,singleton_no_enforced_relationship
dataset/test/Healthy leaf/2025_11_21_IMG (190).JPG,2025_11_21_IMG (190).JPG,Healthy leaf,test,source_cb5ad8da6b739b94849694082c83370a041bb68382df105abadeb05f7b6684d0,train,e5894c7fd3e6e32dcd3083cbbfdece8be6fd5c11b2b19fa55172b1846d0398eb,1,singleton_no_enforced_relationship
dataset/test/Healthy leaf/2025_11_21_IMG (199).JPG,2025_11_21_IMG (199).JPG,Healthy leaf,test,source_7641aa92b74e26731e964152650105e942ef5d360a604e2df806b318fcd86c14,train,a59fcc92c9c6eff7ecd0a5a57bd162da7c5c850708f0e36c0b4e00c232d74612,1,singleton_no_enforced_relationship
dataset/test/Healthy leaf/2025_11_21_IMG (2).JPG,2025_11_21_IMG (2).JPG,Healthy leaf,test,source_f152960a0d3bfe468f53c1fcbda6dc753e2e72cb93fba3206b5453ea1e2a33a0,val,4b49ac1adaf783b534f721918c246dbc47b500d52e72121dee40b69bb332db67,1,singleton_no_enforced_relationship
dataset/test/Healthy leaf/2025_11_21_IMG (20).JPG,2025_11_21_IMG (20).JPG,Healthy leaf,test,source_42c1abe3ce5fa721c7380f11ad1a681164f0e089f7d843e8be33359e9b918046,train,ce7ce66babba7df60901aa202ff952f8deca0fd3207a5e5f99c50b28e0c2e0f4,1,singleton_no_enforced_relationship
dataset/test/Healthy leaf/2025_11_21_IMG (201).JPG,2025_11_21_IMG (201).JPG,Healthy leaf,test,source_08dd273820987f0418530464c562515309f6ce2db467c6f6e71c02dda25001bc,train,4d302700d6790983ae597d53e2da20b0863ec81bcab3bd36a9b708b0ae5adc87,1,singleton_no_enforced_relationship
dataset/test/Healthy leaf/2025_11_21_IMG (206).JPG,2025_11_21_IMG (206).JPG,Healthy leaf,test,source_8e2bd2251bf2e863b352699ee186b55f6436a0781337662653f613117e88bb82,train,172f0fe0a080a8af157279f77480fe0f1278d1c6d85e9416af49b8ae9d1d12e0,1,singleton_no_enforced_relationship
dataset/test/Healthy leaf/2025_11_21_IMG (211).JPG,2025_11_21_IMG (211).JPG,Healthy leaf,test,source_98047e14d7b639b520d2797f98c41104fec18a12db3e339bfd0001f6cf27e6fb,train,2b2ae05f7e9932dd2099b4f1f3b4909cc258e04ab83959860df176a4339dbab6,1,singleton_no_enforced_relationship
dataset/test/Healthy leaf/2025_11_21_IMG (220).JPG,2025_11_21_IMG (220).JPG,Healthy leaf,test,source_f3e063c464c9e18c2fd050d3625361237541e55877519cf5f5c943bd78df7605,train,d7ce9184f7acd3aef2d5e44a03d7c503c472189a645b05cac2e32f6826986d8a,1,singleton_no_enforced_relationship
dataset/test/Healthy leaf/2025_11_21_IMG (225).JPG,2025_11_21_IMG (225).JPG,Healthy leaf,test,source_e88a7affd2620e5626a29e9c6f20edd497d955e85827cf88713a5ced2b239d16,test,47170c06f64c7d3d8f4192b4027fbb2ef79c9e805fde86d4b555c508555cbb96,1,singleton_no_enforced_relationship
dataset/test/Healthy leaf/2025_11_21_IMG (227).JPG,2025_11_21_IMG (227).JPG,Healthy leaf,test,source_94134dcc0c3a5cf1613ada5592b392376223ec8b34cfce489e418c40d368f89b,train,4909b94f20565205d2741bb92963f4cb14053773941b6efb14bb1d16f35bfb84,1,singleton_no_enforced_relationship
dataset/test/Healthy leaf/2025_11_21_IMG (234).JPG,2025_11_21_IMG (234).JPG,Healthy leaf,test,source_633179395d58ad9bb39c60e958b50c14f3f2c675d22b86fa2a5d3bdbec68f47f,train,231520e5e44c0a894fd4e2f0cf92dffd5522c4086bd8ade81b0f9c6f7899b5ed,1,singleton_no_enforced_relationship
dataset/test/Healthy leaf/2025_11_21_IMG (254).JPG,2025_11_21_IMG (254).JPG,Healthy leaf,test,source_eed8e07c9747971159709a70e5282e19206e36ed678780d15d75d20f083e7251,train,3b1bbe09bbe445b0f3e2452939c7e952a00a1929ae9997cecab53a536682f787,2,AB_pair_evidence;autofilled_SAME_SOURCE;existing_AB_cluster;existing_AB_manifest;refined_capture_strong_link;strict_multimetric
dataset/test/Healthy leaf/2025_11_21_IMG (256).JPG,2025_11_21_IMG (256).JPG,Healthy leaf,test,source_c6d02a270df87a2af6a81b8d95aede83641ea55811c0ddd1f985e764d35a88da,train,c54caabd780fa0e39df9cf2719738aaeb7cfd6b09f8a669ba51eca661cbb96b3,2,AB_pair_evidence;autofilled_SAME_SOURCE;existing_AB_cluster;existing_AB_manifest;refined_capture_strong_link;strict_multimetric
dataset/test/Healthy leaf/2025_11_21_IMG (258).JPG,2025_11_21_IMG (258).JPG,Healthy leaf,test,source_83040fd0741876c6836b79d7b2c2d5d58fe1e0adb2c9232c7a325d83fb903e15,val,15193e7e5237424415b64345aeba6d17c896674e1683ea99a650922651501519,1,singleton_no_enforced_relationship
dataset/test/Healthy leaf/2025_11_21_IMG (264).JPG,2025_11_21_IMG (264).JPG,Healthy leaf,test,source_fef42e3202c57fb618440cabc8f10d64e741750accbb4855827b7ae22e248524,train,7dc50afaebfac31bd4f302f44a1bba42c80f2c9d98999e5ec42bf5842100f7f7,1,singleton_no_enforced_relationship
dataset/test/Healthy leaf/2025_11_21_IMG (266).JPG,2025_11_21_IMG (266).JPG,Healthy leaf,test,source_14db8ddbef3a9da6cc4c1059211807c36bf939de7f6ab5cb6ce65de78c769eb4,val,a1415871c8390fc4c08074a0ff161323637c9eb9ed089afe488dd2547d115878,1,singleton_no_enforced_relationship
dataset/test/Healthy leaf/2025_11_21_IMG (273).JPG,2025_11_21_IMG (273).JPG,Healthy leaf,test,source_dbea4ca5b9b18ada3912910b58a8d10be6cd795ea8993f962960e8e4d5d34ef1,val,79d63a45fc3841650513ade9fb5f6c5a0cdc644e89f4fb521c22dea603bbd6cf,1,singleton_no_enforced_relationship
dataset/test/Healthy leaf/2025_11_21_IMG (274).JPG,2025_11_21_IMG (274).JPG,Healthy leaf,test,source_42cf794f2d82fe4302d9b29c577fa7b08c1d1df051783a409e390e7eeedeae43,train,a8e56a386cf203736ed972ac360d5277a3f15e462f81f00aa611aa3933a99224,1,singleton_no_enforced_relationship
dataset/test/Healthy leaf/2025_11_21_IMG (292).JPG,2025_11_21_IMG (292).JPG,Healthy leaf,test,source_5f186c4100725e991342a71eb2afd0fbdb17931d24dc144e1c35e47231df156e,train,7c8ad4e104117b1364f2d3484636d715f1ea1f3af1ab6fe2710575945f77838b,4,AB_pair_evidence;existing_AB_cluster;existing_AB_manifest;refined_capture_strong_link
dataset/test/Healthy leaf/2025_11_21_IMG (294).JPG,2025_11_21_IMG (294).JPG,Healthy leaf,test,source_6c663dc69ce80f071c1ad90c24f0361633a9575f5fee702597a8ed1318a46a89,test,07ff31e48021fb6edae2b45d9403889a6382d48b83ccaa74a8690c98f946e1c2,1,singleton_no_enforced_relationship
dataset/test/Healthy leaf/2025_11_21_IMG (35).JPG,2025_11_21_IMG (35).JPG,Healthy leaf,test,source_d8883f143a143125e136fecb613a186ff00ddbdf77e6b4b45e3e56d9e6d481e5,train,3795fd3b5f6a6f41eb77ee321fd76c9035ffb5baed29880bdeae952d702e19fe,1,singleton_no_enforced_relationship
dataset/test/Healthy leaf/2025_11_21_IMG (40).JPG,2025_11_21_IMG (40).JPG,Healthy leaf,test,source_a8419268c349ff908d3ea83748505c7cad26d77bc59c12d16fcd43f0f0dc97e8,val,9069f2079dc35a124e798901a35c39943b5cca19c806930c3017917f903c58d2,1,singleton_no_enforced_relationship
dataset/test/Healthy leaf/2025_11_21_IMG (61).JPG,2025_11_21_IMG (61).JPG,Healthy leaf,test,source_427df0efa965df7e29ece09f679afb471f6f64783ebf35f174868919e884f3c4,train,c4315a4c839fb77dc0a5eee05ba299aece94824ca68d0db5c07b0596d34679fc,1,singleton_no_enforced_relationship
dataset/test/Healthy leaf/2025_11_21_IMG (79).JPG,2025_11_21_IMG (79).JPG,Healthy leaf,test,source_a8238b383fc331fe23b3c9103ae34651466bf7583b3c42a55572a6562e994f7d,test,cdaf67ab85626f5885fb11ed5225d7e97eb925aca5a831d44881581583feee16,1,singleton_no_enforced_relationship
dataset/test/Healthy leaf/2025_11_21_IMG (80).JPG,2025_11_21_IMG (80).JPG,Healthy leaf,test,source_d3372ccdabdc5a09316e4f719cffc88be5896de85e53cdc994eb2135f99d63fa,train,b275eec9780344f784b75a44121e02240afca5f940a632463147c7af5f6f2b13,1,singleton_no_enforced_relationship
dataset/test/Healthy leaf/2025_11_21_IMG (88).JPG,2025_11_21_IMG (88).JPG,Healthy leaf,test,source_674dd9880903e78499f8785f82505e4cbdf2394c1a4294df1133189df4bece94,val,f53ebc9dfcbd3cf710f5d77e37494fddf95ca16c5a397323fdcedd6788f1ac6a,1,singleton_no_enforced_relationship
dataset/test/Healthy leaf/2025_11_21_IMG (90).JPG,2025_11_21_IMG (90).JPG,Healthy leaf,test,source_b3c409f4651c989e35b4c8cf07e66afe3be54b065ad8e94c512ba5feb918044c,val,2453ad9c58efc86ef6b3de0e743b0cf9e99827c393d8a112a209f08c7d4d8015,1,singleton_no_enforced_relationship
dataset/test/Healthy leaf/2025_11_21_IMG (92).JPG,2025_11_21_IMG (92).JPG,Healthy leaf,test,source_2cc4c73720643edfa208319e9e2fa6cdfcb8dd6530d8c30cd0c37b47daa29d55,test,a448f73db41de949e14abf77e36c7b9a6835c721a2f722b9facfea7f478298b6,1,singleton_no_enforced_relationship
dataset/test/Healthy leaf/2025_11_21_IMG (93).JPG,2025_11_21_IMG (93).JPG,Healthy leaf,test,source_021355ef6c1906ab7b9868246f9a67d75dcfe4241cc6df0f50feb185d1e4c858,train,0dee9ff3dfbdd508246affb062fd45d8b959bf78a77b5d8ff6e455d05598c44c,1,singleton_no_enforced_relationship
dataset/train/Algal leaf spot/2025_12_21_IMG (1).JPG,2025_12_21_IMG (1).JPG,Algal leaf spot,train,source_49e45d4dd9a131e57066bed7580686c58bbc258555d7f7026ac3d454fbc7b68f,train,e8deabec6be8f185cff4875552617d9a3c5b3ec613356cec28a22aa4d6e8ee98,1,singleton_no_enforced_relationship
dataset/train/Algal leaf spot/2025_12_21_IMG (10).JPG,2025_12_21_IMG (10).JPG,Algal leaf spot,train,source_722a937578386f3ecc72e213c2a4c29750d8de2da0a00d4d7ba27d416103ce4c,train,58664ae5dc9734d41cd6b671c3621f754a812fad92207412080cf15732108eaa,1,singleton_no_enforced_relationship
dataset/train/Algal leaf spot/2025_12_21_IMG (100).JPG,2025_12_21_IMG (100).JPG,Algal leaf spot,train,source_44c329b4abc91d2647f97843b5ed05d6ab53ab32bfcc90e978e7ce115308c6f4,train,19b1a10eb5c858a573da6cc499779aeea7ac495c9b77e1e58b2d9862c97de22f,1,singleton_no_enforced_relationship
dataset/train/Algal leaf spot/2025_12_21_IMG (102).JPG,2025_12_21_IMG (102).JPG,Algal leaf spot,train,source_c51a6f4b002751a60b28cfa6602acda3c5c759c4d27d37cb44f7229b571895b1,train,a6798ec47d6e4b1a9932b7f31e1104e88c8a4aed495e78324980541736ace8bb,1,singleton_no_enforced_relationship
dataset/train/Algal leaf spot/2025_12_21_IMG (103).JPG,2025_12_21_IMG (103).JPG,Algal leaf spot,train,source_9098ec6cebc01583277db2abbb64c5fa44026f7f7ee0bc5ab9013b9588f0efb8,train,3f17f7c68aad7b5f290f3c18d93badba926f0115aef92880028e0a55b5db9795,1,singleton_no_enforced_relationship
dataset/train/Algal leaf spot/2025_12_21_IMG (104).JPG,2025_12_21_IMG (104).JPG,Algal leaf spot,train,source_c90bf8c392884658e25b0434b5297bd4bc43f3af255a180415415c4e1f1a0bb5,test,3621ab506529d1409d01c264dad7927ef0b30bdcd17b5b774915680358889208,1,singleton_no_enforced_relationship
dataset/train/Algal leaf spot/2025_12_21_IMG (105).JPG,2025_12_21_IMG (105).JPG,Algal leaf spot,train,source_8a132609ae4d415dde15c5f87ed55c15410dbcc1e90e05789c9dac9eb7e89bb5,test,0bd4912f399e4d356ff49d4eefc8ebe56a681e6e3ae73d81040149e15be95ebd,1,singleton_no_enforced_relationship
dataset/train/Algal leaf spot/2025_12_21_IMG (106).JPG,2025_12_21_IMG (106).JPG,Algal leaf spot,train,source_8cb8e18f3613efc6972d27d449ddc4a95c9ccdc65dfcf09200ff103cd88a8f83,test,e8f60dd7b62fbba4fb7da215b2e73809ce29ef2e0c0aa380b930bb78b6c9f322,1,singleton_no_enforced_relationship
dataset/train/Algal leaf spot/2025_12_21_IMG (107).JPG,2025_12_21_IMG (107).JPG,Algal leaf spot,train,source_38f9a2f7f3d79b9178bdf40f79aee3c612cb1730f32966298259f840e3028f3a,train,b6e12bbac3989dd2097d4837d48a6914a848547d9b1aa60780d510b91d3fa785,1,singleton_no_enforced_relationship
dataset/train/Algal leaf spot/2025_12_21_IMG (108).JPG,2025_12_21_IMG (108).JPG,Algal leaf spot,train,source_8cf80b1c739b16d17eb11b13a66b4cb11fcc35d290b6135ba674594b4d385e8f,val,7d2d8da62a68f4bdff38821d4aa8c66cdb7397916cebfb0c8ad06546948982aa,1,singleton_no_enforced_relationship
dataset/train/Algal leaf spot/2025_12_21_IMG (109).JPG,2025_12_21_IMG (109).JPG,Algal leaf spot,train,source_029aefa3bc09577b2ea624f80e3272c4964b08521a98663daf94666fecdb126d,train,31febe4292d8c8c61863f3301da4ca8ac69877f8dd58bd081d64ad35f949ae9c,1,singleton_no_enforced_relationship
dataset/train/Algal leaf spot/2025_12_21_IMG (114).JPG,2025_12_21_IMG (114).JPG,Algal leaf spot,train,source_b85309bfa556a902c4ad92d80645db0865fbd556881ef87a828b37f4c24d6da4,train,7b25e0a5d22a0102b1d5e8709ef353a6528818540ab2ea334b61f1abc1304383,1,singleton_no_enforced_relationship
dataset/train/Algal leaf spot/2025_12_21_IMG (116).JPG,2025_12_21_IMG (116).JPG,Algal leaf spot,train,source_92f891151cb787d8b46307261a3c12ba210c9afc8d4f744aae683671c2fb1165,train,8cf0a84747e5e2228144ee48cbc38e58fc92e5788067369c04b568ed72eac400,1,singleton_no_enforced_relationship
dataset/train/Algal leaf spot/2025_12_21_IMG (117).JPG,2025_12_21_IMG (117).JPG,Algal leaf spot,train,source_748e66eb7345414a10e2e42c11a7e98f55aec75506f571b408001e3b3597a466,train,d05e4d5c4ea6208f9416d5d948c9f19e100d9f2fad7c2551edcd2d98bdd85cef,1,singleton_no_enforced_relationship
dataset/train/Algal leaf spot/2025_12_21_IMG (118).JPG,2025_12_21_IMG (118).JPG,Algal leaf spot,train,source_dd7b52ea6a30d4a824b69e3e1cd4731c553db9063f15083e7fe7a3f04cacc75b,train,6cf305dd9b11191de88311b7639279879c06e1949cc57aaa6c2d3e932019421e,1,singleton_no_enforced_relationship
dataset/train/Algal leaf spot/2025_12_21_IMG (120).JPG,2025_12_21_IMG (120).JPG,Algal leaf spot,train,source_0dc0d567c504b9edb850b080feb9984af26ed7dcdb3658f6e8919806c844a8b1,train,fbe880fb61b35acadc63df2a8e3ac6abbb43b6e2b57e9023fb754710b2d5b18a,1,singleton_no_enforced_relationship
dataset/train/Algal leaf spot/2025_12_21_IMG (121).JPG,2025_12_21_IMG (121).JPG,Algal leaf spot,train,source_8d095fb267d6647c7e296c212742b730b07ef59e13727ba7df99143a31f55533,train,7f7140d0cf6392a9e656af36dab5e28fdb4df74f9426a21a144cae24b03628c5,1,singleton_no_enforced_relationship
dataset/train/Algal leaf spot/2025_12_21_IMG (122).JPG,2025_12_21_IMG (122).JPG,Algal leaf spot,train,source_a6af861be2447a13e55bf534dd18b96ee4b9603d27f1bc803f7aa0f0d3bd1a34,val,a15b9ca989133ed6866bc0a99d42b75a9907774df9d2800c6911f927f20deaa4,1,singleton_no_enforced_relationship
dataset/train/Algal leaf spot/2025_12_21_IMG (123).JPG,2025_12_21_IMG (123).JPG,Algal leaf spot,train,source_1a03cd75c2c1edb0ca83a5a4d1f98ce375d19d92bcfea2019cf0aed16a83b16b,test,68dcf82c1409e524cae731ccef8de6e2a39f3e4a082deb4eec90ae11decd6aae,1,singleton_no_enforced_relationship
dataset/train/Algal leaf spot/2025_12_21_IMG (124).JPG,2025_12_21_IMG (124).JPG,Algal leaf spot,train,source_c5c7f2785a45c772e5e08252c13b438ad3343fd9b63cfc64d8352c2e524b8f0e,train,322a0d7745cb5eb4e674cbc9993c0fe2b28cfc36434ac8b0cb62cdaa40753710,1,singleton_no_enforced_relationship
dataset/train/Algal leaf spot/2025_12_21_IMG (125).JPG,2025_12_21_IMG (125).JPG,Algal leaf spot,train,source_5f5262d79144cd6ca71dd3f38830672c5e3413d83bc28beb48924de3290a776e,train,8929caa9c928c5b2cf2f5311f61be9bbe3c678393b8eb17c3e827bd9637e6e3e,1,singleton_no_enforced_relationship
dataset/train/Algal leaf spot/2025_12_21_IMG (126).JPG,2025_12_21_IMG (126).JPG,Algal leaf spot,train,source_7f68f47b59796d095a88e0ec6e89a1f21b79523fb07e6f03c83a57a87b197460,train,6821ed7e1d8f978575391bc0ffab8b790da4c9b16d97109d2b2b4279c4849540,1,singleton_no_enforced_relationship
dataset/train/Algal leaf spot/2025_12_21_IMG (127).JPG,2025_12_21_IMG (127).JPG,Algal leaf spot,train,source_f6e5505ed3b86fd4b82a2dc0e60f9fb16392e451785378d02d1936ba1f592b83,train,83fc775b9958dc76e0dfaf81881535fa88d7113f4f5c3eb238b51dded7f48897,1,singleton_no_enforced_relationship
dataset/train/Algal leaf spot/2025_12_21_IMG (128).JPG,2025_12_21_IMG (128).JPG,Algal leaf spot,train,source_84a13deb488cbce0032380278d8157fb3b7cff7bcb6a05e7292b64a5d31f5013,train,6c5e31e4bff9bd240a0bc5bccd4d00f652fa7224dc483b6deac118b6bfa98728,1,singleton_no_enforced_relationship
dataset/train/Algal leaf spot/2025_12_21_IMG (129).JPG,2025_12_21_IMG (129).JPG,Algal leaf spot,train,source_76b263402ca811518e802bf2c028b41ab78eb78edb8638290bcb46dabbc95b1e,train,c97950a74ce9777d8c732776fe85a6b216383778f1d2f086d60fbe9d0f0f68d5,1,singleton_no_enforced_relationship
dataset/train/Algal leaf spot/2025_12_21_IMG (13).JPG,2025_12_21_IMG (13).JPG,Algal leaf spot,train,source_9648897d5fa4b96c336d5484751a2d4b1abcfae2bc06cf86a450737f6f29d5fd,train,1be60080e1fd3249caa6a1fc3a74532bce72333c413dce8d49d9ae4ae3b93544,1,singleton_no_enforced_relationship
dataset/train/Algal leaf spot/2025_12_21_IMG (131).JPG,2025_12_21_IMG (131).JPG,Algal leaf spot,train,source_0632bb0bbf3544411c23c9c3378c1f6e16f8b50de14239d0440f899dc1393834,train,526dcf759f09e6edb42ebdb858105e1dd58be3c8ae856457ea48948636573c69,1,singleton_no_enforced_relationship
dataset/train/Algal leaf spot/2025_12_21_IMG (132).JPG,2025_12_21_IMG (132).JPG,Algal leaf spot,train,source_e47aac5d3444540a284747e1626e739a100286d72b31880a7a0cfd65ea0b6fc9,train,7d7c0fe2caf894be80c9d3b0f5d465e1cdcc62cfb4c18ce630bc0a70f7873c3b,1,singleton_no_enforced_relationship
dataset/train/Algal leaf spot/2025_12_21_IMG (133).JPG,2025_12_21_IMG (133).JPG,Algal leaf spot,train,source_5e9f546c4fb1444c6edc5b1cc6c2a919a19087abea5e7ebf31fc9baaf4e774de,val,58905c0b3c16655d6832ece7750bec1f260a64cf6c6d1ebe92fd03a420859f0a,1,singleton_no_enforced_relationship
dataset/train/Algal leaf spot/2025_12_21_IMG (134).JPG,2025_12_21_IMG (134).JPG,Algal leaf spot,train,source_00824bdf912f0f7c79f7315feff156511085af55826c9bf9c42f57c489d8bdbc,train,66a506d32f483333bdf9d1f7a04a1440dd536a307e658e2603ab71b18ea7b297,1,singleton_no_enforced_relationship
dataset/train/Algal leaf spot/2025_12_21_IMG (137).JPG,2025_12_21_IMG (137).JPG,Algal leaf spot,train,source_d869c13bbee6cc928ddfc8c26882a347bf1f0f7df54cffe9b96974cc00cb09d1,train,c7baf52722a1e247c7cb2a7386d3a27cb82a9764352ac3a9ed306af726f5a0bd,1,singleton_no_enforced_relationship
dataset/train/Algal leaf spot/2025_12_21_IMG (14).JPG,2025_12_21_IMG (14).JPG,Algal leaf spot,train,source_43b6ae40dde95f0e91eae713be5676d4535d548d7be357055314a74260d1f412,train,9ff7f8d122991cb5e2d3a09169db1178906d0631f52debd1451a8c96ba59f983,1,singleton_no_enforced_relationship
dataset/train/Algal leaf spot/2025_12_21_IMG (140).JPG,2025_12_21_IMG (140).JPG,Algal leaf spot,train,source_d39e65c6ca58e76d5332cc267476f461d05490efb7d1e6edc304391bc9f1c598,val,00f9e6ede44cfb4e3f83d37a293cdee9f86f3e86696f6e368e2dd4502c9b5c87,1,singleton_no_enforced_relationship
dataset/train/Algal leaf spot/2025_12_21_IMG (142).JPG,2025_12_21_IMG (142).JPG,Algal leaf spot,train,source_81e0964f7581b90ae209b079ec86faabde9b9959971f67a41627d08690cbe340,train,e002ddd5a2a886a74d6d51e45c525c3d129bd59a5b263d2bb4a4e1358f4ba9e3,1,singleton_no_enforced_relationship
dataset/train/Algal leaf spot/2025_12_21_IMG (144).JPG,2025_12_21_IMG (144).JPG,Algal leaf spot,train,source_b5e6bf99f003869566583b31872426b5d4bab591e8c3d678e9740b946627ccae,train,fda2b98547491a2434100624bb0a9c49319ea1b0c8e15efa4fab616de233d50e,1,singleton_no_enforced_relationship
dataset/train/Algal leaf spot/2025_12_21_IMG (148).JPG,2025_12_21_IMG (148).JPG,Algal leaf spot,train,source_826ddce26d34a59d047876742d5bf09bef69f56ad43e33810ad5a647c52a3724,train,b4b305ba4869d2cb6245250a41db6122738a3ae17b887320967d19835dc9882c,1,singleton_no_enforced_relationship
dataset/train/Algal leaf spot/2025_12_21_IMG (149).JPG,2025_12_21_IMG (149).JPG,Algal leaf spot,train,source_f971e4fed99b1deacb2794353bc54a7718d00d869ac48e7050eebc35affda5de,train,37e9e413c13788cfb792f53cee3ee17d400a9c66d83ea050a354e633dd552485,1,singleton_no_enforced_relationship
dataset/train/Algal leaf spot/2025_12_21_IMG (152).JPG,2025_12_21_IMG (152).JPG,Algal leaf spot,train,source_be6ffbfb040abe2f0689bac444281707a8f4dae631e08ed0814014e77e6f0b1c,val,2cb92e847345505ac5f193a60db399469dd2cc8e3c18760a33bc7170b73644f8,1,singleton_no_enforced_relationship
dataset/train/Algal leaf spot/2025_12_21_IMG (153).JPG,2025_12_21_IMG (153).JPG,Algal leaf spot,train,source_87e9fa07067d06faa0ed3a6cf56071b8c58e7b8a772c70cb53600a7fc7c16cbf,train,0f0a0f8bfb8f50ceba1c3937e10559e324098efb43267096dd33b6da6ad9b802,1,singleton_no_enforced_relationship
dataset/train/Algal leaf spot/2025_12_21_IMG (154).JPG,2025_12_21_IMG (154).JPG,Algal leaf spot,train,source_7a6af6be6ba99a5a022e25e06ed602bbcd3665374cbf51722eaff69def19a9ab,train,7656fe4c371cd879107f5639a4d67d6afde14a46a547aa21e416df42a079c059,1,singleton_no_enforced_relationship
dataset/train/Algal leaf spot/2025_12_21_IMG (157).JPG,2025_12_21_IMG (157).JPG,Algal leaf spot,train,source_1fc4f4356e8ba79c60d93e7487e722112030d4190ae83484535d2b0275596f62,train,4d2e16c9a10dff0558e575876e4b44eee887a86670c02b719d364a2b7fb83014,1,singleton_no_enforced_relationship
dataset/train/Algal leaf spot/2025_12_21_IMG (158).JPG,2025_12_21_IMG (158).JPG,Algal leaf spot,train,source_59ce73a5a9abb15de0be465bc4c99a8e422da4b2171de3a75e8378bdfcbb7698,train,43d5b7b32c05f76518030b392b1c069b8c296541c1acdf0b530b6bb8afec4b43,1,singleton_no_enforced_relationship
dataset/train/Algal leaf spot/2025_12_21_IMG (159).JPG,2025_12_21_IMG (159).JPG,Algal leaf spot,train,source_adb02089a337127bc407c9e864a234ad6b89bbfe0361913f00b6730fd326264d,train,42c71aebb60b71a44e031b3085ec817a893ed55fce43df548ae6f5b3bc36ef0c,1,singleton_no_enforced_relationship
dataset/train/Algal leaf spot/2025_12_21_IMG (16).JPG,2025_12_21_IMG (16).JPG,Algal leaf spot,train,source_453a87bf94c53d566dedcad3541e5a1ea49e05675a8d11b689996e8073569977,train,595630861c81c85b3230accddd126527649f99710d3671c272dcf0d8ad3f27bd,1,singleton_no_enforced_relationship
dataset/train/Algal leaf spot/2025_12_21_IMG (162).JPG,2025_12_21_IMG (162).JPG,Algal leaf spot,train,source_41a343b46a3b7ec5832c704e8bc45c8d7562cbc97f529fc6399b735193207a06,train,26896423f510c2838fd47f1c06e81317569f9e3ec1a3478f19d236a900167d9b,1,singleton_no_enforced_relationship
dataset/train/Algal leaf spot/2025_12_21_IMG (164).JPG,2025_12_21_IMG (164).JPG,Algal leaf spot,train,source_bc066c95faabd18564efd51d825bf907577baf9bae1d18ced4f6cfd434396574,train,eec1e5ed6db9c7f0014226bd4d798950423c9f0ceb35e0f44fc06ee56b272078,1,singleton_no_enforced_relationship
dataset/train/Algal leaf spot/2025_12_21_IMG (165).JPG,2025_12_21_IMG (165).JPG,Algal leaf spot,train,source_8afa9fb5344f6bcd6f94f1dc9be7ad54736e1009d92507a7cabbfeecb20598e1,train,b36e7b4c510eda0495fb587ef008ba9936347cc2846917567c1513a7f4d21b65,1,singleton_no_enforced_relationship
dataset/train/Algal leaf spot/2025_12_21_IMG (166).JPG,2025_12_21_IMG (166).JPG,Algal leaf spot,train,source_fc4c30335551ea48159a47b38cd7f278a92ac63bd442277ca14aabb322332b69,test,144f1c4e9b731a4e07dcdce934bb725883bf6536fde60e67493ba8c10c9d2b20,1,singleton_no_enforced_relationship
dataset/train/Algal leaf spot/2025_12_21_IMG (167).JPG,2025_12_21_IMG (167).JPG,Algal leaf spot,train,source_f308f077331d477de7341176aae1d8d9a0f4ed9f2481b79780e671c7c7a3f354,train,948db8caa7980cd376fd82b07621e9d5ea4d892436105214ef682a2a9b6c61b5,1,singleton_no_enforced_relationship
dataset/train/Algal leaf spot/2025_12_21_IMG (168).JPG,2025_12_21_IMG (168).JPG,Algal leaf spot,train,source_371835cbbaac275c6d71aeebb5b9726dd626b8b2afab5c4b596a4be797c05d04,test,8080324ac1052599ef6caefa62fb43584f047b99f5ed210625d33dc7662896a2,1,singleton_no_enforced_relationship
dataset/train/Algal leaf spot/2025_12_21_IMG (169).JPG,2025_12_21_IMG (169).JPG,Algal leaf spot,train,source_80f04a96c31801143e0e8c85469c1ff8c8f8d1bc8a34770058d490566af84246,train,f5ef2f60090e0806750d3ac3c58b5cf460e67ef92d936e18a98d1fd3e1b15bfd,1,singleton_no_enforced_relationship
dataset/train/Algal leaf spot/2025_12_21_IMG (17).JPG,2025_12_21_IMG (17).JPG,Algal leaf spot,train,source_610d87006d97c16cf7c0965d32e5d894d24a2c64a93d4e0a19e37846f94c9a2f,train,cb6fd5f5ecae3ca48bb62581c2449a4bbad41765c2132f740d78f3603e6ab140,1,singleton_no_enforced_relationship
dataset/train/Algal leaf spot/2025_12_21_IMG (171).JPG,2025_12_21_IMG (171).JPG,Algal leaf spot,train,source_cbf696e95831277da3a0c50f95eceee7db1a3047871f1a689312d6dfe97e0934,train,f333e46566083f572a1491f542cb6bef082c7152117772c01472c62d13bc50e2,1,singleton_no_enforced_relationship
dataset/train/Algal leaf spot/2025_12_21_IMG (173).JPG,2025_12_21_IMG (173).JPG,Algal leaf spot,train,source_b73f2b4eb3f8d2bb39beb2e698d275b8cd158e1c2f828c68ddb59a05334beec8,train,fde3823a2f8dc3a00447ec5bc68f6b9f29814a514901e2c5ff686f364ff5abdb,1,singleton_no_enforced_relationship
dataset/train/Algal leaf spot/2025_12_21_IMG (175).JPG,2025_12_21_IMG (175).JPG,Algal leaf spot,train,source_7a9fa7a385a64e435c5e483fffe491de57cbe71bc2cd2305bfa8504d3018507b,train,0c42abcf8663bb7343f68683fa82ea22e5d1c7c0c7c999f81ad2c3f748497fb3,1,singleton_no_enforced_relationship
dataset/train/Algal leaf spot/2025_12_21_IMG (176).JPG,2025_12_21_IMG (176).JPG,Algal leaf spot,train,source_0a37bb6634e172adb9ba9f85e43ad242786498119aaa550ddd9c2f8464746e23,train,d4ba996068a38c91d6818271970b37ccb2a9d16dd2487ef2472b77ac9f362200,1,singleton_no_enforced_relationship
dataset/train/Algal leaf spot/2025_12_21_IMG (177).JPG,2025_12_21_IMG (177).JPG,Algal leaf spot,train,source_60fc4e332ab772fee097e9792e8b6c16ce2ede9495c7fd552eae1687393cecd3,train,962222a097e21934877084748c5f90e635eca23401b9840328f63109e8b839be,1,singleton_no_enforced_relationship
dataset/train/Algal leaf spot/2025_12_21_IMG (178).JPG,2025_12_21_IMG (178).JPG,Algal leaf spot,train,source_953485e86328fe44a507fed9d666c8d8ebca45314ca51cce68693736d94b346f,train,e66059a6100640f3c04d5cebf42a7f5d83c11e0745224f28cc859ac9f4532e95,1,singleton_no_enforced_relationship
dataset/train/Algal leaf spot/2025_12_21_IMG (179).JPG,2025_12_21_IMG (179).JPG,Algal leaf spot,train,source_b2c8365245f22946d1d5424fdc190af5597daff3c62f16358a8434f7f4c01b04,test,302a0d3292567d0df15cccc89b1de55763da242c453532f3f8547f3ce119cfa9,1,singleton_no_enforced_relationship
dataset/train/Algal leaf spot/2025_12_21_IMG (18).JPG,2025_12_21_IMG (18).JPG,Algal leaf spot,train,source_b5519506fc7f1207b50d55cf3ac1d4197ef4d2dacb2be48a26099d0eb2719d0b,train,2d908f45928fb83d519094ccc5c6a3a54330524bba35e42d2bde12e1e8972a5e,1,singleton_no_enforced_relationship
dataset/train/Algal leaf spot/2025_12_21_IMG (181).JPG,2025_12_21_IMG (181).JPG,Algal leaf spot,train,source_391e48719c43656358181f6a62d0521a14a24ed71de9b426b22a88cd590c76c4,train,0fd980134a2953dc0fc4506e6265a298f47122355aa2ed193143c18e6229a55e,1,singleton_no_enforced_relationship
dataset/train/Algal leaf spot/2025_12_21_IMG (182).JPG,2025_12_21_IMG (182).JPG,Algal leaf spot,train,source_9f8428736efec73da6862376a7a55e0ab4c6187ec54bc49ac930803f651750d2,train,0274f43745c143fce0eb8e88d4137a2d198f18480f2a30be9139f992dde9bc2d,2,human_SAME_SOURCE
dataset/train/Algal leaf spot/2025_12_21_IMG (185).JPG,2025_12_21_IMG (185).JPG,Algal leaf spot,train,source_7e4ce64b773d3eafe9f17ea7360b7ec620059d9576a482d8ea340c04d7d98931,train,7ffb7347929c45f98e900e55f0f103fa1b5d0ec87d00fae75b6fe2adb22625aa,1,singleton_no_enforced_relationship
dataset/train/Algal leaf spot/2025_12_21_IMG (186).JPG,2025_12_21_IMG (186).JPG,Algal leaf spot,train,source_2e3b78431afab95a3aafb49f6cf60cf0357f1e2178ecc9afbfec053301f52474,train,5cece352ce25f335ac9a43d2dd136f79f82b7e5fc2ad8295b063e9c416f3a79f,1,singleton_no_enforced_relationship
dataset/train/Algal leaf spot/2025_12_21_IMG (189).JPG,2025_12_21_IMG (189).JPG,Algal leaf spot,train,source_767bcd966538d0ce2e970fe92915f20374edfcf012009c230ead407b272cacfd,train,a1cd2bd528b27c9144464dd897a4f609b1528fdd6473d9d1feaee91e1ce9f16a,1,singleton_no_enforced_relationship
dataset/train/Algal leaf spot/2025_12_21_IMG (19).JPG,2025_12_21_IMG (19).JPG,Algal leaf spot,train,source_c73dd1f063775f33957e56a5ead6e60f46bbd4120d61bc7da416680afbb3751b,val,85e2ae7b13a4bc6d3ada1b23b19c941f46c24cb0a432a8fa05425309186cc0f2,1,singleton_no_enforced_relationship
dataset/train/Algal leaf spot/2025_12_21_IMG (191).JPG,2025_12_21_IMG (191).JPG,Algal leaf spot,train,source_5c13bfb65db0969b3be85f3ca4beb8372a691404933688df62722843d3b83b1e,val,edac13c4c14427b5e9f28cb6953ec7191d1faac803fc8766f1e3c9a90bc08817,1,singleton_no_enforced_relationship
dataset/train/Algal leaf spot/2025_12_21_IMG (192).JPG,2025_12_21_IMG (192).JPG,Algal leaf spot,train,source_d149328302dd07ddf9a91c247fa39623da1a85638a58ba12ae4fd9069e0d130b,train,4ada017e790b63290a842524c3c3d29b7cdca772505f7dcb5335f673bbc84b64,1,singleton_no_enforced_relationship
dataset/train/Algal leaf spot/2025_12_21_IMG (193).JPG,2025_12_21_IMG (193).JPG,Algal leaf spot,train,source_d37632dffaaec0d4bf42c93f9530048b2d125a8199752b74b5330fde66f1914c,train,07e156b525309fd8dd3736bcf67e96ae740757e92633378b3313147694c20184,1,singleton_no_enforced_relationship
dataset/train/Algal leaf spot/2025_12_21_IMG (194).JPG,2025_12_21_IMG (194).JPG,Algal leaf spot,train,source_58d33be6c0351e3414f67e3e1a089d141c90b347f7475523cbc562120c1fb01e,val,95885d159159afef4989278a615d7bcaa905fdf03d5161bab5134a5ae4a81467,1,singleton_no_enforced_relationship
dataset/train/Algal leaf spot/2025_12_21_IMG (195).JPG,2025_12_21_IMG (195).JPG,Algal leaf spot,train,source_c84ad86f78468af4d030cc409c7b7ce42cd9d3bef9b311d05e7188682b2e679d,train,bbd0f0a312f26bd97a226d31839d21284c05023166be78effc9599e83683b999,1,singleton_no_enforced_relationship
dataset/train/Algal leaf spot/2025_12_21_IMG (196).JPG,2025_12_21_IMG (196).JPG,Algal leaf spot,train,source_5f2e4c2272013283965416c5903b5c957937c3a3a2b344e5d9d68fc3042188ad,train,f0777b6c3a2d2b9702657f12ce566a1701546826e18b9b6ecd5d9916f6c3256e,1,singleton_no_enforced_relationship
dataset/train/Algal leaf spot/2025_12_21_IMG (197).JPG,2025_12_21_IMG (197).JPG,Algal leaf spot,train,source_4c9a05d3416ea2a99f5b30437655c4e650f7b7c54c87d3958bafbe2a8baa99b8,train,44248926bc7495a0f2d36111d25885272028ddefcda3f3ad4015c53f302a8f6b,1,singleton_no_enforced_relationship
dataset/train/Algal leaf spot/2025_12_21_IMG (198).JPG,2025_12_21_IMG (198).JPG,Algal leaf spot,train,source_c675a18ac664f80146874d136518305abe8d705d38fbc96f48850a84cd3a21c6,train,08b2c56ba018fd4773a9ea93482ebfe2d5b5dce64136e8d1f1ecad3a479d19e3,2,human_SAME_SOURCE
dataset/train/Algal leaf spot/2025_12_21_IMG (200).JPG,2025_12_21_IMG (200).JPG,Algal leaf spot,train,source_4f28e4164c22eaf944669958593bdd203459d97b8e1c93cedfb67e4ba9e1ccd9,val,0cb5ddb0dcbaa2cef4580598905a9371c639662d2f827d04af5e9d5d7b68def1,1,singleton_no_enforced_relationship
dataset/train/Algal leaf spot/2025_12_21_IMG (202).JPG,2025_12_21_IMG (202).JPG,Algal leaf spot,train,source_46c9c165b2c14628fccd694c1f25a2e9117254ec93b04a1b4c06aedfa2f34346,train,d236cd864073d8a15253c9952d448c02094821a297613d2df08ae51f7d9da809,1,singleton_no_enforced_relationship
dataset/train/Algal leaf spot/2025_12_21_IMG (204).JPG,2025_12_21_IMG (204).JPG,Algal leaf spot,train,source_20229e08633cd0b474e7b489a54c846b3f7eb40ac9d147c5d8be15250157a529,train,d8047200c69ade83ef377c984c4626ee250af54221d23e87b8491ff9ff3deabd,1,singleton_no_enforced_relationship
dataset/train/Algal leaf spot/2025_12_21_IMG (207).JPG,2025_12_21_IMG (207).JPG,Algal leaf spot,train,source_7962ed5ba6be42426e9988fae7fcecbd7c8047ad5ed67cf7d9b1bb3270f0c2a5,train,2c71a2d08db20104fa0f95018ad381835a9e5302d49390ab8e3b7739f714a7c1,1,singleton_no_enforced_relationship
dataset/train/Algal leaf spot/2025_12_21_IMG (208).JPG,2025_12_21_IMG (208).JPG,Algal leaf spot,train,source_a1ad93cfeadb40610ec6ef618f68323b8f1aedc5bbc0fd7bd4fc0ef6f463edd0,train,f9fab7aa54fb3f6950ed2d9d9dae35fc31d201ebb3fc0f7f410f3f532e79963e,1,singleton_no_enforced_relationship
dataset/train/Algal leaf spot/2025_12_21_IMG (209).JPG,2025_12_21_IMG (209).JPG,Algal leaf spot,train,source_0af33f9a81f4b2065ca43a07c8fca76855046037e5574bf7f7085aac034b370a,train,5d7472868557a9b1b9005eb042593664f4a92269166a5166dcf17579943f379a,1,singleton_no_enforced_relationship
dataset/train/Algal leaf spot/2025_12_21_IMG (21).JPG,2025_12_21_IMG (21).JPG,Algal leaf spot,train,source_a93a780fbee8602e6dc624240d7e68fdd7a83c4e0d5d5858a5a904810467a305,val,2fac19cbb6c59e3b61be968051b099bbc3bc36c41cf9b39394278c200b29cbd1,1,singleton_no_enforced_relationship
dataset/train/Algal leaf spot/2025_12_21_IMG (210).JPG,2025_12_21_IMG (210).JPG,Algal leaf spot,train,source_c25cd2b53772946d4669304cb086fe7164081996484246782b436b7249d870c7,test,d719615734a8cd2d592a2e31583d60f08a45d61f5020b382a78c39ba8c2c8c08,1,singleton_no_enforced_relationship
dataset/train/Algal leaf spot/2025_12_21_IMG (212).JPG,2025_12_21_IMG (212).JPG,Algal leaf spot,train,source_bb1841325de745e3dd23e73dd3e282dd03a85c4a25078eb84ab57fce3f770ff8,train,53a14b87acf58b2584ad4644f0aa7022f29b22cc3331db9cea8cb8d715385443,1,singleton_no_enforced_relationship
dataset/train/Algal leaf spot/2025_12_21_IMG (213).JPG,2025_12_21_IMG (213).JPG,Algal leaf spot,train,source_03e5a9c63e88c4e59a14c582d5a50e484d59db49bf754af5c4f78b7547cee795,train,8bc1d6f92721d5f82227c83fb17ecd26d776fa1aed2489bc6f3b4de768bc74a1,1,singleton_no_enforced_relationship
dataset/train/Algal leaf spot/2025_12_21_IMG (214).JPG,2025_12_21_IMG (214).JPG,Algal leaf spot,train,source_cb2d444970eabdf0aee1cc72271e57c68bc8e73cdbf17c30327cda3f9c160ed3,train,6ba901eb23cddb4c12e9f756d2a0b986dba793c6d2c7b634c509a3d3227badeb,1,singleton_no_enforced_relationship
dataset/train/Algal leaf spot/2025_12_21_IMG (215).JPG,2025_12_21_IMG (215).JPG,Algal leaf spot,train,source_891a976ee9822a4144e18a6721d293a37106417b27bf16e7840be06740a3ae2a,train,1e8d62a2afd3f216bacc86080bacc0327a056608b38b9ad345ecb85617164808,1,singleton_no_enforced_relationship
dataset/train/Algal leaf spot/2025_12_21_IMG (216).JPG,2025_12_21_IMG (216).JPG,Algal leaf spot,train,source_da78bd733b8aa67aca21582c75e9894394d770e81cdef7bc76863ea74d0af608,train,aac078d4dbbfde17254f4d1d956059f9e1b12c94296c52c04a2b413e5776e60e,1,singleton_no_enforced_relationship
dataset/train/Algal leaf spot/2025_12_21_IMG (217).JPG,2025_12_21_IMG (217).JPG,Algal leaf spot,train,source_ce647974703fdcc025c127227e58112a8f9364814f646d5140137efd25a7e415,train,d6525f13cd1ac6a797e3f0f300a977dc98fe7be3fa1e1385ddaf5a28df590278,1,singleton_no_enforced_relationship
dataset/train/Algal leaf spot/2025_12_21_IMG (218).JPG,2025_12_21_IMG (218).JPG,Algal leaf spot,train,source_4ac550386cdda6d89fcc363cf4fd4e4f00a6e54722228c0b58b96ab4e83312db,train,4450e3c831adb6c9ce6870b70468489b8ffd07e4a603c9ddef31bb5aa5a41d2f,1,singleton_no_enforced_relationship
dataset/train/Algal leaf spot/2025_12_21_IMG (219).JPG,2025_12_21_IMG (219).JPG,Algal leaf spot,train,source_cc2f59786ea09e269ecda25c942c3a71b7cf259f98c47af203420486ab5eaf21,train,62f3528c877514d9d4e9bbc8560dce8d92ec11cbbfd8794095e477938a3a23ef,1,singleton_no_enforced_relationship
dataset/train/Algal leaf spot/2025_12_21_IMG (22).JPG,2025_12_21_IMG (22).JPG,Algal leaf spot,train,source_654f4add99a841280f6a31ed9dd99061ac9226598cc57168f02920fa74f41ba4,test,927414f25236332118e2cb6440d3a5c29ab8615e49c7aac40c29e955154e9a9b,1,singleton_no_enforced_relationship
dataset/train/Algal leaf spot/2025_12_21_IMG (222).JPG,2025_12_21_IMG (222).JPG,Algal leaf spot,train,source_53be65c3723acb6adfc8f15be5c51f3f0b70b201c5847e4f503d6511361082bb,train,cb0c60ba5ba65a75920e8dfe5b633e73f64459392fadcab4274689f9ac91de35,1,singleton_no_enforced_relationship
dataset/train/Algal leaf spot/2025_12_21_IMG (223).JPG,2025_12_21_IMG (223).JPG,Algal leaf spot,train,source_c358375667b756893deddc5096f2b1c6b40c50c4596fd98397ffd0fd29afaf93,train,f6a3bd91b5069e3a13b1b6d5fd87ba9f8d0a80906fb221d26af31ac7f41a3f33,1,singleton_no_enforced_relationship
dataset/train/Algal leaf spot/2025_12_21_IMG (224).JPG,2025_12_21_IMG (224).JPG,Algal leaf spot,train,source_e58c7eb2139c6a48d9b8fd291ade583d04251ecce72221e6038b142ab0501424,test,c116ea81bd80d86c272f9bc1de55076606e763913e5e2e7808c8fde1e6af5804,1,singleton_no_enforced_relationship
dataset/train/Algal leaf spot/2025_12_21_IMG (226).JPG,2025_12_21_IMG (226).JPG,Algal leaf spot,train,source_dd853cf1a08be35b0d4dea036cef3217347f3d99c57da731dc3d4484782d8e48,test,def4dbabd4654d37f312e9a644f49711499b8c1065c95975486c681435adf2b1,1,singleton_no_enforced_relationship
dataset/train/Algal leaf spot/2025_12_21_IMG (228).JPG,2025_12_21_IMG (228).JPG,Algal leaf spot,train,source_acc9d05f800ffe8b4ae77b45fe59ae7479fa8d7f774e4c1a9a756ad600644017,train,c4e86b2d9701705d2fd451d691ce59b9befb2a450faddcc766c2863137398459,1,singleton_no_enforced_relationship
dataset/train/Algal leaf spot/2025_12_21_IMG (229).JPG,2025_12_21_IMG (229).JPG,Algal leaf spot,train,source_78d6b03838aa2cef95742baf1fba7f5563b1bdb560159267017f7b566be8f3dc,train,2e4a67db06a27bda53171119171882737adb1c1f9408d2e2a852b4de9a7908f7,1,singleton_no_enforced_relationship
dataset/train/Algal leaf spot/2025_12_21_IMG (23).JPG,2025_12_21_IMG (23).JPG,Algal leaf spot,train,source_4544c6f0e992ba1eced2b0417ea6292bb02c5b6b62e31efdebcc844dbefde213,val,74ca8e657ef60cfb17a9349c2be991e2662fb54c739ecffd9e418a4153973d50,1,singleton_no_enforced_relationship
dataset/train/Algal leaf spot/2025_12_21_IMG (230).JPG,2025_12_21_IMG (230).JPG,Algal leaf spot,train,source_ef6d5470ce1253af597524a5505e1eed613360fb4d5a4c6d29f8573627539c39,train,cd5e2b4366585cdb2966980550a5d8f92e3a5e992cbf46fc428452693cb3561d,1,singleton_no_enforced_relationship
dataset/train/Algal leaf spot/2025_12_21_IMG (231).JPG,2025_12_21_IMG (231).JPG,Algal leaf spot,train,source_94ad3ebbd03212baf1c1512c0a09222da1ef72d7bab78c366b9ca54f1e4be468,test,b72291c8164317cc461076b27c49c9fb82e5a0426903891533d4a7cfa0023e07,1,singleton_no_enforced_relationship
dataset/train/Algal leaf spot/2025_12_21_IMG (233).JPG,2025_12_21_IMG (233).JPG,Algal leaf spot,train,source_e5360e0619f3931691adf7431f92bab82733046b14804f2cb5786ac72bf032dd,train,8c2d0ce67b8edc79f1673b8af7d5a8a28caafe1d8e110cfb5ee5c30e2ce2fc44,1,singleton_no_enforced_relationship
dataset/train/Algal leaf spot/2025_12_21_IMG (235).JPG,2025_12_21_IMG (235).JPG,Algal leaf spot,train,source_cb967499fb45fc480740a840f5fb8d292a2f3284af0a71dc0260be070f0703ea,train,71a6d1919dd5629c826f14e55b78f1823c5efa604bdeb0e27c021918d336d612,1,singleton_no_enforced_relationship
dataset/train/Algal leaf spot/2025_12_21_IMG (236).JPG,2025_12_21_IMG (236).JPG,Algal leaf spot,train,source_44a9b3900229ab5755be1b85d59bc3a39c04493ef48ea1d92c6dc6c7e1f11088,train,03b1bdef7d62270d0bd7fec893fb31c9245c68c1c06a3e51e2c3efbc3298e8fd,1,singleton_no_enforced_relationship
dataset/train/Algal leaf spot/2025_12_21_IMG (237).JPG,2025_12_21_IMG (237).JPG,Algal leaf spot,train,source_0140f65ea661d124544d8dc54dd9b5440b57306823a236af1bad313002368993,train,1770c0b3d733433375b1c6fb2c74c5e1b06f714848deefcd8690ef040251f482,1,singleton_no_enforced_relationship
dataset/train/Algal leaf spot/2025_12_21_IMG (238).JPG,2025_12_21_IMG (238).JPG,Algal leaf spot,train,source_56458ed8efa9c4b382454648af33c0cd7521bcd0ffcd91593b0d350033380fad,train,ca8b5778367c65dd03df2cd29a6b34fbfb4d815e6e9f18bb959bf1c8154af85d,1,singleton_no_enforced_relationship
dataset/train/Algal leaf spot/2025_12_21_IMG (24).JPG,2025_12_21_IMG (24).JPG,Algal leaf spot,train,source_2b9f39af6deaaf46eda53097a66453825ea7686f33f5353dd7afd7c63ea08eae,train,679f2cb258748a49c6f05f6d916f6c5d9fcbc5fec808bec30ca3275690e40132,1,singleton_no_enforced_relationship
dataset/train/Algal leaf spot/2025_12_21_IMG (240).JPG,2025_12_21_IMG (240).JPG,Algal leaf spot,train,source_f98939f04cd8fd49b538d6303c6fe4cfa0877d26007b15bbbe43e6c387140597,train,da1d9ff9e4e61a39f39071825a3100d41a278a0e6b188d80a40aa93af74115ef,1,singleton_no_enforced_relationship
dataset/train/Algal leaf spot/2025_12_21_IMG (241).JPG,2025_12_21_IMG (241).JPG,Algal leaf spot,train,source_bd0f7b9cdad3fa597ee069b5dc41bf3881661d814c3aa6dfc1e03e62939dc957,val,fe7305d21cef89df98aed8530949f2eb883aec21f3c89ab207e2eb5d2090ba8b,1,singleton_no_enforced_relationship
dataset/train/Algal leaf spot/2025_12_21_IMG (242).JPG,2025_12_21_IMG (242).JPG,Algal leaf spot,train,source_d9dfb79e191332e1f441e5b415f40c5b0dc9e540d87296c421736c4a4c2b57e9,test,91d6c140270b3d4ffa6dcdf2ed173c4a35ffd93ea435f6b70a2f32f98b628bf3,1,singleton_no_enforced_relationship
dataset/train/Algal leaf spot/2025_12_21_IMG (243).JPG,2025_12_21_IMG (243).JPG,Algal leaf spot,train,source_b75184631d6bb72f0047e11b5392f3d4c1a146783d5e1618ac727b5e3783c722,val,666b47a82c9092fa9a93a357742a8836c2180b4cc9176a0844e958447fa29bbc,1,singleton_no_enforced_relationship
dataset/train/Algal leaf spot/2025_12_21_IMG (244).JPG,2025_12_21_IMG (244).JPG,Algal leaf spot,train,source_6309bccf22e69f130e8b5134e84f40ed94d636075c3b2500b940f1fbe710d180,train,fc42fd216d20bcf1a09fa05b6fb51e9f26f6ce00d4e691d6c5bb184f40e86610,1,singleton_no_enforced_relationship
dataset/train/Algal leaf spot/2025_12_21_IMG (247).JPG,2025_12_21_IMG (247).JPG,Algal leaf spot,train,source_3c0e4cec98d4aea95ad9cd28def3c422343e1ec36b67b03980ab7b4b4a20acbb,val,a3e34e91d43c7ce81dc3c619247a6b25fdaf11a1c1470f72387952b9deb64278,1,singleton_no_enforced_relationship
dataset/train/Algal leaf spot/2025_12_21_IMG (249).JPG,2025_12_21_IMG (249).JPG,Algal leaf spot,train,source_b4c19fb772680a2b435e3e219aa16fcac366f630f6aac3d5eb82c7115e71d3fd,train,44e1bfdf2d43c2cf796026cf4fa0d4ea7d1b59e367fe35da5b5207f972d1c44e,1,singleton_no_enforced_relationship
dataset/train/Algal leaf spot/2025_12_21_IMG (25).JPG,2025_12_21_IMG (25).JPG,Algal leaf spot,train,source_4134fabdad749ed526e572a1948adc0d320e852ce0cc33edd41fe471dcbc4a84,train,4f4d4eefb6bd8bea9bc316d370cd5f521c7be5a3ba32bc6b317f3af97b0a7462,1,singleton_no_enforced_relationship
dataset/train/Algal leaf spot/2025_12_21_IMG (250).JPG,2025_12_21_IMG (250).JPG,Algal leaf spot,train,source_b4013b9f34dcb808e6fda8d5f8917dc2894cb72e4453a79d8457dfea7494bb3f,test,4048d561471fc854581a1ae6f83607fc468db93ef8afc15e697e4b7cff3ecf96,1,singleton_no_enforced_relationship
dataset/train/Algal leaf spot/2025_12_21_IMG (251).JPG,2025_12_21_IMG (251).JPG,Algal leaf spot,train,source_f882e4940e692cfb0ee3de324843edfab87477ac53c7f3ddd50e4c91bbe2675b,test,c0db14a7d529326ca00b8a9bfa64944a42535577ac2eee5d4a900af56953d463,1,singleton_no_enforced_relationship
dataset/train/Algal leaf spot/2025_12_21_IMG (252).JPG,2025_12_21_IMG (252).JPG,Algal leaf spot,train,source_49c5cc6accd8695d94e79fcbcf09cfeec23d02a1345891fdf60ce1d444283817,train,75674693e287912e5071162b826319dba75e8d99e0600c38018d96b14881d6d8,1,singleton_no_enforced_relationship
dataset/train/Algal leaf spot/2025_12_21_IMG (255).JPG,2025_12_21_IMG (255).JPG,Algal leaf spot,train,source_b3065fefa2f3a1a339f12583a9f6b37a14b18c998287f9f2d62b27e8d1f046da,train,b2d5d5ccb7b5be2c971528c984ed505e58eb6ce3ca9ec60b0247f347098f890b,1,singleton_no_enforced_relationship
dataset/train/Algal leaf spot/2025_12_21_IMG (259).JPG,2025_12_21_IMG (259).JPG,Algal leaf spot,train,source_125199e2257352b827737fdff33c1e6102c0b1bcc1be671d3132bd97b2b9d25b,train,be24b1fcf0c38abac1fd9604ca17acfdeb6051d1e8ce6e423efc96885826edf6,1,singleton_no_enforced_relationship
dataset/train/Algal leaf spot/2025_12_21_IMG (26).JPG,2025_12_21_IMG (26).JPG,Algal leaf spot,train,source_34920bb3a2d647a5360ada6dd35c03aa20b520a5957da6adc84ee41944687614,train,be75c1cf537b5ade1b5d94280105576646ceb0af6bf96e081ac65d5b1484f1a6,1,singleton_no_enforced_relationship
dataset/train/Algal leaf spot/2025_12_21_IMG (261).JPG,2025_12_21_IMG (261).JPG,Algal leaf spot,train,source_104ab0f136d6c601e41371d980825b1a974f3d089054a3b7ca03c977a418e601,train,0d3113a7391f256b3db1443f1e6f3265e3be970aeabb304905e4cbea3a631947,1,singleton_no_enforced_relationship
dataset/train/Algal leaf spot/2025_12_21_IMG (262).JPG,2025_12_21_IMG (262).JPG,Algal leaf spot,train,source_0312773a7bc1e311ae8bbe74046056af8866789ddfc2ade8ac594bb9542d3194,train,36495e044e9e8845d3238ce77d5efa449253c835b7fb7ca2a06a25d82d8858a2,1,singleton_no_enforced_relationship
dataset/train/Algal leaf spot/2025_12_21_IMG (263).JPG,2025_12_21_IMG (263).JPG,Algal leaf spot,train,source_52a4f8b86b734a5288e985485b2645a6f7b3e97c94ed47e5d2e31258848e71a6,val,830f09500f36116a254bf1041fa9d6767f2ffe4902ce534b3fe42032b26f5a9b,1,singleton_no_enforced_relationship
dataset/train/Algal leaf spot/2025_12_21_IMG (265).JPG,2025_12_21_IMG (265).JPG,Algal leaf spot,train,source_37e7415b7f0df43240697a4f53d4b172361fdd5520af0a746e96ebb826a4bf26,train,148223c56dd2e0f79a2627fb739bd9bf886d7bb781df665d7d533f6a569d7cac,1,singleton_no_enforced_relationship
dataset/train/Algal leaf spot/2025_12_21_IMG (268).JPG,2025_12_21_IMG (268).JPG,Algal leaf spot,train,source_9f2656580fb46dec9c5731eeb145ef392b42ef381cac29d61c2db4b543e3d0ca,train,b2dae075d0c8945e7798fb89616b1b821d4e5f343b1e9cb7dd1ecc45e7ab93dd,1,singleton_no_enforced_relationship
dataset/train/Algal leaf spot/2025_12_21_IMG (269).JPG,2025_12_21_IMG (269).JPG,Algal leaf spot,train,source_1834b459d51acc884327d5a4a24b9883fb2bfe0757f11f1a123646c7b471f616,train,950d8c9447fcd9448afbf12ec6437dd50260a640b71b2b620eb12f8d9a210b32,1,singleton_no_enforced_relationship
dataset/train/Algal leaf spot/2025_12_21_IMG (27).JPG,2025_12_21_IMG (27).JPG,Algal leaf spot,train,source_5a2f54bbcda9035be210e4306e4f2463b0144caca97244c3e9db99285e58c4de,train,b03e3ac900e7566574741f440bdb8bc1664203405418cb0c33fd165475c5f3c8,1,singleton_no_enforced_relationship
dataset/train/Algal leaf spot/2025_12_21_IMG (270).JPG,2025_12_21_IMG (270).JPG,Algal leaf spot,train,source_191e17ce16b731eb76bcd9c5fab30ecb434b8dc2667cce5526c28714a01ad941,train,3e3234f914d5169d16c4860ddcf2ba37eda9c4b4f824e05a34f719f2200d7a78,1,singleton_no_enforced_relationship
dataset/train/Algal leaf spot/2025_12_21_IMG (271).JPG,2025_12_21_IMG (271).JPG,Algal leaf spot,train,source_c8a32d3510c3828cab62ccdb7c16e4f0acdf6754d713f6bae9f362f0e0baac16,train,9c93484e07bd3b2f0dc873acf909ef0c6e02691d475af3001019fa787dd93783,1,singleton_no_enforced_relationship
dataset/train/Algal leaf spot/2025_12_21_IMG (272).JPG,2025_12_21_IMG (272).JPG,Algal leaf spot,train,source_f24ee03ff8f15c0a8053e82bd7b2be6bd5214ce087ccc3ebd83728fd0dc1d674,train,0b74efcc7dd5370183e358e6acb3c5cb96dedcc8137373a5100c145e49ef8b71,1,singleton_no_enforced_relationship
dataset/train/Algal leaf spot/2025_12_21_IMG (275).JPG,2025_12_21_IMG (275).JPG,Algal leaf spot,train,source_61da848bf94e89b2e6b47ef290835b220595b4e4edeede45dfb9d1397d15edf2,val,bcdee8c20ce5939b40485008b2657ba4e23cc433c110dc2a01e99dd7195be631,1,singleton_no_enforced_relationship
dataset/train/Algal leaf spot/2025_12_21_IMG (277).JPG,2025_12_21_IMG (277).JPG,Algal leaf spot,train,source_5847c93135bfc50cfb934aa1d82f4319747b83b73a82815b96ac2fa1694cab8f,train,6b7b4c2dc5651f6a679113042809e52e4894508eaf9d6ab9b28ead712e6c5e52,1,singleton_no_enforced_relationship
dataset/train/Algal leaf spot/2025_12_21_IMG (279).JPG,2025_12_21_IMG (279).JPG,Algal leaf spot,train,source_3eb2440b3731a72b246e096d102e2e9cba878d6dfcc418b11b6a7aba9cebcc2e,train,41a59a92a0fa13111c7a28aba6cc8ec2871b6b2b061b4df4bf2aaf2ccec6ba06,1,singleton_no_enforced_relationship
dataset/train/Algal leaf spot/2025_12_21_IMG (28).JPG,2025_12_21_IMG (28).JPG,Algal leaf spot,train,source_36132303bbd3d1978185e7d3e8693067c5ee52c576d540d1c6444c74293938c9,train,28fd78d531662c14947412975877a7cb9d6d8259145012c6bd8ab550cc16e55c,1,singleton_no_enforced_relationship
dataset/train/Algal leaf spot/2025_12_21_IMG (280).JPG,2025_12_21_IMG (280).JPG,Algal leaf spot,train,source_e18a8325fabb3307d7f2bbfa8dce87117a7f223fa7f41111845851fb20073005,train,46086fcb464471de3112cd80003f5e67db866d52cfa380a29ed20d4a5949e0e8,1,singleton_no_enforced_relationship
dataset/train/Algal leaf spot/2025_12_21_IMG (281).JPG,2025_12_21_IMG (281).JPG,Algal leaf spot,train,source_ab72b7a74a32e2282e8b29152caaceb27eca46dda64ed7fc0e6328970201888d,val,2e60afbd37c9257f8217e17c8cfd03077228d4dc8480be66bdb22a8999a6e170,1,singleton_no_enforced_relationship
dataset/train/Algal leaf spot/2025_12_21_IMG (282).JPG,2025_12_21_IMG (282).JPG,Algal leaf spot,train,source_e8936e6e762854e743c8766dcec848b7bff6d9d06c102dbeb48f1c657efa9ac1,train,ca6548f90a5e04c393778055ab549288202af73334e1f305b6a76345afc95492,1,singleton_no_enforced_relationship
dataset/train/Algal leaf spot/2025_12_21_IMG (283).JPG,2025_12_21_IMG (283).JPG,Algal leaf spot,train,source_66aeec8a0623b490a9d5002fa4ee561844b961e950c7cf0e10471a05b636a972,train,d705a242866c7b738cbfe30a605e30930d1209d8d8fbd955ba82716fe96f6d7a,1,singleton_no_enforced_relationship
dataset/train/Algal leaf spot/2025_12_21_IMG (284).JPG,2025_12_21_IMG (284).JPG,Algal leaf spot,train,source_2c295c4ea3203500aae82c20f2b96ab351e7639c0746a8bb44f67c086d4a4a42,train,d9cf39691af0beb8ca277a31e0bcc4578c10e024f54a72391e76acc373c5ff59,1,singleton_no_enforced_relationship
dataset/train/Algal leaf spot/2025_12_21_IMG (285).JPG,2025_12_21_IMG (285).JPG,Algal leaf spot,train,source_31332980398e8e1850ba03e9d38031b144aebbf3466a349c630aefbbdc7ee922,test,f6a7832c86b1a7c7cbe9a163993e8ff1c9d09af2cb805f6471a992a056bd1988,1,singleton_no_enforced_relationship
dataset/train/Algal leaf spot/2025_12_21_IMG (286).JPG,2025_12_21_IMG (286).JPG,Algal leaf spot,train,source_5c012b8607097a3e0f5ecfe44d9d4124d288eb80b5bd28ad6331c48210125b0c,train,6ab7155e00192d33670cdb92885aae6582a701ba2217b0834b163cafc9702a28,1,singleton_no_enforced_relationship
dataset/train/Algal leaf spot/2025_12_21_IMG (287).JPG,2025_12_21_IMG (287).JPG,Algal leaf spot,train,source_eb94e30a8736a9f59a344f47d7ea782bda1e704f216cb1e45ade5bfd60a17813,train,ac4c6ddbeab1d08180ed338d896f0bf50a5e350b4529f54251c8d2eeb1dde944,1,singleton_no_enforced_relationship
dataset/train/Algal leaf spot/2025_12_21_IMG (288).JPG,2025_12_21_IMG (288).JPG,Algal leaf spot,train,source_8499588fc821673f2446ffa2b53ae1d1263a4b8b40d32cc16d6aa6ba3788b311,train,7918fc1518b6f4b32bc7cc9baeb74bea5614df14e185ad9eb9ad49025b25c3d2,1,singleton_no_enforced_relationship
dataset/train/Algal leaf spot/2025_12_21_IMG (29).JPG,2025_12_21_IMG (29).JPG,Algal leaf spot,train,source_64cc30d5480f5d6e996611380879b0816211f88b8ad99adfb4d0dcfd2de94edd,train,27774d95f7e450e7157a3c90a52b2f03f380942c3a1e8879a994360aaca7be9e,1,singleton_no_enforced_relationship
dataset/train/Algal leaf spot/2025_12_21_IMG (290).JPG,2025_12_21_IMG (290).JPG,Algal leaf spot,train,source_1fb34ef5b7e0f686897ca10d54bd71c1d64a912d2496a2ea780fdab448f30cbc,test,c464293038a9631f935ae00251b29cdae3654d5881bc6c9edab12369f212ff63,1,singleton_no_enforced_relationship
dataset/train/Algal leaf spot/2025_12_21_IMG (295).JPG,2025_12_21_IMG (295).JPG,Algal leaf spot,train,source_c9ffa7cd6097dfd1265ad9b8c5f6cf0c46122b98162c8b1abc0540ca6dd99ebc,test,aa283a5db744e6e0d719669a4512af8e416b5f20d7869a9b1c02a451c6d31160,1,singleton_no_enforced_relationship
dataset/train/Algal leaf spot/2025_12_21_IMG (296).JPG,2025_12_21_IMG (296).JPG,Algal leaf spot,train,source_37465a20414db2734d77c3c76961ff11729df622140a9691efdf5c4e2f64d3b2,val,73ddb283bcef391ae39105d42b1b7f370161a10ece0b023fb7afd3a961205352,1,singleton_no_enforced_relationship
dataset/train/Algal leaf spot/2025_12_21_IMG (297).JPG,2025_12_21_IMG (297).JPG,Algal leaf spot,train,source_6b0849ec71fe1cd2751ea8b43b0af343ea13d978a6470473b5466ebbeb77ffa4,train,8046c723c3e58e92e5076d56f8dfa8c2a4d13765132a663e9f52793528589362,1,singleton_no_enforced_relationship
dataset/train/Algal leaf spot/2025_12_21_IMG (298).JPG,2025_12_21_IMG (298).JPG,Algal leaf spot,train,source_4221e58eceeaf34b346d2232153809843a4b966d569b0b2bb95605cfcc3cb43d,val,b092ed22528c994a4a4889350afa18b31aa75d0805560d422300ed4483fa4b67,1,singleton_no_enforced_relationship
dataset/train/Algal leaf spot/2025_12_21_IMG (299).JPG,2025_12_21_IMG (299).JPG,Algal leaf spot,train,source_83072c2f31f9851f55ae8d563e9ac70c2df395124a0907c11244f294ec144abd,train,5dd3348eb49665fa61eabe2a44d68269c28cc98c6a89e87f514118afef51f728,1,singleton_no_enforced_relationship
dataset/train/Algal leaf spot/2025_12_21_IMG (3).JPG,2025_12_21_IMG (3).JPG,Algal leaf spot,train,source_3085c1337fc7f31d24eb2c51498a808a53ed95e862b246a44bafb571c5018b2c,train,cb20b8bfb8ad70988eb874eba26985e0a66d2a883697ae3a1200d2d8c805062e,1,singleton_no_enforced_relationship
dataset/train/Algal leaf spot/2025_12_21_IMG (30).JPG,2025_12_21_IMG (30).JPG,Algal leaf spot,train,source_d6408c7ce39b292f5726020fe7f9fc17d52b932de7ebbfe3c99873e6098936bf,train,a7c520742f0ed50240ed128de06183ab2ef992d2c378260d1ee70ab2fd17d091,1,singleton_no_enforced_relationship
dataset/train/Algal leaf spot/2025_12_21_IMG (300).JPG,2025_12_21_IMG (300).JPG,Algal leaf spot,train,source_022176f2c9ebb4227afd138c8b479559681e252f42ffd977a8c2fa8249fc3473,train,a25466816374d808aea3e0077992db0f176cb3817cf6ca4797f716a02f8c09ac,1,singleton_no_enforced_relationship
dataset/train/Algal leaf spot/2025_12_21_IMG (301).JPG,2025_12_21_IMG (301).JPG,Algal leaf spot,train,source_9258c4a31e1854026b40f5e9a2e437069563d2ad027930954e0943a2075ea4f4,train,2576ff631e6477cb4eb50ca64fedc9853b5ea5fa99b7d9e6a40a9a1b8c596ffd,1,singleton_no_enforced_relationship
dataset/train/Algal leaf spot/2025_12_21_IMG (302).JPG,2025_12_21_IMG (302).JPG,Algal leaf spot,train,source_67527f880a7c331faa7d2ab4d1b123dd0e97cc2db13d07eb1d0d9b582d844079,train,a5b0110a7a9b62f9422465ff1339dbd90e1f457655efc939f4cff2485a9fd86c,1,singleton_no_enforced_relationship
dataset/train/Algal leaf spot/2025_12_21_IMG (303).JPG,2025_12_21_IMG (303).JPG,Algal leaf spot,train,source_38a7d2672b384e583a2e2d0f272c7ee39f54743e32216104041205673b3af5f0,train,4f51ec50e68f649d450bca9bd90c0606f6a86be957911749ad9c73ca4e315a13,1,singleton_no_enforced_relationship
dataset/train/Algal leaf spot/2025_12_21_IMG (304).JPG,2025_12_21_IMG (304).JPG,Algal leaf spot,train,source_7ae1245f2d9cbd46acfbb9d0c6bdb217d4dad371fca17a5bdbdc57b188a8fab1,val,cf8c484dd9d9ef93914a1b47a81c2760f7083ee5ad7c1b60ca6c818e4196b4ca,1,singleton_no_enforced_relationship
dataset/train/Algal leaf spot/2025_12_21_IMG (306).JPG,2025_12_21_IMG (306).JPG,Algal leaf spot,train,source_afdfeb3ed3997f0ad8ddb8959528b83bede49fe8451cb04fa0b1ac881bd7927e,train,1fc5cb7a49e3a3ae13d996dbd64f75a8dcdd19fcf65b2f50f6fb80d67b8c649c,1,singleton_no_enforced_relationship
dataset/train/Algal leaf spot/2025_12_21_IMG (307).JPG,2025_12_21_IMG (307).JPG,Algal leaf spot,train,source_3b4b0ecec65b89dd0c5bb8945f454d00ce1887d9a360027001556a3d74721e5d,train,68148c60f5e983e2be326f5d890f72644e6c118a128f0800dd164dcbb3bd2835,1,singleton_no_enforced_relationship
dataset/train/Algal leaf spot/2025_12_21_IMG (308).JPG,2025_12_21_IMG (308).JPG,Algal leaf spot,train,source_1141c49adba9a4dc4b79a2d5d0e6bb628c1c0d1c36d9f11ed1f4de3844e1acca,train,96879c78a7330218190146e1fab3e52609aa92c17dbf9655eeeba576a00295c5,1,singleton_no_enforced_relationship
dataset/train/Algal leaf spot/2025_12_21_IMG (309).JPG,2025_12_21_IMG (309).JPG,Algal leaf spot,train,source_5424434e4be7d3f65c9f0f91655d298df3ac626c95735b5e50b7ac7823de94e3,train,e66ac92ed7ca3524175836a16e322c4900d1add445e887009aee8d306fa17734,1,singleton_no_enforced_relationship
dataset/train/Algal leaf spot/2025_12_21_IMG (31).JPG,2025_12_21_IMG (31).JPG,Algal leaf spot,train,source_cb849f44e3e38d756d4104ed1a9411fe6b1893dd71edf79b489785dd439c8c6b,train,5ea6ab3b994a58b0b98294dc64c9bdc7c6865d319425a24ac100797d07da8a97,1,singleton_no_enforced_relationship
dataset/train/Algal leaf spot/2025_12_21_IMG (32).JPG,2025_12_21_IMG (32).JPG,Algal leaf spot,train,source_060e4d256f6b52199eaed48c11bf472de0a5668a7b72a43beb1fa47f0e09a8c7,train,3e5826aba76ec996c974bf482a1ac4196da89548c88ae095db98f79b8c40b0c9,1,singleton_no_enforced_relationship
dataset/train/Algal leaf spot/2025_12_21_IMG (33).JPG,2025_12_21_IMG (33).JPG,Algal leaf spot,train,source_cf8495ddf936414801aa78bd29bdd4fbf3321e40b9794ab6c9fbeae766cb395e,train,78af954d855b5951cad5346521d04f20a7388c0c8aee41a6108106b07a34b102,1,singleton_no_enforced_relationship
dataset/train/Algal leaf spot/2025_12_21_IMG (34).JPG,2025_12_21_IMG (34).JPG,Algal leaf spot,train,source_67bf454f7b804fd2c323f102fe622dd0ebcd91374c41bbca3bbda4d3022ff12f,train,32f77003112f5073b71dbfbb304b041fc1914f424302d046cd463d8cf325a717,1,singleton_no_enforced_relationship
dataset/train/Algal leaf spot/2025_12_21_IMG (36).JPG,2025_12_21_IMG (36).JPG,Algal leaf spot,train,source_9ce2dcab4750e3d747660aa8568ec55abbdeb3afcbf7194b3da1058a7bf28c33,test,b43be325a657ab8c7bd348ce6effbd4219f3e562ed234b4f4d65d66b6306a712,1,singleton_no_enforced_relationship
dataset/train/Algal leaf spot/2025_12_21_IMG (37).JPG,2025_12_21_IMG (37).JPG,Algal leaf spot,train,source_f97fe91cfe5bfd9715c15cea07cd3a80cbef50a1f81f13985b48f1672476df85,train,badab2636266775539d6b7d7e9530949f9d690124455ae54c944f496b23c1cf5,1,singleton_no_enforced_relationship
dataset/train/Algal leaf spot/2025_12_21_IMG (38).JPG,2025_12_21_IMG (38).JPG,Algal leaf spot,train,source_1ab4e86b5d8d3a03076d90d641d6137a2dea2d06cbed69faca5c3d1abb8fb0a3,train,5d8aad79b5d7e8b6566bd19957ba83481e17707610305f223e4ab363bad6763a,1,singleton_no_enforced_relationship
dataset/train/Algal leaf spot/2025_12_21_IMG (39).JPG,2025_12_21_IMG (39).JPG,Algal leaf spot,train,source_c5662984c26e339d6ecd840694c9367280787362f46a6e6344beb7555e25eb47,train,90a92fdf2b8a84710a5f04c99f1ea1585309ac513c784779992ba03484cc4fd7,1,singleton_no_enforced_relationship
dataset/train/Algal leaf spot/2025_12_21_IMG (4).JPG,2025_12_21_IMG (4).JPG,Algal leaf spot,train,source_0d18fa6861c2e2c5e7802fe6d2fc19efddf7504709d62f99c5d15065a0b12633,train,b6ace772da02d21ebd9e8e237ecc517c1a3b5041d8e5bd37e548628d3459601f,1,singleton_no_enforced_relationship
dataset/train/Algal leaf spot/2025_12_21_IMG (40).JPG,2025_12_21_IMG (40).JPG,Algal leaf spot,train,source_4a9e6e330f2b434fa2fcf2fb818754b50377f290575741a6dc8c1439244ae5d8,test,8b56f3359dae0cb0b73542331110cdf0dca3aeecbbbe6e2b759ff71d61604515,1,singleton_no_enforced_relationship
dataset/train/Algal leaf spot/2025_12_21_IMG (41).JPG,2025_12_21_IMG (41).JPG,Algal leaf spot,train,source_2abd1899070b51faabbe958b3ce060c241c138eb7d6cd96a96d64ca82c7aabfa,train,bacedf460276d9e8b51a13d2f229a436318ff63ae17415792eaebe3dede88934,1,singleton_no_enforced_relationship
dataset/train/Algal leaf spot/2025_12_21_IMG (42).JPG,2025_12_21_IMG (42).JPG,Algal leaf spot,train,source_f17f7d36070932e04c9524b1945886b59f61fdf05b522eccb8b2dfd8dca47aa2,train,8cbf99066a4bedc23bf4ee6072d362287fd8345c1dfdd3ef766443a2216776ff,1,singleton_no_enforced_relationship
dataset/train/Algal leaf spot/2025_12_21_IMG (43).JPG,2025_12_21_IMG (43).JPG,Algal leaf spot,train,source_24421d7de8c16b126ca4d9a8b933e4479cd7e0ca98e1c00a4c94ba77572dc82e,train,dd1daa640c8b21cd064780b870faccccce3c0be02c14a547c0c8053b96b77f8b,1,singleton_no_enforced_relationship
dataset/train/Algal leaf spot/2025_12_21_IMG (45).JPG,2025_12_21_IMG (45).JPG,Algal leaf spot,train,source_a7b701e51296208f976daae60b839dfdb1f1a9887a74f40d0ed7817a379b958d,train,29ae06bb78a3897f5dd27f227d44a86fc981787d8fc159a4b121bb90adf93f75,1,singleton_no_enforced_relationship
dataset/train/Algal leaf spot/2025_12_21_IMG (46).JPG,2025_12_21_IMG (46).JPG,Algal leaf spot,train,source_2af0a225bcb55624ec0764cd302d50c5fa42fbeac2fe9084066b66ee272f56fb,test,d98e238f0385375200b2559b102ac3b425c2302f8cf13322dfc19fe2ff955c71,2,human_SAME_SOURCE
dataset/train/Algal leaf spot/2025_12_21_IMG (48).JPG,2025_12_21_IMG (48).JPG,Algal leaf spot,train,source_0b8ed61288252eb9c3c93fd3aee56fa37102d33fe80f635b063affdfeb32d15b,train,eccf32c380d1f3c8a35ea6e0142708dc3c0774a544e8c1d9c4a7d1b8721effae,1,singleton_no_enforced_relationship
dataset/train/Algal leaf spot/2025_12_21_IMG (49).JPG,2025_12_21_IMG (49).JPG,Algal leaf spot,train,source_d1db7fdf3bf11f2dbff66ae51e7a94f2f43bb2a550b152ee778dacb1c6da0beb,test,fec51b24eb98a734478cc63c11d49bcf0f248cdc0439ed84715b6edd21e0265b,1,singleton_no_enforced_relationship
dataset/train/Algal leaf spot/2025_12_21_IMG (5).JPG,2025_12_21_IMG (5).JPG,Algal leaf spot,train,source_dd0690f3ef19df880d386caddf8eb829ea32f182d254f4610cfa350c1bdfd130,val,381a0a90a894fe351c494ee588b04a3712d39726538beee3fefcf46dc2165953,1,singleton_no_enforced_relationship
dataset/train/Algal leaf spot/2025_12_21_IMG (50).JPG,2025_12_21_IMG (50).JPG,Algal leaf spot,train,source_c7d8401e6937d7119704fe0a03aa2b218ca7749e4fb4f77f4c478a20157cd74d,train,edfb665b7a24671009b059801f338187c47f64f192dd94ca29420656db3e9b7a,1,singleton_no_enforced_relationship
dataset/train/Algal leaf spot/2025_12_21_IMG (51).JPG,2025_12_21_IMG (51).JPG,Algal leaf spot,train,source_ac5205996043ae640bf956529f1eb734c50e486afb53b78b066c4a4f7f5aa4d0,train,2c8a25f2b1e3b7089a3d4f3d7fdce5e937d01b07fd035715114d89e826ddaa0d,1,singleton_no_enforced_relationship
dataset/train/Algal leaf spot/2025_12_21_IMG (53).JPG,2025_12_21_IMG (53).JPG,Algal leaf spot,train,source_7c905cefb265490f15910c3a1faadb32ed49f83ca258a1d7ec6b586415125eac,train,a4ec75b6850609aa876e3a913625fe85b44a63f72f0f12638446cb9546d36065,1,singleton_no_enforced_relationship
dataset/train/Algal leaf spot/2025_12_21_IMG (55).JPG,2025_12_21_IMG (55).JPG,Algal leaf spot,train,source_b106c34322dc1ef767730bdb1d3be7edfc88d10f472602d5d95f47e13b930cfe,test,3daf9ef6497b8b3e8355f1ec2a4c0450769ec31e8e88d05e0c7fdb65c7c02c7a,1,singleton_no_enforced_relationship
dataset/train/Algal leaf spot/2025_12_21_IMG (56).JPG,2025_12_21_IMG (56).JPG,Algal leaf spot,train,source_be6548b70e796a19637c09a486ed287295cc912afc879ac04b042c1bc72e5ce6,val,905bf30b681be11b8a5abcbc3f5dd18f0ad7b26a324a1cf5bfc809f80850a529,1,singleton_no_enforced_relationship
dataset/train/Algal leaf spot/2025_12_21_IMG (57).JPG,2025_12_21_IMG (57).JPG,Algal leaf spot,train,source_1dcbe449c968dd8d763e2ad41d3d3c36edf5ae62dbb934a63ae9cd28ae4ffaa7,train,221acf9f8047cc00299ed65768f0ff17e6b923e23e4d846d518130baeffdaa0b,1,singleton_no_enforced_relationship
dataset/train/Algal leaf spot/2025_12_21_IMG (58).JPG,2025_12_21_IMG (58).JPG,Algal leaf spot,train,source_d0ab330c1918c812dec64be22e97952afdea2f0eb5befa6b383c9fbade883379,train,2a2d61168d39ff6495196d99a10f771801126452f80eb2987c6de82a4c5365c9,1,singleton_no_enforced_relationship
dataset/train/Algal leaf spot/2025_12_21_IMG (59).JPG,2025_12_21_IMG (59).JPG,Algal leaf spot,train,source_2bee1f471d7e9a62c90545c56b64ce08276c9f41ed33ce9ab1c61ea857c22407,train,e35316c736e9e4d86e7c4b1e3e4b187dfd3d7d251a30943d879f115cba08be3f,1,singleton_no_enforced_relationship
dataset/train/Algal leaf spot/2025_12_21_IMG (60).JPG,2025_12_21_IMG (60).JPG,Algal leaf spot,train,source_afa93858328d0f24389955e5eba1bcee877c378a027ba58f595463a758336123,train,8a393be1609b3af39d2a4d88ad60a0afe50a726e21ec436e2e0a0e97126e79f3,1,singleton_no_enforced_relationship
dataset/train/Algal leaf spot/2025_12_21_IMG (61).JPG,2025_12_21_IMG (61).JPG,Algal leaf spot,train,source_66aba892425bad33fd6ae3d0bbd0c56e307d9fc969c14707db3c107c6f7d6e81,train,e1d661229d7b7ca495abba561db8fbdb6281bcdb533238c0457c09d030ea3173,1,singleton_no_enforced_relationship
dataset/train/Algal leaf spot/2025_12_21_IMG (62).JPG,2025_12_21_IMG (62).JPG,Algal leaf spot,train,source_978e18103f6dad007559b44c8230319815a8ce9709343690a3580a23d07b749b,train,d6c3c2bd1d22dfe06119e69154e436c4a9637117c473ad01f3077e1c12071342,1,singleton_no_enforced_relationship
dataset/train/Algal leaf spot/2025_12_21_IMG (63).JPG,2025_12_21_IMG (63).JPG,Algal leaf spot,train,source_a829b65115fddb8c8eeb884e6d7ad89e386d18adf9ebcfd14db347f0ab1116ea,test,9cf1983e54c9bdd8fbc25f3b3f44bda07000208e54ab345e98f962dea1274de8,1,singleton_no_enforced_relationship
dataset/train/Algal leaf spot/2025_12_21_IMG (64).JPG,2025_12_21_IMG (64).JPG,Algal leaf spot,train,source_675202a2b04c4c26f3813e56f6c12096b0f3aeb661e5e1ceab978d38a5c849ce,train,4e74ff90f5fdf52422b24bcc642060947daae40b0f17f6e3e0d88e2e4c89d5bf,1,singleton_no_enforced_relationship
dataset/train/Algal leaf spot/2025_12_21_IMG (66).JPG,2025_12_21_IMG (66).JPG,Algal leaf spot,train,source_e7de124b4085372f18e437ac3daf5ab93f25985feeeaa09e36218c13cc4bab20,test,f10db19f737e4c7d98d31a186e35cd30dfdf914a6ce1d1c4bc2619a052738c37,1,singleton_no_enforced_relationship
dataset/train/Algal leaf spot/2025_12_21_IMG (67).JPG,2025_12_21_IMG (67).JPG,Algal leaf spot,train,source_36f6206565b463b93bcf52d4d96b793295285d9ebb022a9998297ee304e32b87,val,78c7b20d941dd9732dbb4f15a0f598c7302a28316535a5b0d6b6c6f6a762e9d1,1,singleton_no_enforced_relationship
dataset/train/Algal leaf spot/2025_12_21_IMG (69).JPG,2025_12_21_IMG (69).JPG,Algal leaf spot,train,source_b4afa0b64477f9ddb78ad05d2523e9991b2f13e95ac71fe43a943412087b148e,train,4aa65e6892cfb736373b1e51816ed8ea92cac90944a7ebae21bec5667de4a642,1,singleton_no_enforced_relationship
dataset/train/Algal leaf spot/2025_12_21_IMG (7).JPG,2025_12_21_IMG (7).JPG,Algal leaf spot,train,source_b4e4373c6fbc60ed4ae8cba900fa90ca4582fa6fb6e91f44583213ea403e40f0,val,825d7aa644e1e395c925f3613db9ce75215776501bafa347865be50dc8de94ee,1,singleton_no_enforced_relationship
dataset/train/Algal leaf spot/2025_12_21_IMG (70).JPG,2025_12_21_IMG (70).JPG,Algal leaf spot,train,source_8439e207c414e9ba18b1f63201d915b1629d05b929ba7ccb4cf22db3e9933aee,test,ccc7a1fbd7202b581bcaa6c3f8652b3137516016d6d9a23935879c54fb1986df,1,singleton_no_enforced_relationship
dataset/train/Algal leaf spot/2025_12_21_IMG (72).JPG,2025_12_21_IMG (72).JPG,Algal leaf spot,train,source_4cbf37b282c62cdbfba957e0f641e8e4f2410c7024037d604879a88d24f8f8e8,train,88d124539206b3eb20c549d8b19b33252d51e28ee0a09b169dbb08c5c8ea8293,1,singleton_no_enforced_relationship
dataset/train/Algal leaf spot/2025_12_21_IMG (75).JPG,2025_12_21_IMG (75).JPG,Algal leaf spot,train,source_fe87d7f2cde8aa00c6bd6afe3a979d47ae0b4af755e918365488ad0536de557f,test,dee120eb20e48916d8d26a29e03ff5dd206c8d3c03dc5c1435908b6327cd2d31,1,singleton_no_enforced_relationship
dataset/train/Algal leaf spot/2025_12_21_IMG (76).JPG,2025_12_21_IMG (76).JPG,Algal leaf spot,train,source_30b8cdd05c0ea1d59a53199501cb3e069096c39d7f8eb677fc980cd80c3be58e,train,125bca07014ea39655cb4d578f86cf8ded25db5b4232832e7ee174b624a06789,1,singleton_no_enforced_relationship
dataset/train/Algal leaf spot/2025_12_21_IMG (77).JPG,2025_12_21_IMG (77).JPG,Algal leaf spot,train,source_23f96360817d83b35c763b83c926f40f8f97824a0617f236c02588eb1d6f6761,test,35466c507d8883f7fbfe3cfd487a9d1e686cb6cc52eeb8c640b1ed229265f762,1,singleton_no_enforced_relationship
dataset/train/Algal leaf spot/2025_12_21_IMG (8).JPG,2025_12_21_IMG (8).JPG,Algal leaf spot,train,source_afd05871de98e391ad37a01e954cc93dfb04abb9ef816f378eb41f96e593246c,test,142b02953c342be654a4d84f8e3ee97155c073cd909de7119318179639a5753a,1,singleton_no_enforced_relationship
dataset/train/Algal leaf spot/2025_12_21_IMG (80).JPG,2025_12_21_IMG (80).JPG,Algal leaf spot,train,source_1a4853ca23f0eda962d76307d7199e1c982c597dfb75593bf2c9a104f844e0d1,val,e5e9bb7e00efa7178071b7c63110a5ee1f70848792de8713edae187587690b83,1,singleton_no_enforced_relationship
dataset/train/Algal leaf spot/2025_12_21_IMG (81).JPG,2025_12_21_IMG (81).JPG,Algal leaf spot,train,source_31ec70343e193380147e2cf906b6889bc977b596669944d0ddd0b5877cb52420,val,35a0cecbfc5a0e478db8fa17b722915517bdcc029ad990475524f7dc2fb5d2f6,1,singleton_no_enforced_relationship
dataset/train/Algal leaf spot/2025_12_21_IMG (82).JPG,2025_12_21_IMG (82).JPG,Algal leaf spot,train,source_f1cda6b7cc7ebedaa3e0fff66db3dd133ec2c02d8bfef57cd286a68e8cc1f7b6,test,c8aedff3504feec20e49ed8b03852f03899498644c0b0a5e7a2d318b3291c003,1,singleton_no_enforced_relationship
dataset/train/Algal leaf spot/2025_12_21_IMG (83).JPG,2025_12_21_IMG (83).JPG,Algal leaf spot,train,source_7d6a97f133365eadb5e5eedaf15c640ba35b30996aab2d8cd9d3321b7fe5a14f,train,7621138cdb1426bf495844ac176dc57b6e160cc518c54ddd0380bc3bcbf87a2e,1,singleton_no_enforced_relationship
dataset/train/Algal leaf spot/2025_12_21_IMG (84).JPG,2025_12_21_IMG (84).JPG,Algal leaf spot,train,source_872365bbaf52b88ce9ddbdccfdcbffd297ef2affdd0564ec3ed4538daa4e16ea,train,0c51570d80432e4163c824d187c646709a6e00e8f5ac86445509a5eeb4e82f04,1,singleton_no_enforced_relationship
dataset/train/Algal leaf spot/2025_12_21_IMG (85).JPG,2025_12_21_IMG (85).JPG,Algal leaf spot,train,source_538fdff3f8bd8ee97a0ae44bae8e1fb806de3a9ad19a6a7e9db7730d8af38e9c,train,66bfcd12f2011c515f54fc0d8a24f554738ffec232cfe2ebd1c94f59a7fbf02b,1,singleton_no_enforced_relationship
dataset/train/Algal leaf spot/2025_12_21_IMG (87).JPG,2025_12_21_IMG (87).JPG,Algal leaf spot,train,source_4654b8db76b947f20fd3f64fa38ab198eb5b8b340e2aade97273dfef77db1489,train,ebc688a0d1449f410c06014b214e50f1b8701dbcff88d7474b5064643b7c846d,1,singleton_no_enforced_relationship
dataset/train/Algal leaf spot/2025_12_21_IMG (89).JPG,2025_12_21_IMG (89).JPG,Algal leaf spot,train,source_6530e669b0fa081474240ed32c48dde7c3c1a49bce0a59124418ac6ffa394012,train,cea5cb55eb539bb68bdb8a333e87dfdf7f8c1e11fcc745e77d6101505232d67d,1,singleton_no_enforced_relationship
dataset/train/Algal leaf spot/2025_12_21_IMG (9).JPG,2025_12_21_IMG (9).JPG,Algal leaf spot,train,source_281b49303fcd5ca7b07116e65d98aaba0ce3653e59f2e1863c9c6cbd19333fe6,train,3d6bb341ccc703d4ad6e1f80a5da7d207fc3f8f4fab7af78b33fc9b6044e9067,1,singleton_no_enforced_relationship
dataset/train/Algal leaf spot/2025_12_21_IMG (91).JPG,2025_12_21_IMG (91).JPG,Algal leaf spot,train,source_e179d0d5872b60f340bc09dc7879aac2914b2a5f487c7bf9179345a1693b710a,train,297ed7ceeae14bc9d5fec3f663b3749326e836081d20438c177b5429353ae817,1,singleton_no_enforced_relationship
dataset/train/Algal leaf spot/2025_12_21_IMG (95).JPG,2025_12_21_IMG (95).JPG,Algal leaf spot,train,source_aba812bb1bcb7d2021f0d01a8ad8c2b9ea18f594bb60fafe5eff080f7cb84de7,val,9a0ed174a82c354748598096108d18301d3b1305e25cc511ad2f4f971b20f363,1,singleton_no_enforced_relationship
dataset/train/Algal leaf spot/2025_12_21_IMG (96).JPG,2025_12_21_IMG (96).JPG,Algal leaf spot,train,source_5188b7c8b2cd264222ca0325c12144e3b0182595ad0818500f8d76f4c5b2d598,test,8d938fd089aa43b231b48a09909628cb12cf3e205e47f7d85d070c17aca2b713,1,singleton_no_enforced_relationship
dataset/train/Algal leaf spot/2025_12_21_IMG (97).JPG,2025_12_21_IMG (97).JPG,Algal leaf spot,train,source_b60506d576f4972233e0609459d053470e66182788aed8f581d34f0bb292ecc0,train,358e7dea13fec20bc37ebb20f2ae31de650be44461ec2039e82ff29490760eaf,1,singleton_no_enforced_relationship
dataset/train/Algal leaf spot/2025_12_21_IMG (98).JPG,2025_12_21_IMG (98).JPG,Algal leaf spot,train,source_f34a689ebc2e855bc6485ccc3aaacefce7e39ebc2ee3c814c566457dcfb5e615,train,1c8b5781a0d5500246245453144515059080f85d0e37d15ed9c81f09292d5ae0,1,singleton_no_enforced_relationship
dataset/train/Algal leaf spot/2025_12_21_IMG (99).JPG,2025_12_21_IMG (99).JPG,Algal leaf spot,train,source_46ae1ea2e1980d00f78c006924905651a0bc79cdb6a28418fa7b9d14bb725636,train,d25a407ea656f5b4b5b2f44ed1ec9cb32d8e15160dc49421cbc6c7d6403989c4,1,singleton_no_enforced_relationship
dataset/train/Black spot/2025_12_20_IMG (1).JPG,2025_12_20_IMG (1).JPG,Black spot,train,source_45a7f4ca645b369e3b93afdee5944465e51811b3c2a226134ffefa795b2aac4e,test,60866d6a92db8540ff97951be0041d3298bbea33babdc7086f7878a92d80c905,1,singleton_no_enforced_relationship
dataset/train/Black spot/2025_12_20_IMG (10).JPG,2025_12_20_IMG (10).JPG,Black spot,train,source_91b182e118d66153227698e423d98970eb93fd8791b804d5428dc960d8369d5a,train,d91e33d916af7e4ba9cf2b55999754b38187aa742974bbd136c92f19da5aa0a1,1,singleton_no_enforced_relationship
dataset/train/Black spot/2025_12_20_IMG (100).JPG,2025_12_20_IMG (100).JPG,Black spot,train,source_a7a8301d2f5cc7e7a55d9f8cfc3042082be4b7bbb9a907661b10e70d0e3119de,train,30a0c8894b8d54ebb5315c904c7ccfb74e8988378ea004853a3a27f8fde3e140,1,singleton_no_enforced_relationship
dataset/train/Black spot/2025_12_20_IMG (102).JPG,2025_12_20_IMG (102).JPG,Black spot,train,source_b2626ad022772761b1adbbc9b59705fe65b0c750392c67016a584b868c052f11,train,e30f7fadf2fac799b769377a48bbaeaeba488f12f26593b6149bceeba27c8d5a,1,singleton_no_enforced_relationship
dataset/train/Black spot/2025_12_20_IMG (103).JPG,2025_12_20_IMG (103).JPG,Black spot,train,source_797d228b5ec517f2a64a46df07b1ab1d6fc701892e53ce96265afc4146057fed,train,17f20dc4296acec2f9a06c1d5406299fd4498a81ef65a6a87545947935b2c875,1,singleton_no_enforced_relationship
dataset/train/Black spot/2025_12_20_IMG (104).JPG,2025_12_20_IMG (104).JPG,Black spot,train,source_106dec260e36c88a201c9d602027f7fc5cae8b1d3bed208d496aeb48e14ed0f9,train,587399646e23463645f478512f888d7cec9e61ee9d0b4e70f2d51e65af88ecc3,1,singleton_no_enforced_relationship
dataset/train/Black spot/2025_12_20_IMG (105).JPG,2025_12_20_IMG (105).JPG,Black spot,train,source_8f8335685cf110283f02477aa03eae9146b6b9fecd5a3224bb8b0cfd2856d243,test,a24ac35114c6210f0f112595d4086adfd82fe38b0679dfb9503eba70b4f22c6f,1,singleton_no_enforced_relationship
dataset/train/Black spot/2025_12_20_IMG (107).JPG,2025_12_20_IMG (107).JPG,Black spot,train,source_db5c93dde42eb79625a4d60db9aef4db52f9787fbd6044f7100ceb777df37c5e,train,eebe1616b71bc0e543ea984b59cd4158a47a72b485b973e910d66344a00a2925,1,singleton_no_enforced_relationship
dataset/train/Black spot/2025_12_20_IMG (108).JPG,2025_12_20_IMG (108).JPG,Black spot,train,source_cffddad7c67afe414a77aeee55d29e3199c3063a41df6347f4f59821b418faa6,train,3e405738ea7627d6957fa8d17babf5f092092b71612a8a540532e93f93535e55,1,singleton_no_enforced_relationship
dataset/train/Black spot/2025_12_20_IMG (109).JPG,2025_12_20_IMG (109).JPG,Black spot,train,source_2ce15b158525080390e8d5a4d0189504a05beda87af35523d825481d6e8cfd7d,train,2cbc4bc6f7718a78aa20d9688b3ed2a6a9e5b24cb313f471525451da1b2cc5a6,1,singleton_no_enforced_relationship
dataset/train/Black spot/2025_12_20_IMG (114).JPG,2025_12_20_IMG (114).JPG,Black spot,train,source_122b82da8d24cfb6a4f609daf1744a0ac3efcee08debb4e1b64a1cad283bde43,train,19671a840c3322b3c94cf5c7c2476e79e098ceffec12b7d6225ef5502a545e54,2,AB_pair_evidence;existing_AB_cluster;existing_AB_manifest
dataset/train/Black spot/2025_12_20_IMG (115).JPG,2025_12_20_IMG (115).JPG,Black spot,train,source_122b82da8d24cfb6a4f609daf1744a0ac3efcee08debb4e1b64a1cad283bde43,train,bc366d373e7780a1e89d9bfc005b64241ffa1e67985a14768689545ea1f6afa0,2,AB_pair_evidence;existing_AB_cluster;existing_AB_manifest
dataset/train/Black spot/2025_12_20_IMG (116).JPG,2025_12_20_IMG (116).JPG,Black spot,train,source_1fe9377d31931d892aa66fd66f4a6577c982b9d67dc4946d7fd463e85007be02,train,f301f4d4077b112feb3454d82c2dccfc6bf03599b7da10f6012f80bea5b0ad98,1,singleton_no_enforced_relationship
dataset/train/Black spot/2025_12_20_IMG (117).JPG,2025_12_20_IMG (117).JPG,Black spot,train,source_4cf47168dadb76c7e12909e21402a969bf3f234db7b238d6ceb341257c73a4ed,train,ff2b52cdd1e1c7f67645b05771e5c1d5b59a752f772cb4d9894223bd12ba90bb,1,singleton_no_enforced_relationship
dataset/train/Black spot/2025_12_20_IMG (118).JPG,2025_12_20_IMG (118).JPG,Black spot,train,source_7849f8c326c2485eca169aba132bd3c005e0bdd748e98c05643c55e9e9fade00,test,1d53fc16cf6836ec730bebf8e18ca2dd7d1befb36025dba2961c63b507fa7e03,1,singleton_no_enforced_relationship
dataset/train/Black spot/2025_12_20_IMG (120).JPG,2025_12_20_IMG (120).JPG,Black spot,train,source_65d4170763916ec35d0cb08c7b96f72247202b98f203ee157000113eb9060feb,train,b227df6499c846e581e20008e4559cdb23a10dabff2c888a279d1150b4dd7a37,1,singleton_no_enforced_relationship
dataset/train/Black spot/2025_12_20_IMG (121).JPG,2025_12_20_IMG (121).JPG,Black spot,train,source_5866406696bca1ab947a28f0d1b29c9d9e9f87192b8bc194562ef8117ccc3803,test,c8742438dfc1bb83df43ce9b4380f5ff2cb6230db5761a31eeeef5b9e06d8432,1,singleton_no_enforced_relationship
dataset/train/Black spot/2025_12_20_IMG (122).JPG,2025_12_20_IMG (122).JPG,Black spot,train,source_17375746c62c312aca5d7ac5ebb37ff679fb45008e9ed946f0a4ff77e2e8049a,train,3b6eb65110812e3f2e710472f49727358a9168cdafc57d7fd7ada730469ce9cc,1,singleton_no_enforced_relationship
dataset/train/Black spot/2025_12_20_IMG (123).JPG,2025_12_20_IMG (123).JPG,Black spot,train,source_ba6a38d731dbda95d7b88fb904b014b97bb08a2db721850ba3bcfe4744cc7f0b,val,5dea4d4b7371716f1416ff84046d426e5380aba31ae4fe80851a9d5b92795f83,1,singleton_no_enforced_relationship
dataset/train/Black spot/2025_12_20_IMG (124).JPG,2025_12_20_IMG (124).JPG,Black spot,train,source_e22338ba4dc70ace1500f215e923ee53af846a90d1deae802a5dedbd237afc5e,train,6b4bb280a78c82ad22a0615762db1882566e680c728f5bd48039921afd737e15,1,singleton_no_enforced_relationship
dataset/train/Black spot/2025_12_20_IMG (125).JPG,2025_12_20_IMG (125).JPG,Black spot,train,source_bbe10c86740ec7c18384b075261f88db8abc46430684b88dcb65319cb24915c9,train,6d73979430f933e51f4e5abcba04d90343a2a873893bae4de2cdb8a6a66c1a03,1,singleton_no_enforced_relationship
dataset/train/Black spot/2025_12_20_IMG (126).JPG,2025_12_20_IMG (126).JPG,Black spot,train,source_4c8c3c12dca4cc6292a88454b3845f0f17c6f9242b0177501adc3530b132491f,val,a78de55aa35649037b972b2ce416689eadabb920f88c11da562342da9e0e94a3,1,singleton_no_enforced_relationship
dataset/train/Black spot/2025_12_20_IMG (127).JPG,2025_12_20_IMG (127).JPG,Black spot,train,source_8dcf42cf476b38ea49f5b4e8ac73670c726d92ce69ac047f06802284fc332b5c,train,3775cbf4cb0f42aa810bfd8ba3463aaeae1a4175ee84cbf0e801272a9a497194,1,singleton_no_enforced_relationship
dataset/train/Black spot/2025_12_20_IMG (128).JPG,2025_12_20_IMG (128).JPG,Black spot,train,source_7c8a6eaea8b399cf5f44623693d78d1097fbf653ecf9ea9373ad62768b48beee,val,cceb88a2661baea86bf226f91ec51f279d109abf632e2592881399e5f96e900f,1,singleton_no_enforced_relationship
dataset/train/Black spot/2025_12_20_IMG (129).JPG,2025_12_20_IMG (129).JPG,Black spot,train,source_5af54ffd9fcda82d70483b66679eccc92f32a1ee726701943ed36af3ea81607d,val,48a5abc6fbdf7525c210950c10c1e7cbf53bf3a4a4d7cf9220053e99cb4179a3,1,singleton_no_enforced_relationship
dataset/train/Black spot/2025_12_20_IMG (13).JPG,2025_12_20_IMG (13).JPG,Black spot,train,source_65729b94bf1d9423f78a080ecde74edaa90570d2d3debf282e4eb713db266bbe,test,fde84a24f4fe258a48b0344d9da9ccd6ebbb5ab66cae883823e9d36b4a4c2f10,1,singleton_no_enforced_relationship
dataset/train/Black spot/2025_12_20_IMG (132).JPG,2025_12_20_IMG (132).JPG,Black spot,train,source_892b57edcd510068d10f54076533fdfebd0c2064f42169e2ed58e104180a4836,train,d663b3e45e5b93fda4a056c2660493f30468413049bb2b624f10bd9c9043fe86,1,singleton_no_enforced_relationship
dataset/train/Black spot/2025_12_20_IMG (133).JPG,2025_12_20_IMG (133).JPG,Black spot,train,source_566319772de1949bdde212a74b46e2bf05b3ee4869f6f30a2a062f5b13039aa2,train,278643f65b0be2f9d0d940c5f98735e2b014be2280b6422b9ec897a78684b8cd,1,singleton_no_enforced_relationship
dataset/train/Black spot/2025_12_20_IMG (134).JPG,2025_12_20_IMG (134).JPG,Black spot,train,source_b9db2a1710893243811ca6c192d199f42f55dc889d0cebdfde6b6b25d5119917,train,5d3794211779f9d0749b314bde2b825a1d4721914ad0fa5b2ec6a8e6b0c61528,1,singleton_no_enforced_relationship
dataset/train/Black spot/2025_12_20_IMG (136).JPG,2025_12_20_IMG (136).JPG,Black spot,train,source_8a3023d95cfefac8df62614701bdfcc45007f97e6cb56b42455393b679497b62,train,953be9b7dddd72025f2dd6515e70b0e712fa258fd37b8e20d5b79953688ab52e,1,singleton_no_enforced_relationship
dataset/train/Black spot/2025_12_20_IMG (137).JPG,2025_12_20_IMG (137).JPG,Black spot,train,source_76da98a8bb134e4f00f7ed9773042a1c4c7ada45176cf87b72e315305afabc21,train,118c405f2d80cbb52ad8be50ea84c1a5cdd5c0354e59997b073c332b0a0d4fee,1,singleton_no_enforced_relationship
dataset/train/Black spot/2025_12_20_IMG (138).JPG,2025_12_20_IMG (138).JPG,Black spot,train,source_e2e624124fe911f6613be2f789678f448dc9b11683702492581f3b4e61867dae,train,bcd4b392aaad271143f1c3bee69ae8b6584a2fabf97ce2132313c410e3c9e39b,1,singleton_no_enforced_relationship
dataset/train/Black spot/2025_12_20_IMG (14).JPG,2025_12_20_IMG (14).JPG,Black spot,train,source_41152052ae8c4af86adb2cda2771861ac1f3c5ea071a7121cc93b83233b297c4,train,8d0ff8ec5b34abb5b48e8ecc837ff2cd53b02dc81e94ffb9ba018da2abc8ab7a,1,singleton_no_enforced_relationship
dataset/train/Black spot/2025_12_20_IMG (140).JPG,2025_12_20_IMG (140).JPG,Black spot,train,source_6d4597c94038f89714583c2860e05908e04e1ad20f7698df7e3eee03954ae36b,test,e19cee0308f7722d2a11c8cdb766b5f2f89ae10d9d0ab3b4cde180c41e436934,1,singleton_no_enforced_relationship
dataset/train/Black spot/2025_12_20_IMG (142).JPG,2025_12_20_IMG (142).JPG,Black spot,train,source_e2f1b30fb7cb7109169102de6b65823e7a4d0f3815aceb3718beda48b2fc7892,val,6d7b1c82b1d50a0a52f0db065eabf97d4047cff47f130fc184577d74ae5717ab,1,singleton_no_enforced_relationship
dataset/train/Black spot/2025_12_20_IMG (144).JPG,2025_12_20_IMG (144).JPG,Black spot,train,source_1722bc380bcd2ca5494cc16c23d0a7d4fb85079d762261e17bf2005bca787c9c,val,af5dd8deafc27f0a2fb50c420b79bb0ff569b278097f28d379cc015c3cbb22bb,1,singleton_no_enforced_relationship
dataset/train/Black spot/2025_12_20_IMG (147).JPG,2025_12_20_IMG (147).JPG,Black spot,train,source_c3a6f7f04e2194001856d7ad5fbeb6d2cbc36d05f47b0feb9f9376d8b2e7b788,train,4390601f514c11e1e1a94ee38f526eed8536d9c4f3cc4229206afaac254b8b4b,1,singleton_no_enforced_relationship
dataset/train/Black spot/2025_12_20_IMG (149).JPG,2025_12_20_IMG (149).JPG,Black spot,train,source_a0e96a24b02002a0b87d950de7875293a1f6d812c033213011ec733fce97ba1c,train,b6e18f2ba0a4f908b85472366966ba763f4b9765cfbd17b89db1486f713fc1eb,1,singleton_no_enforced_relationship
dataset/train/Black spot/2025_12_20_IMG (152).JPG,2025_12_20_IMG (152).JPG,Black spot,train,source_524111b5d942efadc7bdba847754770a24fe3c3f378f59ca4d2fa9b55cf788b3,train,3d0a5df244feee3f6280c32fd4933645bad1527443e2b97af842d683f15d1f41,1,singleton_no_enforced_relationship
dataset/train/Black spot/2025_12_20_IMG (153).JPG,2025_12_20_IMG (153).JPG,Black spot,train,source_1d3ef449196aefa9e9255441ab1666a9e866a5837282b0dd223381737abdea5b,train,07f7a9112caa2a0a88b2a162632f3968b532bf67087058b5209f55a0aab79000,1,singleton_no_enforced_relationship
dataset/train/Black spot/2025_12_20_IMG (154).JPG,2025_12_20_IMG (154).JPG,Black spot,train,source_aebb277eddaa2a7c3344795de9f430e525e48fd95151ac222c896293fbdc10e9,test,18c4ee94e95ee80b923abb323b57dc166a37f3beda7995a2b54f88f700a12d85,1,singleton_no_enforced_relationship
dataset/train/Black spot/2025_12_20_IMG (155).JPG,2025_12_20_IMG (155).JPG,Black spot,train,source_295e12a291d1db209e01ad84d3b299f0567944bcc4d45b9d225ddd7f483353c6,test,6456832391150a080abf9e01ff0ffbfadcd13caaabd500498649c2ff76c731bd,1,singleton_no_enforced_relationship
dataset/train/Black spot/2025_12_20_IMG (157).JPG,2025_12_20_IMG (157).JPG,Black spot,train,source_9d9a44ef1c3aff85db8888b454dbbb2c89396a5e46649f6dd548b9268989f1ef,train,6ca9c9e0660b55b618302319922f994a3cccf1e39194cac4814d256172f51ab2,1,singleton_no_enforced_relationship
dataset/train/Black spot/2025_12_20_IMG (158).JPG,2025_12_20_IMG (158).JPG,Black spot,train,source_3004055099ecc73ec46e220630b8f43bb528f61382197677d421b3f8099832de,train,56e75454107f621a06b704a1cdf4e62a2c761fa14ee3b4139c665694aa9dbe65,1,singleton_no_enforced_relationship
dataset/train/Black spot/2025_12_20_IMG (159).JPG,2025_12_20_IMG (159).JPG,Black spot,train,source_5d41dfc72818e97fb5f05062627955fbb7eed4dc04147485c54c0918d85a069d,train,fffd3c6f26a896ef178d0d65fe9b54610bf9559ab6a0ce81a3b9d19741ecf00e,1,singleton_no_enforced_relationship
dataset/train/Black spot/2025_12_20_IMG (16).JPG,2025_12_20_IMG (16).JPG,Black spot,train,source_10ce2bd795ec0c1b6cc0b139364b4f8fe80e79d17d0e3e9566468c2bb8152a26,train,3273906abf05a85dc12026bb2558eee041deb0c7635be2ec2e572affb50cde54,1,singleton_no_enforced_relationship
dataset/train/Black spot/2025_12_20_IMG (161).JPG,2025_12_20_IMG (161).JPG,Black spot,train,source_e0b6958cd7cadf7b8d38fbd6dc6c678a71c581dac2a2398e21694a6ad33821c9,train,a21b65a160055acf5ffa53631c42d3394371472e01b46134168d9f29e671ce45,1,singleton_no_enforced_relationship
dataset/train/Black spot/2025_12_20_IMG (162).JPG,2025_12_20_IMG (162).JPG,Black spot,train,source_5fcb7f6c733d128e8d9303516f646890cd19bd5a569706f2881a54440d8b91e8,train,c042de1d1bbeeee65975d50fc3edf7e60dd78c5582a9bb7076f28205a79af347,1,singleton_no_enforced_relationship
dataset/train/Black spot/2025_12_20_IMG (164).JPG,2025_12_20_IMG (164).JPG,Black spot,train,source_7c19b6f247650f5ed7fd1f46328111d87b2fc7cf27839e36cfe5e2140a1b7243,train,1726747f6bafbd93fa50150ea9bc234c58ec50e81d89b9ca9ad0e9c5ee53046d,1,singleton_no_enforced_relationship
dataset/train/Black spot/2025_12_20_IMG (165).JPG,2025_12_20_IMG (165).JPG,Black spot,train,source_bf622602e744716c28af2d699f7681b249c41ba8ceac446d2dca385351412bc6,train,2b31d6083adaa8efa7ad467db3c67e9de2fdb20e4acaf9e6b4c7977fc6cd15ab,1,singleton_no_enforced_relationship
dataset/train/Black spot/2025_12_20_IMG (166).JPG,2025_12_20_IMG (166).JPG,Black spot,train,source_890ae56017b68955446f06e3c33165c619f04e293de8055ebd19095010402445,val,1fb093b2292cfa71e1a70b781d0bd533f98901a9ca5f9cd97bde11a3321128b0,1,singleton_no_enforced_relationship
dataset/train/Black spot/2025_12_20_IMG (167).JPG,2025_12_20_IMG (167).JPG,Black spot,train,source_a896333703bdad9a240ca940b749eec94b73853c072ece470795776d4d05dd5d,train,328d8155dd565faa08c49261053f8d54c9fbc6353e01beb239cac06e7f61daf8,1,singleton_no_enforced_relationship
dataset/train/Black spot/2025_12_20_IMG (168).JPG,2025_12_20_IMG (168).JPG,Black spot,train,source_907dc601e22b71b08d582e57f3f0d13a00ea42496c97824fd22cf945e3f8f2ae,train,4847bb806ad4dfcf1bf77b758453e30547db9d107c7fef2cd618c532dd6e5a0d,1,singleton_no_enforced_relationship
dataset/train/Black spot/2025_12_20_IMG (169).JPG,2025_12_20_IMG (169).JPG,Black spot,train,source_f27afccecdcb3fcaeefbdf31a7b3643e20c6f04b5ab1979651648c6dfce8e9fa,train,d3a92416335ff618788c336b8d4b209b69fe08a113786bb2ff6ae28eb366348e,1,singleton_no_enforced_relationship
dataset/train/Black spot/2025_12_20_IMG (17).JPG,2025_12_20_IMG (17).JPG,Black spot,train,source_f7fb744c77d006e68d8fda63a1a22df30a408ec6c8e659635cf0b7f96097647a,train,ad725b0ac5e268546b684a867d6c6537985c569489684afd48e4dba7f514b37d,1,singleton_no_enforced_relationship
dataset/train/Black spot/2025_12_20_IMG (173).JPG,2025_12_20_IMG (173).JPG,Black spot,train,source_e6f1016410a9c8a8b9c07b1e4e0843af09435d21ee623e28c55b86cab8b04082,test,9828cfa7f62916027b3bdbc9f93b3d6d9e9948c3a26af4e2e2e9b243f00aa790,1,singleton_no_enforced_relationship
dataset/train/Black spot/2025_12_20_IMG (175).JPG,2025_12_20_IMG (175).JPG,Black spot,train,source_e9ae1e7056a0f580677473af745d9aebb40529fe78fc9f469bde40d24e006dfa,test,10ddca5600ab50f80a03f273028f65dee2f5e2167c02655ff16a164f84655210,1,singleton_no_enforced_relationship
dataset/train/Black spot/2025_12_20_IMG (176).JPG,2025_12_20_IMG (176).JPG,Black spot,train,source_e2cda3d42088f337c8897046ea14813f38723e057b300960c2b4a2913fa0918f,train,dd9632a474db4eec0f89f2e625a36d20dcbbc4783dd5e44e5120263ac8f6f855,1,singleton_no_enforced_relationship
dataset/train/Black spot/2025_12_20_IMG (177).JPG,2025_12_20_IMG (177).JPG,Black spot,train,source_5618698156fa3b9e654b269a4ef5c6bb8e95f7714c41318cb6cd5bdbd469ff28,test,a622781cecaeff14cd9ac75b15ca821215f688a75b6ef89760a3e439669174ae,1,singleton_no_enforced_relationship
dataset/train/Black spot/2025_12_20_IMG (179).JPG,2025_12_20_IMG (179).JPG,Black spot,train,source_1be0fda47cdcf8e840515f56761c4418ca881a1a20119ffbc488ae5c0f0f198e,test,7bcf99176bf48299b66bf5f3a7236f33117f168f5776919d131ef5e75ec67d1a,1,singleton_no_enforced_relationship
dataset/train/Black spot/2025_12_20_IMG (18).JPG,2025_12_20_IMG (18).JPG,Black spot,train,source_ecbaf32d6bb1f18a979d696768d398a96cd0c26cb3c5baa9b46317201e7db916,test,1214f1915e35745c2ac6b0387c3386203c39d78efdb1ab09e4ea97612c452ee9,1,singleton_no_enforced_relationship
dataset/train/Black spot/2025_12_20_IMG (180).JPG,2025_12_20_IMG (180).JPG,Black spot,train,source_0d7766e6ddc2302dc99a5c45fb764819b4935d1e2f115868fd9b2282c27f468f,train,33d7e9a79d8f43b76fd3044fb50517986fa2ac23c1cb2c62a0149404da9fb755,2,AB_pair_evidence;existing_AB_cluster;existing_AB_manifest
dataset/train/Black spot/2025_12_20_IMG (181).JPG,2025_12_20_IMG (181).JPG,Black spot,train,source_0d7766e6ddc2302dc99a5c45fb764819b4935d1e2f115868fd9b2282c27f468f,train,e241344be08bde3d31cca30de5e991aee747a2f1b8c732cd7fc1fbfd303dbf24,2,AB_pair_evidence;existing_AB_cluster;existing_AB_manifest
dataset/train/Black spot/2025_12_20_IMG (182).JPG,2025_12_20_IMG (182).JPG,Black spot,train,source_0e1ccbf7e872ebcfc16f0629523aac1385bbab31bd8836838ae590a578dda952,train,815d58e9c7706503501a8680da1e4ea69fc05bd8a0701837e531c97794bb5f31,1,singleton_no_enforced_relationship
dataset/train/Black spot/2025_12_20_IMG (183).JPG,2025_12_20_IMG (183).JPG,Black spot,train,source_9af7a4a80eb90309c4d5fcf6bb9f8954d231a6a1e54629f6d2cfb011447038e7,train,c6313934fe16ef9e71168567806037e21566ceebc88eeb57eb3601814b7daaba,1,singleton_no_enforced_relationship
dataset/train/Black spot/2025_12_20_IMG (184).JPG,2025_12_20_IMG (184).JPG,Black spot,train,source_3720801f09c425edbea5d0b037e6484ff1bfdfbfecaa395245ebefa1cf8c6738,val,69dd9f56b37531fc6dc90bc05ee7b92b3125f7e5a95ea147189e0593d370ebb7,1,singleton_no_enforced_relationship
dataset/train/Black spot/2025_12_20_IMG (185).JPG,2025_12_20_IMG (185).JPG,Black spot,train,source_1164e5ace7ba716c9515b610eec1dcfcdabd39f1d33666c030b6005b5f382da4,train,0840173f3ce76d2c8728ef9552e2f8ed8c9afe98cece95873fe5583177667389,1,singleton_no_enforced_relationship
dataset/train/Black spot/2025_12_20_IMG (186).JPG,2025_12_20_IMG (186).JPG,Black spot,train,source_933e95aed0cde01233d68b9cd2ec5129a26821ce3dd12d02c9b05cce5dbdc509,val,7406ba449b2c55aa7d3b14e6f3832fe30a995f1dd8c99d5b52e994aa63a1c594,1,singleton_no_enforced_relationship
dataset/train/Black spot/2025_12_20_IMG (187).JPG,2025_12_20_IMG (187).JPG,Black spot,train,source_bc7abb361ff53b14bc45377bd98240cd5afc73a151fc8aad9fad6df5249c1eb5,train,6e5120e46659392997e5b1f08c97fb104c65df8bf810892fb1614b79c76ebd5e,1,singleton_no_enforced_relationship
dataset/train/Black spot/2025_12_20_IMG (189).JPG,2025_12_20_IMG (189).JPG,Black spot,train,source_4a9ab128d4a544a618ebaf1ef1092c4d7d27d868baedc2ed27325f528a660ed8,test,8380bbf5632e61b4ae373910879942fa696933a4a9a1e013561176059de73d17,1,singleton_no_enforced_relationship
dataset/train/Black spot/2025_12_20_IMG (19).JPG,2025_12_20_IMG (19).JPG,Black spot,train,source_2ec3c523f89d41ef94d232eeff566b3bbaa765e5ab1b30483ad0a09939170b56,train,d85b964ae46b7f590fc0154e148abfe306bea5da42a862e2afc2c3d2b0bacb76,1,singleton_no_enforced_relationship
dataset/train/Black spot/2025_12_20_IMG (192).JPG,2025_12_20_IMG (192).JPG,Black spot,train,source_a95ee02190a8abea3927754cbde0ff5f9699d4fd48f9b8ec166e8355476fd669,val,6fc3ec8ec757cd12d1650a44b4a471fd4a046851fd0150b47ee011f78173c47b,1,singleton_no_enforced_relationship
dataset/train/Black spot/2025_12_20_IMG (193).JPG,2025_12_20_IMG (193).JPG,Black spot,train,source_ca11fe73a70dfdb862da91aded9c28ff555a4e5bbcaff0cf23087ee137985510,train,2732608aaaa511f8b2221736d7e31b5210b105ad92b22e3435aa73b013fcf4db,1,singleton_no_enforced_relationship
dataset/train/Black spot/2025_12_20_IMG (194).JPG,2025_12_20_IMG (194).JPG,Black spot,train,source_832c3f274e562a61505a7d21a57f073d32b83368496d2b9ddfa9eae563fcf5c8,train,a454b706790df1fdd69d4fe1cb04865c64af32c9611b7f608c229aa7ac9b2bd5,1,singleton_no_enforced_relationship
dataset/train/Black spot/2025_12_20_IMG (195).JPG,2025_12_20_IMG (195).JPG,Black spot,train,source_bc993d3473a12d7b463c0d9ed9b4a26931b174dd24c759efb7227af1756d0869,train,87ce49e5f72d4e8d06058b384c7ec959d54150f46912c4d2d0346cf78996d7b6,1,singleton_no_enforced_relationship
dataset/train/Black spot/2025_12_20_IMG (197).JPG,2025_12_20_IMG (197).JPG,Black spot,train,source_0f7a9126e5fe75ae94edd378218dee1854a3ca662afc86aa11a5d37b1e354e17,val,34630692cea07c4f998ad40c279810eae54698ca703595405f4323ed5dd7a873,1,singleton_no_enforced_relationship
dataset/train/Black spot/2025_12_20_IMG (198).JPG,2025_12_20_IMG (198).JPG,Black spot,train,source_1d708eb476da9c31f58a137d582244152cb7470c4b1fc2aa648566795ee9fc5e,val,701a3c16bfa2e7ae450f6d331f8c829f71fd93e108fe2a5deadeb016b845b226,1,singleton_no_enforced_relationship
dataset/train/Black spot/2025_12_20_IMG (200).JPG,2025_12_20_IMG (200).JPG,Black spot,train,source_931e78eda45e5bebd7aa7de6afb29f982a61dd6e6d25460e4fd940cd283111ce,train,2703b9ce1b13a1ea0fd132d8bd182c7fa6fb4dcba44681557599fc2ae7001dbd,1,singleton_no_enforced_relationship
dataset/train/Black spot/2025_12_20_IMG (202).JPG,2025_12_20_IMG (202).JPG,Black spot,train,source_4ac8fc8e62ced080e5ebe21ea2a1cce9c816630df3554a22b0dd0c89786ec9bc,train,ee890acc8636e710ddff67883202a9af4387bc8124d316f64b22e7c3e91ae66d,1,singleton_no_enforced_relationship
dataset/train/Black spot/2025_12_20_IMG (204).JPG,2025_12_20_IMG (204).JPG,Black spot,train,source_2db3720f18a9c6ecc69b5bd4241d2a8342346186846308050019953553505da1,test,76107aa48e9dc9c91c6e870809079ef0c43a1224e8ac631fff3299ee56796bcf,1,singleton_no_enforced_relationship
dataset/train/Black spot/2025_12_20_IMG (205).JPG,2025_12_20_IMG (205).JPG,Black spot,train,source_867b8d3e7bb5dee600f5a2bf18db612c54e439ff0764d8f4be7ce071b8537684,train,fb4c3718ef7c2276d81af864a16141858c6bf3ae482e4a548bf369a56d365d69,1,singleton_no_enforced_relationship
dataset/train/Black spot/2025_12_20_IMG (207).JPG,2025_12_20_IMG (207).JPG,Black spot,train,source_b7117461f0f8b7ec7f5242464ddabd16b22ba869a7387dee7d2cb4497aa7a637,train,4db18f78e9610e1ae6db373469c32776dc8580fbe5f3a6b2f9d0af094f146701,1,singleton_no_enforced_relationship
dataset/train/Black spot/2025_12_20_IMG (208).JPG,2025_12_20_IMG (208).JPG,Black spot,train,source_c643db0673fc6aa35009e2f00dcb051eb3f454997cd482e35865f4f2dba9c218,val,5b1d648dc4f25174b859a88dc7f3140142bdc2886b919aa9236a6da4a7af6e1c,1,singleton_no_enforced_relationship
dataset/train/Black spot/2025_12_20_IMG (209).JPG,2025_12_20_IMG (209).JPG,Black spot,train,source_1793219394cce4a79a9903e6d32c5fca32e45c45ccc942aac753f5086d37c7be,train,875e76ea656761531a237a4e985329b50a886c85009d6c4c4e88508182e08542,1,singleton_no_enforced_relationship
dataset/train/Black spot/2025_12_20_IMG (21).JPG,2025_12_20_IMG (21).JPG,Black spot,train,source_671d31181434d9c5cf7516b98a2b0cc9501268b18a3f9e1c2c4d1df9bbab0bdb,val,b6de34df42df5656a825b9d0e4eaddfbd3c2edc20ca7c593d2a72cdbd81a5d85,1,singleton_no_enforced_relationship
dataset/train/Black spot/2025_12_20_IMG (210).JPG,2025_12_20_IMG (210).JPG,Black spot,train,source_700082a33bed37b5f09965a14a33fbf0c0f4996fdeb8e7168de5d7e9fc9645a3,train,29c7c80b2e2cc16009aebea75926af4811d0f92440d921a1b1d72afb8b334e84,1,singleton_no_enforced_relationship
dataset/train/Black spot/2025_12_20_IMG (212).JPG,2025_12_20_IMG (212).JPG,Black spot,train,source_2deeec059fef19ac9f5857b729625b3031f16ebbcee3ef5de5cd362cefd95485,test,5c3826a67bbca2f822482d0c8cf396a86d57483fef6dd095e6ed6c234291c5a5,1,singleton_no_enforced_relationship
dataset/train/Black spot/2025_12_20_IMG (213).JPG,2025_12_20_IMG (213).JPG,Black spot,train,source_9e4b5058af45aa1d60e49d1230355dca7d66e4dc79d73a6e8bb2bd467d646d53,train,f4f665bfcc140c0854aa07c9b0be23691743797e3644723baf2f5974de1483fb,1,singleton_no_enforced_relationship
dataset/train/Black spot/2025_12_20_IMG (214).JPG,2025_12_20_IMG (214).JPG,Black spot,train,source_1280e9a7abb34aa9145e4a0a5c2ec32614713fc2142f1bbae2f28e2c5b725ee7,train,6f429376da68350304ff918c2baf2fab50e6f2d4d3e13e065c9ef47a5701f8e8,1,singleton_no_enforced_relationship
dataset/train/Black spot/2025_12_20_IMG (215).JPG,2025_12_20_IMG (215).JPG,Black spot,train,source_045f30cde625008270328a333641900610b155089a9f0fca264b00043f7de914,train,19e6c7160cb1084f8a4233114e79e76e4b5ca9dda275eae16cde0c9333c38c18,1,singleton_no_enforced_relationship
dataset/train/Black spot/2025_12_20_IMG (216).JPG,2025_12_20_IMG (216).JPG,Black spot,train,source_d0c6a2e1b3950e81b8820c6e65d4689c20abb69d7d90c92002d4d728c3c83832,train,f636eed3141450e164b885e9546e317c6110674c70c6b9d7b77156c1169aa303,1,singleton_no_enforced_relationship
dataset/train/Black spot/2025_12_20_IMG (217).JPG,2025_12_20_IMG (217).JPG,Black spot,train,source_3567696852a1a18ca1dcd6158613f3466820c2a69dc9161bd06887400f223c12,train,2bbf606cf16629846883bb342701b74c4395bdc862cd05c6f21ab0692a3ab0c0,1,singleton_no_enforced_relationship
dataset/train/Black spot/2025_12_20_IMG (218).JPG,2025_12_20_IMG (218).JPG,Black spot,train,source_5bf6779776f38738f101d0c87baa991a08f1286562638751cdc53c04c440eea0,train,734cae4c3b20f26da0ae0dfd78f88c7dd7975096b83c2515f378f99a5e2fdd02,1,singleton_no_enforced_relationship
dataset/train/Black spot/2025_12_20_IMG (219).JPG,2025_12_20_IMG (219).JPG,Black spot,train,source_988e1eef59c89e49e7238583af25147787bd3a887df2a79569e463f39f38a2de,test,cff0458c303f1d4baf6dd40bf6423e1652c9ab1fb9b7b3fd3db97fb49eb75b8d,1,singleton_no_enforced_relationship
dataset/train/Black spot/2025_12_20_IMG (22).JPG,2025_12_20_IMG (22).JPG,Black spot,train,source_1d27f2519786fd06bd51edd5a246b6b39413408d2e4c9b9b08784583a4a74665,train,aeb7d0e5fa456db388d038a8a861162be9088468296039b629ba08487f105adc,1,singleton_no_enforced_relationship
dataset/train/Black spot/2025_12_20_IMG (222).JPG,2025_12_20_IMG (222).JPG,Black spot,train,source_fbace02294a29c0f07e8b8b7e12b0ef6ac86a19cec1c9da7f2b9827c70a2710a,train,90d135d58d631ee4a14562624bb4f7f64b9589b7ea31c1e38dd3753b25bfda00,1,singleton_no_enforced_relationship
dataset/train/Black spot/2025_12_20_IMG (224).JPG,2025_12_20_IMG (224).JPG,Black spot,train,source_1b8be5dee93a1945d7f3316690f8b91b355bfdb2c417f35410aa3cfd76036493,train,ec604ef0a26b8bd65a9ee6a7786de62383e5b5d9d0187a69897a2cc765eaf643,1,singleton_no_enforced_relationship
dataset/train/Black spot/2025_12_20_IMG (226).JPG,2025_12_20_IMG (226).JPG,Black spot,train,source_c6e6a37ec76302c01294dbd9843b09829af84df2081e5ef4a8a024cc5acd7ba2,train,0da904619981141da9029d469aa1992422299f10f31ef602cb508dd89f64403b,1,singleton_no_enforced_relationship
dataset/train/Black spot/2025_12_20_IMG (228).JPG,2025_12_20_IMG (228).JPG,Black spot,train,source_813253f10843a900c881258da7903715c10a75e589a27cf75afe42a30fbbc21f,train,d9501f031ca2d24022e49a992e111cb66af835309ba708a9f2c66e9d3103944b,1,singleton_no_enforced_relationship
dataset/train/Black spot/2025_12_20_IMG (229).JPG,2025_12_20_IMG (229).JPG,Black spot,train,source_d5482bceab8dfc38bf265fb5f8c08cba4d56fa6e69e1f9b55ecaaa8dee6d2457,train,43af3944539472859104a0eb561905dd87cb7f24503c035458531299b329d35c,1,singleton_no_enforced_relationship
dataset/train/Black spot/2025_12_20_IMG (230).JPG,2025_12_20_IMG (230).JPG,Black spot,train,source_0f6c4ffeb604ae2b939b22121eda1dd69faa73d823f447c9b56e21e89195891b,test,fbd83f56fa102337d68c1955bbff4c16a0200c9fac0a5395fe5e16f4312cc10f,1,singleton_no_enforced_relationship
dataset/train/Black spot/2025_12_20_IMG (231).JPG,2025_12_20_IMG (231).JPG,Black spot,train,source_6016c46c30ee57165ce945b0590744481f61ac38c354020fb82222557f59217f,train,d27754b5dfc25774988443cfff2f17fc3a8c13a83c3a43588643f4ed61dc89b7,1,singleton_no_enforced_relationship
dataset/train/Black spot/2025_12_20_IMG (233).JPG,2025_12_20_IMG (233).JPG,Black spot,train,source_a5c3fe0f9a5c266d0ebf8591c3e8954f9ac6b70aefd6cde0511f00c795c0fd68,train,284616e103f92ee472bcd00c83c21ac9a1d5613089611a073f8484de5bd83850,1,singleton_no_enforced_relationship
dataset/train/Black spot/2025_12_20_IMG (235).JPG,2025_12_20_IMG (235).JPG,Black spot,train,source_e0839d88fe70f2897aa393a0c18398027cb9bfdae1cf99909efaa90d393c44be,train,24ca8cc22b5b10c77cfa16805594fa0a9361bc73562441668a0a6c4a35f7e0c6,1,singleton_no_enforced_relationship
dataset/train/Black spot/2025_12_20_IMG (236).JPG,2025_12_20_IMG (236).JPG,Black spot,train,source_dd1ff23ec1d6f1b3b0f9b5c6ba54faa298d2d91cab811e4ab7c4b1aeaf6933ec,train,198f795f837601300bf9fd074ffba613abdbf66ae7a0b137c8b88df17aa9dcde,1,singleton_no_enforced_relationship
dataset/train/Black spot/2025_12_20_IMG (237).JPG,2025_12_20_IMG (237).JPG,Black spot,train,source_a45605488197bc578f557e1518779757562e8503db0f85966bd85d035ea4bd39,train,efa28121002b4781043d1dac7e246f99d09972a53aed0154035f61f90dceb465,1,singleton_no_enforced_relationship
dataset/train/Black spot/2025_12_20_IMG (238).JPG,2025_12_20_IMG (238).JPG,Black spot,train,source_8243a8d20844b362d170b6f3a82589ef62caad8c6111066f4ec8a73ec232af36,train,b2b406306ce2ecb3a76c1ec02972f105f76b605f76f5e5f1dcca02a27af21cad,1,singleton_no_enforced_relationship
dataset/train/Black spot/2025_12_20_IMG (239).JPG,2025_12_20_IMG (239).JPG,Black spot,train,source_3fdaefef787dac7d6735021dc89e73a7ea62a798d5789cdf61ef3d11622081ed,test,b31153165b9b291846ced1e968bf0e0a16dafe2d85b9d01210b54206bde372cf,1,singleton_no_enforced_relationship
dataset/train/Black spot/2025_12_20_IMG (24).JPG,2025_12_20_IMG (24).JPG,Black spot,train,source_e2777bc3f1b37e6a3d85544f507b928b7faa70d252c00cee5101f1884a3ba944,test,7a7d683b5fe0402a65d6f81c1fc0a965c86f3bc521d4390e597b84aac7f2b961,1,singleton_no_enforced_relationship
dataset/train/Black spot/2025_12_20_IMG (240).JPG,2025_12_20_IMG (240).JPG,Black spot,train,source_1cd20b961f62419c7bd38734c96eb6c1c237d882c81800b57a7bd05ead0e6d4e,train,c39e78839ddef7bc64145c5310b9ba8fe5c37a4567a254d8982ae91e66939773,1,singleton_no_enforced_relationship
dataset/train/Black spot/2025_12_20_IMG (241).JPG,2025_12_20_IMG (241).JPG,Black spot,train,source_7ac728f99486975da8d5b34070dbada6f8aa6bec03ccb5472b2413b81c39c20a,train,028e3ea86eb632f7b73983a1f7b9ecb4317565253401e36096af2baab80cb743,1,singleton_no_enforced_relationship
dataset/train/Black spot/2025_12_20_IMG (242).JPG,2025_12_20_IMG (242).JPG,Black spot,train,source_165dec3f5ac669e7cbf3738776afc5b3c64e51d62654c6d139e8acf884b54703,val,872c0f84c376840853a18df61df81286080b28bce22640dc3c23c9e9d27a736c,1,singleton_no_enforced_relationship
dataset/train/Black spot/2025_12_20_IMG (243).JPG,2025_12_20_IMG (243).JPG,Black spot,train,source_1df73587c79df1725022479c30524af1996c9e4816c565c73fcbd4e51127db0a,train,e37d29fb8bb810231648f13f7013849714c029cf5a25f191d3386fa4d2addc0f,1,singleton_no_enforced_relationship
dataset/train/Black spot/2025_12_20_IMG (244).JPG,2025_12_20_IMG (244).JPG,Black spot,train,source_1845f27febbcf56e9ad770016810715f7fb96f4cf9f09cfe2fd18d44a4f17645,train,148d0edf2530defdf3e28cc257121bed3095695265bc753a46f597072c44607c,1,singleton_no_enforced_relationship
dataset/train/Black spot/2025_12_20_IMG (245).JPG,2025_12_20_IMG (245).JPG,Black spot,train,source_a0bd70af72301664f7389fcc83a49213e34416f84fa52659e0a1b9fef8e831b8,train,7b98396c73767d374d9a36decb78dc38c8ab233ac90e8fbe57630c33444260a6,1,singleton_no_enforced_relationship
dataset/train/Black spot/2025_12_20_IMG (247).JPG,2025_12_20_IMG (247).JPG,Black spot,train,source_33130e205b4f5ccba77cd8f4313b74a0556f36ce5ea6223bc7c3a18067f2bb61,train,12e3c47296b95340bde5d9a50bfc3be1500a0ee41be8175d554001c571c6dc77,1,singleton_no_enforced_relationship
dataset/train/Black spot/2025_12_20_IMG (248).JPG,2025_12_20_IMG (248).JPG,Black spot,train,source_f2fa5b88cbdb4d7fc277ca4a5d9151f124c9d8e97a668a4b20df632564583a1f,test,9d45486936121441565b779efc96194c31a04861de6cba7fe657f88af491b41e,1,singleton_no_enforced_relationship
dataset/train/Black spot/2025_12_20_IMG (249).JPG,2025_12_20_IMG (249).JPG,Black spot,train,source_6e556a5301453b8fef79ec7901685be42fd97567d7ca1dac98982783226ad1dd,train,8b89dcf8d83f755d91d706c214ba9046628508e990fe75544787660bf71f8fc0,1,singleton_no_enforced_relationship
dataset/train/Black spot/2025_12_20_IMG (25).JPG,2025_12_20_IMG (25).JPG,Black spot,train,source_30e7cf957593393681614963ccf99366b01c80eeee3958aa3b102e878f168e29,train,43eb8bbfa85185ea679a0504915b9d82244d27ed5e62757f801c84193acc75a0,1,singleton_no_enforced_relationship
dataset/train/Black spot/2025_12_20_IMG (250).JPG,2025_12_20_IMG (250).JPG,Black spot,train,source_b8e277023f434e46eb106a6ee2c657d666b6cf75de9284ece46d1d9f3495d2bb,val,5bfe6c63e08214c64613d3c90d3d477462be878286968637fc7324ba4d185a77,1,singleton_no_enforced_relationship
dataset/train/Black spot/2025_12_20_IMG (251).JPG,2025_12_20_IMG (251).JPG,Black spot,train,source_814e08252709497b7c86fe3c0d568ecf7262fdca0199813f75167a977c63fe63,train,76ecf4b146423fe66e4da32f98973213544e4cf169e810242ac03a5838aa6d50,1,singleton_no_enforced_relationship
dataset/train/Black spot/2025_12_20_IMG (252).JPG,2025_12_20_IMG (252).JPG,Black spot,train,source_20662219018e4718ffa984d921e897ab7fa735c791b67384afa63c21cf86b3f0,val,6a605a9f590ac2492d5820027640b17051bf3b32d6d9775b55fdd150773e0ee3,1,singleton_no_enforced_relationship
dataset/train/Black spot/2025_12_20_IMG (253).JPG,2025_12_20_IMG (253).JPG,Black spot,train,source_f7da4907a2f993e1121936c955a4866fded2d33930b4715a8377786d58ef588d,train,e1d650f053865efc8e94d3a8edddb7e6d661f286028c44d9f4893d4235679738,1,singleton_no_enforced_relationship
dataset/train/Black spot/2025_12_20_IMG (255).JPG,2025_12_20_IMG (255).JPG,Black spot,train,source_87751357cc77a05dd4ecbaa14b2018efeed1fc39ced71eea9f39f58d88d555f8,train,ef37aed89e46389255147603b45380b8712f24fd53f2bcd1fe9a0dabb4767e3b,1,singleton_no_enforced_relationship
dataset/train/Black spot/2025_12_20_IMG (259).JPG,2025_12_20_IMG (259).JPG,Black spot,train,source_3c07fe510e72fe8038f826d3230880d2ad37e549e55c2855600033ac6280d9a1,train,cf8d16d3f721febadae37e1dcde0ac5305dd1c08c4fa32a9f17d453baf9d607f,1,singleton_no_enforced_relationship
dataset/train/Black spot/2025_12_20_IMG (26).JPG,2025_12_20_IMG (26).JPG,Black spot,train,source_b172b8ae353265b3567460703c5810c472388165620515ad3be64692b9e32048,train,c0c7c4b3521375c11cb5898676d21cce57c8a72df73efaea5c11cb51198d55c4,1,singleton_no_enforced_relationship
dataset/train/Black spot/2025_12_20_IMG (260).JPG,2025_12_20_IMG (260).JPG,Black spot,train,source_9c323f4d9be2fc16b17ad93d73df3a3e97df1057391840636bd1f57880cc8742,train,3aa0eb2869e6d462ac8debc96e40279661bab5b98230c1d23095012f757ac8be,1,singleton_no_enforced_relationship
dataset/train/Black spot/2025_12_20_IMG (261).JPG,2025_12_20_IMG (261).JPG,Black spot,train,source_ed994c840fc01c5195bdd6fa995390061d31ce2a28aab4a2f9a8610b195fd378,train,278d05239827f308c26711679dba801974124e4b05f43e0a56c4d46435cc12f3,1,singleton_no_enforced_relationship
dataset/train/Black spot/2025_12_20_IMG (263).JPG,2025_12_20_IMG (263).JPG,Black spot,train,source_b7998c74e7e0e2ae1e48cc3158a37192e907756770b7d67c6a0fd38328d78354,train,65a712d43fea2d502797f05556e160b8fe8ac3b8e8af6eeaeaa5ed2af5613523,1,singleton_no_enforced_relationship
dataset/train/Black spot/2025_12_20_IMG (265).JPG,2025_12_20_IMG (265).JPG,Black spot,train,source_560e82aa05eb1c768bc0a79398a6983ecd9fed786ea0a3e06b0fd877d75d4a59,train,29baee385863044c5112be270af8c8e2fb88fc4fd058f09d925677e137421f57,1,singleton_no_enforced_relationship
dataset/train/Black spot/2025_12_20_IMG (268).JPG,2025_12_20_IMG (268).JPG,Black spot,train,source_2d3a35704da6670c60e7a430c2816ec9286a088eabc58d5a4a964a14b786ffe9,train,bb41c1a81885f3163a9a15c220597f311083914cd6e45f7fffec591013d19077,1,singleton_no_enforced_relationship
dataset/train/Black spot/2025_12_20_IMG (269).JPG,2025_12_20_IMG (269).JPG,Black spot,train,source_4f8e16303a41b987105fa983d6d3c63dae19f3fa2b493c1bbf28767efc473602,val,a57fa8f95d2053c2cea8d53441f233af1371eb9696bc97b491ae1abf456654f5,1,singleton_no_enforced_relationship
dataset/train/Black spot/2025_12_20_IMG (270).JPG,2025_12_20_IMG (270).JPG,Black spot,train,source_b1c04a4e5cab5bb984d6a8286af24faacb3ddb23f900dfef1be43a83fa71f3ce,train,54af682e98257fbea9c1657e83eb2c8dc114c61878dd3060a2187b5728223906,1,singleton_no_enforced_relationship
dataset/train/Black spot/2025_12_20_IMG (271).JPG,2025_12_20_IMG (271).JPG,Black spot,train,source_1dfaf2c38bfdd6293dc4a621355be499cf1379d6e025730bb370c6b7b9112159,test,e4b18ed4e25193d1192322623ba162dde2391d314a8f742e59c4317eeecc15d3,1,singleton_no_enforced_relationship
dataset/train/Black spot/2025_12_20_IMG (272).JPG,2025_12_20_IMG (272).JPG,Black spot,train,source_74f3a61e170b40cf6aecfeb35e3d29f33f16a58e9dfc27469bff01d3b1077b06,train,0107052cfc5d653b474a9cbf26792a5b014deda6945fb5013e7560d3d5f38c7d,1,singleton_no_enforced_relationship
dataset/train/Black spot/2025_12_20_IMG (275).JPG,2025_12_20_IMG (275).JPG,Black spot,train,source_b735b3f727c46764bf279268fd12a4cacf68fa8fa0c5a328d7c3f245880fcf39,train,9ba14e32836be7ed910a23b151ec490f87e7092cd7d2925781cf4bde6d9313e0,1,singleton_no_enforced_relationship
dataset/train/Black spot/2025_12_20_IMG (277).JPG,2025_12_20_IMG (277).JPG,Black spot,train,source_09198be8e67fe0b3eef3eccc94ce23abfa2578069e7d405abba58fcd78e1d53e,train,3332719f84a85235aab9cc40d4dcf317ce5ab402a10f9693452f5c5e0a6b782d,1,singleton_no_enforced_relationship
dataset/train/Black spot/2025_12_20_IMG (279).JPG,2025_12_20_IMG (279).JPG,Black spot,train,source_9df4175d8201af70c3c4505d7638037cf06b7db235e6155d7c6a95510551e4a7,train,ed7cc99c1ad807ca31578f4e729e7c588f0b160c6451e75b3027e040d5c9727c,1,singleton_no_enforced_relationship
dataset/train/Black spot/2025_12_20_IMG (28).JPG,2025_12_20_IMG (28).JPG,Black spot,train,source_4bc419e86b720222d239a4ca15b05db8d5c780e61d9a89aa31c3b6b41e414d55,train,a69c34fc427fd9bfb926056c73ee4fdea8a4cedbf12e744c31116cdbfa7a2ecb,1,singleton_no_enforced_relationship
dataset/train/Black spot/2025_12_20_IMG (280).JPG,2025_12_20_IMG (280).JPG,Black spot,train,source_5c51c74930d8c42fb411fe05c919472287ae8e9c5cdf3f688f233e2107bd01dc,val,95a2752175f3442b56c921ca65746020d5fdbd0a1089459d21cb203d6abcabc7,1,singleton_no_enforced_relationship
dataset/train/Black spot/2025_12_20_IMG (281).JPG,2025_12_20_IMG (281).JPG,Black spot,train,source_7318d172294d199e6c348a1822a03e5ee2a2bfff5d633dd9289b32b9dca096dd,train,23d56f719aa77d7e4ab4ea480c4e55962e331c8be7e04a93828c3028ba07dfb5,1,singleton_no_enforced_relationship
dataset/train/Black spot/2025_12_20_IMG (282).JPG,2025_12_20_IMG (282).JPG,Black spot,train,source_ef298ff53dea299ff334fd3c6c46dd01aef988c970b05fd1aefd7503119dc528,train,cca64d34b268da11e8b9e184e31819079cb58f0946cf2f624f78595fb9682037,1,singleton_no_enforced_relationship
dataset/train/Black spot/2025_12_20_IMG (283).JPG,2025_12_20_IMG (283).JPG,Black spot,train,source_f1e164e1f6ffefd63566761d9c04ecdab774001f7d422d03154bd9965e3d0c09,train,8c62b9545d4147e819056c53af7c3fe93500cec2d1dfac771c6465e3ece23d7a,1,singleton_no_enforced_relationship
dataset/train/Black spot/2025_12_20_IMG (284).JPG,2025_12_20_IMG (284).JPG,Black spot,train,source_3132c6ede17f0bd9918e935280e4225e6ae11d1cffcf699a21480180f5ed7d40,val,f440365688c2fa20aed353a453ee9d053420616f5c275a870699ffa6567e973b,1,singleton_no_enforced_relationship
dataset/train/Black spot/2025_12_20_IMG (286).JPG,2025_12_20_IMG (286).JPG,Black spot,train,source_19ee52b833719fb359b5864d57fd8528fd923078b2b8c0b785bc350d2461c205,train,6e8a55963fc4f155f15a66b2165451ff2839b1104fb8ed80ee6169bea3f5b2ca,1,singleton_no_enforced_relationship
dataset/train/Black spot/2025_12_20_IMG (287).JPG,2025_12_20_IMG (287).JPG,Black spot,train,source_0a063d016768f5fedc19b7966f5baf738b0fa589674a4723d6817e054aff7159,train,15cc03495bf1571adfec3403d570821f739161af555d5a3dadb89fa5d8ec265f,1,singleton_no_enforced_relationship
dataset/train/Black spot/2025_12_20_IMG (288).JPG,2025_12_20_IMG (288).JPG,Black spot,train,source_f21c37a867878b7d18aad9dd23fc100f1520f7085297131c87cef1ced98fe848,train,c403a4ac4f13b6b50b0d67840521c69ff1fb7b88af137543db04d4fea442c5cc,1,singleton_no_enforced_relationship
dataset/train/Black spot/2025_12_20_IMG (29).JPG,2025_12_20_IMG (29).JPG,Black spot,train,source_a8fb5c559d5a37a638994b7990ea69a200be8be48d9d708f486f374f9b5b2a76,val,6f3f3bbd9c8706d9c337c31cbdd571e65796f6dbb0b02124224e92c243494df9,1,singleton_no_enforced_relationship
dataset/train/Black spot/2025_12_20_IMG (290).JPG,2025_12_20_IMG (290).JPG,Black spot,train,source_c1ab95b4da7fb0a1040c5d5f10474c3f297959729771b5f6c3305da674663fb1,test,a2af7ac01a34254d5a162b13ce3d95d16ef8bb001a585bd8290f6ac4511863f8,1,singleton_no_enforced_relationship
dataset/train/Black spot/2025_12_20_IMG (291).JPG,2025_12_20_IMG (291).JPG,Black spot,train,source_36f51821425068b9b6929366a37acff84111b688359e2b0e3b37bc261653071e,train,85a2d342a94973167b22d3f327329f90da047e1ffddd6ec63603a4df57e0fa0e,1,singleton_no_enforced_relationship
dataset/train/Black spot/2025_12_20_IMG (295).JPG,2025_12_20_IMG (295).JPG,Black spot,train,source_6d18cfb75098184fe43810911b9de531aa329bbc6e6da3f2ad9ce443f03e9ca2,train,c63945d8f72cf05106c682ec0055fbdf6f434d69363aa14d765556a4d36dea6d,1,singleton_no_enforced_relationship
dataset/train/Black spot/2025_12_20_IMG (296).JPG,2025_12_20_IMG (296).JPG,Black spot,train,source_934cb45bb7c9f15e5f70d1f3fe264ce34219f1b3e72ff5c0b8d68bfb8a216b5e,train,cd9d909ae91cc36717f674cb24a214fad0751671abf619c2f282b6ca24ee0219,1,singleton_no_enforced_relationship
dataset/train/Black spot/2025_12_20_IMG (297).JPG,2025_12_20_IMG (297).JPG,Black spot,train,source_d7ae840c53095b059cba4279a5da9adda71fe83bf0292e9002f30f16fde9bd41,train,feba47d4e1c50220d1beec3fabf270b4c1fc6cd66da337cea46660a540a3702d,1,singleton_no_enforced_relationship
dataset/train/Black spot/2025_12_20_IMG (298).JPG,2025_12_20_IMG (298).JPG,Black spot,train,source_f605cf472db5c768bcad8b4bf10b9464927266d4aea49d0969a020cb2ad13103,train,e2f1cd94c393360eb7582d4b12e842f46abb799c0a2c292773c0de9d6a3ce2de,1,singleton_no_enforced_relationship
dataset/train/Black spot/2025_12_20_IMG (299).JPG,2025_12_20_IMG (299).JPG,Black spot,train,source_14220a82df44df8d0664515d15b13ad35f6348f866e425a6fe5a56e284646424,train,25a99eee4b9599a9b8aeb94cf424da60ac106f66cb220e70f1cd63471cf6eba9,1,singleton_no_enforced_relationship
dataset/train/Black spot/2025_12_20_IMG (3).JPG,2025_12_20_IMG (3).JPG,Black spot,train,source_1b415961a635f99ebbb5423a78652f1561acdf0c2bddb6ed3f83f9d9ca08a0cc,train,100e4ea180fd0ad35aa9b94363caec2168c793b1ec52690f0b8341c4814fc754,1,singleton_no_enforced_relationship
dataset/train/Black spot/2025_12_20_IMG (30).JPG,2025_12_20_IMG (30).JPG,Black spot,train,source_aa90271a0dcc60a747e42bb1e8f0cbc12fc98949dbe7e76d90dbf39f609c2970,val,c150b6362ad9f1861878125d2228504fa1562ed29a5a1ca7ff78f3d3d74199bc,1,singleton_no_enforced_relationship
dataset/train/Black spot/2025_12_20_IMG (301).JPG,2025_12_20_IMG (301).JPG,Black spot,train,source_dcc61a2f060a36b21ebc1b95390cb80d201b2bd8c95e15b65f93a3f04591b1d8,train,adf9fcc9d3c1ce7c79c4fbc79f38dbe844cc9fc2b90fa28c5ac982baae8c682d,1,singleton_no_enforced_relationship
dataset/train/Black spot/2025_12_20_IMG (302).JPG,2025_12_20_IMG (302).JPG,Black spot,train,source_7c8832c382586b40088730bea3d878c47a9fe32cf809c2cf959e75f1bd646439,train,0f2c31ba8bcfa1e2419e3fb412a99ba493e8fe5ae21614955e4ff3ff21f40ade,1,singleton_no_enforced_relationship
dataset/train/Black spot/2025_12_20_IMG (303).JPG,2025_12_20_IMG (303).JPG,Black spot,train,source_7114d5e778257fb133f70032b5953251a4af0e9c0b0afee275e38f190c765bf6,val,e32ed2a991ef5f3cf75048a2c4c6d922b2bca79c5d19323bf7d4c2c656e35728,1,singleton_no_enforced_relationship
dataset/train/Black spot/2025_12_20_IMG (304).JPG,2025_12_20_IMG (304).JPG,Black spot,train,source_21b940495a19e0799ee1a0098f0637721d41c19c53718a149666225861d83085,test,cf1d305d07601baf7a522cc5622e3567a1da788395f0c90a5c1fa4bdc3eeb811,1,singleton_no_enforced_relationship
dataset/train/Black spot/2025_12_20_IMG (306).JPG,2025_12_20_IMG (306).JPG,Black spot,train,source_2681ec9c3e6a3fede7e2b8451b87835a696fb5cb621ece703ff2ec64f411d868,train,4c203a3bc4a8f596d9fc67dfdd2988c971f8ac7d20118c433d6514ac4d84a16b,1,singleton_no_enforced_relationship
dataset/train/Black spot/2025_12_20_IMG (307).JPG,2025_12_20_IMG (307).JPG,Black spot,train,source_baa10a70767fe8c52980b1169582b808dc8661ec1a5aaf446caac8a709929080,val,2c2cb8e37acba40e7741196905f24f12c74c1e46be9719e3e6dc61c3a82b132f,1,singleton_no_enforced_relationship
dataset/train/Black spot/2025_12_20_IMG (31).JPG,2025_12_20_IMG (31).JPG,Black spot,train,source_e6d7565d5d25d0ec6af3583a0fee42b65130857762d5dff2a72c45dc14a093fb,test,6fdd972ba3a5578db3ebe8b35d845a6d1d42757b256bdd2f0c6389d45438aa2d,1,singleton_no_enforced_relationship
dataset/train/Black spot/2025_12_20_IMG (312).JPG,2025_12_20_IMG (312).JPG,Black spot,train,source_9c48a6ab295c44b880963f6e9d6475f37060da58485c5ceb097fcc37f397ecc4,train,ccc9e31c5920990961100ce0ac9529462c11e8d42523ccb74c5d441f3e64846e,1,singleton_no_enforced_relationship
dataset/train/Black spot/2025_12_20_IMG (313).JPG,2025_12_20_IMG (313).JPG,Black spot,train,source_fd205d62181b383b54fdd424690695a173fc6cf1689687a9ce148934bc1281c7,train,9f193e88e8106e2af7afbcadca08c28374828255616698bbcfe57d73cf8b6c73,1,singleton_no_enforced_relationship
dataset/train/Black spot/2025_12_20_IMG (314).JPG,2025_12_20_IMG (314).JPG,Black spot,train,source_ffdc3e70141812b2efefd2330ba2944c6c1520a727fc57ed48e35549e6539320,train,06043455cdca74d739e30e66062b60baa8ac67914e6fd70b2c5366b5267fc42b,1,singleton_no_enforced_relationship
dataset/train/Black spot/2025_12_20_IMG (315).JPG,2025_12_20_IMG (315).JPG,Black spot,train,source_829cc3f576c7a7c8bdbbede3c17a102eb41e338fcbaf606ec858ff45c1f2d023,test,6270d2415926a61c1844c53d930c353c3008c5e97d7660742fbc2b48183572cf,1,singleton_no_enforced_relationship
dataset/train/Black spot/2025_12_20_IMG (316).JPG,2025_12_20_IMG (316).JPG,Black spot,train,source_34a892565322eddd59d178661b3442dcf5300e47dd55575cc2d033a47f628ce9,val,f7df2743b51e5dbf0a20d64aa909cb91984f19ae145913b38c6826a023e1245f,1,singleton_no_enforced_relationship
dataset/train/Black spot/2025_12_20_IMG (317).JPG,2025_12_20_IMG (317).JPG,Black spot,train,source_5096d2103a9a1e39545cdb09251dcaf2c2231117af2310419e68cefa2d247246,val,eff1ec0d3d165c1497391eb2fcf17a19bfc1c8a8fcab89d7d80428406af11c85,1,singleton_no_enforced_relationship
dataset/train/Black spot/2025_12_20_IMG (318).JPG,2025_12_20_IMG (318).JPG,Black spot,train,source_785f0fa9f0230db8e4d3d20eaeafba92474ad222262b153374a98299fb290a93,train,f7ccb6e66d3ac65578b06c332134bc9e625e25c64e588fbda246d5482b9c7980,1,singleton_no_enforced_relationship
dataset/train/Black spot/2025_12_20_IMG (319).JPG,2025_12_20_IMG (319).JPG,Black spot,train,source_94382fec138c972ea4b74fed828598e9b7497f154e845ef01ea44051d460149d,train,14e3dbd44eee34fe590531a6bbf4164fb613d04b50287a1302da17b93d6d43a5,1,singleton_no_enforced_relationship
dataset/train/Black spot/2025_12_20_IMG (32).JPG,2025_12_20_IMG (32).JPG,Black spot,train,source_0d3288d0860f558cb8eb31ad370b3d282d73ffe53f9f10c8c29cf6e823c0a0a5,train,c074adf6b1ce62a31afdea9103dda870f483a22bb550bf8a2ae9b4d21d98046b,1,singleton_no_enforced_relationship
dataset/train/Black spot/2025_12_20_IMG (320).JPG,2025_12_20_IMG (320).JPG,Black spot,train,source_acb60376c6f51db259da349b205cd2e3c06491708701bcf20c8c641e1b0c7834,train,72ac9037802b998884ec44206afc3f03e4fe466e9aee0a9c1e8e2435b56e31cc,1,singleton_no_enforced_relationship
dataset/train/Black spot/2025_12_20_IMG (321).JPG,2025_12_20_IMG (321).JPG,Black spot,train,source_43fb776567d0985fb6bf3ee6584aa6a1d78faa3744a4bb3710245ad5425b2ba3,val,2ab78d58b7ecbf97fc12f8f0f3759b494c235495a6d62c634c8775742be7b6fc,1,singleton_no_enforced_relationship
dataset/train/Black spot/2025_12_20_IMG (322).JPG,2025_12_20_IMG (322).JPG,Black spot,train,source_16708f525630778d0c4a2c757246075c276b220b36e2a061f41194e17016728f,train,64a3951b0045d96a9653c28617a09b83f2fc688076f08b842dfc20be09771905,1,singleton_no_enforced_relationship
dataset/train/Black spot/2025_12_20_IMG (323).JPG,2025_12_20_IMG (323).JPG,Black spot,train,source_3153e83430543a2bcb9d84c3bf3826fd40c4c3976edbafa625f122b8cf470246,val,3333515ab19bc6187182931867f8faf9a27eecc244dab93802b8c712c274d1dd,1,singleton_no_enforced_relationship
dataset/train/Black spot/2025_12_20_IMG (324).JPG,2025_12_20_IMG (324).JPG,Black spot,train,source_bb9342b65c62ff5c3422f34f78ad407a09bd81247da92c56e48be54fe3c19426,val,f01c110daba7be0a801e0dc486842e17caccaa8d5a0f604ac859a373d80aef5c,1,singleton_no_enforced_relationship
dataset/train/Black spot/2025_12_20_IMG (325).JPG,2025_12_20_IMG (325).JPG,Black spot,train,source_013660471e73c73f423631cb7be14a734a0e80fe6ba7d58397e89bd77436d009,train,db6ee31a8168ad5c3620118a64e176b5483ab488f98774bb15378f4378f680f0,1,singleton_no_enforced_relationship
dataset/train/Black spot/2025_12_20_IMG (326).JPG,2025_12_20_IMG (326).JPG,Black spot,train,source_9a3036050dd3203309fcc4227251f023d1facda7aed0416c938c8470f1de28b0,train,e6f2a7b8ac2e03b72525f156e8fc8104765058086440dfea31e9c50d0d4c7154,1,singleton_no_enforced_relationship
dataset/train/Black spot/2025_12_20_IMG (328).JPG,2025_12_20_IMG (328).JPG,Black spot,train,source_92939365b9d1fd25e263fd37ed9107b1a61fa65f7b68880a7cfeddf3749fbdee,train,1253db8a6add0e79576e644cbef90037edaa86702da54d167474ae2a2512942a,1,singleton_no_enforced_relationship
dataset/train/Black spot/2025_12_20_IMG (329).JPG,2025_12_20_IMG (329).JPG,Black spot,train,source_f9eac325f0b8cee291e6ca2ffa0c80f2c673f2f0509f5d5dcf4319d4549c6759,train,905f04596dd4d8cf52d8fb3d4eb7b91c4af2ea34ea05ed3c9ba06216b1399bdf,1,singleton_no_enforced_relationship
dataset/train/Black spot/2025_12_20_IMG (33).JPG,2025_12_20_IMG (33).JPG,Black spot,train,source_7b975172bf6f5963e99e54570b59393289c02eba3db7b5dc78e57c120fbfb74c,train,e11e7c2dd814516b8bc0aa787fb405be17b75d03afd643673e992194c28d641e,1,singleton_no_enforced_relationship
dataset/train/Black spot/2025_12_20_IMG (35).JPG,2025_12_20_IMG (35).JPG,Black spot,train,source_198947c0226648c33b25f58c1699ca659b5285a967fc98cc0c31b76d1672f57b,train,bf0fe19fd706c8874b82d10824bc467f094186a7f9fbd24cf2b89154c11dd06d,1,singleton_no_enforced_relationship
dataset/train/Black spot/2025_12_20_IMG (36).JPG,2025_12_20_IMG (36).JPG,Black spot,train,source_625d94d2b878d0818656ee7308ca3e3d3fefb2cb030a9f5fbef24ef307870215,train,749871a067f7e739d530d2d2c4812d6950827d05a3357dab87e4f79c63436c1e,1,singleton_no_enforced_relationship
dataset/train/Black spot/2025_12_20_IMG (37).JPG,2025_12_20_IMG (37).JPG,Black spot,train,source_be4630394c4ff810d873752efc906904e30b29f6e1942bb17d5f7398756ede50,train,572e25b5919a460c5d37d96ce0893e5e927e68c7a6f2f8179b941826cf343d4c,1,singleton_no_enforced_relationship
dataset/train/Black spot/2025_12_20_IMG (38).JPG,2025_12_20_IMG (38).JPG,Black spot,train,source_54f136636af65febfecf6c22ad3d776f3d2efe90ed86bd5b86c2bfabb70c3e92,train,6cd1daec0c63b6083762917f3a7103b5cf7e0affc7c480b5104ff8e3fde4ef46,1,singleton_no_enforced_relationship
dataset/train/Black spot/2025_12_20_IMG (39).JPG,2025_12_20_IMG (39).JPG,Black spot,train,source_799ca128cf5b8440464ac55877bd198ed807b1362f50158ab9ea061b8465901b,test,a8e688e0f54e82d71615ec0cdea75014f26fa2bccc235877a9fe3ecbf55923bd,1,singleton_no_enforced_relationship
dataset/train/Black spot/2025_12_20_IMG (4).JPG,2025_12_20_IMG (4).JPG,Black spot,train,source_916f8ce3b0c934480ea7a8290bf51c4be9130075d330095c930caa25cbb5f396,test,ef7ef5ba7ffb586040d33c1a2a2dc5089cfc1246ac4bbc36518b66140443a9cc,1,singleton_no_enforced_relationship
dataset/train/Black spot/2025_12_20_IMG (40).JPG,2025_12_20_IMG (40).JPG,Black spot,train,source_c859611c2610453cfca3c4df51c718afe3cab5e6835e9597cce3be55eb466e47,train,e91a1aa956609538a4084015176c63319b182133b924a7ee9605ccb6f11ceaf8,1,singleton_no_enforced_relationship
dataset/train/Black spot/2025_12_20_IMG (42).JPG,2025_12_20_IMG (42).JPG,Black spot,train,source_67af6acf45f0999fbd1fd8be41fc6920df69bef39edfbe53d7a55dfda51dcd68,train,546f5f71f8e3f242ba2ccb909ea822d5240d3d63171f305b21d910205015f1d4,1,singleton_no_enforced_relationship
dataset/train/Black spot/2025_12_20_IMG (43).JPG,2025_12_20_IMG (43).JPG,Black spot,train,source_f753f756df751c37b446ac0f78d4075a4df87811848f4cca1c6b0c71ddaf1a27,train,8d6f87ab9133e8a5f45d21155a8e643316c7a9d0bad8ea992e9deef04a693e94,1,singleton_no_enforced_relationship
dataset/train/Black spot/2025_12_20_IMG (46).JPG,2025_12_20_IMG (46).JPG,Black spot,train,source_6ddfa23d51c4ffddcfc26b92e2dd0de78ae006eff9986a6fdf39911bd6139d11,train,c01c20dcbc0b99cf38c2f2eadef2513b2c59fc80742699ee08089c97de900a09,1,singleton_no_enforced_relationship
dataset/train/Black spot/2025_12_20_IMG (47).JPG,2025_12_20_IMG (47).JPG,Black spot,train,source_5f5faa2a854cdb5d1c78319d819b921531bd78146ca7ed07c33c06635a2fa94b,val,33c1fd7a9e547f55ba503e57b09b71f7269c1d90a8617c02be5ecb20816860f2,1,singleton_no_enforced_relationship
dataset/train/Black spot/2025_12_20_IMG (48).JPG,2025_12_20_IMG (48).JPG,Black spot,train,source_c6c1d4938690c513802a524f71556b56ddf3258656b979e9cbc92792f45f87ed,train,a0d7b13985f98688a88951363ec5d937e2824b3786dd8d134e9fc8b40bf8e661,1,singleton_no_enforced_relationship
dataset/train/Black spot/2025_12_20_IMG (5).JPG,2025_12_20_IMG (5).JPG,Black spot,train,source_93c1cec81029299c4ed64ba99fb01ccd00ff94ee59cf7f9c1e3e1f8fe1e1d195,val,78ef88b2ecec9c17b34d7b0b2a044cfe7101836d8c8c8869c007ace02e571e92,1,singleton_no_enforced_relationship
dataset/train/Black spot/2025_12_20_IMG (50).JPG,2025_12_20_IMG (50).JPG,Black spot,train,source_ce49a5d10e0c3053613629e3cc4783b12b5a5ee5bea8e1e64c5bf50eb99f6fc2,train,70e5771b1a9d179fb3e5e93dfd16366fc0fcf3365436348bb1eae9f80e0bd0cb,1,singleton_no_enforced_relationship
dataset/train/Black spot/2025_12_20_IMG (51).JPG,2025_12_20_IMG (51).JPG,Black spot,train,source_f640a42ba94995d813089f322572a576020a0f8039f14ce9400a974e2b6f611c,val,438e638426b9645a2f2048dbd5c8731761a412e4c46cfb41c8f0d96d5618bbcb,1,singleton_no_enforced_relationship
dataset/train/Black spot/2025_12_20_IMG (52).JPG,2025_12_20_IMG (52).JPG,Black spot,train,source_c0a3a10cdc72e575aca628c242b1cbbd467a4961f188d7fd93076abb537360be,test,99c1cb6ca2f3ef808ba936ef758a150e82a07710b9d1f3aeca10751a126cf653,1,singleton_no_enforced_relationship
dataset/train/Black spot/2025_12_20_IMG (54).JPG,2025_12_20_IMG (54).JPG,Black spot,train,source_a3cee3700e33f1bf8d93ebe87599cf099d0c32cf36f684cc8656160e66ecfcde,val,998b3822376c8809c6ffdc3963d0ef10d636e3673d4d913c498915f630b70cca,2,human_SAME_SOURCE
dataset/train/Black spot/2025_12_20_IMG (56).JPG,2025_12_20_IMG (56).JPG,Black spot,train,source_fed9310e600abe5496d8f63c4a12b873418f262aaee50a82b2778d1088819c07,test,6d67706244107547da446ef15e67c4f6d8da885541f0e1870744ea44bdb46685,2,AB_pair_evidence;existing_AB_cluster;existing_AB_manifest
dataset/train/Black spot/2025_12_20_IMG (57).JPG,2025_12_20_IMG (57).JPG,Black spot,train,source_fed9310e600abe5496d8f63c4a12b873418f262aaee50a82b2778d1088819c07,test,7aa5c3c04c2b41027e57c8f671a063766568193def3c486dac905731f1a387f2,2,AB_pair_evidence;existing_AB_cluster;existing_AB_manifest
dataset/train/Black spot/2025_12_20_IMG (58).JPG,2025_12_20_IMG (58).JPG,Black spot,train,source_557ae58d88733dd624ab413c70bd7cf9da44a88511249cf09b742f6a9dbf2bab,val,6b2664917b46686e74e7b7d477088983ad7a990e38c20c18d995e43f0f96b001,1,singleton_no_enforced_relationship
dataset/train/Black spot/2025_12_20_IMG (59).JPG,2025_12_20_IMG (59).JPG,Black spot,train,source_5c161b3eb662df86367de6456a7e5aceabf0958492fe425985fb51579c214ca1,test,7feba1a20a8009e575a8e151fd7362277cd8bee0ad68b566449768667e786edd,1,singleton_no_enforced_relationship
dataset/train/Black spot/2025_12_20_IMG (6).JPG,2025_12_20_IMG (6).JPG,Black spot,train,source_77428d758720dc7288823320b422226fec1aba62b28c31f50209ae7b22386313,test,a6a73c46dac92c9cded72bcfcffbbe03baaf346711e7305787433e8442c3a747,1,singleton_no_enforced_relationship
dataset/train/Black spot/2025_12_20_IMG (63).JPG,2025_12_20_IMG (63).JPG,Black spot,train,source_7f68df64d30fdada45b215dcd7bd524ed105b21ac2ee045cc8af8fffa6b84ec0,train,022be004e33d4d8b12d75f49bcc2ec75766d033fc27c00bb78db76c75a435e59,1,singleton_no_enforced_relationship
dataset/train/Black spot/2025_12_20_IMG (65).JPG,2025_12_20_IMG (65).JPG,Black spot,train,source_d2cdcce5dfde8506c4ed9dc39c20ebe0d6ce13b53dad09eb555d754d9b1879b9,train,ba41f2231a2d88123fe48f81f1482d82c6c5d58a592b9f7d9e81433a726b9d2e,1,singleton_no_enforced_relationship
dataset/train/Black spot/2025_12_20_IMG (66).JPG,2025_12_20_IMG (66).JPG,Black spot,train,source_31fa295c55ca480499c7470448c2a0ea44e3897d4aecc53a032818bf2debba09,train,bf8feac51b618967f4b8f82edeaaf6a085c4cf037c8efe77e960b4045d58684a,1,singleton_no_enforced_relationship
dataset/train/Black spot/2025_12_20_IMG (67).JPG,2025_12_20_IMG (67).JPG,Black spot,train,source_683e82ae2d402e326afd7777e524d370b2dfe051873b3bdc82ecde29459780d2,train,c766b115eb997b2e2b6940deed974013cf9ce10dc531e0163970f88fbdb822d5,1,singleton_no_enforced_relationship
dataset/train/Black spot/2025_12_20_IMG (68).JPG,2025_12_20_IMG (68).JPG,Black spot,train,source_60757892e65161acca4f96aa6c438f7e73dc3d6f2fc88eb06d6800670afcb28a,train,86dd0778974b89f73c7a5c5b062bb02ba9c9aed6114f361a0fc9a2396715ab46,1,singleton_no_enforced_relationship
dataset/train/Black spot/2025_12_20_IMG (69).JPG,2025_12_20_IMG (69).JPG,Black spot,train,source_6d61310c3880bcd70d28a9d6ea982be09a928b0d8f1468b021a0855fa173a750,train,5d1eb72a2426d31874a90b6fe1bb9dd775aa87189c7cb30cce79abbe00938e79,1,singleton_no_enforced_relationship
dataset/train/Black spot/2025_12_20_IMG (70).JPG,2025_12_20_IMG (70).JPG,Black spot,train,source_ee1194b68553fdd8946e5cc3fc615a049d58367580641637c53912a19ff5638b,train,c71cd568d2c5b0c2f5039168585fde64ae2b36d270352f02a4fa5c6663349a38,1,singleton_no_enforced_relationship
dataset/train/Black spot/2025_12_20_IMG (71).JPG,2025_12_20_IMG (71).JPG,Black spot,train,source_033bb3bbc106a4fb01a6b6096e0463d0e5e0dcd3e0a7abc491f3344ecd8a3738,train,e7337d3dc44c617c572ee40849755bd3db33ae6d49080755daf76ec99d00ac45,1,singleton_no_enforced_relationship
dataset/train/Black spot/2025_12_20_IMG (72).JPG,2025_12_20_IMG (72).JPG,Black spot,train,source_356e17b109ed4e17f8aa75712f1eb651bfcd2a20cb994c5039ad231ec79b7581,val,dcb964b71396aa99258665f8e32b35f737b9853f6bab3658eacd804e00c437d8,1,singleton_no_enforced_relationship
dataset/train/Black spot/2025_12_20_IMG (75).JPG,2025_12_20_IMG (75).JPG,Black spot,train,source_0308e79b2a813cca6a147356cba76dbbc644c55aaa0b04894ebf012683d069c5,train,d32e13303de34a7f09eb3a2d273786b16811aea343f08d643353f961852fd69e,1,singleton_no_enforced_relationship
dataset/train/Black spot/2025_12_20_IMG (76).JPG,2025_12_20_IMG (76).JPG,Black spot,train,source_681eb89777f1d7096d5d542e9547869d8129575e1293bc9e180f5ab7c8edfccf,train,dc4ac1a0f03b1712b8d015cecc8a3ebc721cc82cc6fbd12e8706362db7ba8af5,1,singleton_no_enforced_relationship
dataset/train/Black spot/2025_12_20_IMG (77).JPG,2025_12_20_IMG (77).JPG,Black spot,train,source_e6ef25c3357bfab21fccc589f450026c3731e1f58f60f55b0d708ef6ed2c57d8,train,f02292bd34cd193c75b64b1360b6628817ce0eb0ceaf6fc3b3ae7ad3ede15c9e,1,singleton_no_enforced_relationship
dataset/train/Black spot/2025_12_20_IMG (78).JPG,2025_12_20_IMG (78).JPG,Black spot,train,source_c6889edbd0d823d66bcff04493fc6b00de248c086b37da9816ff13e4828142f8,train,56e41b92e9dbab0edda4cc9bb3e94dae6708fe44da3d7dea5d0ea98c4a8b2546,1,singleton_no_enforced_relationship
dataset/train/Black spot/2025_12_20_IMG (79).JPG,2025_12_20_IMG (79).JPG,Black spot,train,source_e2ae63e0e7f7bb5fe12efca07b441e2a504776ffa05a5c7e5ca7abdb5838deac,train,8337997f77727e66865fe2801b3c8d191e3088e193ff46c37ee2ab8104dc0847,1,singleton_no_enforced_relationship
dataset/train/Black spot/2025_12_20_IMG (80).JPG,2025_12_20_IMG (80).JPG,Black spot,train,source_2aedebd12bde75da894a1095f4f005faeb30645ebfd5aa14553fa646d7539c00,train,e35b9c1cf340c85d69ba62e326a26e805481767f9befcd78986843bcd3996e0d,1,singleton_no_enforced_relationship
dataset/train/Black spot/2025_12_20_IMG (81).JPG,2025_12_20_IMG (81).JPG,Black spot,train,source_148f47d5336b9d061523ab8cad9ec747a1c5e42ea430d3a0177e2c5feddda887,train,40b5f4e3faa23c73925862572a234e418bb5579911ddd6704b99b2a4aaacc50a,1,singleton_no_enforced_relationship
dataset/train/Black spot/2025_12_20_IMG (82).JPG,2025_12_20_IMG (82).JPG,Black spot,train,source_af5ac6f70dbec65d2e9a1e2ee50056e4cffdc166808b6e887b9ad1eb7e5b7554,train,9f43d3ec09e61a6b11099055617586ebe95a8bd347ef8cb5a2e9909dfeccd763,1,singleton_no_enforced_relationship
dataset/train/Black spot/2025_12_20_IMG (85).JPG,2025_12_20_IMG (85).JPG,Black spot,train,source_ee35b09d7feb1e718ed98f9d1085a15e855137d4067c731a176825cd406f6f05,train,430e4ff73bb3a406e48e482b5065cbf59629d52ff6ce31bec58e24d971a63d6f,1,singleton_no_enforced_relationship
dataset/train/Black spot/2025_12_20_IMG (87).JPG,2025_12_20_IMG (87).JPG,Black spot,train,source_da22178a71de5eb8cdd1fc97c396c0741013d7b23e1a3b312b992ec3e488840f,val,d970186102d3a0690d4c59291191af4eff446f47964c43a5d778fd1817a44d03,1,singleton_no_enforced_relationship
dataset/train/Black spot/2025_12_20_IMG (90).JPG,2025_12_20_IMG (90).JPG,Black spot,train,source_fa769825796ea19c402725c18de335721b329eecfd9b14c77596d777037bac9a,train,0fe5f96ffa8cbb58b51d24771085b20488f9d50ba427048418be38915e95ce56,1,singleton_no_enforced_relationship
dataset/train/Black spot/2025_12_20_IMG (93).JPG,2025_12_20_IMG (93).JPG,Black spot,train,source_bbc0f99cde83df96a920a2423e55f7b5f6a275e1ce0b69fbc549b457c0e2f011,train,ed9f9408351caf18513fcc0d3cc2b5523811a266ce189cba5a5c843ed4360d8f,1,singleton_no_enforced_relationship
dataset/train/Black spot/2025_12_20_IMG (94).JPG,2025_12_20_IMG (94).JPG,Black spot,train,source_60521413a4dec200496801d129b950ea8a4133f1dfd5062b0cd6176538b08bc9,train,8866f52f8c743b8aec4793d0e52933a3f9b33f2e6d803c8d5f0288f5955ccb2c,1,singleton_no_enforced_relationship
dataset/train/Black spot/2025_12_20_IMG (96).JPG,2025_12_20_IMG (96).JPG,Black spot,train,source_ba0e2caad06ba19cb97a66c372160e42cfe252a9f2a495e12c6fe8f244fef800,train,09b34057ef7420c45609d1534b015ab7bab246efa49fc59b77cfdbd2b21512f3,1,singleton_no_enforced_relationship
dataset/train/Black spot/2025_12_20_IMG (98).JPG,2025_12_20_IMG (98).JPG,Black spot,train,source_4da2ee61e1fc3b01965bd1fc6a962024242aefae9da5c4e089da10f4f08a27b9,train,6949072f6b83628fbcaa3fcb308ac8c32b6bac87b97fac88d2e71cd7788d2054,1,singleton_no_enforced_relationship
dataset/train/Black spot/2025_12_20_IMG (99).JPG,2025_12_20_IMG (99).JPG,Black spot,train,source_518c0113928ec917626c00ca146ca9e4ff33b378ea047edcd71b478c8a588d5a,train,f5ea463474ce42841f77c419085c40db3712b64815f19c58a442197f9cc2d032,1,singleton_no_enforced_relationship
dataset/train/Citrus canker/2025_12_21_IMG (202).JPG,2025_12_21_IMG (202).JPG,Citrus canker,train,source_42190e722b5827c04fc03a100d33eea051361dc2907060c46dfb2a96a104c0df,train,18ca4b672079d964a2c85bbf919b2f0bcb691f1ea0a410b2672341ef21b7bef4,1,singleton_no_enforced_relationship
dataset/train/Citrus canker/2025_12_21_IMG (203).JPG,2025_12_21_IMG (203).JPG,Citrus canker,train,source_421d326fbd03e4b595e4fb5e63c0d7c0e509b18918f61b6ea4c1c8b0221667fd,train,54a7d52a89535d30abc9d58bef7dfc02865307ecbdb41ad1db092a789cc58e2c,1,singleton_no_enforced_relationship
dataset/train/Citrus canker/2025_12_21_IMG (204).JPG,2025_12_21_IMG (204).JPG,Citrus canker,train,source_87dda044bf417ea1d6f9765636b8267e4a5517e186af56e8cabcca90d44db6c6,train,85316dbd4b2f23fc73d535e9d52a2d93f8ae84ceb9b7e8f758f92be11084e427,1,singleton_no_enforced_relationship
dataset/train/Citrus canker/2025_12_21_IMG (206).JPG,2025_12_21_IMG (206).JPG,Citrus canker,train,source_362f0931596c196166a39a25ec26723ec31c7d9f1c201ec82c04b525ca4a3c18,train,56245a538a8433591ebf9a85d9c93e42dc8ba216a7eefdeaaf83b758120bd067,1,singleton_no_enforced_relationship
dataset/train/Citrus canker/2025_12_21_IMG (207).JPG,2025_12_21_IMG (207).JPG,Citrus canker,train,source_5abae31a229301e37b8f2c1ca0054dadfdad182fbe8bfa1bae20eeb6ca54b23a,train,d7cebe4f648835f9e1294fc562b3c8b3789cd0d3228d090877827f222a170c91,1,singleton_no_enforced_relationship
dataset/train/Citrus canker/2025_12_21_IMG (208).JPG,2025_12_21_IMG (208).JPG,Citrus canker,train,source_142837b3a5b3b2a935911df6f0449a97ae511e04d524dbd50293b7e7655829c7,test,358fad59f381819cca1076bdaf55e482aa7a34ce2ab3db5f65e00e235babd90a,1,singleton_no_enforced_relationship
dataset/train/Citrus canker/2025_12_21_IMG (209).JPG,2025_12_21_IMG (209).JPG,Citrus canker,train,source_c3e938402715b61f9b75dd62ff8dd6b18e779766892f56f2c3e90f98fcba6c49,train,b3768d0125f8cbb9b54fef00e8e85aa7a9b1df7ee5b5729d32601e2fb38da2e9,1,singleton_no_enforced_relationship
dataset/train/Citrus canker/2025_12_21_IMG (210).JPG,2025_12_21_IMG (210).JPG,Citrus canker,train,source_c6d47bf54c6f5749e620e3c95cbf16a357fc10f9eab3588c78d43e1da0519d54,val,c56d1fd4ac77ec14b3c1829929dea13651a9b56920bf6856cf2dfcc1647e158c,1,singleton_no_enforced_relationship
dataset/train/Citrus canker/2025_12_21_IMG (211).JPG,2025_12_21_IMG (211).JPG,Citrus canker,train,source_35b7be322b30dc6d39c5294635c266050057c0b3b50a09451db38098510668a3,test,96d6298d45354fd44372b39b958417bf85a9dc70d1e664aaa4189afbcc491d86,1,singleton_no_enforced_relationship
dataset/train/Citrus canker/2025_12_21_IMG (212).JPG,2025_12_21_IMG (212).JPG,Citrus canker,train,source_df045ace4c898fb3e39d397672c98a5d5a8265fbc5f2a757e81714b971a000dc,train,7ab4163a1f411983821e83c6c593400f476626b8ac5644cb390e9bc9d106d1c6,1,singleton_no_enforced_relationship
dataset/train/Citrus canker/2025_12_21_IMG (213).JPG,2025_12_21_IMG (213).JPG,Citrus canker,train,source_9a4c6808f60fcbde9afbbb76fc4fea7112e1dc5e7168bc2468ffcb366d1741c8,train,e9402a1f7493d4f9d1f1ebcdc7d7577a9a37fd07c76023e282885232fde30552,1,singleton_no_enforced_relationship
dataset/train/Citrus canker/2025_12_21_IMG (216).JPG,2025_12_21_IMG (216).JPG,Citrus canker,train,source_ddd602100c9b1bdbf35d728c5094e9d042c91e469e104dce6c5a75a083ba5809,train,44d9852949890a88d1e910ba48f3936a740b640cef25668590c8532d7c4268ee,1,singleton_no_enforced_relationship
dataset/train/Citrus canker/2025_12_21_IMG (219).JPG,2025_12_21_IMG (219).JPG,Citrus canker,train,source_d57ae9d5461639328d2e2bc6d2ed3beb5a2cfa6b3bd6641209172bddbc6297b5,train,f2aff3dfe7354218719794face4933cc2fdadeb47cb3059f9a601ae68f19f81f,1,singleton_no_enforced_relationship
dataset/train/Citrus canker/2025_12_21_IMG (220).JPG,2025_12_21_IMG (220).JPG,Citrus canker,train,source_66870c435509f1578a75c6aa648b0e0b562abe5c7ed1d526f5b0ef711061089a,train,b94ed296c496dca52b8eceefce0336a302d8c7f94b3097dbf894338117fa688f,1,singleton_no_enforced_relationship
dataset/train/Citrus canker/2025_12_21_IMG (221).JPG,2025_12_21_IMG (221).JPG,Citrus canker,train,source_77d3d1899e704726b6d7130d27c3c0c57895af479af1b339c6762fbed676fcc6,train,3aa288a4d9a28b110f730bcb165a339c70d32f30d4f8c640d8a8a6b320d9a527,1,singleton_no_enforced_relationship
dataset/train/Citrus canker/2025_12_21_IMG (222).JPG,2025_12_21_IMG (222).JPG,Citrus canker,train,source_5abb9a5fbe4ad85aee3d3529951a630ccbecd9bf810f60a527a2b5a6d21a9b9b,train,08650d6bb63e89247268c49f0f37e0d92f0a29709b2cf78f0976e90db3230852,1,singleton_no_enforced_relationship
dataset/train/Citrus canker/2025_12_21_IMG (223).JPG,2025_12_21_IMG (223).JPG,Citrus canker,train,source_237a5b53db1f72d6b426e956c5c82286509b5398ead7ef66a4e6325b9e70b1bd,train,240f4603793437408a67f7cd16e8763a8abc80889754923ba42194fe2b41735d,1,singleton_no_enforced_relationship
dataset/train/Citrus canker/2025_12_21_IMG (227).JPG,2025_12_21_IMG (227).JPG,Citrus canker,train,source_ddddeaebfe264c5b0a579b56a0aa92718db6d5f42185e8c033bbcd5c741d9b97,test,1a14c19982b3bb58e5dc04dd9209a1576b4a17931aeada9aa1a5719897f6009f,1,singleton_no_enforced_relationship
dataset/train/Citrus canker/2025_12_21_IMG (228).JPG,2025_12_21_IMG (228).JPG,Citrus canker,train,source_4594e158f03a529e42f6c8b42d3cb770446dd37433c576b4ca06b88e5e234b35,test,0bff104648ba194ca2d1bf852bd3ef34b349e23d704dd182701643fea52589b3,1,singleton_no_enforced_relationship
dataset/train/Citrus canker/2025_12_21_IMG (229).JPG,2025_12_21_IMG (229).JPG,Citrus canker,train,source_48a954f329b9ac0fd601041a071743692310837d3e860f99c85e1a8ffdeadfd6,train,7f10cb353336608fe50f35e7c9f505d6837d8205306f69e0ebb19712f5a0b737,1,singleton_no_enforced_relationship
dataset/train/Citrus canker/2025_12_21_IMG (231).JPG,2025_12_21_IMG (231).JPG,Citrus canker,train,source_403a0054994ae870ec1601fd175f771d3e65c904941ec92dede22277bdba51d6,train,2ff5c855bede4b14f32ae0bd626a6ba9f94029c6bf73a4a065a57e693d7306e4,1,singleton_no_enforced_relationship
dataset/train/Citrus canker/2025_12_21_IMG (232).JPG,2025_12_21_IMG (232).JPG,Citrus canker,train,source_14706e139a7407e8047694a6794fb4e89e924bd0cc0a6d7595485d7db46ce414,train,e0632dca1395d59fa4eea24af561452ebc9e26fac230939231cdd04fed10b416,1,singleton_no_enforced_relationship
dataset/train/Citrus canker/2025_12_21_IMG (233).JPG,2025_12_21_IMG (233).JPG,Citrus canker,train,source_369208b43279c06c2f83a14fb2aba7b6a8a3f1992b619f33632a4b6b20cf3630,train,d71e8501a17ab187bdf8d7fcde7dec1744032309bf7e5111181eedfec02d965e,1,singleton_no_enforced_relationship
dataset/train/Citrus canker/2025_12_21_IMG (234).JPG,2025_12_21_IMG (234).JPG,Citrus canker,train,source_669a40318af68e05f524ff899c9ddacbe4bfd8eb16d03b8f85024b9a3e20cacb,train,a4e08ff72f763597b1ad6641cc2c07323773058bf2bfb3af14d33a3025ce8c51,1,singleton_no_enforced_relationship
dataset/train/Citrus canker/2025_12_21_IMG (236).JPG,2025_12_21_IMG (236).JPG,Citrus canker,train,source_5a42b903b8b36cb35bc827b9c7368a71ac8fb869cd9f76d05e3236eea28e5fbb,train,532f1bbb4e1f6769d89b520a0fc010aec5b52df96fff18b3d568916650c8e608,1,singleton_no_enforced_relationship
dataset/train/Citrus canker/2025_12_21_IMG (239).JPG,2025_12_21_IMG (239).JPG,Citrus canker,train,source_1ff09b6cb50f09e714b8f2c8993d3bad394d5f539e7076a781d7d5efb329a0ba,val,de5bb590a95ca2945d979d1617bcfe5812ff7e56d44f4075a9414f3b42773668,1,singleton_no_enforced_relationship
dataset/train/Citrus canker/2025_12_21_IMG (240).JPG,2025_12_21_IMG (240).JPG,Citrus canker,train,source_c7b0ef8e65aca3691dada50b3852d8151ed354df9f303f4994ff19e06b2c559a,train,55efd2d853b2628316d59e1516b2372a948f9a5a56f086e9f9f5ca7f4cfdef7f,1,singleton_no_enforced_relationship
dataset/train/Citrus canker/2025_12_21_IMG (241).JPG,2025_12_21_IMG (241).JPG,Citrus canker,train,source_77cb8726d326bf8399a1361d463cfdb6261f3faa6e524a79e29c0beb1a96d659,train,f7b96a119b90a713d1e2da5e8c72734a90a077be6d0d553b6e337e8cc226559b,1,singleton_no_enforced_relationship
dataset/train/Citrus canker/2025_12_21_IMG (243).JPG,2025_12_21_IMG (243).JPG,Citrus canker,train,source_da91a68c26f170de0d680fe0ca3df6244b36f439323021201d4d81ad0266b751,test,9311b663f0872cf1bfe1dd65ceec502faca5e32edf58237a95bd8c8fa09347d7,1,singleton_no_enforced_relationship
dataset/train/Citrus canker/2025_12_21_IMG (244).JPG,2025_12_21_IMG (244).JPG,Citrus canker,train,source_9dac9ab130dd340cbed2b511bbba565c9b741ea0181db0155e5426756935112b,train,c0fb7b611b4b791d14195df493a1d6629d4e07a485a745f3e7f99ca10781b025,1,singleton_no_enforced_relationship
dataset/train/Citrus canker/2025_12_21_IMG (245).JPG,2025_12_21_IMG (245).JPG,Citrus canker,train,source_840321788c19fc2a6ac7246f5256b8af02dd5e9c8ad1261b3a7305628aaaf85f,test,a9c4d9a060e370fc6dfccf28ebdec90a05f1fee3fc1d2d3095e3e344c469c20f,1,singleton_no_enforced_relationship
dataset/train/Citrus canker/2025_12_21_IMG (247).JPG,2025_12_21_IMG (247).JPG,Citrus canker,train,source_c7bd10a0e8085bab2f0974a08aa03a64a14b5266c4c63d1c86f0e853fdf2da2b,train,790cbbf79bff93c57c5478242c750ef2cc6f75dc463de79fc60280d9494d96be,1,singleton_no_enforced_relationship
dataset/train/Citrus canker/2025_12_21_IMG (250).JPG,2025_12_21_IMG (250).JPG,Citrus canker,train,source_9a386fa20f832dc42b4d1cfa5d4611da9d672518b7f7b55bb94dc41412955aa6,train,457849ff2b66dde9838cf7ef7e7670d6c10a3ef019dd287e7bb1e2a646e62b7d,1,singleton_no_enforced_relationship
dataset/train/Citrus canker/2025_12_21_IMG (252).JPG,2025_12_21_IMG (252).JPG,Citrus canker,train,source_b55c4260a955442a3c4c84f4b910d1e33767afd3266d8dc2915258591a2d3c35,train,4d6a3766a6b2545cf5f4f6fd87175e19c4758f21a84560d26896cb1388ba47a3,1,singleton_no_enforced_relationship
dataset/train/Citrus canker/2025_12_21_IMG (255).JPG,2025_12_21_IMG (255).JPG,Citrus canker,train,source_06e83fb3f66bf0610d5ac674f7353e0449cdb3ab39dee876dd6d998f5b6e227f,train,def055dbf819489a6f6cbc1b49ca8530c473793812e9470f541478a0171f9e03,1,singleton_no_enforced_relationship
dataset/train/Citrus canker/2025_12_21_IMG (256).JPG,2025_12_21_IMG (256).JPG,Citrus canker,train,source_8fe01b376946d92e482a6bd97b9265bd2b7e0370fa2a3e14562eb887d597275b,train,b817050a9ba733725cada74a161a56accd84ba456f1fecdcb7a3304fd087a4d2,1,singleton_no_enforced_relationship
dataset/train/Citrus canker/2025_12_21_IMG (257).JPG,2025_12_21_IMG (257).JPG,Citrus canker,train,source_1d19bfd5f5c5b536fe23c7c885361050a757fdd507f904a51a3e00e728cfb887,train,dc60d039ce46ec79a4db6a3279fc7867141a3bfc0e21164711e8c82ba561bc73,1,singleton_no_enforced_relationship
dataset/train/Citrus canker/2025_12_21_IMG (258).JPG,2025_12_21_IMG (258).JPG,Citrus canker,train,source_c2a48c3f3dacfb5c043a0da88408143016f8ae3b06e098231ac8c3fdb61552c6,train,76e72e3fab260daf71ada8018fa41e43b0174faf94be17549c7a9d4df3d9ba17,1,singleton_no_enforced_relationship
dataset/train/Citrus canker/2025_12_21_IMG (260).JPG,2025_12_21_IMG (260).JPG,Citrus canker,train,source_98f221ecf7bd2a447ebd02f6377d06edebb3a69b0f7ebf7e841293236ad67299,train,114448862f2ab2566d5a38500d712102d13ce1f848d6324a2260c528203740a5,1,singleton_no_enforced_relationship
dataset/train/Citrus canker/2025_12_21_IMG (261).JPG,2025_12_21_IMG (261).JPG,Citrus canker,train,source_3b6c73b6be53b6be91f9d290c878a36e8b8b0b0178d2748bc2e771ddd8cee625,train,6a10a0b52898173f7b51012f05bf9753257eea9604fd38b4cebccbd28035e5e9,1,singleton_no_enforced_relationship
dataset/train/Citrus canker/2025_12_21_IMG (262).JPG,2025_12_21_IMG (262).JPG,Citrus canker,train,source_02d89b788ba19e7d381de9b78939827caffc505739c9a6dd3104d37040666ba6,train,8c1c2389dc58477f6fb26c1aed80b3e0589acce45b1ff3ec84e688090c9d5157,1,singleton_no_enforced_relationship
dataset/train/Citrus canker/2025_12_21_IMG (263).JPG,2025_12_21_IMG (263).JPG,Citrus canker,train,source_5b28264ddba9453dd19263affbf8828137513d43e44071a54ce172278dc50bcf,train,37c8585eab9f9f269d3658ad962fd58813c26a4a7d436e57b987d14782d41c61,1,singleton_no_enforced_relationship
dataset/train/Citrus canker/2025_12_21_IMG (264).JPG,2025_12_21_IMG (264).JPG,Citrus canker,train,source_e8f35c851daceeb2b788a1f1b61094f09629b81a8b9ca79313557e173d9bcdc7,train,26de5c9b819c408e2ccf90f3eaac7feb75852d9a0b86da0c6c4fca274460e12d,1,singleton_no_enforced_relationship
dataset/train/Citrus canker/2025_12_21_IMG (266).JPG,2025_12_21_IMG (266).JPG,Citrus canker,train,source_57588028858e8c476833196cf24fadf5bb3d11d5e400e760fcd2734316a44ae4,train,d349bbac83dc9932645bb18ceec0681935a7cf65a0de1d4ecb96f89cccc3c370,1,singleton_no_enforced_relationship
dataset/train/Citrus canker/2025_12_21_IMG (267).JPG,2025_12_21_IMG (267).JPG,Citrus canker,train,source_24e94e997a5cfcba82c19d8a85fae8d1bbc2958e6502d9b7a82926a69ba50dd4,train,cef01114d389b544a1d9cfb531e44b28b63cc26766aee05f90db3351faf395e0,1,singleton_no_enforced_relationship
dataset/train/Citrus canker/2025_12_21_IMG (268).JPG,2025_12_21_IMG (268).JPG,Citrus canker,train,source_9b136db7dafea0c4f55ffe4a60971271d01e468cfb19b0480ffe5264afa7af67,train,d04c23de16645edeb631b8161107356c8d894eb594be72ca79b7451ea090a8c6,1,singleton_no_enforced_relationship
dataset/train/Citrus canker/2025_12_21_IMG (269).JPG,2025_12_21_IMG (269).JPG,Citrus canker,train,source_69d7760897cbf88dd3a7eee653a9077543c393a360518dcf17338571e4d47c90,train,45ab835a6ee259fa204fe6926c7b5b71a148f0d6f4dadc611d3d33e00bca5f1c,1,singleton_no_enforced_relationship
dataset/train/Citrus canker/2025_12_21_IMG (270).JPG,2025_12_21_IMG (270).JPG,Citrus canker,train,source_b5225a8d3bab589b30f72c94818283657a8615294215dbf689db54561ca7b271,test,71aa7395b79a8b8402dcbe774bcbd2d19fb2829b5d9db42ff49e06b5642ac6fe,1,singleton_no_enforced_relationship
dataset/train/Citrus canker/2025_12_21_IMG (271).JPG,2025_12_21_IMG (271).JPG,Citrus canker,train,source_8bd2fd8cc609c6db1e2d9ec0ef80ed10731da6268ad708b5655e71f8503fb18d,train,6921ee9aace32dde575ef140533b39ed5b91e0d8a57a05d177858283c700c917,1,singleton_no_enforced_relationship
dataset/train/Citrus canker/2025_12_21_IMG (274).JPG,2025_12_21_IMG (274).JPG,Citrus canker,train,source_0ee3dda578a2fc65fbddaf977750c0c01ec64c434194654cdb424eb5e0dbe724,val,f56e8164e205ed24e38e47861871803eeda2a0d36a1d67b581520dcf56b12dba,1,singleton_no_enforced_relationship
dataset/train/Citrus canker/2025_12_21_IMG (276).JPG,2025_12_21_IMG (276).JPG,Citrus canker,train,source_69e95c447f3fa10c9ca989a5ad1733e665d72759492f76baa372593531c90564,train,93dd5e2966e2421fcd189f70b1e1b9cdee9e05d59c541056ef02f2aa871592ae,1,singleton_no_enforced_relationship
dataset/train/Citrus canker/2025_12_21_IMG (277).JPG,2025_12_21_IMG (277).JPG,Citrus canker,train,source_8fc950943e7c565f9bb427761f72933382ed9ebd2ad3c1ff715dd262a50777a5,train,5b67dff74698afbc53f648dc4e6b0a054d618bb21dfdb0bca31eaeda5b5729ce,1,singleton_no_enforced_relationship
dataset/train/Citrus canker/2025_12_21_IMG (278).JPG,2025_12_21_IMG (278).JPG,Citrus canker,train,source_4b9694db0c72e3ce886d70499a1012d1d64507e3a5ee78db793607fb147f0cc4,train,4bdb813f697ac1c44660f54da1c89dce1d87fdd4721fb21d24afaa33159e9269,1,singleton_no_enforced_relationship
dataset/train/Citrus canker/2025_12_21_IMG (279).JPG,2025_12_21_IMG (279).JPG,Citrus canker,train,source_4dab7552da21210ff7643fc9961c201f74b42f407fd4819116bee6bb93cd2c2c,val,c3fae6009322a9178114d96f30a0df8af426cd97adcbfc80e3f159052c850c32,1,singleton_no_enforced_relationship
dataset/train/Citrus canker/2025_12_21_IMG (280).JPG,2025_12_21_IMG (280).JPG,Citrus canker,train,source_94bc19ae8e89ee939a285403f879e568e2b6c9356ef8fbe4f88717ec03a12818,train,a9cb318d944e4eb1a80ffde59c997a4fd30a6a86281254ff6f7679a33f70a073,1,singleton_no_enforced_relationship
dataset/train/Citrus canker/2025_12_21_IMG (282).JPG,2025_12_21_IMG (282).JPG,Citrus canker,train,source_80d53e3cd0773a94108cd821a3c8301264f2680a7156b0f883136ffcbb00ea73,train,899fb35836f17a54e0546b4d872c32f33f984636484da6c7789b839c5c4c290a,1,singleton_no_enforced_relationship
dataset/train/Citrus canker/2025_12_21_IMG (284).JPG,2025_12_21_IMG (284).JPG,Citrus canker,train,source_51a926dbd3cb88e0ba2f7e6b79bcfce96a20bddf9fe4cabb5e861b233a4d84ad,train,b180a76a8059c5494107253565e09f4035af841db65ec23c574d65a2e5f95e95,1,singleton_no_enforced_relationship
dataset/train/Citrus canker/2025_12_21_IMG (286).JPG,2025_12_21_IMG (286).JPG,Citrus canker,train,source_52c88ee5cac8c506dbe080cf347d21a3fab3b35c35ceedbb8e46d4d227ec154d,val,a7adb86b1710fd9786fa4453e3e4dfcc8ee21181f499a5e6e1b3bbf22d320172,1,singleton_no_enforced_relationship
dataset/train/Citrus canker/2025_12_21_IMG (287).JPG,2025_12_21_IMG (287).JPG,Citrus canker,train,source_a211c642e365d7b60864f307198e456c1f4eb07817cbfb502a8df197fa249d01,train,7d1aa30f4b4dd8793a10dc6db81b5aee44c27f8ac57ccb8812aa5d8756359faa,1,singleton_no_enforced_relationship
dataset/train/Citrus canker/2025_12_21_IMG (288).JPG,2025_12_21_IMG (288).JPG,Citrus canker,train,source_dbeeb6f97bf9f298b86693b375317ce8ef74a63ec6b6b1f99d393ef53dec78fe,train,d5b35b0ed900b325f5ffa383b73cf5dc83f4782067fcd565ca5acb203554b4cc,1,singleton_no_enforced_relationship
dataset/train/Citrus canker/2025_12_21_IMG (290).JPG,2025_12_21_IMG (290).JPG,Citrus canker,train,source_5f115a5d0f75e7085c047fda89d3b87de9605bb03a4942b10dbd207f125a76ab,train,c134a4edb5a5203fb1c7ad0e1de759cfc82ead1878ae08c24429c8cccf26c43a,1,singleton_no_enforced_relationship
dataset/train/Citrus canker/2025_12_21_IMG (291).JPG,2025_12_21_IMG (291).JPG,Citrus canker,train,source_74d2ddbad03edf127a74bf8697a49e1a87bb442300da34d283b2f36f0f97bfe5,train,ecd209949837196097b8ebe136b7d1553185fbce95bea1df737bf8a2e68a6613,1,singleton_no_enforced_relationship
dataset/train/Citrus canker/2025_12_21_IMG (292).JPG,2025_12_21_IMG (292).JPG,Citrus canker,train,source_3d36d46f01b7535e6486c1dc79b17e10a0c5b723831c508539b3b04e39a2db92,train,e893d4fbceb12ab3c545fd33c00aef0f3eb9062c652383d2be038761e03ccf79,1,singleton_no_enforced_relationship
dataset/train/Citrus canker/2025_12_21_IMG (293).JPG,2025_12_21_IMG (293).JPG,Citrus canker,train,source_0ce74f74e5ba7632cccf58e7e7625d2c9747b50d7dc69f8b413714515dfc0e1e,train,edb98406fd7512c669294749d4890f53a3e511821a65fe9e344dab53a13c3d1b,1,singleton_no_enforced_relationship
dataset/train/Citrus canker/2025_12_21_IMG (294).JPG,2025_12_21_IMG (294).JPG,Citrus canker,train,source_f9171ed8531b03b991a8d8e94c308879bf37a74a0064de61ff6a6dc5c07330b3,test,b61693e6ba873023c814fffba10ecda6f8e546925a56398a30820992a8fef821,1,singleton_no_enforced_relationship
dataset/train/Citrus canker/2025_12_21_IMG (295).JPG,2025_12_21_IMG (295).JPG,Citrus canker,train,source_a8272c44d7879b1dedab921619dee0c0cc5acfd50a6d3d0cad2134dd191fbcee,train,ae516f3578cdef67a383c3e51c08870b3e65c361214a29358e7b3fd7c2a1d42e,1,singleton_no_enforced_relationship
dataset/train/Citrus canker/2025_12_21_IMG (296).JPG,2025_12_21_IMG (296).JPG,Citrus canker,train,source_8e4581092ada09dff8f66b3e6ede698afd952e12da73e6528e358ec927a8b0ac,val,caa05d741c9d0ce72f0577eba0698d810f2fdcc73e752bbb8f49f51962436f3e,1,singleton_no_enforced_relationship
dataset/train/Citrus canker/2025_12_21_IMG (297).JPG,2025_12_21_IMG (297).JPG,Citrus canker,train,source_caf9fabd2dfa91632c5eb3fb5f03ae2028946e3c6c5c1974477bd06eefaf44ef,train,33f7723469575925a5550f02a9fda7a0c64faad68362d8a464a6a98cd598ace4,1,singleton_no_enforced_relationship
dataset/train/Citrus canker/2025_12_21_IMG (298).JPG,2025_12_21_IMG (298).JPG,Citrus canker,train,source_df3cbfca21c8faa7c338a101d12a69b229dc0dabdfd4e520354f352b9cff507c,train,1106bbda9c9f02aced85e307c5e9ee8daa4ff5ff38a9e1ed4cd410a0a75ebc31,1,singleton_no_enforced_relationship
dataset/train/Citrus canker/2025_12_21_IMG (299).JPG,2025_12_21_IMG (299).JPG,Citrus canker,train,source_ef0ee47dd86681727757a9f8418b844e015d4e7f0adea4850150e775637e8268,train,5b89fee729ae42b5ea54dbee042e22c791852beab0932d91b3f87e09afd96407,1,singleton_no_enforced_relationship
dataset/train/Citrus canker/2025_12_21_IMG (301).JPG,2025_12_21_IMG (301).JPG,Citrus canker,train,source_c124c9bd07fba5fd44036690d1027c68380a582c1415c078ae91afb07250a7c9,test,2b40ffd6e059b61e50bb6bcbfa294849191d992f5f3ad52681febaf9a08ad394,1,singleton_no_enforced_relationship
dataset/train/Citrus canker/2025_12_21_IMG (302).JPG,2025_12_21_IMG (302).JPG,Citrus canker,train,source_25309051f1c4d6b9428fdaddffa67751c9a93d1f471515197b80907313703e5b,val,4277f05d71e6e82e2648657243d24937ce92abbf91f46d813884b150e94655e0,1,singleton_no_enforced_relationship
dataset/train/Citrus canker/2025_12_21_IMG (304).JPG,2025_12_21_IMG (304).JPG,Citrus canker,train,source_b4cc00df4f88e77640314ceeff7eb083632403d6034a456840c1b4a123c0954c,train,8f2985784d6789b084cd4d7583bedd8e22f6b000d16371b216342f1e535bd450,1,singleton_no_enforced_relationship
dataset/train/Citrus canker/2025_12_21_IMG (305).JPG,2025_12_21_IMG (305).JPG,Citrus canker,train,source_5ea0f954711dddb143104a67b9db80903cae837c8c7ee74aaf3b4d8e6b626219,train,1be0c93e2d4dd60de1cba23eb4cd373b6c2a35008c0de797a42e8f31ad4ca5d1,1,singleton_no_enforced_relationship
dataset/train/Citrus canker/2025_12_21_IMG (306).JPG,2025_12_21_IMG (306).JPG,Citrus canker,train,source_d8b0c569147065f6f9e28f10ecf908347bfe13823b6e89564116ec72838d6a65,train,50e7b61db465bc71617f79d5c7b3c8ecb430471c7b5ae987009df10aeea5fe32,1,singleton_no_enforced_relationship
dataset/train/Citrus canker/2025_12_21_IMG (307).JPG,2025_12_21_IMG (307).JPG,Citrus canker,train,source_6e5925dbd1a78a3e594e4ab4b97f3d2a3d6f8c83d86e80dd49ea8b635e519807,val,f0556674634cb306a98d282a743ff1eb774025e59240fdda1d75fcc79013cbca,1,singleton_no_enforced_relationship
dataset/train/Citrus canker/2025_12_21_IMG (308).JPG,2025_12_21_IMG (308).JPG,Citrus canker,train,source_b8aaa3b7d3bab93c9f9e90db8767ec0519b3459a59b039768244ecdd13526e3e,test,75bbda5800a2655eb86035eb7fc4486e4452e98bab4e65f7c9a035a3fcd5b70d,1,singleton_no_enforced_relationship
dataset/train/Citrus canker/2025_12_21_IMG (311).JPG,2025_12_21_IMG (311).JPG,Citrus canker,train,source_7a673114cb3261ebfa9e658d8550e09874558e383052b8ce2a283fbccd9bb579,test,5464b47420260ecf462496e88b80cd15ce53eae9ebf6a44d01f74dcb37b03c24,1,singleton_no_enforced_relationship
dataset/train/Citrus canker/2025_12_21_IMG (315).JPG,2025_12_21_IMG (315).JPG,Citrus canker,train,source_bd2ec78ff2074f6d73e03741cc9eb338fa8eb0e523cc06ad447337e405761b29,train,4982f411ae83891ee6a96e17ea54d3980414b0bfd9f4454431e5504da09ed127,1,singleton_no_enforced_relationship
dataset/train/Citrus canker/2025_12_21_IMG (317).JPG,2025_12_21_IMG (317).JPG,Citrus canker,train,source_80713aca34522c679c12c89ffe008bef67a6baaba3b16c30b7cd8bf271b7ae26,test,25f2ac8740cda6cf9cca983a194a43ea0aa0b96ba3ac4668cfc205fefdbcaa7f,1,singleton_no_enforced_relationship
dataset/train/Citrus canker/2025_12_21_IMG (320).JPG,2025_12_21_IMG (320).JPG,Citrus canker,train,source_ce2aad196a548f87ca1f8b6a0e46b054a496977de34ceb7eab31f5672cbdf457,test,a7cbd5e0ce81018c357ca80175b0d85f8278467331750f4f188466c176bc153b,1,singleton_no_enforced_relationship
dataset/train/Citrus canker/2025_12_21_IMG (322).JPG,2025_12_21_IMG (322).JPG,Citrus canker,train,source_49f4babc385b68d78ac2f89be93bd96653e5120e4eecb5ab376a70691259efec,train,30ea2fb0a9ce258af312098974804de33985b74c72e7a986d0dc867241282874,1,singleton_no_enforced_relationship
dataset/train/Citrus canker/2025_12_21_IMG (323).JPG,2025_12_21_IMG (323).JPG,Citrus canker,train,source_e1624caab325af5b1473141bdb33c6abf97c75b47a29069654116ea1e88367ed,val,8e7f2b14c8650f8d503b2d1b460646a787d819a269fc39d995ccc60a8f9d40f1,1,singleton_no_enforced_relationship
dataset/train/Citrus canker/2025_12_21_IMG (324).JPG,2025_12_21_IMG (324).JPG,Citrus canker,train,source_d746cd3c4997593310507a2b76d7b2841fe3f51fa01cae59aebeb8d5efe69164,train,4598332e357d64eb2d70a5ee13bd7b2e84e49dc439fbc2e9b7599e1c4d83e8d5,1,singleton_no_enforced_relationship
dataset/train/Citrus canker/2025_12_21_IMG (325).JPG,2025_12_21_IMG (325).JPG,Citrus canker,train,source_296f4462322d609a24ac4bbbf2df105a0c8f480de17e6fc62a4e32bb450b5842,train,e36529f0024730f036358e95750e21dc45ef55f0790e53f3c7a4820a0f37e947,1,singleton_no_enforced_relationship
dataset/train/Citrus canker/2025_12_21_IMG (326).JPG,2025_12_21_IMG (326).JPG,Citrus canker,train,source_5dfa4996b3de7dd2570e312db6295ae9d74f14f0a3928fcc453dc8d752533be2,val,4e650427f51077799bd8e8dba306ca00e5adf5e1e73f52ffd130f12c4ea3e825,1,singleton_no_enforced_relationship
dataset/train/Citrus canker/2025_12_21_IMG (329).JPG,2025_12_21_IMG (329).JPG,Citrus canker,train,source_ff5d22dea7293f7f7cb4894927bdbe42d348669e69ca0fd674bc54eae1a5e504,val,0798c76fabf42e65e805704eb10a9e1f9a2eefde21951fcc8f8346160ae707cd,1,singleton_no_enforced_relationship
dataset/train/Citrus canker/2025_12_21_IMG (330).JPG,2025_12_21_IMG (330).JPG,Citrus canker,train,source_fa2e5c48cf967af8c4e8e656571591aa259ee0291d4007779b9837e7fc604628,train,bc1da55af8288a8dcaa4ebf2dd5fc28851e3c8126b705725fee00ebdb426844c,1,singleton_no_enforced_relationship
dataset/train/Citrus canker/2025_12_21_IMG (331).JPG,2025_12_21_IMG (331).JPG,Citrus canker,train,source_1791c7dbd50aed1853537bb8286bc9085cdd3790e00c7ea9cc214b9aa8f3b43d,test,b6becc9cbff81e92a8dacd41c13020a62f985de538552fa9bab39c760e216d9f,1,singleton_no_enforced_relationship
dataset/train/Citrus canker/2025_12_21_IMG (332).JPG,2025_12_21_IMG (332).JPG,Citrus canker,train,source_d0bd6a3afff75995d1d9fa94253ac746b8f70bc556ed2022dea2efb612c3847c,train,e62014100f5feb68df7da2225963d88ff9203d2ca519bc279718b5961edfd855,1,singleton_no_enforced_relationship
dataset/train/Citrus canker/2025_12_21_IMG (333).JPG,2025_12_21_IMG (333).JPG,Citrus canker,train,source_8069ae7a3063447c059dc1651a2bbe420d80ba0d69f6659067aea65f52f0fdcc,train,ad01ea5f556a6ebb5daf5aec2373f129a7f1da25db9043ebc7f4e605decc29fa,1,singleton_no_enforced_relationship
dataset/train/Citrus canker/2025_12_21_IMG (334).JPG,2025_12_21_IMG (334).JPG,Citrus canker,train,source_f85430db3afb27277af90099fd1aaf8982d12dbe549b4bb176956e7c40f6948d,train,ba890c4fc0e269423005b0ff7c1b0a6b036eea4b9fce857c49743e2f64b3e74e,1,singleton_no_enforced_relationship
dataset/train/Citrus canker/2025_12_21_IMG (335).JPG,2025_12_21_IMG (335).JPG,Citrus canker,train,source_78112a0ee4572bc023cef397f915e3639b2f70f2862e9adea1ee6d12d141b90c,train,1f0ec38ae1cfc820737990aca2e051eba3c5f4076c66ad72c6c7e1362e503d91,1,singleton_no_enforced_relationship
dataset/train/Citrus canker/2025_12_21_IMG (341).JPG,2025_12_21_IMG (341).JPG,Citrus canker,train,source_7076c2a21491acb8de3dbf91e78665ac81d27a5ce9f51d40ec4dc244c83cfe63,train,a23e6608a84edbc4ec3e1c8ada9ed8cb7a35cf7e6e16dfcb874adca45554b6e5,1,singleton_no_enforced_relationship
dataset/train/Citrus canker/2025_12_21_IMG (343).JPG,2025_12_21_IMG (343).JPG,Citrus canker,train,source_6c3f2794571a4e3686fbc38f80898952986126b098a5509d7c93843dbb6874a7,train,10e5f478f697d5a171536e6563228a3c27b97eeeb760fb4784f28845bd89f6fb,1,singleton_no_enforced_relationship
dataset/train/Citrus canker/2025_12_21_IMG (345).JPG,2025_12_21_IMG (345).JPG,Citrus canker,train,source_5b831a1b80c799c8f9dc04efcfd8856df68e62928edaa6c8efac41d225179caa,val,4627223d71b1be441a1c38059f0430f4942b71641ef738a64ab15e93c92b7f87,1,singleton_no_enforced_relationship
dataset/train/Citrus canker/2025_12_21_IMG (346).JPG,2025_12_21_IMG (346).JPG,Citrus canker,train,source_c040c4e603bda1fc69a39e32ac39db12476b08545d5f03749d0352de79987eee,test,919e996938e939393a494af53ce64220c7a016e48a92f4d8a52f72c3b958c63c,1,singleton_no_enforced_relationship
dataset/train/Citrus canker/2025_12_21_IMG (347).JPG,2025_12_21_IMG (347).JPG,Citrus canker,train,source_0f173508e9998ba6801591b8c8f9f1bb508ef5f6d5ae541f6209515263948bf5,train,c59b2d82d2dd5affc521e439749aaffe156ca30575f629719575d10613a0c845,1,singleton_no_enforced_relationship
dataset/train/Citrus canker/2025_12_21_IMG (348).JPG,2025_12_21_IMG (348).JPG,Citrus canker,train,source_668bef37d268460f10683609b5271e633661c1a8df08579d1bfc05952aac021b,train,70d0642c29c8733fb1f5e686b4b142a5d21fa39efc8afaec837af8efbc203ba9,1,singleton_no_enforced_relationship
dataset/train/Citrus canker/2025_12_21_IMG (349).JPG,2025_12_21_IMG (349).JPG,Citrus canker,train,source_d5d61fa2611793b88d518cbb14e8ea2d5a3e998fd6c4512954dae07e37aa3caa,train,c306bc8df67a18d6413ee4800570370483a3cef38b8ceb4bc68a12e7628caa9f,1,singleton_no_enforced_relationship
dataset/train/Citrus canker/2025_12_21_IMG (351).JPG,2025_12_21_IMG (351).JPG,Citrus canker,train,source_eecba46fb2d74056499e0cc856cda47eb6f6bad2252407f8ea593860738e6834,train,ac8dc3b1f9b86150091561e8672ae399b08ac181a454156379fa3b5596b62130,1,singleton_no_enforced_relationship
dataset/train/Citrus canker/2025_12_21_IMG (353).JPG,2025_12_21_IMG (353).JPG,Citrus canker,train,source_1d5d88a398e7b56b4e9b98373473c78f8ef6c67d41b8f5345b685d01b3235f08,train,a1ce139d2173f6aa7796f8a62c0e5015ae1d82be35b177c83e94b51490e26c26,1,singleton_no_enforced_relationship
dataset/train/Citrus canker/2025_12_21_IMG (354).JPG,2025_12_21_IMG (354).JPG,Citrus canker,train,source_347aeceb85a3c72baf53954f4f6a083ccbb228139577eee3ce5de58fdbf5b6bf,train,9377ced24e29fa660fa2519a60f4d4b7e81cb73a79d1088c40b2e082a40d4de2,1,singleton_no_enforced_relationship
dataset/train/Citrus canker/2025_12_21_IMG (355).JPG,2025_12_21_IMG (355).JPG,Citrus canker,train,source_59469bf33520ddf6c87daa164fbef16421dae039a21e85a3b6f78b5ce61c9ae6,train,690413695015adebdbeb6cabedb8dd7cd03626771eae99230db452d05d9b7933,1,singleton_no_enforced_relationship
dataset/train/Citrus canker/2025_12_21_IMG (356).JPG,2025_12_21_IMG (356).JPG,Citrus canker,train,source_33cd2dd7d99a3f80020c5029d79fd91b2e59ca25b260eb7decb6c166d644d760,train,471f9d28f4e123f42fb381b67f1bab628d7f51f6ac0e8868f0d2016b33435488,1,singleton_no_enforced_relationship
dataset/train/Citrus canker/2025_12_21_IMG (357).JPG,2025_12_21_IMG (357).JPG,Citrus canker,train,source_66c1f2baacdc202d7c382e9ebe2a96c0220e652816b2d4f0dfa41315efd1b86b,train,8dd7439a1da08aa32491c51c8a46583531982d3bf28f07d454d30ac5211f9259,1,singleton_no_enforced_relationship
dataset/train/Citrus canker/2025_12_21_IMG (358).JPG,2025_12_21_IMG (358).JPG,Citrus canker,train,source_deda57923960e28f3206d70aaf44d2b497ba1794a6788093bbe960d50939bb6b,train,99601adafe14f8ce7552706cbc6c93b49a1a1afd259e969b5665210dfe3acca5,1,singleton_no_enforced_relationship
dataset/train/Citrus canker/2025_12_21_IMG (359).JPG,2025_12_21_IMG (359).JPG,Citrus canker,train,source_5409c708f173d1daa975289ca5f94566386ab452a0717bcccd712f6966bfdf1e,val,3be49b70a1a6d9dc1e2e3cb7de7b1f0138a430ca9e669c9c49edfcbf1ff70917,1,singleton_no_enforced_relationship
dataset/train/Citrus canker/2025_12_21_IMG (360).JPG,2025_12_21_IMG (360).JPG,Citrus canker,train,source_3931bd0439d4c79ab6956f83e28f3bd960bd711d53e66207088135d980dec18b,train,b8d580170c1d8472a6785ac2225c87f8872ee19ddeb22b0c5417d908404f8d89,1,singleton_no_enforced_relationship
dataset/train/Citrus canker/2025_12_21_IMG (361).JPG,2025_12_21_IMG (361).JPG,Citrus canker,train,source_7cc7c487ff50774ab791dbab55e1baea9bf3c1007b37db9dad195e3437cd2680,train,c9c2e4010a1dbc82535d42b02f2997a3b69aa20eaf662895d903b099ae367b25,1,singleton_no_enforced_relationship
dataset/train/Citrus canker/2025_12_21_IMG (362).JPG,2025_12_21_IMG (362).JPG,Citrus canker,train,source_33adebe47d8e2fccc38446ddf45baee9020e946dd5f745c247803f9f5b729ca0,train,4a6930754f4315a715a8c0d9e0b5e97bd69e24d7ce5228dc2a3af4e54efec572,1,singleton_no_enforced_relationship
dataset/train/Citrus canker/2025_12_21_IMG (364).JPG,2025_12_21_IMG (364).JPG,Citrus canker,train,source_07f1eb9fb98c1e0fcec94686eb7f6cd851552b402639f64b35c944cda9fabb01,train,16a1dc19c053409ba74760e994c3d3845743c6a6d5aff87641040bdfd2a1819c,1,singleton_no_enforced_relationship
dataset/train/Citrus canker/2025_12_21_IMG (365).JPG,2025_12_21_IMG (365).JPG,Citrus canker,train,source_75b97be91670d4da2ecf163f6f4507dc44178af7404d068b8a3dfffdc340de89,train,d2b9d5ac2a965473882b7cc770f85feb7802abc8f907b76a4051e3a8a046ed80,1,singleton_no_enforced_relationship
dataset/train/Citrus canker/2025_12_21_IMG (366).JPG,2025_12_21_IMG (366).JPG,Citrus canker,train,source_7340bfdbffff3796c265b2023ef48d440fc806f5c5184d070c120e90139c78e8,train,0f738c7f2d58aa59df60dbd13364fc8cb99ad2ded3d06d6b263a0f1385ec92a9,1,singleton_no_enforced_relationship
dataset/train/Citrus canker/2025_12_21_IMG (367).JPG,2025_12_21_IMG (367).JPG,Citrus canker,train,source_ecf2072c3cec6ee1fc66de208353b8d99f1c9deb7e3d5d76f9e55a42632793b3,train,f83b8a47cae4fda7267eb7c1b08dcf756ccbba7c0e3e0c9fa8ae5ae998f10221,1,singleton_no_enforced_relationship
dataset/train/Citrus canker/2025_12_21_IMG (369).JPG,2025_12_21_IMG (369).JPG,Citrus canker,train,source_9312b570c731f4504944a25578f52ba50bbf769399fd4584c02a56ec2980590a,train,6b0ce3cdbad2fd942d311738690214f72532800bb3c64a9a248f57df90f43a30,1,singleton_no_enforced_relationship
dataset/train/Citrus canker/2025_12_21_IMG (370).JPG,2025_12_21_IMG (370).JPG,Citrus canker,train,source_acc6f150e683b330649824fc2b4bb366c21e1bd5bc313676e988ed260615567c,train,eb3e096d4781be219d78977033e6fffdcdb3e82bba40afab90b04dd2d34790dd,1,singleton_no_enforced_relationship
dataset/train/Citrus canker/2025_12_21_IMG (371).JPG,2025_12_21_IMG (371).JPG,Citrus canker,train,source_71aadc4abb5458bee228fc6d2af3f0ea12fe5e21b490c1ca8116cab5aa258dcf,val,7f567ff2046d4ffc77b7388909986d2f9e9ad08b181f2dd0c149f0c4ccaf8cb0,1,singleton_no_enforced_relationship
dataset/train/Citrus canker/2025_12_21_IMG (372).JPG,2025_12_21_IMG (372).JPG,Citrus canker,train,source_cc172c907b846339596279a31a471e2d310e9cea59f9da9223096e3714f8511e,train,ceb0d31b23d45fe8d91a5f2159179d6ddd493dda56b5e0339922dbe3ae381ccb,1,singleton_no_enforced_relationship
dataset/train/Citrus canker/2025_12_21_IMG (373).JPG,2025_12_21_IMG (373).JPG,Citrus canker,train,source_cdca8c9f384b7cfa506e26c724306d1bf0cc674cc163d1b15cf66124c83e3aa8,val,e1f6f9139bdcd37b48c8f752300cc8bd65f3d074fc22a07237cb1d38e034e858,1,singleton_no_enforced_relationship
dataset/train/Citrus canker/2025_12_21_IMG (375).JPG,2025_12_21_IMG (375).JPG,Citrus canker,train,source_33a02494a0343157af6d4322127fb47d17ce48f06e40c8bf44f83973e14e851b,train,8402d687397e3d1b5f539b0affc7eba5d6a09cd06fb1b20a489f0ae0de6311d3,1,singleton_no_enforced_relationship
dataset/train/Citrus canker/2025_12_21_IMG (377).JPG,2025_12_21_IMG (377).JPG,Citrus canker,train,source_1c7c6fb556f7e58e4dfd65708c5b409c8785e027f96663048f5d96ebd58a0346,val,18105485d15f6a7bd372b0de5c967847c881c8f2264f7ba80342d4de67be675e,1,singleton_no_enforced_relationship
dataset/train/Citrus canker/2025_12_21_IMG (379).JPG,2025_12_21_IMG (379).JPG,Citrus canker,train,source_2ccc4202f229fa582e1800401a96a7e14cf0448c20f6732cd12f2c52655b8a1c,train,914cb46633d9c682a19f8cb9c1c72f0f420e32dc5afa112e34b9e0c5b98593b7,1,singleton_no_enforced_relationship
dataset/train/Citrus canker/2025_12_21_IMG (380).JPG,2025_12_21_IMG (380).JPG,Citrus canker,train,source_6f626ac04e04b7ed317c0ee844301ec9fd008ffd8f352090d95c98a636cf5746,train,be961908c03363b1998d6b90af7bf9f0f85bfab80febe7b73ed32bbb93d20bd6,1,singleton_no_enforced_relationship
dataset/train/Citrus canker/2025_12_21_IMG (381).JPG,2025_12_21_IMG (381).JPG,Citrus canker,train,source_7133ce8400011b4f68d7f27a0c77d16025805d5fee4f07c47bf25d74a6548a8d,train,91f22d5501f39b8d8e3f636222ae0ea9e32f20e3b555a9a3956b75b7983b8e94,1,singleton_no_enforced_relationship
dataset/train/Citrus canker/2025_12_21_IMG (382).JPG,2025_12_21_IMG (382).JPG,Citrus canker,train,source_180f4b624a5aca64eee18495d042cd476cd676190c88bc1da21a8380c458918b,test,26a1e967f820906644ffeb1f5c3984d8e20edfd92b25d366274d525d41434f6c,1,singleton_no_enforced_relationship
dataset/train/Citrus canker/2025_12_21_IMG (384).JPG,2025_12_21_IMG (384).JPG,Citrus canker,train,source_b0eb6848da692a5f2d0d7ccf4c2b3fc776bb71d3272bbe9d0c87a927b9efee91,val,40305921ac0c5877d1031350988e4584706d0d336aac38d5d7748052e47edfea,1,singleton_no_enforced_relationship
dataset/train/Citrus canker/2025_12_21_IMG (386).JPG,2025_12_21_IMG (386).JPG,Citrus canker,train,source_2100d1d15def420be4dda8ec2b18573922b446a6395a1eb0af8baef99eaf54d7,train,4ffd268059adabaed0a5689432e23694a5d4f774191db5e838ccbd474bd5df6e,1,singleton_no_enforced_relationship
dataset/train/Citrus canker/2025_12_21_IMG (389).JPG,2025_12_21_IMG (389).JPG,Citrus canker,train,source_21a84860ccbf195093f87ab2d703e4a7a8c4a776392201a4d7ed87510c834d40,train,b506c83ecad173ff4de9854c2ecbd0ba880cc7e949156b467222945b37764bf5,1,singleton_no_enforced_relationship
dataset/train/Citrus canker/2025_12_21_IMG (390).JPG,2025_12_21_IMG (390).JPG,Citrus canker,train,source_a37bf56a9d9440a781afbab65031361a4f8acede0e3ca197d5e3ab913b2c8b44,train,8c033768ceeba27229770e41831826e1fc68340906e56562263ffcbd31f490cf,1,singleton_no_enforced_relationship
dataset/train/Citrus canker/2025_12_21_IMG (392).JPG,2025_12_21_IMG (392).JPG,Citrus canker,train,source_f538eaddd71072598595ad66001b2329638526c4365b8ab54690facd1a0b80e9,train,d959305592459ab0992427c53a1e3c0e9f6fbb70d64d53c56712917667f90703,1,singleton_no_enforced_relationship
dataset/train/Citrus canker/2025_12_21_IMG (393).JPG,2025_12_21_IMG (393).JPG,Citrus canker,train,source_4589451862509082668363a9f1fdc44b248b6bfdf42b2bbcdf0fb9c77cd8d908,test,bb934780de05d49249b79effe1900bff26c1bb7283eff1a97c8027c1a28b3d6c,1,singleton_no_enforced_relationship
dataset/train/Citrus canker/2025_12_21_IMG (394).JPG,2025_12_21_IMG (394).JPG,Citrus canker,train,source_d38fddac7c697e82e6c60c92195da2caece6f1d5ba7c3c6bf3dabe48d54a4f19,train,23ee8eaaeb64a6dbfdfe965729cb50cb8fd0aaa98da8799deaa291806934cd51,1,singleton_no_enforced_relationship
dataset/train/Citrus canker/2025_12_21_IMG (397).JPG,2025_12_21_IMG (397).JPG,Citrus canker,train,source_382393ecb593c72a87c6122476a5f392c7b0b0da0cf24ba8e7003e8003577473,train,fd480e4217fc7a904589702c7e1ed40c790e676d09df189c4ab5889fa00a58ba,1,singleton_no_enforced_relationship
dataset/train/Citrus canker/2025_12_21_IMG (398).JPG,2025_12_21_IMG (398).JPG,Citrus canker,train,source_a976b7005a35a4c4c3d7a16152c48557dc4850cab225051753166c7fd6964ba0,train,09529e0a74395a4acfb7c22976dd4fe3e11be25a1d6dc1d48f27643a8841b4fe,1,singleton_no_enforced_relationship
dataset/train/Citrus canker/2025_12_21_IMG (399).JPG,2025_12_21_IMG (399).JPG,Citrus canker,train,source_7f176947791b5c93a98d5e8fb078fa695556b114e887000ced29afde82b6e5ec,val,26a62a4220be7ead6e16ea6df3d8b5a95296010ec1c2cd8c921faae204026e84,1,singleton_no_enforced_relationship
dataset/train/Citrus canker/2025_12_21_IMG (400).JPG,2025_12_21_IMG (400).JPG,Citrus canker,train,source_16ab213b824df29ac34abf0f0966b04f90dadca1bcf7e09472f19922c229c133,train,179c285f3d9f7f57652bc6fd3174f6b4681901f4486be0ef9f3960ca6db79912,1,singleton_no_enforced_relationship
dataset/train/Citrus canker/2025_12_21_IMG (401).JPG,2025_12_21_IMG (401).JPG,Citrus canker,train,source_77dfcd7492794fda6d2c3abe725b3d06d3618162f4c8d591be76ebf4d0352a49,train,22b4d3631742391004d63c021d8fa6dddc3b75a1ffc50c85878ee27becb2fc76,1,singleton_no_enforced_relationship
dataset/train/Citrus canker/2025_12_21_IMG (402).JPG,2025_12_21_IMG (402).JPG,Citrus canker,train,source_5e5ef78f077f88b2475b3dba80caaccc7e5ff84ea370f350b3ff5c64057ab9cf,train,7197b4e745b8b306cdfcbed068d9c087135ff79436911d6fdad4892f9a682515,1,singleton_no_enforced_relationship
dataset/train/Citrus canker/2025_12_21_IMG (403).JPG,2025_12_21_IMG (403).JPG,Citrus canker,train,source_236475e51352911d1dc3ec327ff86388936c48242f6a6430723d1c372c6a1e27,test,7fd2ca5003042b8b1d5e3e4cc074e9d07e34228bc974c5877d735685f818690e,1,singleton_no_enforced_relationship
dataset/train/Citrus canker/2025_12_21_IMG (405).JPG,2025_12_21_IMG (405).JPG,Citrus canker,train,source_7ac360b9590fbf1fbcf065b8560a0d2f47cbe900ffcb30a6aee63f6dae2cef8a,train,de89be157be12459f425fbaa5e0e8f60a06a7f8d92bb87e67e8fb755c3e8473d,1,singleton_no_enforced_relationship
dataset/train/Citrus canker/2025_12_21_IMG (408).JPG,2025_12_21_IMG (408).JPG,Citrus canker,train,source_d1684dfbffbbb987646f2acb997c7056a68d2bdc3474ed056670c99bc38da610,test,bd9f5da541d8ca09e5f00fc8f9950bac13e071bbd4d179562059d2f7360b9a00,1,singleton_no_enforced_relationship
dataset/train/Citrus canker/2025_12_21_IMG (409).JPG,2025_12_21_IMG (409).JPG,Citrus canker,train,source_b9a9bd5b64ad9d2c72b0316d8aea9a6db0f65d3b62f1af4c9384d044f281ceb4,train,1ce367e916d7ca69c8e9db061cb949aacba08714d178be08fc0758a020580513,2,AB_pair_evidence;existing_AB_cluster;existing_AB_manifest
dataset/train/Citrus canker/2025_12_21_IMG (410).JPG,2025_12_21_IMG (410).JPG,Citrus canker,train,source_b9a9bd5b64ad9d2c72b0316d8aea9a6db0f65d3b62f1af4c9384d044f281ceb4,train,e758ea5c3c2a3822e1e2f3bebf73d9ef998352ed89d886fae4f4f0d8235d01e6,2,AB_pair_evidence;existing_AB_cluster;existing_AB_manifest
dataset/train/Citrus canker/2025_12_21_IMG (411).JPG,2025_12_21_IMG (411).JPG,Citrus canker,train,source_fbadfec3dca3d6d75e542879103a2a2f2c17f85f3008d89c237fbf0a417f3aea,train,62646140b18378bf699a555cf2b4f3f8d22ee37eb47389ae14ebc4c03cab24dc,1,singleton_no_enforced_relationship
dataset/train/Citrus canker/2025_12_21_IMG (412).JPG,2025_12_21_IMG (412).JPG,Citrus canker,train,source_a3c3cf0576116ab4653cd3d4d4da3d632601735ea12b804e0f93a4cbb1adf66f,train,90c50565067036d2f8a6e092b3ebc09fb7369a6d2c9dcb495779bcb8d269b2a8,1,singleton_no_enforced_relationship
dataset/train/Citrus canker/2025_12_21_IMG (413).JPG,2025_12_21_IMG (413).JPG,Citrus canker,train,source_7288d3ec4481c313718f9b1c7f8e589dc8a4e6018d7a3730aed844705f651ca1,train,8948682170440eb72be3472c21265678ff027a2606a0d800ee7f7814c2104f5b,1,singleton_no_enforced_relationship
dataset/train/Citrus canker/2025_12_21_IMG (414).JPG,2025_12_21_IMG (414).JPG,Citrus canker,train,source_7200d1d978bc90d5c3007ee410471c0e27df7d66f1a77f942d576267975e78df,train,a682a583c84b6f0cfb6dcf825e5e7502cd5eb45cdadbc3d90c895e651d059744,1,singleton_no_enforced_relationship
dataset/train/Citrus canker/2025_12_21_IMG (415).JPG,2025_12_21_IMG (415).JPG,Citrus canker,train,source_fe57c3654604583ae5eeff5db75caa7c07d87251676e8ff53dceacabc7c7b876,test,e512197b282b092e475384e3ddd084cac570103084d00b2179ba14adfcf8c0a2,1,singleton_no_enforced_relationship
dataset/train/Citrus canker/2025_12_21_IMG (417).JPG,2025_12_21_IMG (417).JPG,Citrus canker,train,source_62450b462e6323707450d08bb4c0cbbee71b6622e0e8d4b2d13dd563d3cf07fc,train,90a3a5fbfa14b3ba134086027b5a4143dce797ad3956087a81378a276771ae15,1,singleton_no_enforced_relationship
dataset/train/Citrus canker/2025_12_21_IMG (419).JPG,2025_12_21_IMG (419).JPG,Citrus canker,train,source_c5cfb3352827c3fe92bc8312c2fd340143016fac657d38e35c3d9d040a6cf22f,train,a758a23b2359cbd59160ba749d80748b222bb2edb808a1d580f0df306b312e40,1,singleton_no_enforced_relationship
dataset/train/Citrus canker/2025_12_21_IMG (420).JPG,2025_12_21_IMG (420).JPG,Citrus canker,train,source_54c147c980ca135edd371a84a4b6eca2104a6aa27f6ca38a59ada16be67261bc,train,3dcac3008e25eade471753f121a67f6df7a33ff4e7e1090f0fe3ba14c62ba995,1,singleton_no_enforced_relationship
dataset/train/Citrus canker/2025_12_21_IMG (422).JPG,2025_12_21_IMG (422).JPG,Citrus canker,train,source_9bbe23058bd33bfd3e324e67f451003753682d634cd700b3934a7bf29fbd322f,test,97086733f4da773e4693d67f18dc68edf733bd1ce8c3271e92edec38f28d8beb,1,singleton_no_enforced_relationship
dataset/train/Citrus canker/2025_12_21_IMG (423).JPG,2025_12_21_IMG (423).JPG,Citrus canker,train,source_ba0118ea19fd7d027dd2140f35590b402f8618be546ed31896a42ddf56047964,train,96543de73ddbd0d677d1492f98a1522e7c8da5fff39bf2b217ea25a8a1c78500,1,singleton_no_enforced_relationship
dataset/train/Citrus canker/2025_12_21_IMG (424).JPG,2025_12_21_IMG (424).JPG,Citrus canker,train,source_28f36b915c5825c708ab6b139270b532980b5e24d5b5122b8d428011dbf8a3fb,train,0c355a071b9aa674a9faeb0450f3797ff072752c8b28908af049d0bcb943faec,1,singleton_no_enforced_relationship
dataset/train/Citrus canker/2025_12_21_IMG (425).JPG,2025_12_21_IMG (425).JPG,Citrus canker,train,source_3867f6c89149f1d05ae578b164728acdf8ad9786a7a1da60687944c83915537d,train,beb6fe134a4ba34cdfba1e7e97e7a9554745fdad1a31dda39d086a85498c43ba,1,singleton_no_enforced_relationship
dataset/train/Citrus canker/2025_12_21_IMG (426).JPG,2025_12_21_IMG (426).JPG,Citrus canker,train,source_5b57b40b9d2235a8c6514780a98d8d0acbeaeeb2c3eb359e8ea048b5bebc03b4,val,9d705ef05ffd89f69cc3b3896822f7a3e559a6ca2edcfe6d113455c79cec1b1a,1,singleton_no_enforced_relationship
dataset/train/Citrus canker/2025_12_21_IMG (427).JPG,2025_12_21_IMG (427).JPG,Citrus canker,train,source_f39a48abe850bbb8a0c5d9346f18dad71556f54650dbc387cd9d3ef59e8c92f0,val,715995befa5f02441def7c92689c50bf08126706566fd6bbbb5a76e3090111f7,1,singleton_no_enforced_relationship
dataset/train/Citrus canker/2025_12_21_IMG (428).JPG,2025_12_21_IMG (428).JPG,Citrus canker,train,source_4816a486a9485d83318469a2f4cb4083c1b9d9b9177ed54891b9fd01e0a2f8f9,train,6e5c7e927a7f0fd759b868a9e3f26f5238dcfac705e8f05fd1f9f66f79d047ec,1,singleton_no_enforced_relationship
dataset/train/Citrus canker/2025_12_21_IMG (429).JPG,2025_12_21_IMG (429).JPG,Citrus canker,train,source_daa8857a0b3982eab2810fef088b3ffc049f936e945c3e6421df94a9e94167e2,train,79e27bec83deba10843b560f6b721f10fb7d263fc7bc4e54b6e63c7f551e37d6,1,singleton_no_enforced_relationship
dataset/train/Citrus canker/2025_12_21_IMG (430).JPG,2025_12_21_IMG (430).JPG,Citrus canker,train,source_c579a2a3627e4a3d6dba227941327512517be660bdc79c2f222e7765c313e0c5,train,724fe2ad0c4ac03d39988f18a86b3287c9ba9edaf9b9c9f38ef3575bd020efce,1,singleton_no_enforced_relationship
dataset/train/Citrus canker/2025_12_21_IMG (432).JPG,2025_12_21_IMG (432).JPG,Citrus canker,train,source_48a927d3d341667b36529dbd9706664f736413d6ca93f901ee12c77a630abf86,train,84e04fba877de67f5c0ea32b9af9e4bc040013975c326b48c1aa26a1fedcd00c,1,singleton_no_enforced_relationship
dataset/train/Citrus canker/2025_12_21_IMG (433).JPG,2025_12_21_IMG (433).JPG,Citrus canker,train,source_311d2f662e8bf44d6254f81bea9c8cd5315fb57803d0ea8a87768cce362b78d7,train,9bb143d48f1abfcadae64ad506f98c8f5acb48f0cfd57818644e66547b060a39,1,singleton_no_enforced_relationship
dataset/train/Citrus canker/2025_12_21_IMG (435).JPG,2025_12_21_IMG (435).JPG,Citrus canker,train,source_73be6e31e2e71572654317ba18ce24345673cdf2a70c33e116f2bb349bef80f3,val,8909805f62c4f18c70e75775f12ca5c0fad4c6660cff2e3ce932c93c4e694f48,1,singleton_no_enforced_relationship
dataset/train/Citrus canker/2025_12_21_IMG (439).JPG,2025_12_21_IMG (439).JPG,Citrus canker,train,source_f7e0028ff5fba8592555112e166ddebd711f1650d24118ee084258aca2b5dfee,train,b3f9a0df7eb9b7bb96c3452790af8ace47e969d6edcf96518dc7a96d5c4360ec,1,singleton_no_enforced_relationship
dataset/train/Citrus canker/2025_12_21_IMG (440).JPG,2025_12_21_IMG (440).JPG,Citrus canker,train,source_2f6a06ffb7bc3dbff59ca4bfd2619168b4c0fa89b82aa0587794e671197a8f38,test,1b07fb94de1088e524c1abccc4424b41642be147859b16499bd9e94fa7507dc3,1,singleton_no_enforced_relationship
dataset/train/Citrus canker/2025_12_21_IMG (441).JPG,2025_12_21_IMG (441).JPG,Citrus canker,train,source_ed7e74341253c84fe150af4b0771b7a6e139e2ce2aac74b7a6f7f320d97b2d86,test,f0ed7803af205ef7a5c80689c4281a9693d3ea45080beec7dd875c7892052344,1,singleton_no_enforced_relationship
dataset/train/Citrus canker/2025_12_21_IMG (442).JPG,2025_12_21_IMG (442).JPG,Citrus canker,train,source_b2df455216d1f27c9b06d4ca0a31de8bd4276e97203040787e264e68f56d62c1,test,cabcccec1baa1415763bec40ed3845bc1986ecd9175301ab4ebb8a69fcb54add,1,singleton_no_enforced_relationship
dataset/train/Citrus canker/2025_12_21_IMG (443).JPG,2025_12_21_IMG (443).JPG,Citrus canker,train,source_f1b9c0b45f89a53bc23bc7d4bae959f089ff4fb4e97ca0d3941ab849515a9127,train,386099db7ea30f69ed50e36adc2ba5767e23cac125ee0283a1614ec703eec475,1,singleton_no_enforced_relationship
dataset/train/Citrus canker/2025_12_21_IMG (444).JPG,2025_12_21_IMG (444).JPG,Citrus canker,train,source_96179f4aa7aa67082c9b6dd53cbfdb3e565d8811014dd850374dbb4066e10091,train,96df95740258b3c22ab01164afa27eb9da23dc2f1af6553ec437432d1c3622c1,1,singleton_no_enforced_relationship
dataset/train/Citrus canker/2025_12_21_IMG (445).JPG,2025_12_21_IMG (445).JPG,Citrus canker,train,source_2b837b0c7656325a96b5a5319c37c7de0248c61592d5fd9468be43709d630491,val,c85a0fa3a1d92c477e76235cee533a761983a8623f56fc339604271e88858bbf,1,singleton_no_enforced_relationship
dataset/train/Citrus canker/2025_12_21_IMG (446).JPG,2025_12_21_IMG (446).JPG,Citrus canker,train,source_f42e3eeb1ddc0af2252228d58fb5ea117fd999af0a71cf4659754aba9b22b2a1,test,d4847caa26b750dd07d1f6a5ea893f1a21f985206a8f163faedde161dfed0079,1,singleton_no_enforced_relationship
dataset/train/Citrus canker/2025_12_21_IMG (447).JPG,2025_12_21_IMG (447).JPG,Citrus canker,train,source_130c7195ac86e3b8e829ad7c865976b6406b3fc705acb5aa07c374f8ca9f8e44,train,035f01d95b5e791da07bb6f67fae45de9d015193dc5d65cc6634c2a03fe18c46,1,singleton_no_enforced_relationship
dataset/train/Citrus canker/2025_12_21_IMG (448).JPG,2025_12_21_IMG (448).JPG,Citrus canker,train,source_dd67bb31b1bff83ff9ed89ea686ab7ba265854d0fbe560defe0deba864d984a7,train,9119974b29709da573c3f6494cb2f1e16e9724feed1a7ad249147436b1934412,1,singleton_no_enforced_relationship
dataset/train/Citrus canker/2025_12_21_IMG (449).JPG,2025_12_21_IMG (449).JPG,Citrus canker,train,source_b3762daf9ba72dd1fce3cbd1bba1b018ca9cf2124c4f1ff65d5f57385a182233,train,7d914472a1dd41f012a7453050439fe808e20e85b7c8b19177f71e237dc068a8,1,singleton_no_enforced_relationship
dataset/train/Citrus canker/2025_12_21_IMG (450).JPG,2025_12_21_IMG (450).JPG,Citrus canker,train,source_e25ee7cb21a98e23eec147f249a920ff0463aec0114c0d97d156e5baa709a1fb,val,0b11f445afe86b98d978a49b34fff2b6ba479f382e01bcacb4fa3a6edcd3e01b,1,singleton_no_enforced_relationship
dataset/train/Citrus canker/2025_12_21_IMG (451).JPG,2025_12_21_IMG (451).JPG,Citrus canker,train,source_4053db46949e6f6656133efc3c4339fcd570f79eecfab222a4fb58f57c43af8b,train,3630e8159a349efff452327c621e428860969e90d0b0b45befb117e2909c88d3,1,singleton_no_enforced_relationship
dataset/train/Citrus canker/2025_12_21_IMG (452).JPG,2025_12_21_IMG (452).JPG,Citrus canker,train,source_2f0a5a1b93a9db4a7fa351dec727393f442b16bb8b81d21fbaaeb886d190b515,train,c2a8ca644839ddee421b5900b8163b6826d986c9a9200d21ae31f112c972321a,1,singleton_no_enforced_relationship
dataset/train/Citrus canker/2025_12_21_IMG (453).JPG,2025_12_21_IMG (453).JPG,Citrus canker,train,source_9c08557d7b0e7364c929d5855a7b2db54abe1461e12d09bffecad213d8757786,train,4668e3d9145da35474eef4c8d1cc10947d6e00e4af0b4b76ce060d8b1be505c4,1,singleton_no_enforced_relationship
dataset/train/Citrus canker/2025_12_21_IMG (455).JPG,2025_12_21_IMG (455).JPG,Citrus canker,train,source_fa2816d6d3bbe46232d7d309910e8f41bc720e3dd42ca4d918f8a42f6cc5eb4b,train,8997e0674ac12a4150bde345b958c414275aeba30744c1bc33de9eb0a90fe475,2,AB_pair_evidence;existing_AB_cluster;existing_AB_manifest
dataset/train/Citrus canker/2025_12_21_IMG (456).JPG,2025_12_21_IMG (456).JPG,Citrus canker,train,source_fa2816d6d3bbe46232d7d309910e8f41bc720e3dd42ca4d918f8a42f6cc5eb4b,train,02dad0a6545faf8d0b7d406e1e422abe11e019ef8918c19e97efc9828fe52e6b,2,AB_pair_evidence;existing_AB_cluster;existing_AB_manifest
dataset/train/Citrus canker/2025_12_21_IMG (458).JPG,2025_12_21_IMG (458).JPG,Citrus canker,train,source_eceeceab467e86c15966e3b8359502a2d7cb0a316f8179a3f8003d78efec703b,val,cc4bb5a9e56fbe88111fa69e9a439dd4c747964da7f09dec474722c7461b315f,1,singleton_no_enforced_relationship
dataset/train/Citrus canker/2025_12_21_IMG (459).JPG,2025_12_21_IMG (459).JPG,Citrus canker,train,source_48e86ecc73c54fddab3e054b27eb89bede688f5f8bc7c8d10996d437bcf45de4,train,1566cf5ca292b779463ad88b18a6bfee02c8ebba10f08d5ddd6e970f9f894580,1,singleton_no_enforced_relationship
dataset/train/Citrus canker/2025_12_21_IMG (461).JPG,2025_12_21_IMG (461).JPG,Citrus canker,train,source_9447b459268b582ce48de8529cdeda4f4b19065496ac6aaed4c34cdc36f57144,train,7bd0bd8e4ed8c217974df5e0bbd108a0b1f460a4383cfa2ba8007ca93e3bde44,1,singleton_no_enforced_relationship
dataset/train/Citrus canker/2025_12_21_IMG (463).JPG,2025_12_21_IMG (463).JPG,Citrus canker,train,source_b843910d78c2b337f2334c81e08d9fd8b8369f44be618392542e54ac76a48aea,val,43a8c2e799c9f0ebf8ef80984069642f9d39bb987831961ce1d38876b3f2074d,1,singleton_no_enforced_relationship
dataset/train/Citrus canker/2025_12_21_IMG (464).JPG,2025_12_21_IMG (464).JPG,Citrus canker,train,source_b27e4eff60203385bcb8a71027b18bac7add309d695b7917f6809894b6d00da7,train,c0280f5c311f3019f29617ed63f8e42e4cb46bdb345dd695c24bd3cd201dd93a,1,singleton_no_enforced_relationship
dataset/train/Citrus canker/2025_12_21_IMG (465).JPG,2025_12_21_IMG (465).JPG,Citrus canker,train,source_406c8d2d8a8234c8c8dd52646f0a3617a0eed45efd3d2c70ff417c12c383bc0c,train,7511da57a2e7a30ba9740fdea2d0a09a9d8327e8f55c7d4ff21ac76f834bb346,1,singleton_no_enforced_relationship
dataset/train/Citrus canker/2025_12_21_IMG (466).JPG,2025_12_21_IMG (466).JPG,Citrus canker,train,source_a92012b9e39567c7bedea6e70d2393f24cbfedf7cb4b57ec0dde32aeabad20e4,val,818419dd0b35389fea79ac87b4670f5f5a8d060bea99965d06d3c5865c3b4865,1,singleton_no_enforced_relationship
dataset/train/Citrus canker/2025_12_21_IMG (467).JPG,2025_12_21_IMG (467).JPG,Citrus canker,train,source_eff7d7206e7aa48a11bd3319929ccb18b22c668132f7e62665f6e9f1d8669cef,val,a4a6c41e5dd1b5e544454aa893b7015c176887b1cdbe095323e4d5081affc1af,1,singleton_no_enforced_relationship
dataset/train/Citrus canker/2025_12_21_IMG (468).JPG,2025_12_21_IMG (468).JPG,Citrus canker,train,source_b3cb0a008b783e4ff380d24b1cd80d2b4109f12b506e3f850cdf20e64ad06232,val,c99b0d1fab4c97e7bd401401ed33db8b987ba1a22c9db028b263edb3d5171fe0,1,singleton_no_enforced_relationship
dataset/train/Citrus canker/2025_12_21_IMG (469).JPG,2025_12_21_IMG (469).JPG,Citrus canker,train,source_5ec1cb6de850985a8cbec46ba66d646a5a951388f16766111c93938ab3442242,train,954337d111f3732912ac00dc388f1d2167dd155e9ca7431f367635043e07d285,1,singleton_no_enforced_relationship
dataset/train/Citrus canker/2025_12_21_IMG (470).JPG,2025_12_21_IMG (470).JPG,Citrus canker,train,source_7361860948abea851044bfabf59d40b32b31dd4afdaf71a6aea686f8f4b09c47,train,0c7a631199f64db46cbca14e1347965660f9032667f71564c9f3c4d11bbadc40,1,singleton_no_enforced_relationship
dataset/train/Citrus canker/2025_12_21_IMG (471).JPG,2025_12_21_IMG (471).JPG,Citrus canker,train,source_f08f0ae1d7b6a3c4b60d1f14063e48a80482b1318d8cdf1bbb84fbff874147f4,val,6befd1b49763632ded2265c33780950406938c17d6a86a5f20888219cbfa1808,1,singleton_no_enforced_relationship
dataset/train/Citrus canker/2025_12_21_IMG (472).JPG,2025_12_21_IMG (472).JPG,Citrus canker,train,source_1fd35ec2cf71a02395993a6265d1df8a148985cb58ed346ed30a0b8ea8c85f0b,val,94513dbf577faadf43d0a8d06c693888dd255ce71d0df0d7fd2ddd63ae9b860b,1,singleton_no_enforced_relationship
dataset/train/Citrus canker/2025_12_21_IMG (473).JPG,2025_12_21_IMG (473).JPG,Citrus canker,train,source_1c01ca67762780110abaf2e3f0041a984085abacbcf2e1855331c787e88f2c78,train,b49e36174b280038f1af703d1573b3c375028c568dc9f08510d26f36bed89ad6,1,singleton_no_enforced_relationship
dataset/train/Citrus canker/2025_12_21_IMG (474).JPG,2025_12_21_IMG (474).JPG,Citrus canker,train,source_7d2b589bb2aa43c91f3cb7e59b556603e878f86b2a646ca464bcd96aaa43444e,test,511b4ad88da15b528972bbc83e1f8e81e63772c620fd40c38fc1330b81cdda2f,1,singleton_no_enforced_relationship
dataset/train/Citrus canker/2025_12_21_IMG (477).JPG,2025_12_21_IMG (477).JPG,Citrus canker,train,source_8e0538f1c4592ef8d51442598a0404cb000c2842b5a39fff8c1ce8bb933dd1d0,train,a0016138064ec15926823f2172f86d2b8ed735deac9113effab3ef2b294755ad,1,singleton_no_enforced_relationship
dataset/train/Citrus canker/2025_12_21_IMG (478).JPG,2025_12_21_IMG (478).JPG,Citrus canker,train,source_dbb4738c8a7cfa46b250768bf6998f6784c273504881959bcdb240c458902786,val,c8d2426a9df97f93cdc2814374e951c50033fe7f8c7bf2a12a7550f196449b42,1,singleton_no_enforced_relationship
dataset/train/Citrus canker/2025_12_21_IMG (479).JPG,2025_12_21_IMG (479).JPG,Citrus canker,train,source_64dacdbd40593ebfc008d9cdebdf17d03058c5dea0940a7c204424a3dd04dc49,train,d31c692bf19b099dadb7586bf3579917c7249ae0f497939929cc71f28c9c9d31,1,singleton_no_enforced_relationship
dataset/train/Citrus canker/2025_12_21_IMG (482).JPG,2025_12_21_IMG (482).JPG,Citrus canker,train,source_491df2b495c7ebe10d161644c49dd11b639574555215c272a83b1803c6fc393b,test,ba64cef7b37418a3568abce176b884fb946a84f87ccc15e49391783e6bf3d416,1,singleton_no_enforced_relationship
dataset/train/Citrus canker/2025_12_21_IMG (483).JPG,2025_12_21_IMG (483).JPG,Citrus canker,train,source_91b098dd16e17b83935b0c8ef31068b3112273c1013b8f4e64674349f66ec06a,train,cda576c0d8a7363eb201fc4aeb02e2ef135baf3311d76a586f41f5ecf8f48c17,1,singleton_no_enforced_relationship
dataset/train/Citrus canker/2025_12_21_IMG (485).JPG,2025_12_21_IMG (485).JPG,Citrus canker,train,source_22c0df1cd91c9d1a3a52200c3078cc056e36c5e58e95230bd647f100d3f12f88,train,900d69d726985a5d31c792a12162396b6b52c254cdbcedc41ec75442f9da9852,1,singleton_no_enforced_relationship
dataset/train/Citrus canker/2025_12_21_IMG (486).JPG,2025_12_21_IMG (486).JPG,Citrus canker,train,source_bfc40a2c11bfab4015ae5bc634141779c3091420cea2357d507b2dad4ea47cda,test,e280f27bb071b0dd5ea89353896bb4f441823bc8b887de40e7a92879f17a954a,1,singleton_no_enforced_relationship
dataset/train/Citrus canker/2025_12_21_IMG (488).JPG,2025_12_21_IMG (488).JPG,Citrus canker,train,source_b01189241a1ee048bb9547624822bdfdaa72fd3b84716374933f1650cd0b3632,test,5f8d0fa61260c6c02912d7118b8e524affaecc286a47f1afe968f50ba6126daf,1,singleton_no_enforced_relationship
dataset/train/Citrus canker/2025_12_21_IMG (490).JPG,2025_12_21_IMG (490).JPG,Citrus canker,train,source_608c8a998b9326c34918c192dd478a840fc3f397d95ca3125c1d561fb7c89dc4,test,d834c7fcd3136dee2c58184624f4f3a1bdf155c31f1cb2accfee7975e366775b,1,singleton_no_enforced_relationship
dataset/train/Citrus canker/2025_12_21_IMG (491).JPG,2025_12_21_IMG (491).JPG,Citrus canker,train,source_a0a2dbf67a3b6fd0e483f282954a3b7777a971818f45356f0d7c50ae7a3659b9,test,d0ac5080de1295a5276999251742d5cac4606ff822e4e9af8b61e4ea4fd952a7,1,singleton_no_enforced_relationship
dataset/train/Citrus canker/2025_12_21_IMG (492).JPG,2025_12_21_IMG (492).JPG,Citrus canker,train,source_91bc54315d89ba6213431e130849ddd95af091ef14f6731153772f4544349339,test,90d78300d96f38a287246bf2e5fc936d4f67ccfaac8b67140f4be6f9ddf37931,1,singleton_no_enforced_relationship
dataset/train/Citrus canker/2025_12_21_IMG (493).JPG,2025_12_21_IMG (493).JPG,Citrus canker,train,source_dbc61a3802a5e174ceeea06c4cb1daf130a9f1931c843f61317114c71a84fced,train,9063e3ee13149919c9c267912ad895adffb0d34bdc65e27917afc27850587dd5,1,singleton_no_enforced_relationship
dataset/train/Citrus canker/2025_12_21_IMG (494).JPG,2025_12_21_IMG (494).JPG,Citrus canker,train,source_cb7cb51a04d446fd97620a454625db00a4d84cbb39bb5524e9ca66b608aa2c3d,train,e50f6367f8ba4c59fa4e0c86e00e94daa3a1723059d2137800e708137f387c71,1,singleton_no_enforced_relationship
dataset/train/Citrus canker/2025_12_21_IMG (495).JPG,2025_12_21_IMG (495).JPG,Citrus canker,train,source_2970d97850cd918de81130c9150bd1dc80ede20887c67c0c1e1db82b97a69b07,train,0d168cde83d3d7039e852bc5addcd40aa6449f1c9251bcb1b38af2def84f5124,1,singleton_no_enforced_relationship
dataset/train/Citrus canker/2025_12_21_IMG (496).JPG,2025_12_21_IMG (496).JPG,Citrus canker,train,source_44fcdf9b6fdfb208deb0fef81913241318c97b21ac7f08bb7e4bc7dcc3dc1b48,train,9997000c9d6780d33671751aa8c6add1c4ca7c389ec1a9bf568a9c3e138079ba,1,singleton_no_enforced_relationship
dataset/train/Citrus canker/2025_12_21_IMG (498).JPG,2025_12_21_IMG (498).JPG,Citrus canker,train,source_423d371cdfbffc3eefde936d8cd64599ee81666b3d19129d8ac535bcee9d986f,test,ba1733ff6a03e15a943992f50c657be19759dc255774e89e3b053b2420aa3e30,1,singleton_no_enforced_relationship
dataset/train/Citrus canker/2025_12_21_IMG (499).JPG,2025_12_21_IMG (499).JPG,Citrus canker,train,source_e402f8304a17e5f603e2fb8482028f8ca8e38b912acae732359d95fb09025c5b,train,5f7362673867173789ab5fcbd4e6031c928340bcd5b2c1204193f8c5802cd7c2,1,singleton_no_enforced_relationship
dataset/train/Citrus canker/2025_12_21_IMG (500).JPG,2025_12_21_IMG (500).JPG,Citrus canker,train,source_a5b10a618792a4791aa1d5bf2066ffcdd15b4c1e2e17d814032f0a9fe6a67b27,train,70ffca072fce6603998014479c72ab2023e32d982e87b362802d2f0b798607d3,1,singleton_no_enforced_relationship
dataset/train/Citrus canker/2025_12_21_IMG (501).JPG,2025_12_21_IMG (501).JPG,Citrus canker,train,source_c461f3d91a1f7dc34140e52e9c36e75af5b7ee8d8502d345aa51c1a77b1f69ea,train,f58f64cac444a886a57b1aa2b9e0787faf4a9bab015a6edfaf2fd3e8c9336d60,1,singleton_no_enforced_relationship
dataset/train/Citrus canker/2025_12_21_IMG (502).JPG,2025_12_21_IMG (502).JPG,Citrus canker,train,source_96b52b8993feaa9f55c2b710e2bf7609ea5826959186f5319ec7b46477175520,train,f2dec54a8b7ac416d8d397558fb7f1abeeb13cd2774b13fdfc6a3d21a84ef15e,1,singleton_no_enforced_relationship
dataset/train/Citrus canker/2025_12_21_IMG (505).JPG,2025_12_21_IMG (505).JPG,Citrus canker,train,source_ccf65b02b1bb6d2c1900bc490e352a0bfabfa261a0837352ac04db4be05def15,train,bf3b3566a4b1e92b8281a9335f819180f1d178cd58ef40aa1df943a86de84ac7,1,singleton_no_enforced_relationship
dataset/train/Citrus canker/2025_12_21_IMG (506).JPG,2025_12_21_IMG (506).JPG,Citrus canker,train,source_9ea8d7f390e796269fa5025b272a38b4bdc7c78113a4a089c5d60756e3df36e2,train,86237919f165e387f1a55317e00ed22957c26c5045192bac3c24de58ed2e0de7,1,singleton_no_enforced_relationship
dataset/train/Citrus canker/2025_12_21_IMG (508).JPG,2025_12_21_IMG (508).JPG,Citrus canker,train,source_444d222639ab42ed514d6ecf6780ef995124cf22c030bcf47ce4a96c57ed4a5f,train,80d0bb520e4f2d1c92325ca35e4c81056639c262d48d060dbf52b9cc90e7a26d,1,singleton_no_enforced_relationship
dataset/train/Citrus canker/2025_12_21_IMG (509).JPG,2025_12_21_IMG (509).JPG,Citrus canker,train,source_ac518ce45f04af0f0264931a4d681370e8d29a0425a319aa26317e3658c81fcb,train,179fd8dbfeb1c80262a93309258d479b1a3c44c141b6c9f08133570c0cb77b86,1,singleton_no_enforced_relationship
dataset/train/Citrus canker/2025_12_21_IMG (512).JPG,2025_12_21_IMG (512).JPG,Citrus canker,train,source_1919fec8fe49b70cf70112bb263c424a981a3091f6038dace4b48f3886ac9252,val,6c537974384d5ffb28ae40dd27d237c1127e78ac956a7a8f7081284fb41073c6,1,singleton_no_enforced_relationship
dataset/train/Citrus canker/2025_12_21_IMG (513).JPG,2025_12_21_IMG (513).JPG,Citrus canker,train,source_f56be5d5e7e940a39635d2a49c833b28f8604d8ad0bd437e2ff3b9fb94cdf2e1,val,3ecba51cb605195a2f2aaf6ac7b655f6a1c2152351c29111befba658a290181e,1,singleton_no_enforced_relationship
dataset/train/Citrus canker/2025_12_21_IMG (514).JPG,2025_12_21_IMG (514).JPG,Citrus canker,train,source_58edeb37b12f288cf6553e029160196baefccb578c642e3b41b7085c11295b00,test,cf6529d4e19d7bad0a789804f0c80b91c1e5cb305c370b89fbc257c820d5aa90,1,singleton_no_enforced_relationship
dataset/train/Citrus canker/2025_12_21_IMG (515).JPG,2025_12_21_IMG (515).JPG,Citrus canker,train,source_ab4956329d421832435aaab64362a7a88f4b5ffa9b364bca01e14671d9336bb4,train,f94cae863d18297cba40e1ef76f5f0ae8a0e1b812d33acc863c3d9f588cb81d4,1,singleton_no_enforced_relationship
dataset/train/Citrus canker/2025_12_21_IMG (516).JPG,2025_12_21_IMG (516).JPG,Citrus canker,train,source_6ff1a74703f83861b893354bf6bd830319ad767f7523fa354d7db07c4c393a5f,train,9ac92c7371797f7e5626d497d98e315a4e396aeeb5e834f78f33a11b8fc2fcb9,1,singleton_no_enforced_relationship
dataset/train/Citrus canker/2025_12_21_IMG (518).JPG,2025_12_21_IMG (518).JPG,Citrus canker,train,source_f1a5e61008a52b488e366d7e6871631e40de294737575172058800eb836079c1,train,4ba8a9831f4d068226271470d607b8b3cc875cec9ee308cda103236c69adf70c,1,singleton_no_enforced_relationship
dataset/train/Citrus canker/2025_12_21_IMG (521).JPG,2025_12_21_IMG (521).JPG,Citrus canker,train,source_e69d20eb14b5394691b29a2b1ab15fd6a5656f8646b57321cb15b3a030919095,test,3b6ccc018961b7859797aceab2f9cc1ac657aef42eff7e20f648cbae3d7e08ea,1,singleton_no_enforced_relationship
dataset/train/Citrus canker/2025_12_21_IMG (522).JPG,2025_12_21_IMG (522).JPG,Citrus canker,train,source_77701dc4828603a13d9d8c486207c1b438ebeb9f8a8886ceeb178f1314ec8bfc,test,3f59e3462aa0c9e3486f81cdd2e246d4ef0e88192c6d2e5deefaf620f2ac9738,1,singleton_no_enforced_relationship
dataset/train/Citrus canker/2025_12_21_IMG (523).JPG,2025_12_21_IMG (523).JPG,Citrus canker,train,source_3feeab8c3248bfbf0c19716570946c190781fd0938dcbfac9006b263f3ecaa52,val,e7fd7b52d0a656a4cc52324f86e33348df1577c492a0bf399c4be85fe3605448,1,singleton_no_enforced_relationship
dataset/train/Citrus canker/2025_12_21_IMG (524).JPG,2025_12_21_IMG (524).JPG,Citrus canker,train,source_5f4a2288fd948ef4ff6137aa7a4904a6f61a591ef24edf5f2f6f0dc8d3be8794,train,e1aa21ddde5fb5c23d75f8a0f21cc9743e09eeae90df3e3c47cd3c5ec05bd87a,1,singleton_no_enforced_relationship
dataset/train/Citrus canker/2025_12_21_IMG (525).JPG,2025_12_21_IMG (525).JPG,Citrus canker,train,source_527ee5d15cc86a6fdd31857f99069d5b3dedac62fb5c911a15374b8c62afdd7e,train,48eb06c025eb9a8c63a8a158c556da8003b41ef1698b642c497a7846533fccc4,1,singleton_no_enforced_relationship
dataset/train/Citrus canker/2025_12_21_IMG (527).JPG,2025_12_21_IMG (527).JPG,Citrus canker,train,source_5c4eabeab52b4cc86320d393c9347095228b09eb064a3d802118e494ab56e8a8,train,4bd80394e15be22d32e13f55837aa76f540a150758d9fb51b1aa311155b8322c,1,singleton_no_enforced_relationship
dataset/train/Citrus canker/2025_12_21_IMG (528).JPG,2025_12_21_IMG (528).JPG,Citrus canker,train,source_b32439a2772f4aa71bc686ffa3a109f14bc6e44c2e510ccf8a7e2e86d45ae7c4,train,85480d1b3f8214a0160de7629630b342a3c19baea8218ea043c3da8326a4e43a,1,singleton_no_enforced_relationship
dataset/train/Citrus canker/2025_12_21_IMG (530).JPG,2025_12_21_IMG (530).JPG,Citrus canker,train,source_727f00ca997aea67f713686c16eea0587aebee40695724bf2dda1353bd475596,val,51d38c97b05648744e8c791462b40c8f4167c4189559109360fc4a6eaf8c09dc,1,singleton_no_enforced_relationship
dataset/train/Citrus canker/2025_12_21_IMG (532).JPG,2025_12_21_IMG (532).JPG,Citrus canker,train,source_042a0af39cad5461568736c056de037d764acb1eeb9ce9eb042d95c4194b75bc,val,fbc2f5211f03c7a493b94a3caef03c63c7e2c12cbdb0dcd72d3449d1a32da9f7,1,singleton_no_enforced_relationship
dataset/train/Citrus canker/2025_12_21_IMG (533).JPG,2025_12_21_IMG (533).JPG,Citrus canker,train,source_e7e26ef07f358f3a0c425ca00f27261533242e3329d4e6d9cabb1a9274be58e7,train,c8da5e3e89c86da3b01adb7d46c61815051bb4be43517e7f1a1ccd5289d7853f,1,singleton_no_enforced_relationship
dataset/train/Citrus canker/2025_12_21_IMG (535).JPG,2025_12_21_IMG (535).JPG,Citrus canker,train,source_5f806495f0e1766bc99babbf27193e5e60b4c0971ccc762265225a74346b59ca,train,9c302790f6b204dc269f36051f42300130112d25141daaa47cf8d82f32359b73,1,singleton_no_enforced_relationship
dataset/train/Citrus canker/2025_12_21_IMG (536).JPG,2025_12_21_IMG (536).JPG,Citrus canker,train,source_5a7811c43f73384e8eab9ce4837bde386a9ae0af3e8a5f80a63206eb21bcb2d6,val,5c49041ea65ce292dc2f0bab92b95ee88a2ab878789fd68acba5a724be740aa3,1,singleton_no_enforced_relationship
dataset/train/Citrus canker/2025_12_21_IMG (538).JPG,2025_12_21_IMG (538).JPG,Citrus canker,train,source_e8863d2ac5a6343e7a0f79eace2dc2e7eb10ab30c6cdb12c5af40da28af9cc67,train,7333c3aecaccf481a4e3b01c7eb6ce98622783bc0b724f9325519c0cebe73edb,1,singleton_no_enforced_relationship
dataset/train/Citrus canker/2025_12_21_IMG (539).JPG,2025_12_21_IMG (539).JPG,Citrus canker,train,source_d00a2b9196fc2fd6c30e2ee030ce3198bd1a68356929c3cc0210193d22c79786,test,6ee10b38a0e9dd109216ee41b0c933d389e747f936129f140fb0f890409a0072,1,singleton_no_enforced_relationship
dataset/train/Citrus canker/2025_12_21_IMG (540).JPG,2025_12_21_IMG (540).JPG,Citrus canker,train,source_c96437a834cb05df5587412c7c47baf17dcdb798b6c9ce238227333b323c3cdb,test,25dacff3c34cba542ff8f73efb29b38898593f4e818869ff9aaf0e8323450dd6,1,singleton_no_enforced_relationship
dataset/train/Citrus canker/2025_12_21_IMG (541).JPG,2025_12_21_IMG (541).JPG,Citrus canker,train,source_e866863edd440ea271e0258665fe62b9c5580bfe720caa2e1ceacfd8824cd778,train,e6d1446d60ccd464ca18308fd841d4bfd8e88fb7c7e37977b330cd1d832ab9c3,1,singleton_no_enforced_relationship
dataset/train/Citrus canker/2025_12_21_IMG (544).JPG,2025_12_21_IMG (544).JPG,Citrus canker,train,source_7b91a6a8b545efc15129ac29581b0ab8635033fdbdc569107d0bce934ffad71d,val,4f149c8b18af8ba6d8269db126807f4ce90625dd3af6b0b5f88f1bdea86f9a4b,1,singleton_no_enforced_relationship
dataset/train/Citrus canker/2025_12_21_IMG (546).JPG,2025_12_21_IMG (546).JPG,Citrus canker,train,source_f79117c453508fb5d334edec654eca0bcbee8911c6537ba9335639879ef0a2c9,train,ec66d5d17f3459cd922b6dc47502bdfc1f5ec433b6dd5af034b6851735f4bb2d,1,singleton_no_enforced_relationship
dataset/train/Citrus canker/2025_12_21_IMG (547).JPG,2025_12_21_IMG (547).JPG,Citrus canker,train,source_e4f028f1a6bddddab8975b01e9755d75d54a80841f3b85a6bce4b11cb0027698,train,b3ccc06486d0d6dcc471b145bcc62a35261fe414557afd02e1692af20581b631,1,singleton_no_enforced_relationship
dataset/train/Citrus canker/2025_12_21_IMG (549).JPG,2025_12_21_IMG (549).JPG,Citrus canker,train,source_deff6ed43e7ac3f6955a333ea7e3add12a2192eb8a9c66c771f9de2449d9876e,train,d9d81bf77e64395371f517a5f3e302d50bf213771ae40eaa6b593373877e9cbb,1,singleton_no_enforced_relationship
dataset/train/Citrus canker/2025_12_21_IMG (551).JPG,2025_12_21_IMG (551).JPG,Citrus canker,train,source_2eed5547c591d4ff30ec49ee809bd2a5eb2d52ad05e7c1791030349bd0d85792,train,ecbd798eb2ebb17a76f00b2a1a23dc956ca52bab2cc01ba52cfa3fdafcb8e626,1,singleton_no_enforced_relationship
dataset/train/Citrus canker/2025_12_21_IMG (552).JPG,2025_12_21_IMG (552).JPG,Citrus canker,train,source_a9f0c57689b51623dc20419df0d1b2265b56fbf3f35920579b24ecbdcf1cd51d,train,de26e0e52b37bf6e7cdd1a568d469fa46d9acaadb581ceced2ac6cf269a25899,1,singleton_no_enforced_relationship
dataset/train/Citrus canker/2025_12_21_IMG (553).JPG,2025_12_21_IMG (553).JPG,Citrus canker,train,source_deea722305855d7e5d8ad394023e128c31621729c243f17cda1a4da9735198cd,train,817d2b155ae60ab0af523bfb5785bf8dd961919e72dd81b15a853fb591a067ed,1,singleton_no_enforced_relationship
dataset/train/Citrus canker/2025_12_21_IMG (555).JPG,2025_12_21_IMG (555).JPG,Citrus canker,train,source_02ae75b26bccd119f60f41a85d8e8200e35666319ebacbd00be52c85b897c9d1,train,b3bec0f0c8eef67f9ea84bc1a8e802e7c982df03064d2ac3208ab90a39b302bb,1,singleton_no_enforced_relationship
dataset/train/Citrus canker/2025_12_21_IMG (557).JPG,2025_12_21_IMG (557).JPG,Citrus canker,train,source_7f9c660ae9dc7732bdf7ea5bb7b46c0c7cf916b24c58f717ea7aea5d4a8c5c0a,train,8bb8e6d0fc33036d71c844e188339fa58f039d076340f19895f5792ba63b6d92,1,singleton_no_enforced_relationship
dataset/train/Citrus canker/2025_12_21_IMG (560).JPG,2025_12_21_IMG (560).JPG,Citrus canker,train,source_7b8ff57a6f47eaea3dc814f391ae1090c7c49ff0ba1ca9050159f89c6fa06fe7,train,8b34b70b460cefae18103c67e999fe64e70d5ee631607b52c22e9b2c240b9908,1,singleton_no_enforced_relationship
dataset/train/Citrus canker/2025_12_21_IMG (561).JPG,2025_12_21_IMG (561).JPG,Citrus canker,train,source_3d29659f5fbcae0cbb9515687f8490e8a6ccc789814e357d1d9efd9019ca63eb,test,3ebd1e04f2fb176de07bc75f650994b7d5e2638187f78a8149c2f7ca60a6ac2b,1,singleton_no_enforced_relationship
dataset/train/Citrus canker/2025_12_21_IMG (563).JPG,2025_12_21_IMG (563).JPG,Citrus canker,train,source_4bdc2d5efab18dc0f15df917ce83e9a1349e03e239c17237176b36b3ebf28697,train,aa984d3334aeb9c14014aa674c11933d65672485292e72c4dfd82f59965b8b63,1,singleton_no_enforced_relationship
dataset/train/Citrus canker/2025_12_21_IMG (566).JPG,2025_12_21_IMG (566).JPG,Citrus canker,train,source_75c8f7be8ab61ce6886bb3a4f3eb594d0a15a0da563bcec530f2550101b07df5,train,65661e96a16860f4b8788e909687c086ecf0417f344642beef1e8b4e64e3618a,1,singleton_no_enforced_relationship
dataset/train/Citrus canker/2025_12_21_IMG (568).JPG,2025_12_21_IMG (568).JPG,Citrus canker,train,source_8ea03114bd1db924709313ef81a61342bd596a20aad7cc0a4dc90a1b37673101,train,f9848792f6c352e4323baffab645d7ec0a25a525d27779b6a01c7b6be2c94638,1,singleton_no_enforced_relationship
dataset/train/Citrus canker/2025_12_21_IMG (569).JPG,2025_12_21_IMG (569).JPG,Citrus canker,train,source_feb334882e4d13f2e0d4f20ac13b83bd03fdcd22af2b5f916b05558b2eaed205,train,d7a2cf90d4812d32e460aba4c02d48731842a9fd5610d0724702959118be9c00,1,singleton_no_enforced_relationship
dataset/train/Citrus canker/2025_12_21_IMG (570).JPG,2025_12_21_IMG (570).JPG,Citrus canker,train,source_e772912c00a16a9c3c08b8c316bce6b5f396f2813b52e697bb7461b4b9f74774,train,55ebb47d1da9d860d6e793871e9180d90a4eca614a2b01711d66f3eecf1f485f,1,singleton_no_enforced_relationship
dataset/train/Citrus canker/2025_12_21_IMG (571).JPG,2025_12_21_IMG (571).JPG,Citrus canker,train,source_614a78245e432708c87087c7f4605c65ed5d5b73918c49250d02313fff806e98,val,32156b7aca8c86fe643391d67b42b0baacaa020d86332e5817d67903e1f3e8f0,1,singleton_no_enforced_relationship
dataset/train/Citrus pest/2025_12_20_IMG (100).JPG,2025_12_20_IMG (100).JPG,Citrus pest,train,source_99bf5ec7d3b0ed6c94b9f7a9ea2d2e63937d53937ce9632f821b28c73691f38e,train,3115031b62080aa549ba7b2a35d5bd2531d79d2c8ebae15c533d93a8ab31b857,1,singleton_no_enforced_relationship
dataset/train/Citrus pest/2025_12_20_IMG (101).JPG,2025_12_20_IMG (101).JPG,Citrus pest,train,source_03a1cc64569fea526da7eefde484a7175b0b287a49c829c80af3e842890a4831,val,e648992c0827b507e9560ffe3aee2d2c455506eaf2b5bfb794795a9bec869c0b,1,singleton_no_enforced_relationship
dataset/train/Citrus pest/2025_12_20_IMG (102).JPG,2025_12_20_IMG (102).JPG,Citrus pest,train,source_6ad776e70d28f47b1ab0322b231dbff0bb38bb7dc5d9e31196b5eef3d7f8b4da,train,57e5e0cec263543b7179d2cc61442e23fd76b38ca1abc84eeee5224fae054a96,1,singleton_no_enforced_relationship
dataset/train/Citrus pest/2025_12_20_IMG (104).JPG,2025_12_20_IMG (104).JPG,Citrus pest,train,source_f36ef2a4ea0dc40856d0ef20a2b882ffd13fe62189badc585ff29e4bce56383b,test,1cd049d748d2d584dff9adb596a6523e2d77bc6c14880acc83644ce37ef7a0fe,1,singleton_no_enforced_relationship
dataset/train/Citrus pest/2025_12_20_IMG (105).JPG,2025_12_20_IMG (105).JPG,Citrus pest,train,source_08c8abe01dc6730226497e9c38d43dc7b0cf85a8f3cdbe57ec5cbd9e93b4eba0,train,9d8db73dd9734d26301e5f25b55c8124374cf7ac097b1a5022072e51bc0ef6dc,1,singleton_no_enforced_relationship
dataset/train/Citrus pest/2025_12_20_IMG (106).JPG,2025_12_20_IMG (106).JPG,Citrus pest,train,source_53162ca9a088470ae316ca4a6295821beffa7b1bedea8e7205de444aa346d78c,test,0fa001f6e8e029b1e4ef428e84b2b5d2ab4e60acc250bb6cbecd1205cfd121d8,1,singleton_no_enforced_relationship
dataset/train/Citrus pest/2025_12_20_IMG (107).JPG,2025_12_20_IMG (107).JPG,Citrus pest,train,source_0319a0776ab0438c413a078e7dd6f350c900bb894ab19678bb99d72b6101bce7,val,9aa0aac5c54538e31c455e799abfc22db8755656b35568d3986bed01121abc35,1,singleton_no_enforced_relationship
dataset/train/Citrus pest/2025_12_20_IMG (108).JPG,2025_12_20_IMG (108).JPG,Citrus pest,train,source_e53961a8321edf3030828d539eab7cca469d7358a1a667a7176b3fbdbaea26ff,train,53fb16353fa0cddc44ef0aa3b513bec49df999400a690b10857eca34660f3817,1,singleton_no_enforced_relationship
dataset/train/Citrus pest/2025_12_20_IMG (109).JPG,2025_12_20_IMG (109).JPG,Citrus pest,train,source_87a08465a49467a59ded5cb349e84bebfc656f82810823e249c4f5cdc3ec9e33,test,04f2bc7f2fc18a8c8d1eee7c4045a60169b7dcb35503bde7125381273049f290,1,singleton_no_enforced_relationship
dataset/train/Citrus pest/2025_12_20_IMG (110).JPG,2025_12_20_IMG (110).JPG,Citrus pest,train,source_b247aeeeedafa5f1d6dd5b3e60feb85b2fa510ab160fc7bcff8ebd1598f8c4c7,val,ca87a1acb23ddfa8b98b0b46a443920929b233dcef2b721045becff357173cc7,1,singleton_no_enforced_relationship
dataset/train/Citrus pest/2025_12_20_IMG (111).JPG,2025_12_20_IMG (111).JPG,Citrus pest,train,source_ce5a3cd483d6c4a0b4d41795839caba954cdba580f2ab04b4aea1efccc75688c,train,5ff1e23a4370b067a3ebc4bf5fb0b779759c39449c2adf092afb0990bd901a0c,1,singleton_no_enforced_relationship
dataset/train/Citrus pest/2025_12_20_IMG (114).JPG,2025_12_20_IMG (114).JPG,Citrus pest,train,source_f232f9df98a7f9390a278f8527dd9598c7080bf5ebdd18d5861bc50a7339d247,train,7602ca0a4be441f51a2fb80f064e988adaf2a225907dc082150d5e6b0a7239a7,1,singleton_no_enforced_relationship
dataset/train/Citrus pest/2025_12_20_IMG (117).JPG,2025_12_20_IMG (117).JPG,Citrus pest,train,source_597f03c2bdd8418e4e1179f907339d64c818912fa7c1e09fc8dd2164decea43d,train,e6afee7feb34b6d680bc757d545df06df5de9d4f1239277a4023f832c864ec68,1,singleton_no_enforced_relationship
dataset/train/Citrus pest/2025_12_20_IMG (118).JPG,2025_12_20_IMG (118).JPG,Citrus pest,train,source_4067fb0040230e833e51bf8b05f366778473ae5f9ccdc25071895e7a58c11f60,val,72e58c66b2a3935d8ce01714921bee767ac977bca61ae57c0ba98e88e0651d3d,1,singleton_no_enforced_relationship
dataset/train/Citrus pest/2025_12_20_IMG (119).JPG,2025_12_20_IMG (119).JPG,Citrus pest,train,source_c70851ec7dbfa80caac6d88323aeb4ca6c8b7c43e4f4d04bfaa87a8b0cef5986,val,99c26b6e855df16a5b72198f6771e34a2a8297b470b318c89e97ac7a1e2e0e44,1,singleton_no_enforced_relationship
dataset/train/Citrus pest/2025_12_20_IMG (120).JPG,2025_12_20_IMG (120).JPG,Citrus pest,train,source_e287b87fcd19a716ca788ea1ef98196c8c3a63361b79249a6122a31053f09e84,test,43ae76a9a7cf75aea23969082396a63fd3f84154f27b10a5a7380a6cc92a9edd,1,singleton_no_enforced_relationship
dataset/train/Citrus pest/2025_12_20_IMG (121).JPG,2025_12_20_IMG (121).JPG,Citrus pest,train,source_bc6ac3a8ad1234922011b0226fb093157fa8eb3c5223f68dfa6532f6cd0acf31,test,9c3077e75738465ec78059cc727d3a5161820ecb937fe24add3e2692fdea0aea,1,singleton_no_enforced_relationship
dataset/train/Citrus pest/2025_12_20_IMG (124).JPG,2025_12_20_IMG (124).JPG,Citrus pest,train,source_9b4b0f5b6ae1918554663588752e9a603f18f5cf0a155ed51cf89f318be41949,train,793263dbc1ffecfbbd364ea7af9a2d16b87c3e51b1fc1b984bc14b57dcf08509,1,singleton_no_enforced_relationship
dataset/train/Citrus pest/2025_12_20_IMG (125).JPG,2025_12_20_IMG (125).JPG,Citrus pest,train,source_2be09db71fd76bf2caef3084e21f1240d1aba012069201ab099b0507bdac5659,test,c59ae6bab252d4df7ed7a5f49830bf8a8b1ec31334f68605c23c6c8eaed8b30d,1,singleton_no_enforced_relationship
dataset/train/Citrus pest/2025_12_20_IMG (126).JPG,2025_12_20_IMG (126).JPG,Citrus pest,train,source_074cf6c16f50f2c334491fb759bd2911f6954be5052e4526c323664444460b48,train,8a9f297a90ec33cce83981e96f2824fc886485e1e47bb41fb61219dc048ce5f2,1,singleton_no_enforced_relationship
dataset/train/Citrus pest/2025_12_20_IMG (127).JPG,2025_12_20_IMG (127).JPG,Citrus pest,train,source_ad6513357e8d193f445139f2cd0859a48b59b2a288f5fa51e693106ad51e0a5a,val,9b5155dc829afdbfa63e618caa6248cb17b737173f19d37a9470547edb6828e7,1,singleton_no_enforced_relationship
dataset/train/Citrus pest/2025_12_20_IMG (129).JPG,2025_12_20_IMG (129).JPG,Citrus pest,train,source_3f25016845af38ada545471af4443dd2532ab44d8d8d8305ca0a50b8f7d5e67a,val,7011b47020f27e4ee2afd58d4f4fed8e8a629d5b550fdae39696c37bc54c42e3,1,singleton_no_enforced_relationship
dataset/train/Citrus pest/2025_12_20_IMG (130).JPG,2025_12_20_IMG (130).JPG,Citrus pest,train,source_d6974ff23c6f8d1dde72d359d89be32c30266386ca074432771c034cbf1927ac,train,340529a3fc5df08a847b00b75a7eb35611dcfc2fd52dfdc40952886b0a2e10f7,1,singleton_no_enforced_relationship
dataset/train/Citrus pest/2025_12_20_IMG (131).JPG,2025_12_20_IMG (131).JPG,Citrus pest,train,source_fa719bf1cb56ba187f67785c92bb107a6b68de5863ad9007f436e4b04a5c8aa5,val,838ac0228cb0dcd68fc91ed5c19bfa7d279dec4a3c88ad12e4057d63653b7375,1,singleton_no_enforced_relationship
dataset/train/Citrus pest/2025_12_20_IMG (132).JPG,2025_12_20_IMG (132).JPG,Citrus pest,train,source_b99f186d45768bf5e520314ad023673bf63689632d352f8beb314417b67e59ce,test,532cb01d5752d593d5cdc474184991345ed2a073aa5c6f0086da472d405b2459,1,singleton_no_enforced_relationship
dataset/train/Citrus pest/2025_12_20_IMG (134).JPG,2025_12_20_IMG (134).JPG,Citrus pest,train,source_b8d99807a07756c5892f449b20ccaf5be5ee175065172897b583cfd816171ba2,train,82a506be02aa8ba8eedf63556833332f802475d7e2e6c4d5ac82478b42e4aed0,1,singleton_no_enforced_relationship
dataset/train/Citrus pest/2025_12_20_IMG (137).JPG,2025_12_20_IMG (137).JPG,Citrus pest,train,source_70eca45a57892387673be279910a8890da415b6ff268600036ed8d8550152174,train,2f22aa6cbcba27d5c5cde5c33fbd79340e0e618e96b341a8b22934bbe291d478,1,singleton_no_enforced_relationship
dataset/train/Citrus pest/2025_12_20_IMG (138).JPG,2025_12_20_IMG (138).JPG,Citrus pest,train,source_4e8dd4fc9fb9fb8872b90bc0246a2f81d7a1943b93706f53928e97644520b125,train,ed706c39ffcbc86cab319a82ac18ad596a4bf03170b60fca2daeebe5f0c13907,1,singleton_no_enforced_relationship
dataset/train/Citrus pest/2025_12_20_IMG (139).JPG,2025_12_20_IMG (139).JPG,Citrus pest,train,source_1cd0d1a718335daf9f976dfa4cfb7e7fb0c8d24814bbfa2af4278c93964ee38c,train,da442f3fce5b86021e37efa5c88044555fb45eac98cbe55ba9e8d985f4b71a04,1,singleton_no_enforced_relationship
dataset/train/Citrus pest/2025_12_20_IMG (141).JPG,2025_12_20_IMG (141).JPG,Citrus pest,train,source_b15781510a47326bd9b4562d5ad09e3d2ca3fb2d675d05395826407dfdcb1910,train,a71468ff0cf70aa80ff2397a5d2e180f14e042ab967b235a09cb1f965baed875,1,singleton_no_enforced_relationship
dataset/train/Citrus pest/2025_12_20_IMG (142).JPG,2025_12_20_IMG (142).JPG,Citrus pest,train,source_929b85c60dfc7547ffef6b22c1a60a8272ec2e483da6709e6c3d27e5e62bd491,train,57d6babdb933b56369b9e54e08648c73486e386927aa151301a52f753382ab54,1,singleton_no_enforced_relationship
dataset/train/Citrus pest/2025_12_20_IMG (143).JPG,2025_12_20_IMG (143).JPG,Citrus pest,train,source_68a6c4fe29eafd2c352ae4ad71cda45f55d46c4c0c2470ce455a1df66f9cf0e2,train,11f13cb3fbb03fc4571afd30c616d93097816107e492d678421d6961b117f63d,1,singleton_no_enforced_relationship
dataset/train/Citrus pest/2025_12_20_IMG (145).JPG,2025_12_20_IMG (145).JPG,Citrus pest,train,source_90dd9b0d4d6177232d9f4c6a6367426289e260d8aaa2ea875b75f76e6f7ab32b,train,159315b105371b50ee0a582b8a9585f729982a601e7894da8d6e04d64570f55d,1,singleton_no_enforced_relationship
dataset/train/Citrus pest/2025_12_20_IMG (148).JPG,2025_12_20_IMG (148).JPG,Citrus pest,train,source_8f179652d0de8cd3d4ec2616d72eb4a988cc274d1e81d0a87612e79ac04d7dd5,train,1b617b9eb21ce4589db25992458583d0a76e8c7728b58f69c6246219f3389a02,1,singleton_no_enforced_relationship
dataset/train/Citrus pest/2025_12_20_IMG (150).JPG,2025_12_20_IMG (150).JPG,Citrus pest,train,source_7e1144ecf77a477570b003280d6d3bf8d3dfb6373d87002c24c234ff4378dca7,val,741013d24f6a147ad0688df574665f36c2c37b6a982b7cafa249bc02f53c2ff0,1,singleton_no_enforced_relationship
dataset/train/Citrus pest/2025_12_20_IMG (153).JPG,2025_12_20_IMG (153).JPG,Citrus pest,train,source_2622107beebe17ff5ef8497d1db81fc871686159680c62f0a9551b65459c502f,train,0f00fb1567b67b4c60f1b3f5fb3ba059ee590cd0cf1f9c8929a1aceac71e527d,1,singleton_no_enforced_relationship
dataset/train/Citrus pest/2025_12_20_IMG (154).JPG,2025_12_20_IMG (154).JPG,Citrus pest,train,source_fb97765c4ff0eb49c51da03f2d9b5870ddeb9ec1e0bc93f1c99c5857c7fee79b,test,88e10ee8d921b9c42fc316561f96e2ee86e61a1f18d9cb88a4b6b157c54c1227,1,singleton_no_enforced_relationship
dataset/train/Citrus pest/2025_12_20_IMG (155).JPG,2025_12_20_IMG (155).JPG,Citrus pest,train,source_f1806cd74dcde15a9cc1ee8a589b0826d9c66d5ef54dc73e3cc3672339835a24,train,ec79c1053f9d2d3716367c3ffa0004f397f44bf44548df4c473af98d6d9b37c4,1,singleton_no_enforced_relationship
dataset/train/Citrus pest/2025_12_20_IMG (156).JPG,2025_12_20_IMG (156).JPG,Citrus pest,train,source_2ad0747d70e744d30833d66513d1be13628a6a450b8a72a03d944069134fbccf,val,1503bba1df561d051d6f3d35ec58ec3e83ff56b7514686dc81203b23736cd631,1,singleton_no_enforced_relationship
dataset/train/Citrus pest/2025_12_20_IMG (158).JPG,2025_12_20_IMG (158).JPG,Citrus pest,train,source_3248a557f204bf636f5ba0b75afa7074a61ccf40d3bb6ec232de3a10da1aa3e2,val,0cb7e48467336376600214a7e8b1d9a760bbba12a68e33e64889707a21d4b324,1,singleton_no_enforced_relationship
dataset/train/Citrus pest/2025_12_20_IMG (159).JPG,2025_12_20_IMG (159).JPG,Citrus pest,train,source_d1f93fc6168adcc000248fbcdc6a73d2ffd77219503f4115e926831ac60d38d0,train,86c5a96bb586da717e1e37b732ae96b6fa2335bb5e89a1f0e7ad50d0c0e09fc5,1,singleton_no_enforced_relationship
dataset/train/Citrus pest/2025_12_20_IMG (160).JPG,2025_12_20_IMG (160).JPG,Citrus pest,train,source_00bf9e8174063c981759195715a944055232a557a223a8e4f8523b03a2b85968,train,fae3b0912395188169fe1fbe02b97bd331b5899fee760b417a17920b0853b001,1,singleton_no_enforced_relationship
dataset/train/Citrus pest/2025_12_20_IMG (161).JPG,2025_12_20_IMG (161).JPG,Citrus pest,train,source_ec4ae4ad8ad804a6853239ba084d724b59761d3e67a73d70561ccd77a2e7248d,train,00fcf815da024ec4f62b037e2f8d709d3886016077e0ac9f6c096ae488c88bcc,1,singleton_no_enforced_relationship
dataset/train/Citrus pest/2025_12_20_IMG (162).JPG,2025_12_20_IMG (162).JPG,Citrus pest,train,source_a0ddd9be0f50e1292603aa6dc5e69489cc806b39b4f449bb7434cd36ce0d37b5,train,09efc301bd5dcb4e79e8d55ed6851f463768e8cd131056842097accfe539cfa6,1,singleton_no_enforced_relationship
dataset/train/Citrus pest/2025_12_20_IMG (164).JPG,2025_12_20_IMG (164).JPG,Citrus pest,train,source_f845f69d53ec594dfff79d89ce3e0a4faa9a8761951b38cbf8a9fbb0a2193512,test,90e46529b05fc8c938fe5634cbc4dc21cbf9672b4d24b2d42d36153ac2131b7b,1,singleton_no_enforced_relationship
dataset/train/Citrus pest/2025_12_20_IMG (165).JPG,2025_12_20_IMG (165).JPG,Citrus pest,train,source_840050b98e5c4a503ea682404d37ac37e81537c39a21476ebfc561b2497a9eb9,train,ecfdbeaa9ff39d47f99ccff051ea0c6530d4e0b4e273b7f3a71384ccde411f65,1,singleton_no_enforced_relationship
dataset/train/Citrus pest/2025_12_20_IMG (166).JPG,2025_12_20_IMG (166).JPG,Citrus pest,train,source_5fbd47c956e84c173bed082aef973d1cb64dd6dd7ea2589534e812417d690119,train,f6469222d1355d0b0d2217b20be274da40ea53480f2a77ab85352984d6e9c7aa,1,singleton_no_enforced_relationship
dataset/train/Citrus pest/2025_12_20_IMG (167).JPG,2025_12_20_IMG (167).JPG,Citrus pest,train,source_7f20061a0425889cbd4634ed2d9c0e1967046cf24d369ba76e22e0d3551a54d0,train,2a632f5d5cdec26b9144c355c12d6628e168010b517ca6860b80dd03462635ad,1,singleton_no_enforced_relationship
dataset/train/Citrus pest/2025_12_20_IMG (168).JPG,2025_12_20_IMG (168).JPG,Citrus pest,train,source_a78696debe9824d7d79d9d64b9f580c4bd4d815247d653c4c095d00bd491444b,train,afe8a1b460207f25a2b21dcaa1cae80a6152af8b8dc762d513ea1a6ad04588de,1,singleton_no_enforced_relationship
dataset/train/Citrus pest/2025_12_20_IMG (169).JPG,2025_12_20_IMG (169).JPG,Citrus pest,train,source_052ab2b7d3805b030a3cc0e14663bc16e0bb97d9c6288b04f3e226e9f8101d18,test,06eba7298b0da1dde8ce6dfc8eca6cb6546742fa5cca41b4ecc51f333d90b84d,1,singleton_no_enforced_relationship
dataset/train/Citrus pest/2025_12_20_IMG (172).JPG,2025_12_20_IMG (172).JPG,Citrus pest,train,source_eea288e2664b6cbf87d1d97c7bee2e6292a4d6c00ab94a2acbf920f116856c57,val,32ba575d8bf25b29a9bf211b6e57bb991417f886e3c8dfdba29624e566a7cdc1,1,singleton_no_enforced_relationship
dataset/train/Citrus pest/2025_12_20_IMG (174).JPG,2025_12_20_IMG (174).JPG,Citrus pest,train,source_7a13a6cdc17ce9cdbbdfb1bc9919836171269399ca77766af3000be66ce7a9b7,train,161dc745af3c9e3df356f8e4753888595c80b8d147c360403c189fe030c17f85,1,singleton_no_enforced_relationship
dataset/train/Citrus pest/2025_12_20_IMG (175).JPG,2025_12_20_IMG (175).JPG,Citrus pest,train,source_d8ee227e81bd757d8f1a84dc66dd294ebbd41d378dc830faa26ced1f1072ebb1,train,8749ca89ceada87800591e1c40331a54479634326b626ea64cd4a36769e098a5,1,singleton_no_enforced_relationship
dataset/train/Citrus pest/2025_12_20_IMG (176).JPG,2025_12_20_IMG (176).JPG,Citrus pest,train,source_fdfd89c49657896b9bdf9667d7ad9f9099e4f88e8a942242eeb176e8c3b01d6e,val,159557bd9863ad443d73dd1006ea48b26b8b9970df7c3a43308899b9743f9668,1,singleton_no_enforced_relationship
dataset/train/Citrus pest/2025_12_20_IMG (177).JPG,2025_12_20_IMG (177).JPG,Citrus pest,train,source_38731d52beae3f78f24220e7a0c590d979c85719f3c7c332c51752785f5f2906,train,8dc7ed63ae76eaf306c2c30a460e7d31cadc6858866d9c8ea902bf029c4db975,1,singleton_no_enforced_relationship
dataset/train/Citrus pest/2025_12_20_IMG (178).JPG,2025_12_20_IMG (178).JPG,Citrus pest,train,source_08a164d6e3cb6f3b74fbcbcfdb812846763cfc642fbab03cf8260dd345f3c7a9,test,28568a9ef5a38ff4d2d890bdfc1aefbf956409e75a4652afdd68d4d5ee451917,1,singleton_no_enforced_relationship
dataset/train/Citrus pest/2025_12_20_IMG (18).JPG,2025_12_20_IMG (18).JPG,Citrus pest,train,source_0dcf2c0221cac6807a129a2f7660bdd5ccc41c819ff68c129260151cde161ef1,test,8cc0819cfe9a3016352f4644f1945c3a6c19597f39ff0059757eafe5681fa3db,1,singleton_no_enforced_relationship
dataset/train/Citrus pest/2025_12_20_IMG (181).JPG,2025_12_20_IMG (181).JPG,Citrus pest,train,source_b8daa1a5fddc5d092fd43e36b35dcaccda3b59da7b6f403b16a223ee98382e57,train,490f354c13efed0c77555786c5364b53fe0814233ba0a4ea85346256d4f4e8ca,1,singleton_no_enforced_relationship
dataset/train/Citrus pest/2025_12_20_IMG (183).JPG,2025_12_20_IMG (183).JPG,Citrus pest,train,source_afac83ce4c66e5edc8e873b95930ce437172d801fa14701255246ff24ac33ba8,train,83bf93409d54bb2b53e554f825d6d4d192ea921448e68f1b6e6516e08d532beb,1,singleton_no_enforced_relationship
dataset/train/Citrus pest/2025_12_20_IMG (184).JPG,2025_12_20_IMG (184).JPG,Citrus pest,train,source_6d1288599e1f0d829be466a43541a690d5be05d13d4507cd5d2e5f4bb4c0e26d,train,1c943041157603237e03fb545610a94b920161d1fc1c301619fdcc38848c373d,1,singleton_no_enforced_relationship
dataset/train/Citrus pest/2025_12_20_IMG (185).JPG,2025_12_20_IMG (185).JPG,Citrus pest,train,source_cab600b33a1c05ca6a71a0bc9f74b5b604f56c8e0a725e3bd8a667783633cbff,train,75055e42620ca2944146f6a3ad0fc6a2388b8f422ea2bca737ca2824fa4c0450,1,singleton_no_enforced_relationship
dataset/train/Citrus pest/2025_12_20_IMG (187).JPG,2025_12_20_IMG (187).JPG,Citrus pest,train,source_f022836ea8360bef609f1fc432338c0157cd03f0ecad00cb2d911a7a2971a530,train,da0c50de9af004a47e207db3e3120b9a9f351e2cc44c45ef332a38460736da1e,1,singleton_no_enforced_relationship
dataset/train/Citrus pest/2025_12_20_IMG (188).JPG,2025_12_20_IMG (188).JPG,Citrus pest,train,source_4d00c92b0d70c9a846534d1defbfeea268da52b770c04b65eea1406e3eece365,val,b2bf5ddfc077bed807a05ad697f5b2b99fbd6f527eb5092fc060617b5577c650,1,singleton_no_enforced_relationship
dataset/train/Citrus pest/2025_12_20_IMG (189).JPG,2025_12_20_IMG (189).JPG,Citrus pest,train,source_ce512df847bcaf0c4ac830416c511937bcb5500aa9489e31361abbebd7274ed6,train,2d9dd0787c45112aadd1ff81f32f72638afd0a21bf2726bd6e49f69cfc189fe4,1,singleton_no_enforced_relationship
dataset/train/Citrus pest/2025_12_20_IMG (19).JPG,2025_12_20_IMG (19).JPG,Citrus pest,train,source_045fc5a34a8fc1bf3b6bbb59b4264fee3e1e26389a8e245698ea7d064aafb3f3,val,e97017411cd4b561ba0e4b6d9b68fa01234eb17859175b9fdfc906a82e83b619,1,singleton_no_enforced_relationship
dataset/train/Citrus pest/2025_12_20_IMG (190).JPG,2025_12_20_IMG (190).JPG,Citrus pest,train,source_ae8c4aaa702f1bf5841bb6136a003f5556363833047023395dddb7fbeff50e25,val,263ca295a921495c2e16b6b677f6890b0aa9353d492b820a55bcb7141ead85a8,1,singleton_no_enforced_relationship
dataset/train/Citrus pest/2025_12_20_IMG (191).JPG,2025_12_20_IMG (191).JPG,Citrus pest,train,source_b4094656470a363b27aea70e380fb4a0cadd760b74024dfd436baeb1906d528b,train,8ce5f1dac83bbf70cca7b3987a25a2d9a724cd3304f14c04068b59410d99cc4f,1,singleton_no_enforced_relationship
dataset/train/Citrus pest/2025_12_20_IMG (192).JPG,2025_12_20_IMG (192).JPG,Citrus pest,train,source_48f37cf37993469a6d9af29413cebd8ba64b21d5784a7e6b96324edcdae94616,train,b69b697b5e7d7ccb5877a49ee6ea11c75d94afd5c4f98c2b2b217f399d3e5258,1,singleton_no_enforced_relationship
dataset/train/Citrus pest/2025_12_20_IMG (193).JPG,2025_12_20_IMG (193).JPG,Citrus pest,train,source_477d090b08aed05a10fab021612b73d37b55f12f3407a88ac3c10bd06e5ad98f,train,7409257c14c8565b51b1cb81c43a4405d776ee868a7ef2e2e8146bc622eff095,1,singleton_no_enforced_relationship
dataset/train/Citrus pest/2025_12_20_IMG (194).JPG,2025_12_20_IMG (194).JPG,Citrus pest,train,source_76d88835eee04dd5df2bacb5a8e91d21234c51ebf2b782005e516562ea9108ca,val,8bc4f7e480ccdf40adae648a408b479b0cd72ba9ad4554005c50bac8201a8f68,1,singleton_no_enforced_relationship
dataset/train/Citrus pest/2025_12_20_IMG (195).JPG,2025_12_20_IMG (195).JPG,Citrus pest,train,source_3211d04a3cda3390a2f2581c69faf9c8dcc7f5af9198b46159b11a423e21f575,val,5d4677b0e6f350020ff079ffb6208aa2d4d3068eb75ea8faf611333c98987331,1,singleton_no_enforced_relationship
dataset/train/Citrus pest/2025_12_20_IMG (197).JPG,2025_12_20_IMG (197).JPG,Citrus pest,train,source_e0447f430cde10f93ce709103e48fe2626f99131a50707fcf39073a0cfcccb85,train,b51181b49ce387c4ebc97cdff08e1b4ca737d07415b223c6a0add0fb724b7505,1,singleton_no_enforced_relationship
dataset/train/Citrus pest/2025_12_20_IMG (198).JPG,2025_12_20_IMG (198).JPG,Citrus pest,train,source_62e24301ada153debaa54e0b867113a5e6414d90dbb2bd98dd80d3468e5694a7,train,8f39117378ad109a203eb5442c6993e2ba95273b08cbbc5729570135f8738113,1,singleton_no_enforced_relationship
dataset/train/Citrus pest/2025_12_20_IMG (20).JPG,2025_12_20_IMG (20).JPG,Citrus pest,train,source_8ce49f26b74eebe265acbe099e38a1c747ef973990e67aa4db62ea2d503b74a3,train,26baf397571f9894499199cc870c3f4c9064bc75a3bc6484d4190e81c45531d1,1,singleton_no_enforced_relationship
dataset/train/Citrus pest/2025_12_20_IMG (200).JPG,2025_12_20_IMG (200).JPG,Citrus pest,train,source_18e9211ea48767ae0b7d56a2c7c1169d1355e4c66898ba5f14457a3b2578a4e5,train,19f401d65822636fcea46d3c0277c65587d677299731a7b3d3d95bac19b0bec3,1,singleton_no_enforced_relationship
dataset/train/Citrus pest/2025_12_20_IMG (201).JPG,2025_12_20_IMG (201).JPG,Citrus pest,train,source_8377e6e4c595bb39d986d4ca4d2f061e9dde4d8b8b1b94be988051b65f8e8281,test,a0632443d912c121918e44808984ab517f8851e8143d7f960d9b1ab8ae3779d3,1,singleton_no_enforced_relationship
dataset/train/Citrus pest/2025_12_20_IMG (202).JPG,2025_12_20_IMG (202).JPG,Citrus pest,train,source_6d09d795fd2290c3ca04a1a6c4a5a550094ab729a585313d457523bd9b9fcd8c,train,59f325a719339cf86f2873344268f99625b27f70986ef2b8cf6958801b346c4c,1,singleton_no_enforced_relationship
dataset/train/Citrus pest/2025_12_20_IMG (203).JPG,2025_12_20_IMG (203).JPG,Citrus pest,train,source_432263eb2d0d9ea3b78a470f4725a665846062ac1ede35cacf18d1431333c1d2,train,adf7d1b0a5ebdc17eb3d8890f9bff2f433a9937794ce70603a94ca64f5e29196,1,singleton_no_enforced_relationship
dataset/train/Citrus pest/2025_12_20_IMG (206).JPG,2025_12_20_IMG (206).JPG,Citrus pest,train,source_ff873c19f790e1b0e7861112e072a3990e34c71d763f67788c949d002c88bdc7,test,45082f76a1884c9bbd1ac63ee539b964aa1346e637045add314489dd561e4550,1,singleton_no_enforced_relationship
dataset/train/Citrus pest/2025_12_20_IMG (21).JPG,2025_12_20_IMG (21).JPG,Citrus pest,train,source_7a505014e17bb323597a8fe505829829ac59aca5fe06b561e428f76dd01acc33,train,20797fed9351b5ef726781fa39b02053e2c58ef46d2429badc97fa47fe7c1380,1,singleton_no_enforced_relationship
dataset/train/Citrus pest/2025_12_20_IMG (211).JPG,2025_12_20_IMG (211).JPG,Citrus pest,train,source_99ee6f30977f2c1f7c6d06c2a679a202273887712be4c940c6fd2747edb8efd8,train,4da59f5b7de0e5b43088601cbcda2dba05a0fa7f236270ea02d6b79d58660214,1,singleton_no_enforced_relationship
dataset/train/Citrus pest/2025_12_20_IMG (214).JPG,2025_12_20_IMG (214).JPG,Citrus pest,train,source_41be77d1561451e53d692e94d45439d237ab0288f9471dbe6c091bccdd082549,train,7612312ded1becc4091f62a42af9cb2ed7eb84e9cd6f658f4e35d1160830c10f,1,singleton_no_enforced_relationship
dataset/train/Citrus pest/2025_12_20_IMG (216).JPG,2025_12_20_IMG (216).JPG,Citrus pest,train,source_9ae130a4e882b5c356c47f02c6208e610dc20f0ee9d4bdca76f71bbea9f8db06,test,5845705bfb5740805f2328dfdf2f2727006df65cc82070983ca35c45d8bc44f8,1,singleton_no_enforced_relationship
dataset/train/Citrus pest/2025_12_20_IMG (217).JPG,2025_12_20_IMG (217).JPG,Citrus pest,train,source_5fe070381248f46954eed624baafc943ae347033e8d713c4f1ac6895916743f4,train,5877e54b5689751f94a2422ae62e86f5f01b09c63af039a494b21a7918b4bebb,1,singleton_no_enforced_relationship
dataset/train/Citrus pest/2025_12_20_IMG (218).JPG,2025_12_20_IMG (218).JPG,Citrus pest,train,source_b6a83559317c2591e0d272e035c48455bb7c4bff13b5503fdb9a9ded035d3850,train,13dffa4bd8c34a05d663c8eeefc64f64f451a60781bfa442a28d9c480d0eeae7,1,singleton_no_enforced_relationship
dataset/train/Citrus pest/2025_12_20_IMG (219).JPG,2025_12_20_IMG (219).JPG,Citrus pest,train,source_003b39512620a3a64d5e71c8b599f8e519ddc8e4b36caf54e88ca919715c7c48,val,bcaa1b9f103c566690bc5f19c53454a830298a3364a7e1c1e40c6c15dc1734cd,1,singleton_no_enforced_relationship
dataset/train/Citrus pest/2025_12_20_IMG (22).JPG,2025_12_20_IMG (22).JPG,Citrus pest,train,source_f8af1bc92e5662f3c268d6406ed56a78a2b7d843751ab5d4b70602be665acdf1,train,733d7491dc79689abe3636372d2db539ab9f86267f50e3580a7a1f462dd8e888,1,singleton_no_enforced_relationship
dataset/train/Citrus pest/2025_12_20_IMG (222).JPG,2025_12_20_IMG (222).JPG,Citrus pest,train,source_66f2e8364091d6af0e56c6444aea04531b916759e54cfc9aa7c404d750e95647,train,49d42aa6a1daeafd848a5291776d4fca2708cc33199f7b989dbcecaf16d1a092,1,singleton_no_enforced_relationship
dataset/train/Citrus pest/2025_12_20_IMG (223).JPG,2025_12_20_IMG (223).JPG,Citrus pest,train,source_a4e1e9e23ad973fcdfb9c555ae8522a5bfb87665ff32bfe9e5ba6a775af9dbc2,train,6a931e17498bc9d02b97a68df80a78a73aed9863bac5bd12c628023439ca746f,1,singleton_no_enforced_relationship
dataset/train/Citrus pest/2025_12_20_IMG (224).JPG,2025_12_20_IMG (224).JPG,Citrus pest,train,source_e5c5f0f3427b759007dd4c9bd78e59b60114bb80a69da5c01a027671b73f25ca,train,87ef9e09da2a3110b8eb91b2742f524956b2b8b1af4a9e9efc60db70263cb8c2,1,singleton_no_enforced_relationship
dataset/train/Citrus pest/2025_12_20_IMG (225).JPG,2025_12_20_IMG (225).JPG,Citrus pest,train,source_e65a991695572a9787a81899bd4fb45b9aba98630dbbae7dd345017b19f763bf,train,117f7fe1dc83f8c29de4c99585af2eadb7bd935f96166a1142c17ccc1d267528,1,singleton_no_enforced_relationship
dataset/train/Citrus pest/2025_12_20_IMG (226).JPG,2025_12_20_IMG (226).JPG,Citrus pest,train,source_90fd13a5a98b9a3a71f01bd75dd0bd9bdb6228a9043ef903e75f23f4e515aeb9,train,4c35a55442e86bc1798f2aead80d0a8d5b325f94ca7aa3d68d8bd55a6ce5f99e,1,singleton_no_enforced_relationship
dataset/train/Citrus pest/2025_12_20_IMG (227).JPG,2025_12_20_IMG (227).JPG,Citrus pest,train,source_5dd4d37e56100b9586fd111356aa94317c91c4fdd8f0e73824967504a468b3c1,train,a3016c8ed517a98179b69ac36c990f209ed626c50a3d06939997660f3e2fe2d7,1,singleton_no_enforced_relationship
dataset/train/Citrus pest/2025_12_20_IMG (228).JPG,2025_12_20_IMG (228).JPG,Citrus pest,train,source_6a2949b6e66cd4f56a746a15537c2a89aea505ad99fb11de2bd06b7848670f23,val,32ed7b4c87c3d1aef507374a3739a1f1f262e358c1f8b6aa408613219976aefd,1,singleton_no_enforced_relationship
dataset/train/Citrus pest/2025_12_20_IMG (233).JPG,2025_12_20_IMG (233).JPG,Citrus pest,train,source_d9cce708966999cb3c5872f98ff601e54884c742f5f9795b07470903f2905bfd,train,890e3c836ad870cbb2e6c59f21c4daef558e6d4ef8a55f8b66e867ead7927693,1,singleton_no_enforced_relationship
dataset/train/Citrus pest/2025_12_20_IMG (235).JPG,2025_12_20_IMG (235).JPG,Citrus pest,train,source_e887ae75d6cf2b0c28f576a795205c69fd32bd1144e598ff274348990cfa3001,train,3cd71ac632093584aa3ba79cf4cac78182512262bc4bb2c26a5bfc49cbc0de30,1,singleton_no_enforced_relationship
dataset/train/Citrus pest/2025_12_20_IMG (237).JPG,2025_12_20_IMG (237).JPG,Citrus pest,train,source_416c141646d0675796872a641648a57bce386183251b0ffaee87210c9dde7f7d,train,64db9f31f512a7fa8a92bc5f107afa6fac4ad97c8c7cc8544bb9532ae419373b,1,singleton_no_enforced_relationship
dataset/train/Citrus pest/2025_12_20_IMG (238).JPG,2025_12_20_IMG (238).JPG,Citrus pest,train,source_ee8ab1aa99707b88dd3b6935b02c998f660a6ce5dd621a409abe9f5332a66262,val,41a1568edb3637b0d4c8e0d1d836eac64c6244edb5b595d8ac68d8f8128392b2,1,singleton_no_enforced_relationship
dataset/train/Citrus pest/2025_12_20_IMG (239).JPG,2025_12_20_IMG (239).JPG,Citrus pest,train,source_a2a014efb1edf19dba834e828c600977630294fe720b75e84b9a8a09def1c586,val,1c1f02c45a394b893bff8e15a0b38e653253a2aa45c472d95faf7b1c725b0b7a,1,singleton_no_enforced_relationship
dataset/train/Citrus pest/2025_12_20_IMG (24).JPG,2025_12_20_IMG (24).JPG,Citrus pest,train,source_5549f1772a30234f5027cfbe81a9eb299f36d957bfcb38f8612db7c9706fd021,train,dfb1da9e8e83cb196a7dec6a92bf793557fe505e71520529da4e3525f4901c36,1,singleton_no_enforced_relationship
dataset/train/Citrus pest/2025_12_20_IMG (240).JPG,2025_12_20_IMG (240).JPG,Citrus pest,train,source_fe707e072611ef4259b7096ed76045bd728b47546799b11bab7efda791134d7e,train,d8b2b90fec795c2aa8a9c2051aeba3d32059b4620f2fcc94b03dc58a85eb597e,1,singleton_no_enforced_relationship
dataset/train/Citrus pest/2025_12_20_IMG (242).JPG,2025_12_20_IMG (242).JPG,Citrus pest,train,source_6747d14752e835547f9904155b301b4a607603a1345f4d82951c62d26448e7e8,train,3feb3615c8e3aadead68c8b7482c444389350f77263da9fe012d18cce6e48e7c,1,singleton_no_enforced_relationship
dataset/train/Citrus pest/2025_12_20_IMG (244).JPG,2025_12_20_IMG (244).JPG,Citrus pest,train,source_d72a745fce0c83a63a6e779f1c58e72ef308522176772fdd771241340b51842f,test,1e8d24ce938de9aa72fd5659dd500271b16b69acb096fc12d557df08d924ffbf,1,singleton_no_enforced_relationship
dataset/train/Citrus pest/2025_12_20_IMG (245).JPG,2025_12_20_IMG (245).JPG,Citrus pest,train,source_d5abac8f42efe9e6eb7c34a8a02bcf4a911fa594e46e9f0a51d1c22e73e9d74f,test,06941bfe1abe640c6e2d4deae3ea3b91a0a4b7aca9f8f0c89bcc8f3f6737dc06,1,singleton_no_enforced_relationship
dataset/train/Citrus pest/2025_12_20_IMG (246).JPG,2025_12_20_IMG (246).JPG,Citrus pest,train,source_b9bfc2d5a858e37dd35e149fcf8e123e82c5c05edcdf5a8674ba5d5bd3248d97,train,f7d8110456122da80c25bd508e16c5c76ed708250fc6d4e41131ca29ca6e350f,1,singleton_no_enforced_relationship
dataset/train/Citrus pest/2025_12_20_IMG (247).JPG,2025_12_20_IMG (247).JPG,Citrus pest,train,source_1e01f22c62f3a3a2c5566595bda2ad67362c897ddeffaa02e0477d7656f89e52,train,5ae9c813d079d4f51d779f757424c49bfaf0819f67b13fb099557f66c2778bc1,1,singleton_no_enforced_relationship
dataset/train/Citrus pest/2025_12_20_IMG (248).JPG,2025_12_20_IMG (248).JPG,Citrus pest,train,source_85227346943a2bc8c2dac5c0c22e92d69accab65c08144366cfcdb7cf4dbffc6,train,7cb666085c7a85e8fb8e9a9f1dfd80c6ce5c442215385d80cbacd75034ab019e,1,singleton_no_enforced_relationship
dataset/train/Citrus pest/2025_12_20_IMG (249).JPG,2025_12_20_IMG (249).JPG,Citrus pest,train,source_1d96fdd820af852f93247834fac0abb31db80ca825e9e248f1b2d2f7b18b5420,train,a9a1bd29df64da90121a87f26a61bc2de6af1f2e83bc5f0cb42d74ba7791bd56,1,singleton_no_enforced_relationship
dataset/train/Citrus pest/2025_12_20_IMG (25).JPG,2025_12_20_IMG (25).JPG,Citrus pest,train,source_6cb062267068ae2a3c27f926ae1fc2efef6b46fd583cec83752c6f4948af9ca1,train,fb010dde4a22560d0c584c39bfd7bc7a47ae99176204c2190dc85585588bc3ec,1,singleton_no_enforced_relationship
dataset/train/Citrus pest/2025_12_20_IMG (250).JPG,2025_12_20_IMG (250).JPG,Citrus pest,train,source_87b684c03b3d2cf6bdb6212d8c8dadd6bd24d5b04cd2c6f478657e7dd4666cc7,train,2e31b6f0fccc3467a9c6e9920cd32815fe877113034b220adf03196622787d3b,1,singleton_no_enforced_relationship
dataset/train/Citrus pest/2025_12_20_IMG (251).JPG,2025_12_20_IMG (251).JPG,Citrus pest,train,source_09c6f3b506f1da9eebcd680aad1ce2aa02452c878caba90e21fb3082f1d3ddda,train,444af56dabffa2728612494d3a80428f92a64a8ac6e59085cafe34372bbca665,1,singleton_no_enforced_relationship
dataset/train/Citrus pest/2025_12_20_IMG (252).JPG,2025_12_20_IMG (252).JPG,Citrus pest,train,source_f05e5940253e473bfcc67a4683a3dc17ca17f64ffc362a3bb2305ca51ea9de3d,train,35869082be4ab3abcf37e6e0b73515d0ab698d1fe36cdbe9e62863fb19f11fdb,1,singleton_no_enforced_relationship
dataset/train/Citrus pest/2025_12_20_IMG (254).JPG,2025_12_20_IMG (254).JPG,Citrus pest,train,source_cb019ccc88914361298ff14f91ee86abbc7488f9c75c4e0ae331bcfeaf8e0672,val,d7e77bdd0b1eb78c8e11083f7aabef58dc14b5e8d2650c01238306f0363b6bea,1,singleton_no_enforced_relationship
dataset/train/Citrus pest/2025_12_20_IMG (255).JPG,2025_12_20_IMG (255).JPG,Citrus pest,train,source_8469d10cfbfe802576c6f25e13a7ef33aa62bb6616ab0860193ef752b4dc339a,train,226ca3e5ff89aa8c9c807d5e71a68175b23320e48cca177737b7f69f2ff184e5,1,singleton_no_enforced_relationship
dataset/train/Citrus pest/2025_12_20_IMG (256).JPG,2025_12_20_IMG (256).JPG,Citrus pest,train,source_9e84d0b3262c1090d3413f8a5646e600d20b15d82c1e3635124d496884b82be7,train,98bdd3f509ecd1f60139b70a36d7aa3657b4bcb0045cb89457f51d330100c53f,1,singleton_no_enforced_relationship
dataset/train/Citrus pest/2025_12_20_IMG (257).JPG,2025_12_20_IMG (257).JPG,Citrus pest,train,source_469fd40571bb90c0964ac72a7688cf4aa72ec90335fca39bceaff379de2f71f6,train,64d515fc1e4c163cbb5f8650a1efe880cd8ad3d2e5d0f7cae79424758317051e,1,singleton_no_enforced_relationship
dataset/train/Citrus pest/2025_12_20_IMG (259).JPG,2025_12_20_IMG (259).JPG,Citrus pest,train,source_d6abc3b9f0b33af31d691d680224404052cc0fad9a87892784a4f95fa03f04de,train,ecb42be1d97a4ca8aacc68d8a53a63edeb24246876e4e8c3cb133e7f5febd95f,1,singleton_no_enforced_relationship
dataset/train/Citrus pest/2025_12_20_IMG (26).JPG,2025_12_20_IMG (26).JPG,Citrus pest,train,source_a5b0c92a193fcbc6186e8246449c17e6c8e1f36763f3b0be056133b237072fe4,train,050c41e785a3fd95fe401b0bf982cbf9db27705a53660300a800879d7741bc92,1,singleton_no_enforced_relationship
dataset/train/Citrus pest/2025_12_20_IMG (260).JPG,2025_12_20_IMG (260).JPG,Citrus pest,train,source_cf32041311042f4102f462847d9938ec40f7eb1e8b58ebfec9b3f55a20ce2ec8,train,d177e872e950640af6189244d6fbbc5d3fba75d1e29f5dd78d7529a1a818f029,1,singleton_no_enforced_relationship
dataset/train/Citrus pest/2025_12_20_IMG (261).JPG,2025_12_20_IMG (261).JPG,Citrus pest,train,source_04db462d6c4179ff4aade9782d35eea38b5c4b99a60bec434ecc1403d4666e45,train,dc6a19b7130371159b89c5fc70d952141ae27b89113bc5c7bde066126d8c7442,1,singleton_no_enforced_relationship
dataset/train/Citrus pest/2025_12_20_IMG (262).JPG,2025_12_20_IMG (262).JPG,Citrus pest,train,source_0a85277ef285ba36975dcf72e197cfaf712e42b3e80564b735a9ddf42d1e38a9,train,414c7fbd6a6619ffaedf20de93d99824313de8b4ae248fd20306681b565e4f21,1,singleton_no_enforced_relationship
dataset/train/Citrus pest/2025_12_20_IMG (264).JPG,2025_12_20_IMG (264).JPG,Citrus pest,train,source_fcd5b03efe336a2d212dd5e77093f252aa9fb6b8e739733d94fe272232d80512,train,e8a856efd09f94d96bcf9f034f432dd6911bbbf15fb1d62ea28ab634943ba7ac,1,singleton_no_enforced_relationship
dataset/train/Citrus pest/2025_12_20_IMG (266).JPG,2025_12_20_IMG (266).JPG,Citrus pest,train,source_d0b2e8285ccbc880f24b79fe714b206cd05943b0a0c3f28cee8cf629ac2c7404,train,05b2986e7d605e4fb8bf40add32544a527860897f16d3dbd4ad9692ee83df83d,1,singleton_no_enforced_relationship
dataset/train/Citrus pest/2025_12_20_IMG (268).JPG,2025_12_20_IMG (268).JPG,Citrus pest,train,source_9b5e5e37795f4c8fa55b80dad3c05391efce5a2a9b5951dfec61f5044bb53368,val,39341f903c7712a53c3413b1b91703e359ea171cff441c24bed6b55c502c66db,1,singleton_no_enforced_relationship
dataset/train/Citrus pest/2025_12_20_IMG (269).JPG,2025_12_20_IMG (269).JPG,Citrus pest,train,source_a4aa44212932a73b37a04e8f95a4075499efd2d27925a5be934e758d40714928,val,49af53767f6c9b2419f2a20f07ae4fc411777120ce3f6f8c84f68bc392579883,1,singleton_no_enforced_relationship
dataset/train/Citrus pest/2025_12_20_IMG (27).JPG,2025_12_20_IMG (27).JPG,Citrus pest,train,source_53a083fa2165451a32109781eff8d5a64af51573823731deada6a242045cc5f4,train,587d34f720bb88b2ec3bde35507acf783325eed15a02b9a2205ff32c514de099,1,singleton_no_enforced_relationship
dataset/train/Citrus pest/2025_12_20_IMG (270).JPG,2025_12_20_IMG (270).JPG,Citrus pest,train,source_10e80471f226e08497a6286714a830c60306cbe1808db850f882d1ac2e08e478,train,f4f49231f0991b80f7d4bb3f7530ad18fd6b42ccc7fefbe76f25c6b75c5d5dce,1,singleton_no_enforced_relationship
dataset/train/Citrus pest/2025_12_20_IMG (272).JPG,2025_12_20_IMG (272).JPG,Citrus pest,train,source_03b8ce317de5f9cc25378d46110e31265431becce1e63e5fd1dbbc809a0aefcb,train,d4a6fb22280fcd4a3712c40a1a456d3f6e2915ad0df168e57830df75a4c5582c,1,singleton_no_enforced_relationship
dataset/train/Citrus pest/2025_12_20_IMG (274).JPG,2025_12_20_IMG (274).JPG,Citrus pest,train,source_6ec76885252230b12162f31cef3ab69d174a8882951493430fc85fb156db2270,train,330aa1f9e33b08c2cf45d7c4253d2622543a1d0c2b4f424991e9ec3f1a30e674,1,singleton_no_enforced_relationship
dataset/train/Citrus pest/2025_12_20_IMG (277).JPG,2025_12_20_IMG (277).JPG,Citrus pest,train,source_dad2455869361f4d29bd00be4fab8ba935be0c38dd47578194a6a5e6e8e3eaf5,train,529f6a56fe1a857242b755f0fa453135f0c7f3d4b05dab844dfb05087500e63e,1,singleton_no_enforced_relationship
dataset/train/Citrus pest/2025_12_20_IMG (278).JPG,2025_12_20_IMG (278).JPG,Citrus pest,train,source_b2da0b31785b01c721102e43ab97f6737e1d1513fc1d08e8b8bffa5e702a173d,train,8ba70354e68ce07987eb7515903b01cabc4aae09aff6935b2ecec97937a28d67,1,singleton_no_enforced_relationship
dataset/train/Citrus pest/2025_12_20_IMG (28).JPG,2025_12_20_IMG (28).JPG,Citrus pest,train,source_55fbe6ffbc011974ae4d895941f287edfa588bb76a5487049df686439ae382cb,train,a817ed398063260f35f71fb4bfd6a84ff955a9daf16b2d37112550b7cad7bd1d,1,singleton_no_enforced_relationship
dataset/train/Citrus pest/2025_12_20_IMG (280).JPG,2025_12_20_IMG (280).JPG,Citrus pest,train,source_547cdaef235715c787c3ad4c692b64e183ca95697ca4093fc0a76f81fa258015,train,cdea33cb222e2d69f07a9c68b2f1d9c55af0b40a57ab6dc5e3b84af5bf8d8334,1,singleton_no_enforced_relationship
dataset/train/Citrus pest/2025_12_20_IMG (281).JPG,2025_12_20_IMG (281).JPG,Citrus pest,train,source_57f4630ba872601e0d287427e7ae63a59be449e9a381e9f09e23d0e1edca4724,train,68ff181b458181419c9d6b0f8ef103b3ad6759a370fe74deb5309cd4dc1e5c6c,1,singleton_no_enforced_relationship
dataset/train/Citrus pest/2025_12_20_IMG (284).JPG,2025_12_20_IMG (284).JPG,Citrus pest,train,source_bfafec919d65f50b590258e96e153188c8079b7dc6610da2cae16fa46bed5000,train,903c332ecc24ff05bcae7f5d4b7350ccbeb649f98bd0cf1299171314463f33a1,1,singleton_no_enforced_relationship
dataset/train/Citrus pest/2025_12_20_IMG (285).JPG,2025_12_20_IMG (285).JPG,Citrus pest,train,source_612e6bbc3de9a4b3aeee16c0f638ebf10ac7199bf2a3653d8bd6e568aa4e949d,val,15fdcbeb6b80dd3821aa710334745436df4c887db84296238057b9c4d8659497,1,singleton_no_enforced_relationship
dataset/train/Citrus pest/2025_12_20_IMG (286).JPG,2025_12_20_IMG (286).JPG,Citrus pest,train,source_e99333c092b1fe4ab75132a76f3411dfb27b1ae7fabcea0225fd521b23ec51f0,test,40d2ead7f51c7e7b6a5622cc649e9fa972564f841630851fe625959045ee12b8,1,singleton_no_enforced_relationship
dataset/train/Citrus pest/2025_12_20_IMG (287).JPG,2025_12_20_IMG (287).JPG,Citrus pest,train,source_2b2d0086d5c5365a758670198c47b9e053676509d71681b100b8e1ba87180924,val,2fa885af4c85b92dfc149d24635cdae052d33a0aea79cea51e78d70b2a979245,1,singleton_no_enforced_relationship
dataset/train/Citrus pest/2025_12_20_IMG (288).JPG,2025_12_20_IMG (288).JPG,Citrus pest,train,source_289a199d4bc6e458e712cc069df27512a67771b1f12a5fa0ed1a35ba1541dc3b,test,b2f75472cdc1d9c450ac0ba5ffe4a5a204a3cea5eeb75fc700134648b7fa14ef,1,singleton_no_enforced_relationship
dataset/train/Citrus pest/2025_12_20_IMG (289).JPG,2025_12_20_IMG (289).JPG,Citrus pest,train,source_47a7f2bd7bf66c63e6ca697d6a16ae5f654782c207bc3bd50ca8520b4f964740,test,7d8ff63c56095847de1ee1501d724895ab8714438b43bcd01871e5daf11f1524,1,singleton_no_enforced_relationship
dataset/train/Citrus pest/2025_12_20_IMG (29).JPG,2025_12_20_IMG (29).JPG,Citrus pest,train,source_7d83f4c547bc4326b0dc41d8676081bec3f10c1c23b4175111bf46ae57559a8f,val,e26c6677690743bbb3c909f71f2e717f28f766fca131c1216997906054b05348,1,singleton_no_enforced_relationship
dataset/train/Citrus pest/2025_12_20_IMG (291).JPG,2025_12_20_IMG (291).JPG,Citrus pest,train,source_9b7bbcd20cefb6da8b81577b21e5b5710515f6a32f0e1e361dfb1fbb1158fa68,train,30738c0b29d8db10a4ec6422d7902453784a76ed83044c4c97d7d8a85c59e806,2,human_SAME_SOURCE
dataset/train/Citrus pest/2025_12_20_IMG (294).JPG,2025_12_20_IMG (294).JPG,Citrus pest,train,source_2d35ccef5b7702bf5787c3c09d1fbd30a02033b08763d493846b442e5b6e9437,train,79b93bb8b67821676afc3e5abd868425419ced55396e2e46da038a76fc053991,1,singleton_no_enforced_relationship
dataset/train/Citrus pest/2025_12_20_IMG (295).JPG,2025_12_20_IMG (295).JPG,Citrus pest,train,source_1157974a3d56eb195bec31728a52a037d131e082dfd1ec7d0448e28cc3902a29,test,017d47e580c21fca0417858adb5d6a9a5e7d83f9d49da1bb544f3c5defa18226,1,singleton_no_enforced_relationship
dataset/train/Citrus pest/2025_12_20_IMG (296).JPG,2025_12_20_IMG (296).JPG,Citrus pest,train,source_dc3144a20158aabc22fe7d4a622ee1a3fadedb07ca24581d1edf186cd0cc2771,train,c7d0a98242e4e25021ec940fd6c54283b084a7b74782f488b574285650130b0f,1,singleton_no_enforced_relationship
dataset/train/Citrus pest/2025_12_20_IMG (297).JPG,2025_12_20_IMG (297).JPG,Citrus pest,train,source_ec19c1592fcb960ffbb4c9afa87ca63eefbfa88e1aedcc222fceabb294ca3f52,val,53e23329438918f0360140bbb63db51f2fda2bc6099f0203ab9f54189525411c,1,singleton_no_enforced_relationship
dataset/train/Citrus pest/2025_12_20_IMG (298).JPG,2025_12_20_IMG (298).JPG,Citrus pest,train,source_7c9d2f67f60f4cc4789759d71488a4c1ef9729d7d102df9a6787b36ddce45df2,val,675d55d6e9a246a0c186119cfee048a60f20d1f8fc1f61b24bce60a7d150c2e9,1,singleton_no_enforced_relationship
dataset/train/Citrus pest/2025_12_20_IMG (299).JPG,2025_12_20_IMG (299).JPG,Citrus pest,train,source_170c0af6c6536d0442ef22a5021336b4d71d06a8e16bb29dbc2022a1aa5da66e,train,60501615af7c14f26f263909a48e70780928df890d8f9f23e78f9d87eb465b21,1,singleton_no_enforced_relationship
dataset/train/Citrus pest/2025_12_20_IMG (30).JPG,2025_12_20_IMG (30).JPG,Citrus pest,train,source_c8e8b6f6f3b7bf35bd6834657cbd5b42d092e6029482493db94256ab97dba29a,test,93a32c75cfdb759ffaaa67c8945a6a61e51177316d59bfc07fea894d1db707c3,1,singleton_no_enforced_relationship
dataset/train/Citrus pest/2025_12_20_IMG (300).JPG,2025_12_20_IMG (300).JPG,Citrus pest,train,source_a141711caa7dcee9c0108a80bb70c7fbe8142dadb98f3c4a80fdb9b1e7256b1b,train,935759ab1b2beb162a308b7ed58f17e62600211b9189df49c11a5ccf5d7b640a,1,singleton_no_enforced_relationship
dataset/train/Citrus pest/2025_12_20_IMG (302).JPG,2025_12_20_IMG (302).JPG,Citrus pest,train,source_d78a6c8c1d2cc258c018502787519e56149aad478897f7d14332ba968fdba4f3,train,e6dc6b950416d390e405a801ef047c3111d74c95c7f3da05b039e397b5bc897e,1,singleton_no_enforced_relationship
dataset/train/Citrus pest/2025_12_20_IMG (304).JPG,2025_12_20_IMG (304).JPG,Citrus pest,train,source_4016441ece16ba9f479001f2a84a9c3184aa8a66ff3a23608d05c029e1cb1dd8,train,3d79e876fb593fbdbec240443146c770bcc8fca625c5a6aed24113e8c49cb3e1,1,singleton_no_enforced_relationship
dataset/train/Citrus pest/2025_12_20_IMG (305).JPG,2025_12_20_IMG (305).JPG,Citrus pest,train,source_bb6c84d9e5476a2cf4c2266a9707a5e4c97d31e6a872685cc99faec0ba88581c,train,dfc0c26be0b2f7bdf72aa6845980562930c7d38d7a6884d80b56f0fb76d69308,1,singleton_no_enforced_relationship
dataset/train/Citrus pest/2025_12_20_IMG (307).JPG,2025_12_20_IMG (307).JPG,Citrus pest,train,source_d356e2c6f8345e291680a128989edf1616ee4c47d620e6b87e92d58c33e4cdbf,train,48b881ee7dc35395b154a14cb43cc813e9d656b24b5b4ab97c379186b525ea71,1,singleton_no_enforced_relationship
dataset/train/Citrus pest/2025_12_20_IMG (308).JPG,2025_12_20_IMG (308).JPG,Citrus pest,train,source_e00db71df19046447e524aa3d0dc2d16f04b25fc406412947e4fdda97b57a243,train,274bf264ec0ebcb1cece13c1a932ffa68e95543682d9802eca452528354c806c,1,singleton_no_enforced_relationship
dataset/train/Citrus pest/2025_12_20_IMG (309).JPG,2025_12_20_IMG (309).JPG,Citrus pest,train,source_8aa1c9d4af55d6722eb5b6af2efd60d065369e6c0172d60c6e5cf7b0a9a8e464,train,3278391eed11624314c40ad99ecb87ff4fbe1bdb039d87128f88b507f55e8e52,1,singleton_no_enforced_relationship
dataset/train/Citrus pest/2025_12_20_IMG (31).JPG,2025_12_20_IMG (31).JPG,Citrus pest,train,source_b2522655f59de370ff5a853030c27a8868def75d1de6fa582f3be187d76d75ec,val,88f9639152c8b900f8a5f2b301492f56dea720fc93ab6b0a62537b366139041c,1,singleton_no_enforced_relationship
dataset/train/Citrus pest/2025_12_20_IMG (310).JPG,2025_12_20_IMG (310).JPG,Citrus pest,train,source_9e83178fd2b8142ab85cdeede99c384ca803dcef4a4eb708b64ccf28fe652222,train,107ae089faf28f9c268a9f94922ade1749daa675074b5053c3365ba9d4d4f23d,1,singleton_no_enforced_relationship
dataset/train/Citrus pest/2025_12_20_IMG (311).JPG,2025_12_20_IMG (311).JPG,Citrus pest,train,source_7135775299ccb9fd87c2520ea50fe59d569b2296833868ae55a79089bf0848d1,test,e8f6a5d9bcda59ad0387fda0d29cc3d977e3b0e55fb320edb57f06e1a745b68c,1,singleton_no_enforced_relationship
dataset/train/Citrus pest/2025_12_20_IMG (312).JPG,2025_12_20_IMG (312).JPG,Citrus pest,train,source_63e7226494dc253e0d0ea011074328ad51fa17974ff49438d4062ba7be7390eb,val,7644afeeac68a3234710eb94532978d353cf0bebfcf741b57a82da399b27262b,1,singleton_no_enforced_relationship
dataset/train/Citrus pest/2025_12_20_IMG (313).JPG,2025_12_20_IMG (313).JPG,Citrus pest,train,source_92dbf4db22882c0ded53dbc5bf64cec29134a0ed48ddd89fc12cb8255d6684f4,train,af1499e676b6317b505a99a878d087897077dfbceb3f8d3d9cd192164252fdd6,1,singleton_no_enforced_relationship
dataset/train/Citrus pest/2025_12_20_IMG (314).JPG,2025_12_20_IMG (314).JPG,Citrus pest,train,source_87008824528799a645ea7c2290b606916711277546f7a7137e43edad9565d8ea,train,99b332b71361e194b951e5c9829594126489819000eda530f71c13d2bc7607a4,1,singleton_no_enforced_relationship
dataset/train/Citrus pest/2025_12_20_IMG (316).JPG,2025_12_20_IMG (316).JPG,Citrus pest,train,source_20ef0b05be007e41d932d54f05af7d6b38dbfc010156ae735cb915a1ef9a15d5,train,08f5760fd76fadf8aa4dd9b32d90e03f461d901b830b97d1accbcc59a0a5a2a5,1,singleton_no_enforced_relationship
dataset/train/Citrus pest/2025_12_20_IMG (317).JPG,2025_12_20_IMG (317).JPG,Citrus pest,train,source_e3fe82c23e201b09772f3a528342d73fc0b767603fdc79952d65600159c1d3d5,train,8b953eba156f3628a74604e783b89505583c306c1af0cb75bfd537aa481045a2,1,singleton_no_enforced_relationship
dataset/train/Citrus pest/2025_12_20_IMG (319).JPG,2025_12_20_IMG (319).JPG,Citrus pest,train,source_767b49004334d9cee807d3953217fc9e906fddf4490da2233899e5a1d6c50a00,test,1e313129e7380ee27692d7b11f61384411391d066ee89c5472c78df362022840,1,singleton_no_enforced_relationship
dataset/train/Citrus pest/2025_12_20_IMG (322).JPG,2025_12_20_IMG (322).JPG,Citrus pest,train,source_a19564e9baf7bf77c1644ece2a230c56347626592774536a063515122df25883,train,be9410982c8eb40d1f8876664e2d67abb88a359625998683856aa6ac0fe9c68d,1,singleton_no_enforced_relationship
dataset/train/Citrus pest/2025_12_20_IMG (323).JPG,2025_12_20_IMG (323).JPG,Citrus pest,train,source_b70aaa8ee2f098f7de1160e4795e996ab5a2040d67945a4e4f5e98c467d10ce5,train,98b4278cf32917e6c7c6702ec404f2188613f15da87fd383aaf5e427347a5a34,1,singleton_no_enforced_relationship
dataset/train/Citrus pest/2025_12_20_IMG (324).JPG,2025_12_20_IMG (324).JPG,Citrus pest,train,source_e47edb70ce69eb589b36d88c75568244e1dc1cd0c5ef3266a5a7bd36f1e69459,test,884a7b8bd7b958b7efff90fecd3df9d1a8fc429aa1c8a5d7ca0970ec03785bf8,1,singleton_no_enforced_relationship
dataset/train/Citrus pest/2025_12_20_IMG (325).JPG,2025_12_20_IMG (325).JPG,Citrus pest,train,source_9bdf60b1c4fcba7001bfc495db66f91f63cf24191f2152201b74d59c9cfbf289,val,b36b7e91ffaa71b06c874e3ee3929828a08eaaae0dc561337e628db151b305ea,1,singleton_no_enforced_relationship
dataset/train/Citrus pest/2025_12_20_IMG (326).JPG,2025_12_20_IMG (326).JPG,Citrus pest,train,source_340f2408ddac7a29f5ff17c511f2b40171b19576a64efb73eaae2a5220518d44,test,b279d71fb0ec8ca5a7d7f9fa6ca18f40b1b991c10cf03fb161c3254e69795918,1,singleton_no_enforced_relationship
dataset/train/Citrus pest/2025_12_20_IMG (327).JPG,2025_12_20_IMG (327).JPG,Citrus pest,train,source_7821a14f1f04b4361bd73395cf2bebdedaa4212e249820257c5e3d8a160bf840,train,c24d60469164c018bba5fbeaf60c2370aebaf2b2a13328cd39f7efa77e3c3588,1,singleton_no_enforced_relationship
dataset/train/Citrus pest/2025_12_20_IMG (328).JPG,2025_12_20_IMG (328).JPG,Citrus pest,train,source_fd0b6bca03198b888a2d707f9a7d10ac48d25b6f8b9f2a57b5ee43553d8f5242,train,e2b41712539d302f6d5c4bc3f42962a158cffe002dd4a38d45493ff1763b92bc,1,singleton_no_enforced_relationship
dataset/train/Citrus pest/2025_12_20_IMG (329).JPG,2025_12_20_IMG (329).JPG,Citrus pest,train,source_99bb6c7238848596371174a659d7d9552b07c22d577d770d2278ecb972f97437,train,04be503e7efd2f73bbd64c56d898f9501b21898a95bf6ab0b0d49afd069cd83e,1,singleton_no_enforced_relationship
dataset/train/Citrus pest/2025_12_20_IMG (33).JPG,2025_12_20_IMG (33).JPG,Citrus pest,train,source_242310e932c7533c0ef4ea468e2b7a8c1bbbf13a961fd164f390d7ece7671904,train,d0f0b540e1a684095de7dfc1dcf1d23bc765dc65b9017c0bf8dc19618dd6eb7c,1,singleton_no_enforced_relationship
dataset/train/Citrus pest/2025_12_20_IMG (330).JPG,2025_12_20_IMG (330).JPG,Citrus pest,train,source_64d8f3cf7c1631647e6a23523f55871db3238e1cbda6b1469cea86d61291ad8d,train,63c42805fab8a9c65b79ee89a9e0f3fcdeb60a7e5705c14d9d48614006eba68b,1,singleton_no_enforced_relationship
dataset/train/Citrus pest/2025_12_20_IMG (331).JPG,2025_12_20_IMG (331).JPG,Citrus pest,train,source_911b4157d40bffec50507271897f0d0833331d948c393c83c58ad6a100b4e406,train,1cc16c8c9dedcadc5ce2adda287ced1e7d2063d65e21a9b64f93783510774261,1,singleton_no_enforced_relationship
dataset/train/Citrus pest/2025_12_20_IMG (332).JPG,2025_12_20_IMG (332).JPG,Citrus pest,train,source_06e1763be364b85be6773be20f6c94ea790389639a55bf3dc133823df12909fc,train,185c8cff7c3c8d41f4489259622bc3ea4f0dff8ffd103903f30d6d323b9782c1,1,singleton_no_enforced_relationship
dataset/train/Citrus pest/2025_12_20_IMG (333).JPG,2025_12_20_IMG (333).JPG,Citrus pest,train,source_06ed44a0375217b1a31765f6068f0c047f18814b52072c0b044284b6d40178d4,train,5add6178367ca6d411062805f2dd7bbf1dc5d46f8f874b641b7a39b87daca8d1,1,singleton_no_enforced_relationship
dataset/train/Citrus pest/2025_12_20_IMG (334).JPG,2025_12_20_IMG (334).JPG,Citrus pest,train,source_f06781a314f8d15503192b7ac0f159120acf33c72d8cc94876eafb4ad8cfd4fc,train,6cd18073f00ac3d2f200050f9de5d19aa5dea5b78e764fde5f3c2e005abf24d1,1,singleton_no_enforced_relationship
dataset/train/Citrus pest/2025_12_20_IMG (335).JPG,2025_12_20_IMG (335).JPG,Citrus pest,train,source_e6418e9b9863a0a915026a5939ba5d9448d17642aad102f95ef3b313b930930e,train,3b2e93400c0bc70ad0f89771858ceb649da17bb21eca7ba3f1cdfb2c54be7b3b,1,singleton_no_enforced_relationship
dataset/train/Citrus pest/2025_12_20_IMG (337).JPG,2025_12_20_IMG (337).JPG,Citrus pest,train,source_af0a06e918758877a4c625d75ffc1a9d561134ee2db185629d6f669071af9cf6,train,aadafd1047814361d6ee57f3960a7d66ad3b48e5e2067800d5a7b692a006aae8,1,singleton_no_enforced_relationship
dataset/train/Citrus pest/2025_12_20_IMG (338).JPG,2025_12_20_IMG (338).JPG,Citrus pest,train,source_ef4d8f68bc74858353ad2cb7eec94a112f0847645b575fe796d21685c5e8091d,train,3d1891b37200c0b3d47d9b07d6a5dbc860a8796589c9d8b3b039fc52b157223b,1,singleton_no_enforced_relationship
dataset/train/Citrus pest/2025_12_20_IMG (34).JPG,2025_12_20_IMG (34).JPG,Citrus pest,train,source_663e73c50732ea44518f662477d89e91607eef1c1eaa767451e2351bb607a32e,train,5d54ffd54e1243cdc149ae0b4b7c8a52e46d3fae81e28dda67d0fa4bfaad2e2c,1,singleton_no_enforced_relationship
dataset/train/Citrus pest/2025_12_20_IMG (340).JPG,2025_12_20_IMG (340).JPG,Citrus pest,train,source_2deaa632733da74deafcbd0d02add7a8541cfd0c8982e3f733a4df2f09dbff2a,train,51312db1118d89c58991ddbeb31e304c921557cfa41c9e5f76c5b3fd8ed7144e,1,singleton_no_enforced_relationship
dataset/train/Citrus pest/2025_12_20_IMG (342).JPG,2025_12_20_IMG (342).JPG,Citrus pest,train,source_b6f8dfb9bc5f430e4b606260428c243818be16029cbea0c97efe53ab7694aee0,train,e7a4d1b8984f5957879856ac0b2ccfc17f7c63acf5998fc35ce3b8ed563967df,1,singleton_no_enforced_relationship
dataset/train/Citrus pest/2025_12_20_IMG (344).JPG,2025_12_20_IMG (344).JPG,Citrus pest,train,source_7e467bf87ddcbe58fc3a8773d836f7064f681aa46b85892d3f1a7481710af46a,train,68fc7733d901d1ea3bb89eaa090aac80cfc1b76a355c9fe9f27f0ea2a8edcf19,1,singleton_no_enforced_relationship
dataset/train/Citrus pest/2025_12_20_IMG (345).JPG,2025_12_20_IMG (345).JPG,Citrus pest,train,source_a6c6720bd6d504ad03ae104eb6df7f4c471f82cd47f572a04d4a717f2d2fd75a,train,2eee2b20495ecfaa7e19caa81e0fb5dbeaa0e442a718a79102e781d30f819d85,1,singleton_no_enforced_relationship
dataset/train/Citrus pest/2025_12_20_IMG (346).JPG,2025_12_20_IMG (346).JPG,Citrus pest,train,source_a733c9d7dc55086cac4f1d089a6c0c25d83ccb35bd92a600f2a3b52933f1bb44,train,4690b4997e471f8f55bf791a7158ee4cded5a9421e4f3469736147afadf9e6a9,1,singleton_no_enforced_relationship
dataset/train/Citrus pest/2025_12_20_IMG (347).JPG,2025_12_20_IMG (347).JPG,Citrus pest,train,source_a0ee5a527937a7dac6231975c7a8ebed359ae0cf791c7750c7647dd53320b999,val,02a8bdd48bc148aa5bb9a7e65068ab11d177667f534eb951b059f401d3d2c3b6,1,singleton_no_enforced_relationship
dataset/train/Citrus pest/2025_12_20_IMG (348).JPG,2025_12_20_IMG (348).JPG,Citrus pest,train,source_8674d1bae95e6b34e4d14d0727099656be2b3690eaa7de2170abee389956fd8a,train,ab8e05479122a4321572e258b079e5b052a322fc696467e58ac9bcf46143b07d,1,singleton_no_enforced_relationship
dataset/train/Citrus pest/2025_12_20_IMG (349).JPG,2025_12_20_IMG (349).JPG,Citrus pest,train,source_ef2aa3b58f0a2b3146583e1001055e1ac18a230fa9ea775044d3791b34319ed2,train,f951f75a340362d5d94e776ea633dcb7ca3eada31fd982bf9f6f46874062df3a,1,singleton_no_enforced_relationship
dataset/train/Citrus pest/2025_12_20_IMG (35).JPG,2025_12_20_IMG (35).JPG,Citrus pest,train,source_8711bc0985a0b825c9751859df5b97dc275ea9bfc64bd9bec15c08ff73ac61dd,train,851ef300677d1ecb5a682d8601887ed7cf12bfb4b9f7ad78073d2c3a87d7c97e,1,singleton_no_enforced_relationship
dataset/train/Citrus pest/2025_12_20_IMG (350).JPG,2025_12_20_IMG (350).JPG,Citrus pest,train,source_05ddae35540f6ff0e13e5db901cfb39140fd29967cbd7832fe208cb5bee29375,train,8169e673eb813a9defd58a2df4a3007b349d02bfc1cb146c02ed850e7160a6cc,1,singleton_no_enforced_relationship
dataset/train/Citrus pest/2025_12_20_IMG (351).JPG,2025_12_20_IMG (351).JPG,Citrus pest,train,source_248af63d072b5942c51c98c860c3e7d38ba913f7e6fe986d81c7b8d4f8e22421,train,6e98f20590776778b5a20ace08ad2513ac418e0f4274997a5356a306dcf28e79,1,singleton_no_enforced_relationship
dataset/train/Citrus pest/2025_12_20_IMG (352).JPG,2025_12_20_IMG (352).JPG,Citrus pest,train,source_a7b9c1c77e3eab2f89762d2c1c0289b7b61fdbd64f07a873a632a0666065539b,train,ab78c3a3ae8c4075c5c837ea5a0abcdceeccb00c9159b15489418a4fc50c875f,1,singleton_no_enforced_relationship
dataset/train/Citrus pest/2025_12_20_IMG (353).JPG,2025_12_20_IMG (353).JPG,Citrus pest,train,source_4a8de1d428f4bfa176bdead0a9225f324617ad5f7110af191fde5d292051ec90,train,bfc52683dbc3131f3d2d7ba5bc993b73e25ca7cd743ca3c390afafebd62e41ba,1,singleton_no_enforced_relationship
dataset/train/Citrus pest/2025_12_20_IMG (354).JPG,2025_12_20_IMG (354).JPG,Citrus pest,train,source_b4f97e6778f68246af83b4c46b5bd11d415a5c7d2f1cb6ef9471600e08d003a1,train,fa8a59b70a97eafd2bc327a0fe28ca006a95feb47d99f662db4e7d5be4f3b668,1,singleton_no_enforced_relationship
dataset/train/Citrus pest/2025_12_20_IMG (358).JPG,2025_12_20_IMG (358).JPG,Citrus pest,train,source_93cca9123563685add11313a874712b109e4168c22b6900853171ce401f8f962,test,788833c4ab59167956900e41d94f66995c121549d79f425ba0a402e52b5aa031,1,singleton_no_enforced_relationship
dataset/train/Citrus pest/2025_12_20_IMG (359).JPG,2025_12_20_IMG (359).JPG,Citrus pest,train,source_bff1e1731b4ac514d572d3de62fa140f7d1b6ff429110052c68070805801bc9b,train,d7e998cc235632a8f0b4912a9df913337997d3a8081f9e4b8fbf838079c29293,1,singleton_no_enforced_relationship
dataset/train/Citrus pest/2025_12_20_IMG (36).JPG,2025_12_20_IMG (36).JPG,Citrus pest,train,source_e5a5b72238276f0b58ce465c530a25917936dcd4ce60ef28910b591896730309,train,9b1dcbd771293d8cfbd662a0322c364e7f6c0b0110a631386ba9ba7bdb730470,1,singleton_no_enforced_relationship
dataset/train/Citrus pest/2025_12_20_IMG (361).JPG,2025_12_20_IMG (361).JPG,Citrus pest,train,source_d317070824dc599d27b6b1223d421f7ee08daaea1bc04e0a443dcb6c3fcaa93d,train,3cd57092369083de432ddc0bff56e85033254f3912c7f6ce1cde7d7da50d46e2,1,singleton_no_enforced_relationship
dataset/train/Citrus pest/2025_12_20_IMG (362).JPG,2025_12_20_IMG (362).JPG,Citrus pest,train,source_904cf5eb36c26d489cd510557d12944f620c2e1cc6ad81facf3eb465b9a8bcca,train,86ae4fca9186ef109e722b02ce41f028a624341778b24aa5372e68605a9802cd,1,singleton_no_enforced_relationship
dataset/train/Citrus pest/2025_12_20_IMG (364).JPG,2025_12_20_IMG (364).JPG,Citrus pest,train,source_ece9ef45771e5b02159e370f63526c2047b929ffde511d474dea3d461c03682b,test,ea691bdbc7d5ff7ad1db88b09f3e55a76e85319481a3356007ba72071649d0e8,1,singleton_no_enforced_relationship
dataset/train/Citrus pest/2025_12_20_IMG (365).JPG,2025_12_20_IMG (365).JPG,Citrus pest,train,source_d88364049d93e25d8012b8eba5b6bd584e17c8f42775ffc140fc8b12050e671d,train,ee77acc196e9572a9d72d44e7860f1b23273291b8752ecdcdea9e046db147eb7,1,singleton_no_enforced_relationship
dataset/train/Citrus pest/2025_12_20_IMG (367).JPG,2025_12_20_IMG (367).JPG,Citrus pest,train,source_e427b90788ac67d371c150064b960caac48b16d40b51477508140d023eee12ec,train,920d2d09135753c84590a0b98b01e7d874f5cbaaadca1619b5fbe5cf9991ddb1,1,singleton_no_enforced_relationship
dataset/train/Citrus pest/2025_12_20_IMG (369).JPG,2025_12_20_IMG (369).JPG,Citrus pest,train,source_761c98bc8e4255ec240c006a9e732ec8108a54ccf4290aa02b81bca0509fd520,train,25ab626bfefc736595c9e936e62a01bb10b280e944f16899395c2d5006f0bfb1,1,singleton_no_enforced_relationship
dataset/train/Citrus pest/2025_12_20_IMG (37).JPG,2025_12_20_IMG (37).JPG,Citrus pest,train,source_605f497289451d862ae0318e62007bf01455dab46ee42bfabcab34a9ed3a4881,train,fd3fbf5266d066449f052392f9c7d3f6bbcb4753e20ceddbed3fcefec49ec5c9,1,singleton_no_enforced_relationship
dataset/train/Citrus pest/2025_12_20_IMG (371).JPG,2025_12_20_IMG (371).JPG,Citrus pest,train,source_6b5604ae5e645edf2d8eec494faec297b3445f4990e44465d42c4df3e3665d77,train,5036e539549d15b31c5801ac4428b065606eeeabf6f56e49d93059d21d6369f0,1,singleton_no_enforced_relationship
dataset/train/Citrus pest/2025_12_20_IMG (372).JPG,2025_12_20_IMG (372).JPG,Citrus pest,train,source_d1d160aa4e0a5f462d1f4193f9f3395dd167dfcfa3a8c48f723839f4ccff3d88,test,fb633db865db8592e84560e0097bd0265e94b012184ed13a638d7fd8541252ca,1,singleton_no_enforced_relationship
dataset/train/Citrus pest/2025_12_20_IMG (374).JPG,2025_12_20_IMG (374).JPG,Citrus pest,train,source_d47f959ceff92621b1f4bbd9dd5c3a3a7a446a1d25c8e2bc1a84744e9d7ddb45,val,4a9baad7bb16668f876b35558b63064cca84159a47849e5d47bc0733fbaaf871,1,singleton_no_enforced_relationship
dataset/train/Citrus pest/2025_12_20_IMG (376).JPG,2025_12_20_IMG (376).JPG,Citrus pest,train,source_b5295c0c3cf4d75a7445551a58de1028e9921fb0f98c05de0bfe03bc37edfc3f,train,ecf1c7b59aaea7fa69fa5c9d7092003a09f7b84f3a67bf1d5229bdafeb504307,1,singleton_no_enforced_relationship
dataset/train/Citrus pest/2025_12_20_IMG (378).JPG,2025_12_20_IMG (378).JPG,Citrus pest,train,source_14d0337c89cc8fb2aca5d1ce1cd2c80f28e8d0ddac39d31663af16d8c4fe15a9,train,61b0e6a3c3335826985153553388e78c4aa9dd0df7d78ca631b7584596a38b67,1,singleton_no_enforced_relationship
dataset/train/Citrus pest/2025_12_20_IMG (379).JPG,2025_12_20_IMG (379).JPG,Citrus pest,train,source_77735cd11eab4d9eea48ce01ff9cff17d39603b408da41877322ada34a593026,val,5ee69ca1be7b5b58800b24137a395f6be785f64b9f085f58c0d5aff47df274e3,1,singleton_no_enforced_relationship
dataset/train/Citrus pest/2025_12_20_IMG (38).JPG,2025_12_20_IMG (38).JPG,Citrus pest,train,source_c593a8ac06f8ef028b5b99c9e4fbb677ba141334b8b9b73e8809290276f2fa87,val,a10373c7861018a7b1955886257174ca7da8c523a2c55a9699f3c77fe397f58c,1,singleton_no_enforced_relationship
dataset/train/Citrus pest/2025_12_20_IMG (382).JPG,2025_12_20_IMG (382).JPG,Citrus pest,train,source_aa2133a1f768c73212f0de855d81f618deee421f01137b6c15a1dd9a6cb0a295,train,4c9b1d5260e02573baed99afd56dec82d65dac5fbc498865cc0b3cf17e9d3bef,1,singleton_no_enforced_relationship
dataset/train/Citrus pest/2025_12_20_IMG (383).JPG,2025_12_20_IMG (383).JPG,Citrus pest,train,source_982fd4116d07678f35dd4e1c64861e3c55ef2efdfd268f47114ed7e21fba4a3f,train,ed240a76fa9ea708a000d0795f5fbdf48b62b5940dca3485562992a4885b2826,1,singleton_no_enforced_relationship
dataset/train/Citrus pest/2025_12_20_IMG (384).JPG,2025_12_20_IMG (384).JPG,Citrus pest,train,source_5bed849fd0a7c0263b786257279ac14176948f7cd5a16bf27a2ac51bcebbe5cc,train,d8430a1e8625b3a9360baee230eedfd5653643d9bf42903a31cdc9ce6dc66be9,1,singleton_no_enforced_relationship
dataset/train/Citrus pest/2025_12_20_IMG (385).JPG,2025_12_20_IMG (385).JPG,Citrus pest,train,source_4315ceff3d47df6c9d40a2ce1458352f4a4257ddfec6ba520c517cba35347e54,val,54067a30b727855f98c9ac6bccfcc23981c0c1bad142e3e9d8a8c921da88754e,1,singleton_no_enforced_relationship
dataset/train/Citrus pest/2025_12_20_IMG (386).JPG,2025_12_20_IMG (386).JPG,Citrus pest,train,source_6005dbe86955cc9e42016371cbc2d7f0a10678e16d757e8b10b46260e1bc0dfd,train,f8a9abf588f249d36a878201a3ad6f47f097ce679be87717f5992063fb68e508,1,singleton_no_enforced_relationship
dataset/train/Citrus pest/2025_12_20_IMG (389).JPG,2025_12_20_IMG (389).JPG,Citrus pest,train,source_cbaff58218289a4f3702175c5a9bdd7f979893eaabe179e4688c4a24be2d19ca,test,fc6b7b8b78b415b16d10e3d0d262e654377872b5811a051d691c281757109ff5,1,singleton_no_enforced_relationship
dataset/train/Citrus pest/2025_12_20_IMG (39).JPG,2025_12_20_IMG (39).JPG,Citrus pest,train,source_f3f3e8454f4e282c39fcfaed52af2052e4c5871f488efd4c1f94633d0aac387c,train,6f799db368d2c004ce9fdee7aec04acf51a49757b9ff42892d3d3b74a5abb5e7,1,singleton_no_enforced_relationship
dataset/train/Citrus pest/2025_12_20_IMG (390).JPG,2025_12_20_IMG (390).JPG,Citrus pest,train,source_969fa878b6dcb5236b3040867146717d2717271f2b42a57d5696f66ff592b2d8,train,4ad489f36b595066aa1b86c1fc1e5625cc01a6e1dd2df51c750725a18da96f2c,1,singleton_no_enforced_relationship
dataset/train/Citrus pest/2025_12_20_IMG (391).JPG,2025_12_20_IMG (391).JPG,Citrus pest,train,source_a2fb2ba0067a72469d0ffbaf87bf50b693f0ee9785b07142a65643009e52e87c,train,5c6192755b09221e21a7ef4f602f00d22a698c82deba439b7177de69d26b3b08,1,singleton_no_enforced_relationship
dataset/train/Citrus pest/2025_12_20_IMG (392).JPG,2025_12_20_IMG (392).JPG,Citrus pest,train,source_aa543ae6bed656938ba808cf05d2517e099f5192b57d03191df77fd14086e2d9,train,33573cc376568e73c3cf2fb89c0a9c546ae97b30bd32fa01d8961e98deb762f6,1,singleton_no_enforced_relationship
dataset/train/Citrus pest/2025_12_20_IMG (393).JPG,2025_12_20_IMG (393).JPG,Citrus pest,train,source_93711b287144a08cefab60bcb955cf9f14d1de0bfb1030edd6e1c324fe929e01,test,861b29878fd99923920ef7ddd244862c8a2cc2969227e889ae17ca300a7dac99,1,singleton_no_enforced_relationship
dataset/train/Citrus pest/2025_12_20_IMG (395).JPG,2025_12_20_IMG (395).JPG,Citrus pest,train,source_66615aedd5fd07a4e60b473f97f4b246bf48c921051cab7cf0b32def831cdc56,train,148c089e0389e5cd95b05196862c696dc0621402de7137d9b5705aa5c0718aa9,1,singleton_no_enforced_relationship
dataset/train/Citrus pest/2025_12_20_IMG (396).JPG,2025_12_20_IMG (396).JPG,Citrus pest,train,source_cf7653371d15a12f4899ca556e31535d65c060c4e555004a34d576a1f58e9dab,test,e79342e52f2c82c7c1843746abcb548aef80d34020a28b0e62a98cd4539597a8,1,singleton_no_enforced_relationship
dataset/train/Citrus pest/2025_12_20_IMG (397).JPG,2025_12_20_IMG (397).JPG,Citrus pest,train,source_15eba54b7cc38a4eb7b685ff75d041c9f4bd0022c8a10ea0c3e4c616deb36fa3,train,29f2fdce061a19d2ef1ddf87fe4a53950fd38256fe73c7363c5f922ec2d8036d,1,singleton_no_enforced_relationship
dataset/train/Citrus pest/2025_12_20_IMG (40).JPG,2025_12_20_IMG (40).JPG,Citrus pest,train,source_e2aaba18515a080673bd778155fc4ba2e53a04beaca1b7ccccc9603f8a17f435,train,72570e61a14c2738b1f6d955eee8511f0bacef9c8cf6c64ec78b6c09b7e7f91d,1,singleton_no_enforced_relationship
dataset/train/Citrus pest/2025_12_20_IMG (400).JPG,2025_12_20_IMG (400).JPG,Citrus pest,train,source_e421827d181c7574bb3c7ff132d33b812c0542a7f6e051e8faec8a159029a7d0,train,26eabe2845098e8c1a1718f123cf0bed58f5f1be24b1589751a76701fcee4111,1,singleton_no_enforced_relationship
dataset/train/Citrus pest/2025_12_20_IMG (401).JPG,2025_12_20_IMG (401).JPG,Citrus pest,train,source_0e8cb853d048fb15381411dbb34bec86e27c056c251054af0deb2c3a533a7390,train,77f716cd68cb8d88194e04f0db3c80beac85883c47ca37cfb66afe75ba387e19,1,singleton_no_enforced_relationship
dataset/train/Citrus pest/2025_12_20_IMG (402).JPG,2025_12_20_IMG (402).JPG,Citrus pest,train,source_554f8c918c9a8fa5e90ff6c9496bcc3cebf08e932a425ea1a37b7360869b1a91,train,b2aeb8abc4dacce5bdb83cc029c3c86f3cf9cfa0c17b2522cb69c713a32acb63,2,human_SAME_SOURCE
dataset/train/Citrus pest/2025_12_20_IMG (403).JPG,2025_12_20_IMG (403).JPG,Citrus pest,train,source_5b6afe213baaf9d65ba4039aaef3b564633b81bb259cf4a9745c4f624d8a07b2,train,c37f8c79aef9e0ab4a0cb4c053370d400d9cc09a0f9807c63ec7eac3907cfd12,1,singleton_no_enforced_relationship
dataset/train/Citrus pest/2025_12_20_IMG (405).JPG,2025_12_20_IMG (405).JPG,Citrus pest,train,source_e24c951532dd6960a07439026f93ac91adc3ad3fa5325f297f116130413ecc07,train,6fec1d35c398e378abe8e37e7d204d3686c13b2cc22688dedfb9c317681510dd,1,singleton_no_enforced_relationship
dataset/train/Citrus pest/2025_12_20_IMG (406).JPG,2025_12_20_IMG (406).JPG,Citrus pest,train,source_0139ed88c5b3f25cd13db6271f2c912f44e1793480807ae56a060581ea5813d1,test,de010407d8c677293684f77465fbd6afbdd23c802875972e94b7c552ec00622d,1,singleton_no_enforced_relationship
dataset/train/Citrus pest/2025_12_20_IMG (43).JPG,2025_12_20_IMG (43).JPG,Citrus pest,train,source_11a2a47df0b733337afb7a04f23b5a51a4b36a4434ab15568434dee07b0def0b,test,a2452d92631f1048249f8af4c9f054e47dbe06afeb6504a1d1f7a395eec8ce14,1,singleton_no_enforced_relationship
dataset/train/Citrus pest/2025_12_20_IMG (44).JPG,2025_12_20_IMG (44).JPG,Citrus pest,train,source_205a2cda20a063850bd6b764acd6ce04143fa6ff101e7d1aa8681637bd639f59,train,975cbc0fd2cbb5299847cff982978d9f65774cec172ab4c6bc32f5c6b0928d03,1,singleton_no_enforced_relationship
dataset/train/Citrus pest/2025_12_20_IMG (46).JPG,2025_12_20_IMG (46).JPG,Citrus pest,train,source_15426221d7ce31a33f65be257077185685d73121c9a17c16766c1e7888de1737,train,98addba40cd7a169a9e7adc326db0531ff28ae5102b028dab6078a576c3c5b6b,1,singleton_no_enforced_relationship
dataset/train/Citrus pest/2025_12_20_IMG (47).JPG,2025_12_20_IMG (47).JPG,Citrus pest,train,source_f7392d63d1f26c602e18cde8122f4f02d19706130e0208cba4819440da2aaa66,train,e0b9d81f7d19d6b832c22ca157b372fbb28a7f1686e1a8d3e5adb1f128b1ff5c,1,singleton_no_enforced_relationship
dataset/train/Citrus pest/2025_12_20_IMG (48).JPG,2025_12_20_IMG (48).JPG,Citrus pest,train,source_2d41064525ce7dd3b1540903e8e429125cbddccadafe0dccb66d9edb641d63fc,test,b57587de41bd606ebe92133892d2223c0fa815404940352ea2ff3fc65beef531,1,singleton_no_enforced_relationship
dataset/train/Citrus pest/2025_12_20_IMG (49).JPG,2025_12_20_IMG (49).JPG,Citrus pest,train,source_c3efe2311e41ca4f3888f66f3aec6e3942a2afa86e131dd9879dce816f4c73a5,test,06c1b8712d8c03d892d22fe8b9a3af29c1cc42a917540837fbe16d4ef97da303,1,singleton_no_enforced_relationship
dataset/train/Citrus pest/2025_12_20_IMG (50).JPG,2025_12_20_IMG (50).JPG,Citrus pest,train,source_7e8c42999b60994f3ae2484f8069de356468c4384816f0839b5507022e03ce2b,train,9afc692b9ca43142f501af2bd2893c41dce7c7d01d7937db2641343f38475f7a,1,singleton_no_enforced_relationship
dataset/train/Citrus pest/2025_12_20_IMG (52).JPG,2025_12_20_IMG (52).JPG,Citrus pest,train,source_672ed787573e15f5d869a91e148b6a27814238dcb842a75aa3c3b66b2ff15731,val,ab6c4e2da50de3cced06bba53cac82834b1ac1f4596c1933dc8f64d3fbeb73a8,1,singleton_no_enforced_relationship
dataset/train/Citrus pest/2025_12_20_IMG (53).JPG,2025_12_20_IMG (53).JPG,Citrus pest,train,source_e6530bc7d6854907140d6bdab3676f675efed240a6fbe81f4dc75221ef85d94a,val,c62cb211c6936d145082bfe0d59eed080a5691d2cde6e6f8569a3e8491943e62,1,singleton_no_enforced_relationship
dataset/train/Citrus pest/2025_12_20_IMG (54).JPG,2025_12_20_IMG (54).JPG,Citrus pest,train,source_044d1f47e8a15dab726db57549fc2bee90823d4e191a791dc902fed1b420f6c4,val,fbe82082a525f9404a52f6b51fac50c5fe9386d5c07f6044c5d0f4cd3443e62a,1,singleton_no_enforced_relationship
dataset/train/Citrus pest/2025_12_20_IMG (55).JPG,2025_12_20_IMG (55).JPG,Citrus pest,train,source_e5b3e50b27d87d7506a14a5c78f364a012e21322f83d0cd622d9cd86aa5b0341,train,970b30990511207b6f2e078c3a3f91ca998ac1040b71d2184fb53aff24ac9393,1,singleton_no_enforced_relationship
dataset/train/Citrus pest/2025_12_20_IMG (57).JPG,2025_12_20_IMG (57).JPG,Citrus pest,train,source_5fab485ac6c0b8f5099f9e38458c74fdb114b6180cb4ad80ef3a8248a9d6bc9c,train,65bc77a1e2a6e973c55a77ea51213b0ee677679c44fe5d8ba60803aea349af1a,1,singleton_no_enforced_relationship
dataset/train/Citrus pest/2025_12_20_IMG (58).JPG,2025_12_20_IMG (58).JPG,Citrus pest,train,source_faeb477040f0ed60abfef7ebf1028150d0416455ab2f13d074fe87f972578449,val,ac1c57f5bf929ef85f40a4eb8d17f4276859dcfe59e6299ec2a293ea228b4d02,1,singleton_no_enforced_relationship
dataset/train/Citrus pest/2025_12_20_IMG (59).JPG,2025_12_20_IMG (59).JPG,Citrus pest,train,source_8032d2a9d84c4661a171d00fa1540ffe286ec3c5169359d6882a3b2f48e86f7e,train,40b387b8ed557f074bb21bf841c644a7a7c8218525261ccbe0314e926fcf8d6c,1,singleton_no_enforced_relationship
dataset/train/Citrus pest/2025_12_20_IMG (60).JPG,2025_12_20_IMG (60).JPG,Citrus pest,train,source_0b4500ae74be66403843b65bb3c326c7a2b088fecaf70b937b2d9e87e8b99d28,test,abcc1a6ee5cf210a2b93e7668e846349245110ad934f8410c6af52bdc994bb81,1,singleton_no_enforced_relationship
dataset/train/Citrus pest/2025_12_20_IMG (61).JPG,2025_12_20_IMG (61).JPG,Citrus pest,train,source_998ce89445f563f7bbc0af96e18d2aac15a8d54e616aa997e8218b0f49f70c1c,test,d510e6bdf4ebf840c790b157bc5d4c77e19286b809c0d2886e2d9a1c49b0444b,1,singleton_no_enforced_relationship
dataset/train/Citrus pest/2025_12_20_IMG (63).JPG,2025_12_20_IMG (63).JPG,Citrus pest,train,source_e41d5adc9660d24c17285c3869f1ebaf7ef6e0de02e18610aa949d64ca6d28eb,train,e724ad8ac3dec3fa544349d1b923030c5111b633301e2da53a04251b4e399d6c,1,singleton_no_enforced_relationship
dataset/train/Citrus pest/2025_12_20_IMG (64).JPG,2025_12_20_IMG (64).JPG,Citrus pest,train,source_7649cfaba3c1fb7905063702198c7acbc53393a909cec84fc3341053f725b661,train,840eaa946757ea33462db86c4e76c4000f4f05ac58f070e0abf6f3d05d9b6151,1,singleton_no_enforced_relationship
dataset/train/Citrus pest/2025_12_20_IMG (65).JPG,2025_12_20_IMG (65).JPG,Citrus pest,train,source_5c68857df46dc37c4bed468c8116c8a59d07dc88bdd46334d10bdaec212b6af3,test,a0b66c63d73b10a6a04866f9fd16c1c01ec6a8f9d06ff174956164e558444861,1,singleton_no_enforced_relationship
dataset/train/Citrus pest/2025_12_20_IMG (66).JPG,2025_12_20_IMG (66).JPG,Citrus pest,train,source_cb2157a1c10980bc61bc762e8498448dec829393b88759d6b246ad4aba85b309,train,9ec4e74ff36a8bebe00943cf2d96b4f11b7a618343255159af3ca030c0e92082,1,singleton_no_enforced_relationship
dataset/train/Citrus pest/2025_12_20_IMG (68).JPG,2025_12_20_IMG (68).JPG,Citrus pest,train,source_d413802d725d70782cc34463539a19681a08ffe756db76369a8e3b27c1ace317,train,3d831018e77059054e3803627f79f2421839aa3d508495bc438c27ad1df8aa57,1,singleton_no_enforced_relationship
dataset/train/Citrus pest/2025_12_20_IMG (71).JPG,2025_12_20_IMG (71).JPG,Citrus pest,train,source_95b52649e281f1488e1389d84f049f1372da882beccf23282539993fec3fb13d,train,04efff9aabed28e3e1f42220f5faff409508d9a34a1cccaf860f6f318e8659ef,1,singleton_no_enforced_relationship
dataset/train/Citrus pest/2025_12_20_IMG (72).JPG,2025_12_20_IMG (72).JPG,Citrus pest,train,source_a6ac9fe5b60b014b377ece88a95ed20cdbbe036ad9f733f849140dcd1ed372a0,train,639975d6e3f0dc4636b8930f25b988a6a9616c52be444601b89103737f9c8c64,1,singleton_no_enforced_relationship
dataset/train/Citrus pest/2025_12_20_IMG (73).JPG,2025_12_20_IMG (73).JPG,Citrus pest,train,source_f71861f8b3018eeee96813dc358222ac484b57ea87a92114d95ebfc260665758,train,8d499b9abeed54fe453961154be113a4fd6c5757faf1a460e16e409fd6ae8df3,1,singleton_no_enforced_relationship
dataset/train/Citrus pest/2025_12_20_IMG (74).JPG,2025_12_20_IMG (74).JPG,Citrus pest,train,source_40f56a73d048d6ac604859228bc66c9bc92994334bed13a1123c1a861f6affc9,train,4a5a6670d349a3613cc8eb5b7e3481ba87625f670133d40312e2c01b27d9b575,1,singleton_no_enforced_relationship
dataset/train/Citrus pest/2025_12_20_IMG (75).JPG,2025_12_20_IMG (75).JPG,Citrus pest,train,source_829f62b13323515f5d7f0edaf270873cf6528ca25224e1bc04f65add22d475a6,train,5f33d5acbc5c09433dd1b07114cc4cb484c62203c802906ce10a42edbcc3a7e9,1,singleton_no_enforced_relationship
dataset/train/Citrus pest/2025_12_20_IMG (76).JPG,2025_12_20_IMG (76).JPG,Citrus pest,train,source_bc5335914d946a200f69e325cc4b0c80b58089fb9ca3b25eb6de9eee90ef15cf,train,752ec96cb2fbb6af39de2c31fdc355dba632d044edd5ae363b3d46109d3d4a8e,1,singleton_no_enforced_relationship
dataset/train/Citrus pest/2025_12_20_IMG (77).JPG,2025_12_20_IMG (77).JPG,Citrus pest,train,source_cda2a2b1edc37ab9cfdb0223cf58d9bbc76759a73e0cddea713ec90a46f23336,train,864b1ca52383ffee5a062177eca9c8d8725503e317dac3675741e922fead3841,1,singleton_no_enforced_relationship
dataset/train/Citrus pest/2025_12_20_IMG (78).JPG,2025_12_20_IMG (78).JPG,Citrus pest,train,source_cc5d443930b4aefd681d8472f9f4d56eb15b74fdc09cf2f298bf175bf4b78f95,train,eab767b54cb3495cfaa6d3fb17a7a5767e755b2556999dc48deb552b30a4673a,1,singleton_no_enforced_relationship
dataset/train/Citrus pest/2025_12_20_IMG (79).JPG,2025_12_20_IMG (79).JPG,Citrus pest,train,source_fe695137805bfcac362f9c0871e0938f9f04d1ae660c9a145df8b6d883d7dea9,test,88d7cdf220bbf4919414cc5806449b10711425bbd5ebb542e04a7f8a88bcd2eb,1,singleton_no_enforced_relationship
dataset/train/Citrus pest/2025_12_20_IMG (81).JPG,2025_12_20_IMG (81).JPG,Citrus pest,train,source_46fc6f7684a637e0ef8e5f265b3bf4fe83e9d2f5c15f40908d5636474fa1df34,test,f6b58899de80cc96d6246a6bf260a6d067628fbfa4201ec1d9d3ac910bebefe6,1,singleton_no_enforced_relationship
dataset/train/Citrus pest/2025_12_20_IMG (83).JPG,2025_12_20_IMG (83).JPG,Citrus pest,train,source_aacdb6ce24d83fbc8daae27831e7186a6b036beb8a5cf84f95eb7f6afa582eb6,train,40f111b842b0d428a06e16f3e4cbb0a8b4760b09ee7ccb7a39dd1f4aab940d8c,1,singleton_no_enforced_relationship
dataset/train/Citrus pest/2025_12_20_IMG (91).JPG,2025_12_20_IMG (91).JPG,Citrus pest,train,source_8f0a0cf5b77d465fe9c89266bd6c0fb07cf0986ab456b43b1ce7197d7826e8d2,val,5c5ba076cdd2fcb188e36af1ede282f400c36821c5675f75cb14bef08c269468,1,singleton_no_enforced_relationship
dataset/train/Citrus pest/2025_12_20_IMG (93).JPG,2025_12_20_IMG (93).JPG,Citrus pest,train,source_ecd8ca1cf3314c8fa7ee2e8e328d0fe927fa3069769000a43dd2ad6f993bce5f,train,42941565fef71fd91a9b5730545e7587208b7318661a44940f943f6e00d832f0,1,singleton_no_enforced_relationship
dataset/train/Citrus pest/2025_12_20_IMG (95).JPG,2025_12_20_IMG (95).JPG,Citrus pest,train,source_3f694b1a0f6815ae9b6d8c7c4c210f511fabf63e8538de0fb4439ab93d4ecf26,train,988f3d73ee62225e09e8ac24e56abdd28a1868dbc1bb5d196d3b520a8920f500,1,singleton_no_enforced_relationship
dataset/train/Citrus pest/2025_12_20_IMG (97).JPG,2025_12_20_IMG (97).JPG,Citrus pest,train,source_f88ebc5c36346fdd8d6f54e27ac298167f4e52cec115b46881c10c281baadd72,train,abce785e35392264fd494d12275b7c42e31e23f0fcd3946a88c8ec87ab4ddab4,1,singleton_no_enforced_relationship
dataset/train/Citrus pest/2025_12_20_IMG (98).JPG,2025_12_20_IMG (98).JPG,Citrus pest,train,source_ee81e6b6478389a1ed8d490d55db93d5d7b2eadb539e042bd0653a4e155076f0,train,189316a278de7ca21addff6d7a0478f56a76c75d156976316dff7cb8baf92472,1,singleton_no_enforced_relationship
dataset/train/Citrus pest/2025_12_20_IMG (99).JPG,2025_12_20_IMG (99).JPG,Citrus pest,train,source_5f173f3e976418a1bf618c0b16aa500c7b722f8511b0d1dacb541e03b3401d83,train,1575a270fa030f8f66de9a022076444718f1b4dd4d79f759d85036dad3b344a5,1,singleton_no_enforced_relationship
dataset/train/Greening/2025_12_21_IMG (1).JPG,2025_12_21_IMG (1).JPG,Greening,train,source_28bf2067fd717c59db10c95190263d9d1270048d5db0dad1c96dd09b69908bdb,train,097353b896fcc25ffda06e0fb6a57155a383c58904bdb44962cacf7356f0ef27,1,singleton_no_enforced_relationship
dataset/train/Greening/2025_12_21_IMG (10).JPG,2025_12_21_IMG (10).JPG,Greening,train,source_9e21d659d5b16abe6a06dd159eed9ce709ac5e03fbd65c38adb3e15feeb874f4,train,0e963d623ee1d58fbfe408400127b3e2ffb67f5ff1c88de43a464caa673d4be9,1,singleton_no_enforced_relationship
dataset/train/Greening/2025_12_21_IMG (100).JPG,2025_12_21_IMG (100).JPG,Greening,train,source_0a5926aeaaec0d1c092583c6e9f1fd46f8232f5b5cf3a71236f39867a3c9d12b,test,638cc115d87a0ba0ba58dfd291c11ea5fba90ed00129d36be9ec18cf4048cfef,1,singleton_no_enforced_relationship
dataset/train/Greening/2025_12_21_IMG (102).JPG,2025_12_21_IMG (102).JPG,Greening,train,source_5a05e7e941dc4dc8440d90724a243d8f3cc5cb3d502f5e1242f9d2c663d0d8c6,train,e80311f48fb254998503e4f7445f75deceb032180bae9682a7a7825b0843511b,1,singleton_no_enforced_relationship
dataset/train/Greening/2025_12_21_IMG (103).JPG,2025_12_21_IMG (103).JPG,Greening,train,source_df08c8669e916d6db8b09013f48ead63214af9b21489caa4ea9fb21641555717,val,45804b710b58631ae4d517737543c9d08f3ef97297b46a58ea649a37bc8edd7d,1,singleton_no_enforced_relationship
dataset/train/Greening/2025_12_21_IMG (104).JPG,2025_12_21_IMG (104).JPG,Greening,train,source_190c39e6a0c1a24b848ac31783aed8653f7cb23d5ac598b719cf9e3d87d3c953,test,2f435efe2a353a5bda83348d170c07c5a4eca58d1be9c26b9b22241acf69948e,1,singleton_no_enforced_relationship
dataset/train/Greening/2025_12_21_IMG (105).JPG,2025_12_21_IMG (105).JPG,Greening,train,source_113df5ec6128058f7049a83340fc35ebdcb4523a0a6967633b1c4b75bf449529,val,6504bbf6d5170f8ec393e5ac741402d920babc9c1ef4d760fc65c9b43519f017,1,singleton_no_enforced_relationship
dataset/train/Greening/2025_12_21_IMG (106).JPG,2025_12_21_IMG (106).JPG,Greening,train,source_32a8327098ccecb2e55b6cb954a1f7e5deaf33516ef8bc4e9fae476be9792f8b,train,cf61257b1bd749a392e45a7c82096ce8cead3652c0dfb3419bb1534736c14f3a,1,singleton_no_enforced_relationship
dataset/train/Greening/2025_12_21_IMG (107).JPG,2025_12_21_IMG (107).JPG,Greening,train,source_ce6614d699ea4fca2f2ed3bd53649094b6998183c064cfdbaaa4a7eb481cb508,test,8c57a74ad6520ab78f5558fc89085a0f6045ab63099af6d298c7778f1c5be60c,1,singleton_no_enforced_relationship
dataset/train/Greening/2025_12_21_IMG (108).JPG,2025_12_21_IMG (108).JPG,Greening,train,source_9bff55ff4a955f0eb101bce13ea30b4e2e9fc9e33893ee35eb1a4ddf7ccb40ba,train,db25c8ed1e447c1dee08492e0b279ee7116524ca158fd7aa0092d8d7d8207238,1,singleton_no_enforced_relationship
dataset/train/Greening/2025_12_21_IMG (109).JPG,2025_12_21_IMG (109).JPG,Greening,train,source_df025308ee0e7b0163fe2e3a391923411b481df31caeb25cf0f2329fbdd57f2f,train,f1344c5be37160bf95063b195d7271f25f40b3f57a9a70aa88ee6b8b56598f3a,1,singleton_no_enforced_relationship
dataset/train/Greening/2025_12_21_IMG (111).JPG,2025_12_21_IMG (111).JPG,Greening,train,source_3a62ac496c96b1ea51fedb5c27d53651038b5806e65f30e3e0deb33349b6e296,train,b0e469c65e4e4c593b22ab842830bfcd35561bca014391575a688a5c7552a418,1,singleton_no_enforced_relationship
dataset/train/Greening/2025_12_21_IMG (114).JPG,2025_12_21_IMG (114).JPG,Greening,train,source_f20337feb7771563f940b63fa92512aff4fc34ab28d80da4b5b5af129a9f6a43,train,819908ccf45cf8237acc8a02ace4a53e04f9f2b3cf29acdee9703135aac408f2,1,singleton_no_enforced_relationship
dataset/train/Greening/2025_12_21_IMG (115).JPG,2025_12_21_IMG (115).JPG,Greening,train,source_09d772150c85faf89c6885e69c8e29eaa58288d7ea8a7c9845f443b1c8524710,train,8f5e4ef8b28c1087fb072f0707bc405fb5b413c86ac4a580d3c6b5faab60d0f9,1,singleton_no_enforced_relationship
dataset/train/Greening/2025_12_21_IMG (116).JPG,2025_12_21_IMG (116).JPG,Greening,train,source_9500950fc12d822d8002f9b9687695e08d016ee02e72422191fc0f45b64202db,test,0d8ae30fb739f496c188df76ae3e052284cf760fb6cf056a122b3d1d60db141e,1,singleton_no_enforced_relationship
dataset/train/Greening/2025_12_21_IMG (117).JPG,2025_12_21_IMG (117).JPG,Greening,train,source_4c81c4f02d43032002d58eb1fe4b3c48564a4247489629ae0d91ff8804914672,train,16b2fb17c2bdee4b8e24d3c1055b9b68f0b7ba9795f6663d95cf3a3a6df4b518,1,singleton_no_enforced_relationship
dataset/train/Greening/2025_12_21_IMG (118).JPG,2025_12_21_IMG (118).JPG,Greening,train,source_6776f7c3bb89195a6a256a6b5523f55d8ec8578cf63f6a805fe21df7abd23b94,train,84129e8b3c0603c7092120994de94e334a4774855139a8b55e66a9581b312c8b,1,singleton_no_enforced_relationship
dataset/train/Greening/2025_12_21_IMG (120).JPG,2025_12_21_IMG (120).JPG,Greening,train,source_ad0d468aae008c5d034682801f1ca8cc3f0eb64d360e80c5cf918b384dddb944,train,2e68b223fd3e2588e43cab3e1cc5aafc35d08290200298b6f5c98c0867bc7ccf,1,singleton_no_enforced_relationship
dataset/train/Greening/2025_12_21_IMG (121).JPG,2025_12_21_IMG (121).JPG,Greening,train,source_2c5476c31ded94f839b49c61ed6b74b774ae63c255a5436e8c6997f6488c6eb5,train,56e2f0f989d4dbb80e53a4718f94007f10c585ee35bdd38ed60ad742f6d8cc46,1,singleton_no_enforced_relationship
dataset/train/Greening/2025_12_21_IMG (122).JPG,2025_12_21_IMG (122).JPG,Greening,train,source_29b1ee5ca47229e699de4194bbaf9cf5bcc4ad7d9581ea88b5332369de5e34a6,train,7f9e47b785f1ceca3700301d5a701cd773bfa0d3838885d0a826c2acde68fa89,1,singleton_no_enforced_relationship
dataset/train/Greening/2025_12_21_IMG (123).JPG,2025_12_21_IMG (123).JPG,Greening,train,source_8c042eabe2b50c163c9fe058b1f16e62933fba15eb3f65c89575a9434760ed6c,train,8ee6c44f1d8abfa2b058940ddbc572c0426784327970f6b6d466cb200912426f,1,singleton_no_enforced_relationship
dataset/train/Greening/2025_12_21_IMG (125).JPG,2025_12_21_IMG (125).JPG,Greening,train,source_4c5d5dff41969de863c54860d522e473a9f9c961ab76920f1052f963eb6347a0,train,a2806de9744409824ae14089ffb5a974b8c63ba89acdc82700448c854e6caefc,1,singleton_no_enforced_relationship
dataset/train/Greening/2025_12_21_IMG (126).JPG,2025_12_21_IMG (126).JPG,Greening,train,source_b7bac55bf1f3a3409ed6b67302bd0e7c7dfbaadb60564aeec5e68bcafc6c486d,train,9eace057921582b0f81461706f27794b142068cec9e80dabbccbbf29c1f6d100,1,singleton_no_enforced_relationship
dataset/train/Greening/2025_12_21_IMG (127).JPG,2025_12_21_IMG (127).JPG,Greening,train,source_97e4a4cf4f302ef74485a2dac178a82fe00de237ba5519aad6aa1bb22ac423a5,train,4cf7e53c1639ed5848e341ad7569246244c57da94c9c1ac56f9bbc24519bde75,1,singleton_no_enforced_relationship
dataset/train/Greening/2025_12_21_IMG (128).JPG,2025_12_21_IMG (128).JPG,Greening,train,source_206441878be6cbf2b16c59eb91b061bf37dcefdf2f1cd989987829dfefe6fa8b,train,0359ca3c46e40e8dfebe88993bb49b48c22e116efa08b5e9760bb255160d398c,1,singleton_no_enforced_relationship
dataset/train/Greening/2025_12_21_IMG (13).JPG,2025_12_21_IMG (13).JPG,Greening,train,source_6ab4b1af50d780e2ecde57d08272bc2d787393641a97794348cc44a070a0d599,val,76e8befd34b1bd2315ae0e8078930a93af8908636a34e2f9a5e9342f5475b3fb,1,singleton_no_enforced_relationship
dataset/train/Greening/2025_12_21_IMG (132).JPG,2025_12_21_IMG (132).JPG,Greening,train,source_bcaf039e20711b9c9622e2e5421f14bd793ac9880e686bcb6257de3cf7dff3bf,train,180a9226366e51c91b8e730486dbf7eb21642392fdbf48120c10435db8481b80,1,singleton_no_enforced_relationship
dataset/train/Greening/2025_12_21_IMG (133).JPG,2025_12_21_IMG (133).JPG,Greening,train,source_e6f25a362095dfd236a6d9966329dfe143b42625eada6297b7c72d3d20c07d47,train,2f955e9bf74a5bdd8e33cb9fce71fbfaa526c502637474f7d33422d30eff92d1,1,singleton_no_enforced_relationship
dataset/train/Greening/2025_12_21_IMG (134).JPG,2025_12_21_IMG (134).JPG,Greening,train,source_00f17016cac85665bb08e503d29af2dca0ac30661068e1ef6a574840df1dacce,train,fdcede0413c96303203c25a393742126db03bf5c623fbc96baaf38fb7001997e,1,singleton_no_enforced_relationship
dataset/train/Greening/2025_12_21_IMG (136).JPG,2025_12_21_IMG (136).JPG,Greening,train,source_00b3395fdbdb2a42144804db1d8fb19b2373e7a585215dd24ed636f0ad748d45,val,78e04c80b750085ab0ebbd88f3e4f484179326d7fd558560d7b9f4bd4156866a,1,singleton_no_enforced_relationship
dataset/train/Greening/2025_12_21_IMG (137).JPG,2025_12_21_IMG (137).JPG,Greening,train,source_6b6fcb8bae82bca0cdb7bfaeab85174fbb3e2517d794bb47b579e626be074354,test,7880457d0d8161adfa2ee18f861956ce8f02fc3e8f09b0a7ef9149cc97843e03,1,singleton_no_enforced_relationship
dataset/train/Greening/2025_12_21_IMG (138).JPG,2025_12_21_IMG (138).JPG,Greening,train,source_14a4c724c347e7899516b6b6e7adb935f8f5b1d890fa07a85edb7a123305e986,train,3d2db64981c8c6cfacc4fafe01e66697e53b2ee8f10f257d9a4085a22f41e748,1,singleton_no_enforced_relationship
dataset/train/Greening/2025_12_21_IMG (14).JPG,2025_12_21_IMG (14).JPG,Greening,train,source_6696e54c5fd52d827e34bd49c7352a11281000102a693cd1ce36a6a53e38101c,train,3a5286eb1f6d238a9baf32256a97c846f0fec70682af8aa397aad44ed0255309,1,singleton_no_enforced_relationship
dataset/train/Greening/2025_12_21_IMG (140).JPG,2025_12_21_IMG (140).JPG,Greening,train,source_fbcb6b3f9db29d5b118deb34dee3adcb2c5c7911d71c2180f8d7949c9f316c86,val,3db59dc4f2180b74bc927622accd72a34c3df0e2c48a0d76398fd74f70d75d44,1,singleton_no_enforced_relationship
dataset/train/Greening/2025_12_21_IMG (142).JPG,2025_12_21_IMG (142).JPG,Greening,train,source_3c96366e076ed8a21860b84c8aed8f625db44552e5955a075f6042e2620f5998,train,9a9b0e02fe300957886e2ffb51f411ac87eff13bddf4e0b0c614a0a11a4d17b0,1,singleton_no_enforced_relationship
dataset/train/Greening/2025_12_21_IMG (144).JPG,2025_12_21_IMG (144).JPG,Greening,train,source_b34fd5b207256cda9b57bc0fc2524b7e5ba61b7e1a2493ef4da20f42f88a86f4,train,fc0d6a3551eafb721bf96926089c4ad57a632e3df766c7c8e6b7535eb40423aa,1,singleton_no_enforced_relationship
dataset/train/Greening/2025_12_21_IMG (147).JPG,2025_12_21_IMG (147).JPG,Greening,train,source_51260156b1861801420ba2494b2aef370edf0877780e34f5f95471dd53fd6d44,train,3ecb4690419c8c720e9353aafd88be13c028a79d791ed387e2c75f122c5ad686,1,singleton_no_enforced_relationship
dataset/train/Greening/2025_12_21_IMG (148).JPG,2025_12_21_IMG (148).JPG,Greening,train,source_6b8baa41c5291cf6dd0aa6e75d8b164267fdb4ddaa398ff1ca3da4a5fcb87456,train,251001ff1c04491f0d2fcc1a39fda26712b80d695d256a9848f4c325c3048269,1,singleton_no_enforced_relationship
dataset/train/Greening/2025_12_21_IMG (149).JPG,2025_12_21_IMG (149).JPG,Greening,train,source_d70bf184e848d9f0b3c4de4a1813f1dbbf5d87f3c9f0aafe112e52632ac9df3a,val,d771f9f722aafdb8401b020f60135b94184b28e4d83821389c7dc1031ae848d1,1,singleton_no_enforced_relationship
dataset/train/Greening/2025_12_21_IMG (15).JPG,2025_12_21_IMG (15).JPG,Greening,train,source_72087b39a41a831d4e230698241e5234719d2f7b5417668608810331db2199db,train,2296acce3c8f8c51d60494183c99e5bd8a200b6bcf2ad4616b7d3212b47a3ce8,1,singleton_no_enforced_relationship
dataset/train/Greening/2025_12_21_IMG (151).JPG,2025_12_21_IMG (151).JPG,Greening,train,source_8e7fc6248b812eeff2885bdf599f0274cda75dead974fa6b902f58f8114b41e3,train,81af58c508588abf9d785103428527750e832700e1f69de01993aa74ce3fc2aa,1,singleton_no_enforced_relationship
dataset/train/Greening/2025_12_21_IMG (152).JPG,2025_12_21_IMG (152).JPG,Greening,train,source_b27ebcee938a83b12fc28301ef084e3cd2c74427c26d99af73bebbdfc600c601,train,a44f5598d4ecdaf8639ab0320699150a0d24f7431cf83858e8752f3ea260caf4,1,singleton_no_enforced_relationship
dataset/train/Greening/2025_12_21_IMG (153).JPG,2025_12_21_IMG (153).JPG,Greening,train,source_83cc22b44a81183e4ec67198738fe04a708c24b30d8fac287026f782ee36097f,train,3c27a20a50db2e9f501c19829dbed58cf5c6f064d8c887964865664b724f5a80,1,singleton_no_enforced_relationship
dataset/train/Greening/2025_12_21_IMG (154).JPG,2025_12_21_IMG (154).JPG,Greening,train,source_217a72f3f3f3718cb5ca13ac36857bad5e1f4ea47cc656e52917734283242154,train,c1f3769494e52ae64bf16b11d8b175ba7c1e5e472811b0b81ce60d73a43b984f,1,singleton_no_enforced_relationship
dataset/train/Greening/2025_12_21_IMG (155).JPG,2025_12_21_IMG (155).JPG,Greening,train,source_80fcc751f440594a8a49e13dcd771476dddc0b220c1af04dc9d1f83662251f72,train,628cdff5701a0abcab298bf6d95d80c15a2db044219fe97e8fe5c152513006d7,1,singleton_no_enforced_relationship
dataset/train/Greening/2025_12_21_IMG (157).JPG,2025_12_21_IMG (157).JPG,Greening,train,source_a33549f23ba1d4aa04bf94eebe5713f3905eef2a44bae06e5fca70d6d3954a03,train,026b72daaa266d197fc20d6352c8ffbacf0e75f83d9edb19f6bd118052c5132d,1,singleton_no_enforced_relationship
dataset/train/Greening/2025_12_21_IMG (158).JPG,2025_12_21_IMG (158).JPG,Greening,train,source_2692e3e9c57df844c317ae5e3e09e3ca9192b1c4ebff1de0353b4af4755857a6,train,f21242d8def6d50bff29985eab883bc3ebef9894dae86e550c0d38bf3ffc1aaa,1,singleton_no_enforced_relationship
dataset/train/Greening/2025_12_21_IMG (159).JPG,2025_12_21_IMG (159).JPG,Greening,train,source_8480cc5913a8a9594306898a1e9a3d0414a9beebe96add5901e553aa67d7a789,train,171431aafecb7a2c3e9a6ace9a3e4655db921186d82db382f93ffd1f7a2f125f,1,singleton_no_enforced_relationship
dataset/train/Greening/2025_12_21_IMG (160).JPG,2025_12_21_IMG (160).JPG,Greening,train,source_ec4bc5f3f4c29abd9bff02d244234a74699a611f355420eb8191961dc94ffa5d,train,424ff34eed4d91844c20cd629f36e30e097ee612e1ccf77e8787f8609a999519,1,singleton_no_enforced_relationship
dataset/train/Greening/2025_12_21_IMG (161).JPG,2025_12_21_IMG (161).JPG,Greening,train,source_b92212671f72aa7a0456b2f30c137bc363ed087e77e7c824d7b37617dc0a2dc1,val,8aec75c1f68280fa777c2451bcbb1657a3d5cf621f24414d5475dc7064fbbe67,1,singleton_no_enforced_relationship
dataset/train/Greening/2025_12_21_IMG (162).JPG,2025_12_21_IMG (162).JPG,Greening,train,source_cb4b3df9554978306a6cb617de893b1744b62c8694d9cfaf856f52e1b93544b0,train,171d1b6f20e7cbd8e561bbf980d6c4e92ef4bd86e5ba10aad98407de38dfd221,1,singleton_no_enforced_relationship
dataset/train/Greening/2025_12_21_IMG (164).JPG,2025_12_21_IMG (164).JPG,Greening,train,source_e6b5312713e27112d0fd015ba880445722d1e50b3d5313a8e1ea5af8a8358d29,train,896a41e31df18f9c06f37a54d4074487b2609cf46b412d298fdec75cd927ab8f,1,singleton_no_enforced_relationship
dataset/train/Greening/2025_12_21_IMG (166).JPG,2025_12_21_IMG (166).JPG,Greening,train,source_26e1ca6f2aefd5e5f85edf0a8b93d97538a45c3240ab126311440cece3831987,train,4e36c8e4bc8253cf3437b80be602ebfe37b7063c1d07d41d703d99173da4fec9,1,singleton_no_enforced_relationship
dataset/train/Greening/2025_12_21_IMG (167).JPG,2025_12_21_IMG (167).JPG,Greening,train,source_2c2660250d9c4ee9df37b40fbdd3e439321ad31ce1d795ead5135ddd7cacfa1e,train,d7a3cf547681da6241f8c49cd24127bcd1fb660dcf346a9a0ef406a3aca42aa6,1,singleton_no_enforced_relationship
dataset/train/Greening/2025_12_21_IMG (168).JPG,2025_12_21_IMG (168).JPG,Greening,train,source_dcaf73c369a219a54a5de02ee4a6fb1b5e86c1b4bd49742e59e0c1e7b694441b,train,8db984c8ddea21dc077ad8469a09bf4d2a9cc55ece814dc11652bbb03eece672,1,singleton_no_enforced_relationship
dataset/train/Greening/2025_12_21_IMG (169).JPG,2025_12_21_IMG (169).JPG,Greening,train,source_e2403f0d4855c2c306cbb073d69ba8fe641b4e021d6852a5f3e43f327c890ff7,val,23b585821ad503a7fd51e6597cb6d10866ceaaecb217ba1123a7b344f3f364c8,1,singleton_no_enforced_relationship
dataset/train/Greening/2025_12_21_IMG (17).JPG,2025_12_21_IMG (17).JPG,Greening,train,source_ca92673b1865d637507ab93768779f5c52aee8a724fe9676479e517b08f3b8d9,train,da4c616b6c15ffcab98bb3c1a917347ddc8bcc85992413a0f3fd352d8d4b56b3,1,singleton_no_enforced_relationship
dataset/train/Greening/2025_12_21_IMG (171).JPG,2025_12_21_IMG (171).JPG,Greening,train,source_6fd26df1098eed982afe5e518dcb6bfc0b58e2fb507878f8dcf6fd1920afd86e,train,8925f9ed57350e9cd841a0dbad178403c0cea249b98670d1eede9f2a734cddc4,1,singleton_no_enforced_relationship
dataset/train/Greening/2025_12_21_IMG (173).JPG,2025_12_21_IMG (173).JPG,Greening,train,source_5a9d518e239e197fc898e367b6f34208ad5ca7ed6e8d4daee5f2acdd94d31823,train,b95ec9f7f65bbbc4dd94e51cba0624c2680259f3dcbcb7d3c49ac8b2b0a72bc7,1,singleton_no_enforced_relationship
dataset/train/Greening/2025_12_21_IMG (175).JPG,2025_12_21_IMG (175).JPG,Greening,train,source_52c43878ebf00ea3593d8b2dd9dfde81c2e9a18886a8a3aa393d64bdfc7005d4,train,2c6fdddce3c8a98c3c2696c33dc051865cbc85cf0a543bab9601831cd5064331,1,singleton_no_enforced_relationship
dataset/train/Greening/2025_12_21_IMG (176).JPG,2025_12_21_IMG (176).JPG,Greening,train,source_e6cae82fc41c5c80bae9f9b1eba942d85c4ec1cfb82c4c51bd343fff567a4afe,val,be3849b02f4736daf3d89465a14eafdfe021ac7c4c8de7a1470422ad34d6ce85,1,singleton_no_enforced_relationship
dataset/train/Greening/2025_12_21_IMG (177).JPG,2025_12_21_IMG (177).JPG,Greening,train,source_415337845b1eb34bcb00dcf1d53cd2c51edf900bc45a183ac43d2dafbb23e7b0,train,a90ddad6fd1ac097a2bb15766e1ad0b7e19d12c4a1745013cfa96942414555fb,1,singleton_no_enforced_relationship
dataset/train/Greening/2025_12_21_IMG (179).JPG,2025_12_21_IMG (179).JPG,Greening,train,source_cb3200af1571f1ddb3aac84d4408e80f1f3f08e51ecdd6980a7106690944549d,train,78103e41e1b97a8fad7166731e016a61782eac1e47d1ee02946b14440fd2d3af,1,singleton_no_enforced_relationship
dataset/train/Greening/2025_12_21_IMG (18).JPG,2025_12_21_IMG (18).JPG,Greening,train,source_1a82712733e4b5e4a9cb6639392bd3e628078c468b90006d1f30ac2726a409bb,train,04342d85810221c82d2861774c0412a7bb282011e34b2b4e733455549ded9142,1,singleton_no_enforced_relationship
dataset/train/Greening/2025_12_21_IMG (180).JPG,2025_12_21_IMG (180).JPG,Greening,train,source_65450f1704bf7e8d99e428d54cca407cc465e00e24b75eaad78a67e180d4288e,test,fb6813c27e28e5c9bfd7a6af4feb961523f06bbda37d7d78fe3ac87328768d35,1,singleton_no_enforced_relationship
dataset/train/Greening/2025_12_21_IMG (181).JPG,2025_12_21_IMG (181).JPG,Greening,train,source_3c1c80054c1ef842f0f9d58e614ba20a796fd3b8c2d404620945b6d0458a2dca,train,f80e91af044cc2ec569371194e447027b257a3ec25d7a21ff4cccdfa6a12d392,1,singleton_no_enforced_relationship
dataset/train/Greening/2025_12_21_IMG (182).JPG,2025_12_21_IMG (182).JPG,Greening,train,source_081c89316f9260e94dd3b8d1ef4cd99f4256c0e2b357f962ada980b247837e78,train,652b49666416e2d58f0d37eb14a6dc7b91af54ce9aab05be429696394a58a8e3,1,singleton_no_enforced_relationship
dataset/train/Greening/2025_12_21_IMG (183).JPG,2025_12_21_IMG (183).JPG,Greening,train,source_059cf911dacc39bfba4887f4978227fb6052bd45ba87d052fe1142a486aac613,test,322ea8d2560f4af4cede8b826efe909443afaabfa4d84704ecc4cf1c0b1072a0,1,singleton_no_enforced_relationship
dataset/train/Greening/2025_12_21_IMG (184).JPG,2025_12_21_IMG (184).JPG,Greening,train,source_5ca4d89b4903aaebfe207d78e6e1e1e9d3a3ee2c84f3e02c2346f0ebf405665c,test,e8890a121fbb6098b619b36b59f8fcbb76c5e0978a967132917568090a23cf29,1,singleton_no_enforced_relationship
dataset/train/Greening/2025_12_21_IMG (185).JPG,2025_12_21_IMG (185).JPG,Greening,train,source_f2c2a17d7c92374a93830137e62de1b102046063ef7c69e3580ea2be4d73a96a,test,3b3a25be1ca06c50e6f8c61a949cb4e3a4032304d97b3336a647c98b5e328d97,1,singleton_no_enforced_relationship
dataset/train/Greening/2025_12_21_IMG (186).JPG,2025_12_21_IMG (186).JPG,Greening,train,source_19fd4b1d82319b477c13c98f031a9f7dc1de7cf1cddf315a4b40e008953260ad,val,de5a7a529d8d744419084b6bdfa960f677a4097de5d00f80209158d949736967,1,singleton_no_enforced_relationship
dataset/train/Greening/2025_12_21_IMG (187).JPG,2025_12_21_IMG (187).JPG,Greening,train,source_9ac7f6135d31e0d79edc8d2293b6dbcb36d158d833e87cac9a06256d2146e11d,train,e838c202e3d99050d6c9548eecd19863f4b5591a1eef78609a3cdd8291a36db0,1,singleton_no_enforced_relationship
dataset/train/Greening/2025_12_21_IMG (189).JPG,2025_12_21_IMG (189).JPG,Greening,train,source_5b96f473f997a492c84c6680e3c30c3139a6a9b2e3ecc204c77fcf10685d0193,test,579ed45a65d83e953ccf1aee1357c6d821d9d86a7bedd31f80c57b60ed060158,1,singleton_no_enforced_relationship
dataset/train/Greening/2025_12_21_IMG (19).JPG,2025_12_21_IMG (19).JPG,Greening,train,source_554ab54b3d4a2822d10dcb35fc784c3f3b546689752f2b1d1fab3f60b570b395,train,45743cccfec63cea06f2ee803bc3bee602093ecce1c1def80feb8c5798be6ee9,1,singleton_no_enforced_relationship
dataset/train/Greening/2025_12_21_IMG (191).JPG,2025_12_21_IMG (191).JPG,Greening,train,source_e72c125d5ca2017ddf359143e21302ed62cf7e0341fb188903bd7863da04d60f,train,a132670adc2625e0113969cb4670deae81335774e8ee40b4f6db5e35d8eb1ee3,1,singleton_no_enforced_relationship
dataset/train/Greening/2025_12_21_IMG (192).JPG,2025_12_21_IMG (192).JPG,Greening,train,source_0993e66a94efbde197abbe160f9d7135443e26ee4df03675d8d019445cdae273,train,b8f3703cf2674daab4ecaaf18cff15041173c08b2dd0fe21c6208b01f3459be2,1,singleton_no_enforced_relationship
dataset/train/Greening/2025_12_21_IMG (193).JPG,2025_12_21_IMG (193).JPG,Greening,train,source_7333d09a9d18618f4377bec30c52b22e02fb3378c1eb31c47b2afdb79547c83b,test,4ed1cf88fd7ea65643a8b98472b5e1030348e1df6f645eb645a2d84330494552,1,singleton_no_enforced_relationship
dataset/train/Greening/2025_12_21_IMG (194).JPG,2025_12_21_IMG (194).JPG,Greening,train,source_c6857f07b7b5156a7054332e29f2852f2abd8caada5b08968ff28624b38bcbdf,val,8278563c14a8969514cd775b61509277bc17b0ac202189cdaebad98719fea3d6,1,singleton_no_enforced_relationship
dataset/train/Greening/2025_12_21_IMG (195).JPG,2025_12_21_IMG (195).JPG,Greening,train,source_dc749eaf889d5af219c393b5a9936de7c0576c1ccc1f38a9cd28c22a2ef440f2,test,7f91e48b0f3482cfd1f6745d15d92676b23358cee113d61c602474323512fcee,1,singleton_no_enforced_relationship
dataset/train/Greening/2025_12_21_IMG (200).JPG,2025_12_21_IMG (200).JPG,Greening,train,source_30d727e51ca8f1d918a2b338c39f428c246984b664c786dceab87f71274f2cd8,train,eeada2a7ce1dabd23eff9467a7b9da12061505e31c8bd56992891a4ca1acc57c,1,singleton_no_enforced_relationship
dataset/train/Greening/2025_12_21_IMG (202).JPG,2025_12_21_IMG (202).JPG,Greening,train,source_98d982d34fa344caacf989864c1e1381740cb04b84ebcda8f567c0e7d0b7bbc3,train,0da434edee8747857ae3a38007d0f3ae894489a761aec708161856c7e8dc9651,1,singleton_no_enforced_relationship
dataset/train/Greening/2025_12_21_IMG (205).JPG,2025_12_21_IMG (205).JPG,Greening,train,source_68678dd59f0171b6f3c0a301060b14b3eeda763164ab26887bf9e08bc04404b0,val,fbfaa915771124b7a48c55538dba8ddd20a70f834bcb908ff379ed78f61b044e,1,singleton_no_enforced_relationship
dataset/train/Greening/2025_12_21_IMG (207).JPG,2025_12_21_IMG (207).JPG,Greening,train,source_1ba222320747e927438d12671b70845e67a6c7095ff0cb5cc602740cbe2bf295,train,4a7811dce44530eba7b7b4a52e8feef8a0303e365e0767e79c0437e32f4af3df,1,singleton_no_enforced_relationship
dataset/train/Greening/2025_12_21_IMG (208).JPG,2025_12_21_IMG (208).JPG,Greening,train,source_667c81730f0bd5de01e9def10040bab5bd5ffe57d61e2d2baf4e43fe10182af2,test,1c27e513d8e9ea6ea4cd5944ab240995b38cda817cd2f5e92e84f912e381c167,1,singleton_no_enforced_relationship
dataset/train/Greening/2025_12_21_IMG (209).JPG,2025_12_21_IMG (209).JPG,Greening,train,source_4322dce28a7f09d4dd2631e85fd5f758ce0674fa5349804253da70ad3908218a,train,0358b005da23e5b62e401c2de9b87a4b1298df19b743b5940f4091be2558aa20,1,singleton_no_enforced_relationship
dataset/train/Greening/2025_12_21_IMG (21).JPG,2025_12_21_IMG (21).JPG,Greening,train,source_df8150f49b6c0679db872b6f7790a8995a7f78468f6794c311a0e60deac9cecc,train,6095a1b8e911bfba8a8a14a3480c016be1560fb0ba480e8d2d6968ecd231aaff,1,singleton_no_enforced_relationship
dataset/train/Greening/2025_12_21_IMG (210).JPG,2025_12_21_IMG (210).JPG,Greening,train,source_7232aac8ca2bc37525364a0fcc680f60a78b52dcc7ca265e870a526f04f51925,train,0d8080a0c6ffc39aceeb8ac56c9d629a5c6000c004ef31ec4e6e0e324e485136,1,singleton_no_enforced_relationship
dataset/train/Greening/2025_12_21_IMG (212).JPG,2025_12_21_IMG (212).JPG,Greening,train,source_e2428dae8cd79570efc1026b51354286c4c3a0d798f3325e351cf80a05985485,test,ffb3aa73f6521b5844ec0dce799c2cc61d7b2c66a018e0e194d6e27661c2064f,1,singleton_no_enforced_relationship
dataset/train/Greening/2025_12_21_IMG (213).JPG,2025_12_21_IMG (213).JPG,Greening,train,source_c839517d5e50c2f3c40925db448820919b36f93397d9749f5fe073c5e6980756,train,bfebac16491488b447204fa720f18e8f55aa5553edb0ee4489c03bc3e785d39b,1,singleton_no_enforced_relationship
dataset/train/Greening/2025_12_21_IMG (214).JPG,2025_12_21_IMG (214).JPG,Greening,train,source_f3c2b0c8b9162c996368c2181a2db1b2cd51b2109a53fa5c2f34bbe27ea02a13,train,b18ca95656e7f50fc5278438f65b3ad41c69c2a5242148b7daba07014f298ff0,1,singleton_no_enforced_relationship
dataset/train/Greening/2025_12_21_IMG (215).JPG,2025_12_21_IMG (215).JPG,Greening,train,source_e2d815b624beab7d563d8deda81fdd13c66244a670dbe55ce239fa748f013722,val,986416cfed6c1f9856de8c0ea47b925be20bbd6947aa749148142a3e798ffa48,1,singleton_no_enforced_relationship
dataset/train/Greening/2025_12_21_IMG (216).JPG,2025_12_21_IMG (216).JPG,Greening,train,source_4c3f601a1558b57af2af5179d41420addb3a6b37b6295320c57460369592f55a,train,ef4f67de496a5b5144463336de791fe7bcfe53a0ece9348fb4dc1b60791aa7e2,1,singleton_no_enforced_relationship
dataset/train/Greening/2025_12_21_IMG (217).JPG,2025_12_21_IMG (217).JPG,Greening,train,source_d9e54720191ef8e44166e9e3b1fe2322940de6f37f8360773c05a2eedefccec5,train,c31526e276323926a647525103ed405c2bc80bb01e71c8740089cd2dbdcf816d,1,singleton_no_enforced_relationship
dataset/train/Greening/2025_12_21_IMG (218).JPG,2025_12_21_IMG (218).JPG,Greening,train,source_00718269bf464c48e2798bb59698138ae94e7f21841cd4275edfcf9d0ece0139,test,dff206da35ed4e92541636faf3ae708f5b71980f19653fb12431264329d0dc21,1,singleton_no_enforced_relationship
dataset/train/Greening/2025_12_21_IMG (219).JPG,2025_12_21_IMG (219).JPG,Greening,train,source_1dc7e814fb9a58a72b68a811d26c4a037f59981eabfd9705ddc5aabff36a0b09,train,cc9e2a3d2dadd973aedb9bdad33a2a06edc9a5fae24417dec3e068ce381f8324,1,singleton_no_enforced_relationship
dataset/train/Greening/2025_12_21_IMG (22).JPG,2025_12_21_IMG (22).JPG,Greening,train,source_f97c8d7f1f6040b45007e73c4ee22f6afd4d519f33c2c2d862c649ee1ce3a5fb,train,842424d25f2124cadd25bd3704a233fd159e812a65328ba8e79dee529dc398e2,1,singleton_no_enforced_relationship
dataset/train/Greening/2025_12_21_IMG (224).JPG,2025_12_21_IMG (224).JPG,Greening,train,source_b5557aa6bdc52c92f44e08f1b98be681bebc1a34ac9e1bb5037ba3f67bffbfc8,test,efb9df1559a9aea51fd4100cd100ab417f819c770f8a9e688989293d69ee09f4,1,singleton_no_enforced_relationship
dataset/train/Greening/2025_12_21_IMG (226).JPG,2025_12_21_IMG (226).JPG,Greening,train,source_2b08a45124d1e3a7305405ac6921af187d82e8240fb95af460293b1de831e996,train,22ff63d0782f08066f68650fa4d39fcd0d743a5a76eb21caa728ee538e433f81,1,singleton_no_enforced_relationship
dataset/train/Greening/2025_12_21_IMG (229).JPG,2025_12_21_IMG (229).JPG,Greening,train,source_09e4c5bbf2166bd2d25ca37714e044f78abb1ac6ba40ba9c9d1f813d03bf8adc,train,e6e8a5ee49243f301b537463beecb173d3c5eb8582108b4ffdd9bced08a67b4f,1,singleton_no_enforced_relationship
dataset/train/Greening/2025_12_21_IMG (23).JPG,2025_12_21_IMG (23).JPG,Greening,train,source_889961cc07b35e95285393b04f5f263ceca1e78b54ea6f047abbf39fca215809,train,410cfa4a5b192deb84419bbe5abfb2313de70c1034df01b08a21c7389863422a,1,singleton_no_enforced_relationship
dataset/train/Greening/2025_12_21_IMG (230).JPG,2025_12_21_IMG (230).JPG,Greening,train,source_104b0e3710f0deecdb769eb459c9ef44fc664af9eab0e25b51ad04846e348dc4,val,f9b8c076c24f0f9c76ebf22d6a2900f4cd5a9ae46832678302f1485f6d57734a,1,singleton_no_enforced_relationship
dataset/train/Greening/2025_12_21_IMG (231).JPG,2025_12_21_IMG (231).JPG,Greening,train,source_d8c8c981fbf03e62aa3c2500394dc0f3fdca643965531569426d7d840c51584e,train,68f3d14e937fc1c4623736a82e000cc42b4eb4b206f6404aea4fb05f106f3f10,1,singleton_no_enforced_relationship
dataset/train/Greening/2025_12_21_IMG (235).JPG,2025_12_21_IMG (235).JPG,Greening,train,source_260120e59babc854415441ff0a36c3ac86816f6a44519e4d7dcaae016219bc09,train,69301f5357e6d3d5f74bb5d30fb36a6f726585f4493c2cc5848c7160f4fff019,1,singleton_no_enforced_relationship
dataset/train/Greening/2025_12_21_IMG (236).JPG,2025_12_21_IMG (236).JPG,Greening,train,source_99d5e6dee67a4ef198c0287f5f0a0ccda5ec6132c17c2cccfe6c88e8ef7e83d4,train,3cb205907aae5cbfa67152ff499350233cec70dd3754a6a8c189c2f6f330b551,1,singleton_no_enforced_relationship
dataset/train/Greening/2025_12_21_IMG (237).JPG,2025_12_21_IMG (237).JPG,Greening,train,source_b43371e5778965a99ab456b83437291bc84b61630279a28cb62d9aa55412c6d4,train,df8e54a138c728051af86a3fe7a3ba40ae192c483d137b3b74722d69d07758b9,1,singleton_no_enforced_relationship
dataset/train/Greening/2025_12_21_IMG (238).JPG,2025_12_21_IMG (238).JPG,Greening,train,source_2b9a7560a55e2f8813c4b3cbc8e0e5c3c4802b16eea53ffc626c7a7642b80dd0,train,90a35dbde7c2ab9a656228098d7ace2f47d8bc9570fc9e75b941f9cc7c270232,1,singleton_no_enforced_relationship
dataset/train/Greening/2025_12_21_IMG (239).JPG,2025_12_21_IMG (239).JPG,Greening,train,source_5b5b1c5e33c406c986086836ccc923019de02a1679116101c5d010112cd93c4b,test,60a83a2b6cb9d6f0966dfb72015b76a65c9679fab41b36536f8d7a3ce76f5cfe,1,singleton_no_enforced_relationship
dataset/train/Greening/2025_12_21_IMG (24).JPG,2025_12_21_IMG (24).JPG,Greening,train,source_808090bbc0207acd650c31056424482f6a2b274c12bb98d16a5b1d17a80732eb,val,501a3e1d001118ea2ac70468a005bcd91efd67c3a0e756bd773e46fcb166cb48,1,singleton_no_enforced_relationship
dataset/train/Greening/2025_12_21_IMG (240).JPG,2025_12_21_IMG (240).JPG,Greening,train,source_dde91b8d45d4045ecd699c987ea5c6aeb4d2ac468cd4404b8b8efffd6d62059e,train,cac479a785c16e46964cdb1f72440f42c6653c510c29329fb60986191440bae3,1,singleton_no_enforced_relationship
dataset/train/Greening/2025_12_21_IMG (241).JPG,2025_12_21_IMG (241).JPG,Greening,train,source_9788755f0b6db7402bf95c88e1cff6e3532b7448f59fb242a599146e145e0397,test,4b0befa2247af920eaad7d6299f751f956ccb346d3295840ed457dfef91a69de,1,singleton_no_enforced_relationship
dataset/train/Greening/2025_12_21_IMG (242).JPG,2025_12_21_IMG (242).JPG,Greening,train,source_2fd3ee7f2d4785ed9607fe875e4fcf751dd63ae56ffc8b87d67eee78e5490a96,test,bb8d93bac90ee9008c1cc9051ba16742c4b6e7e14c148e7f7d9bc572261def0c,1,singleton_no_enforced_relationship
dataset/train/Greening/2025_12_21_IMG (243).JPG,2025_12_21_IMG (243).JPG,Greening,train,source_8946cf70a59a54aed062aef46910198917877279a9a9c1b239f2e2dd0802c84a,train,0f8a956fff64019cbe31130a4869ef3c6c577ecfc91b5522c0f2a59d9f047a67,1,singleton_no_enforced_relationship
dataset/train/Greening/2025_12_21_IMG (245).JPG,2025_12_21_IMG (245).JPG,Greening,train,source_c8b488c4b58480e9bf32a6220906f64aff727f612dd8b201b995840a9eda5432,train,543728287a5a6465b07a2cc1e068403bfb75e84e9ad9a0cf865761475a45bff7,1,singleton_no_enforced_relationship
dataset/train/Greening/2025_12_21_IMG (246).JPG,2025_12_21_IMG (246).JPG,Greening,train,source_d00879e6f344623de4487dca0e0ffc5328a79cb2a932f499b93681dae14583a6,val,9054b68967883b6772a311320c09b71eccbfccb6e136b7df309413d202656930,1,singleton_no_enforced_relationship
dataset/train/Greening/2025_12_21_IMG (247).JPG,2025_12_21_IMG (247).JPG,Greening,train,source_0051b93f95d958ed7415af220f284791a16e121942232702dfd601f12c621bc5,train,e97154919b42b2b15f03f86577f934b0c55dbb6e75f7b044891d1d651c5e0f7d,1,singleton_no_enforced_relationship
dataset/train/Greening/2025_12_21_IMG (248).JPG,2025_12_21_IMG (248).JPG,Greening,train,source_fd0458c91d103afe35d08135c47fc1dd30018611b1b84cd5411a5915bda71e2f,train,780df2741e4f87c5469263532055d5816a100682e0025ed3e760c7ff2ae50e61,1,singleton_no_enforced_relationship
dataset/train/Greening/2025_12_21_IMG (25).JPG,2025_12_21_IMG (25).JPG,Greening,train,source_06fe18e685706175eef93f7f193037abb9232aa94470260d873d2fbd5f85426d,train,ce6de95ba6b4c64313fea4ac8423dbd7950f1cee8ce2d292eba66099046ebe46,1,singleton_no_enforced_relationship
dataset/train/Greening/2025_12_21_IMG (250).JPG,2025_12_21_IMG (250).JPG,Greening,train,source_2de6024dfe8f505595ba90052cc8d8db6c178046dfd09106aa26a9597e2f5054,train,59693e42ea2ce7ef350d66e081eeeed1b96a5741b47408cfdf91701e0eee0ec6,2,AB_pair_evidence;existing_AB_cluster;existing_AB_manifest
dataset/train/Greening/2025_12_21_IMG (251).JPG,2025_12_21_IMG (251).JPG,Greening,train,source_2de6024dfe8f505595ba90052cc8d8db6c178046dfd09106aa26a9597e2f5054,train,847c8744ad1428c8faee84c3f01e4698ad68194a8c73e731b30190845c995728,2,AB_pair_evidence;existing_AB_cluster;existing_AB_manifest
dataset/train/Greening/2025_12_21_IMG (252).JPG,2025_12_21_IMG (252).JPG,Greening,train,source_084b7cec7b1e70933f4af0aee0362e7e792f25d58c2753e740796b705ced80b1,train,23e82920a865ba299d0c02fd5412a9a8b58ad0f92525192a8d2a57cba2ad778e,1,singleton_no_enforced_relationship
dataset/train/Greening/2025_12_21_IMG (253).JPG,2025_12_21_IMG (253).JPG,Greening,train,source_97db8c55f981d8d686ad15c7efb575c69bcc0677dee91740dc44740b9ddc9f16,train,4f63f87a400bd53b4ed3124acfd78ab814a9da67aef9202214a90c4289c80c1b,1,singleton_no_enforced_relationship
dataset/train/Greening/2025_12_21_IMG (255).JPG,2025_12_21_IMG (255).JPG,Greening,train,source_309171e6dbf6431f881d9345c20e4f74b2ab89d4247fdc6a2d1deb6a20d82cb5,train,a51cfd698448418d7dd8bd9eeb283073a81993706a167594b7237b78d0f4bb72,1,singleton_no_enforced_relationship
dataset/train/Greening/2025_12_21_IMG (257).JPG,2025_12_21_IMG (257).JPG,Greening,train,source_2a70a21780f98fac84ccef59ffa2a249fea4e57aa8c3337ca7a608a29ba3ac6e,train,d1b2f527cda638f284b78a3b93884c9899a52e45a458bcf7787cfc6a53f826e6,1,singleton_no_enforced_relationship
dataset/train/Greening/2025_12_21_IMG (259).JPG,2025_12_21_IMG (259).JPG,Greening,train,source_dc88f590800b01030ab38670733874792f1884ae7acb328e0dd964a2985edae6,val,7b857c5ca5905dfd6ccfc11ad181c9fc90ba832a4b8ee01ac685d19f38ceaf79,1,singleton_no_enforced_relationship
dataset/train/Greening/2025_12_21_IMG (26).JPG,2025_12_21_IMG (26).JPG,Greening,train,source_efc715ff96d97e8d1258bd6ba80a1fe5a96c11ac1c7a44c7e983b060ef4a11b8,test,7b8e6e8956f803b6c9e7dd843502a9523d3d8a37bc92c0bf35cb91065ba938ac,1,singleton_no_enforced_relationship
dataset/train/Greening/2025_12_21_IMG (260).JPG,2025_12_21_IMG (260).JPG,Greening,train,source_df263535c35bfb80bcbdd50ab73f88fd255efffadab9bbcc92b3584923084ce6,val,9e705ce976a276395597e8aac57259a413c560f39570c38d30129734955e59fd,1,singleton_no_enforced_relationship
dataset/train/Greening/2025_12_21_IMG (261).JPG,2025_12_21_IMG (261).JPG,Greening,train,source_d374d85a46e587239d212f65e1d51470ae5ee40e71fad0f60246d88ead0411a3,train,164c0a6caa89412d6803f7d2d932ad270a660965f3a11c02ae0bd99877da4e68,1,singleton_no_enforced_relationship
dataset/train/Greening/2025_12_21_IMG (263).JPG,2025_12_21_IMG (263).JPG,Greening,train,source_943cacc3dab9fd8a9acebc3f8d15f09edbd52c2d0c93085e66087032f9c88076,train,2a907e8268f3b7cfc33e10de319de8df90b1a762a90dd1d545f12517a0a55543,1,singleton_no_enforced_relationship
dataset/train/Greening/2025_12_21_IMG (265).JPG,2025_12_21_IMG (265).JPG,Greening,train,source_45f3128dcb5aba4e8d1835cd97c7aff59e5b918d7e8934e41bffe6629fc31c13,train,bd646a183a9e5b92b84a53c213c3de3e50d0d8340926aefd797503eb07ed21dc,1,singleton_no_enforced_relationship
dataset/train/Greening/2025_12_21_IMG (268).JPG,2025_12_21_IMG (268).JPG,Greening,train,source_6cc4b23980b7d5f54277ad8017b2caf96e8c4ef37a21815acd47ecbd575dc0c0,val,7041b109124210c7a8c73846eae1204ed82368d298c9e06e22168c0ca60f4b0d,1,singleton_no_enforced_relationship
dataset/train/Greening/2025_12_21_IMG (269).JPG,2025_12_21_IMG (269).JPG,Greening,train,source_6a24294bb3055ad396d34696ead497e1498a661755dcc4b0ee944c3c6501c8da,train,a86170657a69eb413ec67725bf671ef77abd4223673c99b16eb7d191a274cc55,1,singleton_no_enforced_relationship
dataset/train/Greening/2025_12_21_IMG (272).JPG,2025_12_21_IMG (272).JPG,Greening,train,source_e787e971bd3df2f95a630d93342c651373ea2031a7decf7ab1fa0e5ac98d1d23,test,760441ce52bd2852dfd9c8f4c5cfd23448bfde9021e016fc032dee57cb7fc5ac,1,singleton_no_enforced_relationship
dataset/train/Greening/2025_12_21_IMG (275).JPG,2025_12_21_IMG (275).JPG,Greening,train,source_e10eb960ab35718e186e503e1a8879072869e1133febb214876cfba9f9c1ae62,train,fb56ce04cfd65aacca39c0ec2f6e2dd4b4ea6da0e476fc1f75553bc32a359be7,1,singleton_no_enforced_relationship
dataset/train/Greening/2025_12_21_IMG (276).JPG,2025_12_21_IMG (276).JPG,Greening,train,source_e572a9acbead76f98bbdeb2c4a301f388c1424443f62cc2ce3bccd57f4d04db5,train,e2056952d76da975a6160fb8acbf78787896b4784e0af74914d152d68fc2168f,1,singleton_no_enforced_relationship
dataset/train/Greening/2025_12_21_IMG (277).JPG,2025_12_21_IMG (277).JPG,Greening,train,source_f621384b86074281a773e9aed7f0994b9d58dccf6b0c3dd3bcc63650720df341,train,9d07c4721bed5931ada4d6fa0d958d11b8e9bff886550240c29036bdf2ca244e,1,singleton_no_enforced_relationship
dataset/train/Greening/2025_12_21_IMG (278).JPG,2025_12_21_IMG (278).JPG,Greening,train,source_9f13e40e954332caacc588480ddecaa043a0daa1854c486723af3381a6dbfcd8,train,d3d7d6d5e4b788f4c50d41174f1d8e8f23d54742a12bc0a74d2d2e15f44c5b5a,1,singleton_no_enforced_relationship
dataset/train/Greening/2025_12_21_IMG (279).JPG,2025_12_21_IMG (279).JPG,Greening,train,source_e5392609766791d9ae8de429cc0b40ebb101c39779df59ff8c00355a17986ad5,train,d988849509380824ac4b33339b5dff68cec5ac6291dc17a4c8316e3fafc33754,1,singleton_no_enforced_relationship
dataset/train/Greening/2025_12_21_IMG (28).JPG,2025_12_21_IMG (28).JPG,Greening,train,source_683dd772a6b3dc825e72ab5e26184fa76424523708e7c71c7cc4f8dce0a07c26,train,710832682bdc61f65cea0d5b40a44cc428ac706f828e7a6daa48a6418393fb8c,1,singleton_no_enforced_relationship
dataset/train/Greening/2025_12_21_IMG (280).JPG,2025_12_21_IMG (280).JPG,Greening,train,source_70df839dadd431b9750799435533c13a8a3184ef160c105c6a798937e0e90fae,train,0bb4a135b9ea6038a38e32d47b70aec95b6cbef67992c46a24f4ac661c66bcfb,1,singleton_no_enforced_relationship
dataset/train/Greening/2025_12_21_IMG (282).JPG,2025_12_21_IMG (282).JPG,Greening,train,source_52515dcdddcced281143c9f4b481b6dd26112c0239a6cef47b453016216e7271,test,1aeeab6d90ffd85e0d31dcb4e22e2c82899f9d49049056476a1756dc0b0199d1,1,singleton_no_enforced_relationship
dataset/train/Greening/2025_12_21_IMG (283).JPG,2025_12_21_IMG (283).JPG,Greening,train,source_a50bc3ff211f9951c5d32361fd701714e218df13236321f2e7e0978ce62d8b26,train,af458513c6af4d8f7e0ed87c1e81cb107fbfec9e7d8b22ec99d37bf93ad7ac34,1,singleton_no_enforced_relationship
dataset/train/Greening/2025_12_21_IMG (285).JPG,2025_12_21_IMG (285).JPG,Greening,train,source_97fcecb6fe54e36d3e3eefe6bd61d88c24032e9c9d15a099980beb75fedd7c89,train,5e1e6c2618f9a80bf659468d6a948e0991d7770ac088f8ba7ba5b0db9ff3f345,1,singleton_no_enforced_relationship
dataset/train/Greening/2025_12_21_IMG (286).JPG,2025_12_21_IMG (286).JPG,Greening,train,source_10fa24a5f0738a2303d2f4277902caa534bb1d52e78a93e5527d7c1540ea0922,val,5822fe7a21a6a95d947e3abb36cadf7e268d734c78444599451e36ef7e349ec0,1,singleton_no_enforced_relationship
dataset/train/Greening/2025_12_21_IMG (287).JPG,2025_12_21_IMG (287).JPG,Greening,train,source_46dc7a157b2fb168d03f12ee17e2c4162bc86dea874ac295a0b68edd059ed648,train,c3f49ec7f17abab8d4e7866931bed22c26faa5a02c039555588f68b0ac99358c,1,singleton_no_enforced_relationship
dataset/train/Greening/2025_12_21_IMG (288).JPG,2025_12_21_IMG (288).JPG,Greening,train,source_0e4f6a6520ec2b0267012d67122f332e584f15dcaa0edb59436e1019f0584b29,train,1c0b6052ea0f8fa551bbe667c9fd785d06d112b9a91cdabbee62e122815d4852,1,singleton_no_enforced_relationship
dataset/train/Greening/2025_12_21_IMG (289).JPG,2025_12_21_IMG (289).JPG,Greening,train,source_42d08eb57fadd42bd6be8e2761292bd670e49f264c454368ea1f5747c274bf60,test,7d54529ae4fc897c188d318dd865c86be7c909bd99ccfbb9f91f34a477765fdd,1,singleton_no_enforced_relationship
dataset/train/Greening/2025_12_21_IMG (29).JPG,2025_12_21_IMG (29).JPG,Greening,train,source_0af38cb20a39072940d374487a55e2a9720704e1efb4489b2fd7e26154860504,train,80b383290254d5699f56df99cb9488d567b96c642892de5c0ab433f2893dbef7,1,singleton_no_enforced_relationship
dataset/train/Greening/2025_12_21_IMG (290).JPG,2025_12_21_IMG (290).JPG,Greening,train,source_5dbe5b9af9addf70ed35aab34de1153746a458c564157634e63882ef064108bf,val,4505b5364170a4a3707651dc8ab584efaf9df867fe4d182ff5b700e5e8d330fb,1,singleton_no_enforced_relationship
dataset/train/Greening/2025_12_21_IMG (291).JPG,2025_12_21_IMG (291).JPG,Greening,train,source_2167fcc6ffffc9aace86d6fd40f1a663fce8c06afa062bed5cc9a22b96788016,train,bcf6a177e031093e3bc10f8275ba2e88f905c7f5a756793f88d209e5a3838c41,1,singleton_no_enforced_relationship
dataset/train/Greening/2025_12_21_IMG (293).JPG,2025_12_21_IMG (293).JPG,Greening,train,source_4f541416aec94e4bef9faefe68d0bfeba09450536b935e9e44eb968a479c8c32,train,1388b42c31e326a8e6bd8477b3123280ba45f989e132b2200be65787275c7a5d,1,singleton_no_enforced_relationship
dataset/train/Greening/2025_12_21_IMG (295).JPG,2025_12_21_IMG (295).JPG,Greening,train,source_676493cbb4dc240f717597f9213b04ec96f8423c6a31bce0599baf7dab0c4da2,test,23517950f37bfebfa80acf6a4bb882d3d04a773ed4bf7895af7a90e71fcdaa67,1,singleton_no_enforced_relationship
dataset/train/Greening/2025_12_21_IMG (296).JPG,2025_12_21_IMG (296).JPG,Greening,train,source_4d137a76f61ce1057eecbd26b924dea1877e71c7b414d70a29c5ddc473bf1d6d,train,c9bcf70b21b98abb44f1d347051875bfafe7be5059656d0cfa109f71d1049820,1,singleton_no_enforced_relationship
dataset/train/Greening/2025_12_21_IMG (297).JPG,2025_12_21_IMG (297).JPG,Greening,train,source_7ef2c545b668f3e4f8b78ddb3d0ff430fc09da347a33fff972f5a822ca8bb594,train,953abfba08f3f651122141847efea14bedf15b4dbed669fdc06b669f3bc82d0e,1,singleton_no_enforced_relationship
dataset/train/Greening/2025_12_21_IMG (298).JPG,2025_12_21_IMG (298).JPG,Greening,train,source_190f0c3d5dd1396dcb96f859b5535d88f7d1999e334741379f158f80ee7cd364,train,1a76d92dc56334a8203f1c89739ddd9748acafdc8473a6cea5620ff2f72b1fad,1,singleton_no_enforced_relationship
dataset/train/Greening/2025_12_21_IMG (299).JPG,2025_12_21_IMG (299).JPG,Greening,train,source_8a5deaa9e06bf3e88ae2a306e77c611ad6cee73d0b9f3d03522e2c372bc93f8f,val,5700e4bae22846a86de4064143ec45d7613c75578ccfb5138d38b66b092c1c66,1,singleton_no_enforced_relationship
dataset/train/Greening/2025_12_21_IMG (3).JPG,2025_12_21_IMG (3).JPG,Greening,train,source_6389de9f8e3978673e8a12be8776e6f663de891bc3515a667327a08d51797c51,test,0c7843a4381a88aaf263b91cd2782f3c8a8b8425b5be6fca9dbe61b98e01735f,1,singleton_no_enforced_relationship
dataset/train/Greening/2025_12_21_IMG (30).JPG,2025_12_21_IMG (30).JPG,Greening,train,source_1345b0b409c96b93a21d4a0d953fb2bd3b9cb1485ef0a09da8c83d412d2d2513,train,ba25c9f8a6fc15f91028e0cb1dadee50ce065586dd5fecbc96a171046ac8ff82,1,singleton_no_enforced_relationship
dataset/train/Greening/2025_12_21_IMG (300).JPG,2025_12_21_IMG (300).JPG,Greening,train,source_4edeb67a1780d28b69caa3fb613a7786c1b05694a2602e9ba05f071ac44d5d1f,test,e8e669fc6ab6d705b977ed26e57c19485552453089e489f9624eff0c2e557fda,1,singleton_no_enforced_relationship
dataset/train/Greening/2025_12_21_IMG (301).JPG,2025_12_21_IMG (301).JPG,Greening,train,source_422c09eda58ab62657ce327d77e164a1f8a7285eedf22792f8555cc81a7d5170,val,5e3498fa44909f0f3edce4f846425ace8c2e2834af80ff651429a2865579496d,1,singleton_no_enforced_relationship
dataset/train/Greening/2025_12_21_IMG (302).JPG,2025_12_21_IMG (302).JPG,Greening,train,source_cc07bd356c5fbc825cd8203eb1c119e2387bd7edb291f4aa5b517bf672579d27,train,d828c2a3c084f71281c606c9f88daced74ca47c60aa47a446ea283ae564a953a,1,singleton_no_enforced_relationship
dataset/train/Greening/2025_12_21_IMG (303).JPG,2025_12_21_IMG (303).JPG,Greening,train,source_9b8a909413fb081bd976ad8faf113e67f705300a489ba7144c9dca307034b276,train,1db036984f227cc1c353edd48f6ffdea20da25537d8c33314b8bbfe8a77466fb,1,singleton_no_enforced_relationship
dataset/train/Greening/2025_12_21_IMG (304).JPG,2025_12_21_IMG (304).JPG,Greening,train,source_ec440242f2914c7d2bad5ce8892c56e442282a26d3fde22b08632f8de735318d,train,c9f24fdd7fc3eb6b8c0b3f33c107cb86a7fc78ca9f4a130b346e801803b6f42d,1,singleton_no_enforced_relationship
dataset/train/Greening/2025_12_21_IMG (306).JPG,2025_12_21_IMG (306).JPG,Greening,train,source_77dbd823143396bd2e97312615458f5c5fe516090dc5ff75705e8c58121b7562,train,a0553712a62ef7d85869cd33090fac005e221f5ac5bfefcd5331c1efa7083a8f,1,singleton_no_enforced_relationship
dataset/train/Greening/2025_12_21_IMG (307).JPG,2025_12_21_IMG (307).JPG,Greening,train,source_c8e4e28f37e7d18423c34fbdf6c16b7560deefcb44054386f0696a80f18ede21,train,df6043782a3c4b9c65820894e0e6ae6d7d638040d085a9b00797ccb2a511d348,1,singleton_no_enforced_relationship
dataset/train/Greening/2025_12_21_IMG (309).JPG,2025_12_21_IMG (309).JPG,Greening,train,source_b77ddaf330e44b2a97bca33e9e21154f42b16bed7a5c5a55312def1f80aba263,test,15ab9d9ea76c81ac259305309dc73ac2f31e77e8b8d6d1f710586b56ba1080fb,1,singleton_no_enforced_relationship
dataset/train/Greening/2025_12_21_IMG (312).JPG,2025_12_21_IMG (312).JPG,Greening,train,source_872b96fc1d20ea6f88674266ad46228dbfde37c4038ca115c665b5740a19e82c,val,b6d6361f090f7223d14c7f4587b4042044aaf8048280a4f0df37131c2fa90aa6,1,singleton_no_enforced_relationship
dataset/train/Greening/2025_12_21_IMG (313).JPG,2025_12_21_IMG (313).JPG,Greening,train,source_d6a1230a27fff9b86bfda7a28ddee35ed4a3a73d94f36e814b37948729bba3e1,train,3dd980572dafb6ead0534647681c45cdb6c7ffd242115fc5a406cd539540cd24,1,singleton_no_enforced_relationship
dataset/train/Greening/2025_12_21_IMG (314).JPG,2025_12_21_IMG (314).JPG,Greening,train,source_7d6b014322ca4c51318946b5f52de239556a531bbf050b70145d555256365340,test,e4d1ec4ba917195cafa11fb09ffaab865a6cfd714603673531b4e8e10c8f4bbf,1,singleton_no_enforced_relationship
dataset/train/Greening/2025_12_21_IMG (315).JPG,2025_12_21_IMG (315).JPG,Greening,train,source_47435be40cfcee65c83cc4c480fe6b1e4cae9602273e105cf1e04a5eba6ac9ce,train,3ff25421b7fd60b1e3021d2e18376dd202a7c522f857199e7d22196c12a9d4df,1,singleton_no_enforced_relationship
dataset/train/Greening/2025_12_21_IMG (316).JPG,2025_12_21_IMG (316).JPG,Greening,train,source_4f109bbc0edbf5365fb43d0bd97964b21115af06e2d349138d5a5341e3d95d4a,test,916beb47984cc2ac187624a6c2951e6a7a006bf37e440df8db0e7c5acf8c86cf,1,singleton_no_enforced_relationship
dataset/train/Greening/2025_12_21_IMG (317).JPG,2025_12_21_IMG (317).JPG,Greening,train,source_ee7751e107f43b590e243f5318738dac2989a620c49b6c3878385b461f10e1c3,test,5b731c54a01fff6ddd4f7d67e9231813c48833200796ca13504f289649ee3c04,1,singleton_no_enforced_relationship
dataset/train/Greening/2025_12_21_IMG (318).JPG,2025_12_21_IMG (318).JPG,Greening,train,source_b29a5f40c03c214521276c9d6eeac72899d4b43343fb8a14ece1a1cb01076bd0,train,61ad3810342ebecd7d24f8d46b4fa077f497ddc78922a96e60906e3996c0a91a,1,singleton_no_enforced_relationship
dataset/train/Greening/2025_12_21_IMG (319).JPG,2025_12_21_IMG (319).JPG,Greening,train,source_b5d7684f816f9e65705816087a6a95858c59d6f814481ae5182016a0d09239c2,train,3274b5ffb306c8d92991a5907a64134ab87a3cbbb233d687b4a9cc18534df931,1,singleton_no_enforced_relationship
dataset/train/Greening/2025_12_21_IMG (32).JPG,2025_12_21_IMG (32).JPG,Greening,train,source_fae256f1de2fe1f7b0664c366b8f55d13ea79cfab24cc8a6305bf68dbfb609f3,train,2ed0752dd030240d7fdfc2509b2e473c466768cc64a4f1a48f36e1d931dfb9ac,1,singleton_no_enforced_relationship
dataset/train/Greening/2025_12_21_IMG (320).JPG,2025_12_21_IMG (320).JPG,Greening,train,source_0f89daac5eb6bd87deb89c19f8d68e7e3e33ad18409b2fd4ddc05d7e575c329b,val,c7e0ed240e32908c6323e16ee400e629446608f50df99462f801d50c19c519c8,1,singleton_no_enforced_relationship
dataset/train/Greening/2025_12_21_IMG (322).JPG,2025_12_21_IMG (322).JPG,Greening,train,source_730c20aec315a0582da87274efb1f22a58116faae81a83269bf61f4bb3c8dec4,train,30bbd67f0f2645dc3e5cb9f7b9a54f08093fc0e5cacd7cd53cf0ae79e3eac8ab,1,singleton_no_enforced_relationship
dataset/train/Greening/2025_12_21_IMG (323).JPG,2025_12_21_IMG (323).JPG,Greening,train,source_e767075d4fb0ede3c206260b08ba721db3ab2855a468e36b907c888174126794,train,d64f77007620d4eafefc63cf60742d8714642178f33c62cdf956d955fec2bf13,1,singleton_no_enforced_relationship
dataset/train/Greening/2025_12_21_IMG (324).JPG,2025_12_21_IMG (324).JPG,Greening,train,source_a9e0d3a624a817a03969948134e749cd4bbd37db576dd36fa0699a64b30e1fff,train,8a6d40a53d611a5bc5cfb481542b6ac12290edcaa035aa5d0af9ff28587d840f,1,singleton_no_enforced_relationship
dataset/train/Greening/2025_12_21_IMG (325).JPG,2025_12_21_IMG (325).JPG,Greening,train,source_daba43a8bace82e066b5108ac94894739134e5b642f883c81842afba620157b6,train,38168fa4df73cea389f6c37e00eacbd2ff4d5e6e0dc0f5760a28388acba83d21,1,singleton_no_enforced_relationship
dataset/train/Greening/2025_12_21_IMG (326).JPG,2025_12_21_IMG (326).JPG,Greening,train,source_c07f1d42c91d8992f9f782d21704a9d04b8c080222c15767450631c4ff7026e3,train,7790d8f17d1bfac1279992d3ad4a01b3739a3417011da51e3bd32b89f04351a9,1,singleton_no_enforced_relationship
dataset/train/Greening/2025_12_21_IMG (327).JPG,2025_12_21_IMG (327).JPG,Greening,train,source_bff3c36af226296b5077f688ec41852bc5b990a2a6bfaa18b5dacb13a4c41801,train,0cbaa06585c7c50dc0f8df795489fcaa0c2b91bdf6b42ef271d4119e58e5ec77,1,singleton_no_enforced_relationship
dataset/train/Greening/2025_12_21_IMG (328).JPG,2025_12_21_IMG (328).JPG,Greening,train,source_b03b796f1ef30f95cef64c12773d6dd15970cb3bc459e1f26c6e2b4654d6729d,test,6e900b3cbb915c48e0aa3051ef33046ee842df593bbeb2390e2f877a38ad6462,1,singleton_no_enforced_relationship
dataset/train/Greening/2025_12_21_IMG (33).JPG,2025_12_21_IMG (33).JPG,Greening,train,source_4c6f3f2105cf1fcec51bdc8c329f5a5e7f524026f66d9a37fd9533fa196ceaf2,test,14c0a14a6108c5d8ce2db65376f6d0a58f2d98864b5e600de98b0fa7334c414d,1,singleton_no_enforced_relationship
dataset/train/Greening/2025_12_21_IMG (330).JPG,2025_12_21_IMG (330).JPG,Greening,train,source_360eb6add8a326b352792a78f79dd231f0a9650742a573057bdd5c07aa7a8c58,train,c1b70d14221cf73fdfe3d8545ea7735d88bf7cc14491a7db18109de64ecc0f41,1,singleton_no_enforced_relationship
dataset/train/Greening/2025_12_21_IMG (332).JPG,2025_12_21_IMG (332).JPG,Greening,train,source_a408bc7b2f12b50745138a3e2b4aaeef633ffb2e87733bf4d903c2bd3267975c,test,ce2b4831caf7bbf5a17fd39e02987e92e769478cca882c1c3c1c4df18e43aeec,1,singleton_no_enforced_relationship
dataset/train/Greening/2025_12_21_IMG (333).JPG,2025_12_21_IMG (333).JPG,Greening,train,source_25d81613cabedc9e6f9b2f722062b04782fe87dedbec8ca9a1c31e2871039890,train,8f386d7e69f2068416c5ebb8e598ef8bebd61c73473dfe2297cd74c17558f99c,1,singleton_no_enforced_relationship
dataset/train/Greening/2025_12_21_IMG (334).JPG,2025_12_21_IMG (334).JPG,Greening,train,source_1f38849d3d10b1128cfef53de0054e268714f81a78c6faa911aebb7202d073ca,test,1c509d26d39b5ecc87110800236d0ce84a5dbdfcfd07c2b94bf3503424be4df7,1,singleton_no_enforced_relationship
dataset/train/Greening/2025_12_21_IMG (336).JPG,2025_12_21_IMG (336).JPG,Greening,train,source_b4b9c6f55816bca81646a274af81bbe9951e5bf5a53ef2946cfbdaa9b84817b1,train,e100b8d07bdb67122042e6ea2124841480c029c9dfad395a3a7c6b6420ef909b,1,singleton_no_enforced_relationship
dataset/train/Greening/2025_12_21_IMG (338).JPG,2025_12_21_IMG (338).JPG,Greening,train,source_69f233c4c0b4a9936027bc76c871c53bbbb19686f3a2ff9fe16d64a650df7677,val,51ed14844a83db5a9e3aa1b68ae89ae366109f72bf521e7e7743722dc13047ea,1,singleton_no_enforced_relationship
dataset/train/Greening/2025_12_21_IMG (34).JPG,2025_12_21_IMG (34).JPG,Greening,train,source_178b67a695799c56cc88c3e1bcafa7ab75c21db7c827a06cb707d4f3161fb8c7,train,349fa12bdcf03a4bc6eb18f23979c67211a7c2951ce32cbe2e7818e30201ab10,1,singleton_no_enforced_relationship
dataset/train/Greening/2025_12_21_IMG (340).JPG,2025_12_21_IMG (340).JPG,Greening,train,source_3172397e7154477c67cb52de13b602806f0c2661f06845118381f04f0d404373,test,b9d65ffd08dc80b730b776dcda262f2f919d82026c95f5f4719d5b48e571a288,1,singleton_no_enforced_relationship
dataset/train/Greening/2025_12_21_IMG (341).JPG,2025_12_21_IMG (341).JPG,Greening,train,source_58fa0182745d9fcae0b5df538eac9a40e962b50f01a9409c49b1ab223f093dd3,train,9bfaf587ba776abe4a58e74af663f66049c688dbd707e3a0e72b7b7276ad7893,1,singleton_no_enforced_relationship
dataset/train/Greening/2025_12_21_IMG (342).JPG,2025_12_21_IMG (342).JPG,Greening,train,source_79cccf7a165fef0c54f71f42bb34d8c5e7179da47de9ea31de7fbbb542293e7c,train,5f807ca30ef6d598607a37a1cd81715214383488205a51c46269744107b9b821,1,singleton_no_enforced_relationship
dataset/train/Greening/2025_12_21_IMG (343).JPG,2025_12_21_IMG (343).JPG,Greening,train,source_2ec085527dbc49f006b090cc8c779a15d1febc26e889cbd24534d87e1f3acc63,train,61f2fa391b355627cbd13f5acb06123f56bbc76b1a39c226f2b2af6c17629df6,1,singleton_no_enforced_relationship
dataset/train/Greening/2025_12_21_IMG (344).JPG,2025_12_21_IMG (344).JPG,Greening,train,source_0dd19a986e73026503864403bb626238df86562dffb958374c581ca48dc28ce5,train,108d0e5bba410bdde08c934501e09f3ae72d93f095fd48d83594daeca1b72b67,1,singleton_no_enforced_relationship
dataset/train/Greening/2025_12_21_IMG (347).JPG,2025_12_21_IMG (347).JPG,Greening,train,source_b178a39fd56f3094db86da9eafa93c92626892125b38624b3872194c57bcde22,train,4e1361a185966dfe95cb572c29d5e14c8afe60287996b9eb80e6d1ca40d053f6,1,singleton_no_enforced_relationship
dataset/train/Greening/2025_12_21_IMG (348).JPG,2025_12_21_IMG (348).JPG,Greening,train,source_35508f65917ea0265f60f171af1e494adc492f04ae0888da0ebbb99cc46cf0b0,train,4465a0f3eac096b131a4a9c8943cf28e534effc38f0bc3301cd46b2b3a32b9ae,1,singleton_no_enforced_relationship
dataset/train/Greening/2025_12_21_IMG (349).JPG,2025_12_21_IMG (349).JPG,Greening,train,source_d48d898c1d7b0329aa978fcd5a51bd123eec593120674b8b9f1b6ded4cf74bd1,train,210cc05d27ffaa3efb529c42efd5f7329dd21d610130b6035b4556aef7be0806,1,singleton_no_enforced_relationship
dataset/train/Greening/2025_12_21_IMG (35).JPG,2025_12_21_IMG (35).JPG,Greening,train,source_be263228a28e8c49bc8687a86a201c3375abe17d68331b72ee2f8391a742c09a,val,da7cd04577dbc20eb3e22ea1818cdfbb47b2d6a2f2b78f98aa95512b49fd939f,1,singleton_no_enforced_relationship
dataset/train/Greening/2025_12_21_IMG (36).JPG,2025_12_21_IMG (36).JPG,Greening,train,source_bea20633b71ecb838c155d37fa12d978fa9c7c121cda3f5fcbd4912085b8c929,val,54bce157e48eb403bedd06db86cb74d238b6b755f076a249450ff2c0d58c949c,1,singleton_no_enforced_relationship
dataset/train/Greening/2025_12_21_IMG (37).JPG,2025_12_21_IMG (37).JPG,Greening,train,source_eb0b588ff354a9ab0f3f95fab84cf1ca1cedd1f209eda7f4b86a241dc28d8516,train,136b8e0a1df50b86812061c1f5b4d62178d8fc7caea099913168e556bae4a9e1,1,singleton_no_enforced_relationship
dataset/train/Greening/2025_12_21_IMG (39).JPG,2025_12_21_IMG (39).JPG,Greening,train,source_d76671d16556c8485a5ef1f3f3cd4a0e5cdb9062577e52f2cfaec20480e0b87d,test,f85b42e35549605998e64211987734b3fd67cbd9408467dc052048151466d4ce,1,singleton_no_enforced_relationship
dataset/train/Greening/2025_12_21_IMG (40).JPG,2025_12_21_IMG (40).JPG,Greening,train,source_218c147b2403ccdd0a9890113f9dda8b86480d67f50430813c6892b08c8ae9cc,train,e341b89940f130b1c6f82c74c4ff2391fe772a92a618d7a0f64e59055465dde4,1,singleton_no_enforced_relationship
dataset/train/Greening/2025_12_21_IMG (41).JPG,2025_12_21_IMG (41).JPG,Greening,train,source_c3556ccfb36a32a033b8f79f8637b6e0adc2b8c4910295a47bbc5feeed82e99f,train,7fb22e9f31864c7f1971f78290f14a39e9e47acbfc23327994d1dfbbda7b6f78,1,singleton_no_enforced_relationship
dataset/train/Greening/2025_12_21_IMG (44).JPG,2025_12_21_IMG (44).JPG,Greening,train,source_4e77746439447649fdd19e5cdfe0e4949da5170538ec81b310ccfba0e658a733,train,ca0acdea80ec25fc99be083419fc5072c48b5f7a05f3e1b0f590a07ceadad3af,1,singleton_no_enforced_relationship
dataset/train/Greening/2025_12_21_IMG (45).JPG,2025_12_21_IMG (45).JPG,Greening,train,source_bc585664c2b7d084c24b694d0d759b3585c8123643639aad71f47569174bca08,train,d2151631cf98acc7ee8b76738d518682bc63a82b263ef713ccc0719fa5d014db,1,singleton_no_enforced_relationship
dataset/train/Greening/2025_12_21_IMG (46).JPG,2025_12_21_IMG (46).JPG,Greening,train,source_63d7ce66aa60ea47214cad8ad232fc845713177523cf1a841836e20401126672,train,9487339c30c374403eb2488bfde283e4baa15bd8d891c033ae52494ecf6af0cb,1,singleton_no_enforced_relationship
dataset/train/Greening/2025_12_21_IMG (47).JPG,2025_12_21_IMG (47).JPG,Greening,train,source_6bf2edf8045fc64196c650c83126d57d5d355d559adb89e5085a2a2f10af0560,train,afa092800eaee42ac2e243be6093780f4c97af4c34de0af535da6ac12cef4b34,1,singleton_no_enforced_relationship
dataset/train/Greening/2025_12_21_IMG (48).JPG,2025_12_21_IMG (48).JPG,Greening,train,source_05c4605c38aac821334f4d66e9685d9d9add03fe24f7a51f96854d2cf3bf119f,val,0f6e9eef1e2ebf584a613ff92d14e3bf8832d8a4d06c8b7c664ae6f0acd12c1a,1,singleton_no_enforced_relationship
dataset/train/Greening/2025_12_21_IMG (49).JPG,2025_12_21_IMG (49).JPG,Greening,train,source_b581261b19b221b6fdeed656d52ed27af67abb2baeca1eef3334421f6f82911e,train,14e3dd05467ae12083efffd20dced667225d47620a46ea8310eafaaec30bedbf,1,singleton_no_enforced_relationship
dataset/train/Greening/2025_12_21_IMG (50).JPG,2025_12_21_IMG (50).JPG,Greening,train,source_1c29f509d09de2e32ac4f2ff777869087f256a987ae956ba705ba6228718cc60,train,969d80f441eef62b3d5d460c25add62141253ca9b1f35731dbcf12b9e3b3538a,1,singleton_no_enforced_relationship
dataset/train/Greening/2025_12_21_IMG (52).JPG,2025_12_21_IMG (52).JPG,Greening,train,source_ab28f692074de66bcb8035eb4a7b0aa5a7a91b4f98810435fb58f2cd351d72b9,test,b2c3675b5b1b10c03a83b435dd05c54691113aeedf04b8df050484d6685cca23,1,singleton_no_enforced_relationship
dataset/train/Greening/2025_12_21_IMG (53).JPG,2025_12_21_IMG (53).JPG,Greening,train,source_e16b5f582ed4cf5ce5c8ef720c0058300e20922c105f111657e5cd95d07b72af,train,5c0c8829c9501c4d7603bc3ea8bef403b81445edf9798ea59453bf287c261377,1,singleton_no_enforced_relationship
dataset/train/Greening/2025_12_21_IMG (54).JPG,2025_12_21_IMG (54).JPG,Greening,train,source_4f1e4dc8199d9ea602708df54968ea7f3671a84209e0adcee90ca76be587b3ea,train,63ac713eb5e61021f3747cb5c9b8b184fdbcf42c01ae3f42e7a9ac88c85365de,1,singleton_no_enforced_relationship
dataset/train/Greening/2025_12_21_IMG (58).JPG,2025_12_21_IMG (58).JPG,Greening,train,source_b2c038cfc84b4de68dd01b3857691fe46f73dc0ba3dc2d657661c971183a7e5f,val,7cd42286f29f03d5300af49653ba5ac92d4f582f2655c43279a0bb1ebb53004c,1,singleton_no_enforced_relationship
dataset/train/Greening/2025_12_21_IMG (59).JPG,2025_12_21_IMG (59).JPG,Greening,train,source_2aa85f17d012b45eef9fd1a9f2c22a08cc13e9523def6099f98c5084cd85d69d,train,fc6876bcc75a0279c9324a0ff6a73c4a71c063419202a97af60c08226121b449,1,singleton_no_enforced_relationship
dataset/train/Greening/2025_12_21_IMG (6).JPG,2025_12_21_IMG (6).JPG,Greening,train,source_8ce9edf53fba1bb184e5e5067e64e642243e6ac305b81d52b1184b3e3e527df3,val,dbfeb3b18f059c087d3de67ecf51e2b6bc1176565d2a53e8f9f1146bb4dcd678,1,singleton_no_enforced_relationship
dataset/train/Greening/2025_12_21_IMG (62).JPG,2025_12_21_IMG (62).JPG,Greening,train,source_dde1ead399b6a5bd1f05d9db5473de0c48275445772641f7fd9c9d349d756911,train,d8dd28a5ae3d098d93e555ca59692970b5030e240469f480fac80232db4784fb,1,singleton_no_enforced_relationship
dataset/train/Greening/2025_12_21_IMG (63).JPG,2025_12_21_IMG (63).JPG,Greening,train,source_8882eb893d44db5dfed34e49cea5c8675ace79a9d52b66307d09fd0b2f3d1156,test,ed01aec860d7d5719956e7ad1541f0c5a984c6ae1579a5f3ab8fa921a19832ac,1,singleton_no_enforced_relationship
dataset/train/Greening/2025_12_21_IMG (65).JPG,2025_12_21_IMG (65).JPG,Greening,train,source_263ff9a31a105c1465b92e29b47d7279ad456aab5e3dbe7f7dc1d9c0d4c8510d,train,b515bfe54cfd76d54046fa8627a46ec23d053095bc3eae2ea3e691a71ac657d7,1,singleton_no_enforced_relationship
dataset/train/Greening/2025_12_21_IMG (66).JPG,2025_12_21_IMG (66).JPG,Greening,train,source_05d1c9563d2ad8b92bbba8f2e46c30d4b74efe486c8ec196f02e2063dea95740,train,e974cecf304e021c73ee68d5a5fe651d368d08590fea2ac9a46f9fbe16cd1488,1,singleton_no_enforced_relationship
dataset/train/Greening/2025_12_21_IMG (67).JPG,2025_12_21_IMG (67).JPG,Greening,train,source_98d22a4019d395f27aa99cd0e201129d17420418895b6320154bdec8e9d91fcc,val,a4b7c7caa2073fbf92dbc7cf305c74c2a783a100902025f4ec05ee8bb219cf3e,1,singleton_no_enforced_relationship
dataset/train/Greening/2025_12_21_IMG (68).JPG,2025_12_21_IMG (68).JPG,Greening,train,source_e96304b710bf91d676df9c15e46b0af7e8641c3bc1f6aa990897d33dcb63088e,train,58787df410e011aa756b492e48be230e9f29a64386f62cbfd1cf5f42d6dd2222,1,singleton_no_enforced_relationship
dataset/train/Greening/2025_12_21_IMG (69).JPG,2025_12_21_IMG (69).JPG,Greening,train,source_eaa74d2793a4f72a44356462a05166e52eb9732e04fcf6f5bcbc1bd83a59ed0c,train,a276630f0c6fa82300bc5cb891783a109d75d0bfb1137e1edf0543d9ee03e418,1,singleton_no_enforced_relationship
dataset/train/Greening/2025_12_21_IMG (70).JPG,2025_12_21_IMG (70).JPG,Greening,train,source_25325df43af093753cfeb7c7297859f4c171364d791185faa73c06303f3da0ef,train,503d4a8b4ec3a20919a41b1c50fd0c482f0602314116c2789b441f488e04ec2a,1,singleton_no_enforced_relationship
dataset/train/Greening/2025_12_21_IMG (71).JPG,2025_12_21_IMG (71).JPG,Greening,train,source_ca430712cac276c1641ecf51ad678b2b119a6aa9814d176dae2a68ebcaacbfbc,train,7679b594f93a38bfe32d6e0e543a63abf7216c475597e04726db93263a4f413f,1,singleton_no_enforced_relationship
dataset/train/Greening/2025_12_21_IMG (72).JPG,2025_12_21_IMG (72).JPG,Greening,train,source_91b666ec6f32a6ab48f9154162c7cf15ed04f03c69f6dad5ca4524357d51b29c,train,e2cd4ab9dab50fb16812327abf733f03f7bbc1808213d48f57dcf03538ffd87e,1,singleton_no_enforced_relationship
dataset/train/Greening/2025_12_21_IMG (73).JPG,2025_12_21_IMG (73).JPG,Greening,train,source_c0178d9ce0a169ee6d13adfad735238a5fd18462038125ef80ceeb1ba908408a,test,1792d1734677fff7a8c7db60dca30aecc262c3e15636206bf3d4efaac6a371c9,1,singleton_no_enforced_relationship
dataset/train/Greening/2025_12_21_IMG (78).JPG,2025_12_21_IMG (78).JPG,Greening,train,source_12f4945a746e17d6f3c3150dbb3736d4aca1f388413157a14f7c2ccc9bdd9eea,test,7a9bc7dd9fd1b3474e081ce1d27447b6a9a9b0ea73bbc4b79a769b96ac08767d,1,singleton_no_enforced_relationship
dataset/train/Greening/2025_12_21_IMG (8).JPG,2025_12_21_IMG (8).JPG,Greening,train,source_459d73b9dbb9384ef946d28f60b6adc56776e902eaed43f9cc0f98e1f8513810,train,38afc68b1a41131788aacb90d45193c7a6db24c14f35740f7f32f9d8e35a2022,1,singleton_no_enforced_relationship
dataset/train/Greening/2025_12_21_IMG (80).JPG,2025_12_21_IMG (80).JPG,Greening,train,source_97ec42366ff8b17a7da1baf1c44a2d04f25c4d20be5b6fd619918b810f29b7f0,train,3ab2e676ea3d1b68180c22ad0f52737cb93c59595a017f64b8ceb82447ef9c6e,1,singleton_no_enforced_relationship
dataset/train/Greening/2025_12_21_IMG (81).JPG,2025_12_21_IMG (81).JPG,Greening,train,source_74824294ae546823e4e98dcfa3b6b0a992806c5d00512cb1c09067e84d3f8717,val,0999f43a5a4b7197272d3b4d8ef2df73eadc0dc383eb6e5fc2e4801eacfec5a7,1,singleton_no_enforced_relationship
dataset/train/Greening/2025_12_21_IMG (82).JPG,2025_12_21_IMG (82).JPG,Greening,train,source_60f98d67210e4946600d034300e95ecbe8aa210ba6af3232537daeef22a31331,train,ca839fdf6df24e8d3f63a3172ee365b91098b685201a8e0fe9a8d20f3c1eddd8,1,singleton_no_enforced_relationship
dataset/train/Greening/2025_12_21_IMG (83).JPG,2025_12_21_IMG (83).JPG,Greening,train,source_deb7ca7a83cbff8a05baa8e9b7f040c4bf9809af6038f9883338617687c60687,val,c3683e7ee1fe6ded9bea5db65048a0df7d28dca1d2e95828f78ea18829c88297,1,singleton_no_enforced_relationship
dataset/train/Greening/2025_12_21_IMG (85).JPG,2025_12_21_IMG (85).JPG,Greening,train,source_af0de211a0fc4d49ed132180b9ab8a0558c1044d5138201bd4b862d538779d96,test,cf99c432380dda9e6a16feb36ce288284dfd1cc0651a9f6f1920839f4c34934e,1,singleton_no_enforced_relationship
dataset/train/Greening/2025_12_21_IMG (87).JPG,2025_12_21_IMG (87).JPG,Greening,train,source_249a2cbdcd9e37ce98f5981f0eec9f77f63dfb9089d373fb86ddacff06553e09,train,c411d9b3b5caadead61c24e1366c5a2de3428e2d59948eac574326a8ca94c5cd,1,singleton_no_enforced_relationship
dataset/train/Greening/2025_12_21_IMG (9).JPG,2025_12_21_IMG (9).JPG,Greening,train,source_34105d9c962163cd9172a51524d4e43421f3b7d54d133e8dcf70d311d386c0ec,test,d30fbf7159a87d544bc5f42c877a6d86dc52fc720e099a2bc18d47e86c8eb2af,1,singleton_no_enforced_relationship
dataset/train/Greening/2025_12_21_IMG (90).JPG,2025_12_21_IMG (90).JPG,Greening,train,source_210300b2da4b93f9a951c9e5f23b68547bb3ec104790f1957a48a5ffda6729ea,train,b9c27113adadbc617dac737f7166b174030485b14118c5d032d5b11c37d7189c,1,singleton_no_enforced_relationship
dataset/train/Greening/2025_12_21_IMG (93).JPG,2025_12_21_IMG (93).JPG,Greening,train,source_bd6b44da5f6f148b4ec352fb8385328be793b31c260b1c2f0ef06ffed9416df9,train,3d4b6b4a1736db9e8a9cc6cc5ad3c0f67c7106fe0541cb7d1139efd4745e54eb,1,singleton_no_enforced_relationship
dataset/train/Greening/2025_12_21_IMG (94).JPG,2025_12_21_IMG (94).JPG,Greening,train,source_d4d56f948bc77addbd85ec28fc9df1f0ffae07c14ec9695672d76d23dcdfdc07,train,54143731d0b38c8e88d7646a16513b2f06674967747fdab7c21a94fa97552e7b,1,singleton_no_enforced_relationship
dataset/train/Greening/2025_12_21_IMG (96).JPG,2025_12_21_IMG (96).JPG,Greening,train,source_3c52ff0ad9bde154d2b94791a554355856849f3687b883591e17e1c6dd43b7e7,train,4234b6c8fcaef48f146f09730ea0fb07cca429da5c680d568ecf6d912c33dca4,1,singleton_no_enforced_relationship
dataset/train/Greening/2025_12_21_IMG (97).JPG,2025_12_21_IMG (97).JPG,Greening,train,source_346520a0b6a8246785c1a84170650940d115fad23580fc379104638ec8109506,train,5b3e42ccb224fe9451736f550e733164ede298afa640672675785767359088bd,1,singleton_no_enforced_relationship
dataset/train/Greening/2025_12_21_IMG (98).JPG,2025_12_21_IMG (98).JPG,Greening,train,source_3c84cb4ad041ca5b611163adc328f8691db3d0fc07cb2cda2fcaf046997fac12,train,838d23bea93474e467054fdaf38e17743df04267b6390dad62d6274dbbab3a94,1,singleton_no_enforced_relationship
dataset/train/Greening/2025_12_21_IMG (99).JPG,2025_12_21_IMG (99).JPG,Greening,train,source_bfe579401d3182dbc84aa35f722711d4fb63b4ecfa4b832eb4cb1a63bba3df8b,val,999772a9daadf85fc4a131edb016c4a0e5b58a647eabdac5a6cfde6e87323e92,1,singleton_no_enforced_relationship
dataset/train/Healthy leaf/2025_11_21_IMG (1).JPG,2025_11_21_IMG (1).JPG,Healthy leaf,train,source_907e7bbf9b9c583519bbd3606cfec9eb41154f6cd205a6fa9a7e522b623ad98d,train,b404eea755364002751f37f3d67ade6e1e45f682cbf3d12f3f60db121bbb39da,1,singleton_no_enforced_relationship
dataset/train/Healthy leaf/2025_11_21_IMG (10).JPG,2025_11_21_IMG (10).JPG,Healthy leaf,train,source_d8cd34a03daeffd66d0238663e8cb307f85fbab416da1d4b1bb1aaea8a8295dc,val,38efd3bea164db8d27a31f96f7c3097179da6543cece97a358d62d3783ac1a63,1,singleton_no_enforced_relationship
dataset/train/Healthy leaf/2025_11_21_IMG (100).JPG,2025_11_21_IMG (100).JPG,Healthy leaf,train,source_4038392437972ff3603852effb3962d36f82a388ddcd6a62a768268a5dc57143,train,df62e6caf1b8be24cbde7e7107e4692e4aaad03c88036cb4e0c5061d17803d56,1,singleton_no_enforced_relationship
dataset/train/Healthy leaf/2025_11_21_IMG (102).JPG,2025_11_21_IMG (102).JPG,Healthy leaf,train,source_9b285691357cb2d01a2c5bd97c334c3231d51a2c41ad8c3f3106a2c3b9d15bbf,train,69ba24a83ec020f2ab01451e2d32f540f1a07e6dde068af5506a0e703cb048ce,1,singleton_no_enforced_relationship
dataset/train/Healthy leaf/2025_11_21_IMG (103).JPG,2025_11_21_IMG (103).JPG,Healthy leaf,train,source_55a8b905aad08ac697e8ee2f99cea2ed92ee640b66b3bc8b10746b36dcbf0598,test,e27b1a11370bd57dd1e407c5209f7e95afedbcce95809bc7efd92de2493036f0,1,singleton_no_enforced_relationship
dataset/train/Healthy leaf/2025_11_21_IMG (104).JPG,2025_11_21_IMG (104).JPG,Healthy leaf,train,source_b03578e0d91e9821eab475c6d5a5c178a8359e9438662b437e58622304231335,train,2ba20fbdfeac45cbb9cc150e39e452ad2b8318284a5531e4e79970ce526754ca,1,singleton_no_enforced_relationship
dataset/train/Healthy leaf/2025_11_21_IMG (105).JPG,2025_11_21_IMG (105).JPG,Healthy leaf,train,source_5e49aafd239066524486772c1f4a34d347d665a842888422e4d25240d95e9ca5,train,0c1d491ed5daa5f4e7d95f6b96875ebbcda5f56b4cc07cac8ddb0a6b02b9253f,1,singleton_no_enforced_relationship
dataset/train/Healthy leaf/2025_11_21_IMG (106).JPG,2025_11_21_IMG (106).JPG,Healthy leaf,train,source_f89f88298ec7872cf1152102be7e8616cd92a23d55a0d4d3a653dee9e7d76404,train,4fe15159ddef8161915334cff69b76b632da4373a765afef9f3ac0b916c25fa4,1,singleton_no_enforced_relationship
dataset/train/Healthy leaf/2025_11_21_IMG (107).JPG,2025_11_21_IMG (107).JPG,Healthy leaf,train,source_cb4e3bf446ca79b5915aea1a651f547f8cff3cff5f690a34aa43e2d2d63ebe98,train,9fa54de8d716091a758e567deddd82efa48fde93551989199dd894f503568746,1,singleton_no_enforced_relationship
dataset/train/Healthy leaf/2025_11_21_IMG (108).JPG,2025_11_21_IMG (108).JPG,Healthy leaf,train,source_5eb7ab75e1e1b04c0476c3625f0dbf536b78c61fd019f0c1e9ba39f69b97be2f,test,f22e36e176b27e754968abd5d0fc83772261e6121acf4ff9136b872991d5cd8f,1,singleton_no_enforced_relationship
dataset/train/Healthy leaf/2025_11_21_IMG (111).JPG,2025_11_21_IMG (111).JPG,Healthy leaf,train,source_4cd6e839ce25fc3c5ab922b3b4ed768a147051c342c300ac585736d307d1e273,train,f2a2270822a3e050a9630319ef2df38ef193dc4e8ef0115d0ec15ec7ea235016,1,singleton_no_enforced_relationship
dataset/train/Healthy leaf/2025_11_21_IMG (116).JPG,2025_11_21_IMG (116).JPG,Healthy leaf,train,source_fa28694163b478b7ac70dff5c72c4fd671fa3ea7ca9db3789b27ba527ef79b96,train,4e5848af4aadde2a510632259a3f0e00c3435dc0a00a83cf4d48629c590f8b1f,1,singleton_no_enforced_relationship
dataset/train/Healthy leaf/2025_11_21_IMG (118).JPG,2025_11_21_IMG (118).JPG,Healthy leaf,train,source_f45ad48ff5ad359aee008da2d38649c17fe3cfd7815e77d339f646b3193d9f4c,train,735c9772398584fe9b3ad35c8929b1ee8e9a4106dd7aee54fe764458c75a90b9,1,singleton_no_enforced_relationship
dataset/train/Healthy leaf/2025_11_21_IMG (12).JPG,2025_11_21_IMG (12).JPG,Healthy leaf,train,source_4858c57a6527ae0e6e79eb2835d06817b0ef9adff0da7ad582c4a5d9d0361a31,train,7c3118a71d7158ed4ce1946305eb5b2f6332ec55ea6f30f06fb83fb41ffb9318,1,singleton_no_enforced_relationship
dataset/train/Healthy leaf/2025_11_21_IMG (120).JPG,2025_11_21_IMG (120).JPG,Healthy leaf,train,source_928b32c2906056256efa6623c3d46a8b76a87833c7f2f8bc6b0ada340fc00954,test,5967e5cb7912136fd0d99e2ef802647ab4c410b58bcd5378d5752949528638be,1,singleton_no_enforced_relationship
dataset/train/Healthy leaf/2025_11_21_IMG (122).JPG,2025_11_21_IMG (122).JPG,Healthy leaf,train,source_24eeae555817697f77ed8a17e3e4c31e27f0166cc5bfd9f768751c6f30df5006,train,43eb0586f9a685a7835c354946638a6df14be4edf86e1aab9aa39f97f42be416,1,singleton_no_enforced_relationship
dataset/train/Healthy leaf/2025_11_21_IMG (123).JPG,2025_11_21_IMG (123).JPG,Healthy leaf,train,source_26f8725c405698a56a709bb2ab45c7088bdaf4c7d2014537523e7463c2a94723,train,3c4b4056164d2429891da595641ee5fe826f24b6ad8d18d1c2d577e8cd17b6df,1,singleton_no_enforced_relationship
dataset/train/Healthy leaf/2025_11_21_IMG (124).JPG,2025_11_21_IMG (124).JPG,Healthy leaf,train,source_643470789e4af139e3854f1b8d92a053c0bdd8fd6919f42131a344250b2db458,train,5b14100578d60432cbf9bc5d5d65e33e74d7f7a2be0aff0a6d18e0185580a165,1,singleton_no_enforced_relationship
dataset/train/Healthy leaf/2025_11_21_IMG (125).JPG,2025_11_21_IMG (125).JPG,Healthy leaf,train,source_ee1025995af1b912b7041a2d46fa59c896f1d2470ed125ca3f5b3b9f896c963a,train,4907e75cf0ea33307b870f920e0e24ac72884e7d35f0dbbb16234ee23bbbd3c9,1,singleton_no_enforced_relationship
dataset/train/Healthy leaf/2025_11_21_IMG (126).JPG,2025_11_21_IMG (126).JPG,Healthy leaf,train,source_6e6ed5fdd41cee3c0c4fd72f4531c2dd7e291f3ae4070b5e3725ff32414e9a28,train,882d74037c42fed48b2d140438bb15dfe786bd06df7755f486d78a3e646b3766,1,singleton_no_enforced_relationship
dataset/train/Healthy leaf/2025_11_21_IMG (127).JPG,2025_11_21_IMG (127).JPG,Healthy leaf,train,source_35d2242a8e261952e8bc4dcbf6dac92c822a922cdbd7cc76de60fa42e6e5147e,train,108d513aa64450a34266d4288a37273a1ecc7d14399294929606769fcdf520d5,1,singleton_no_enforced_relationship
dataset/train/Healthy leaf/2025_11_21_IMG (128).JPG,2025_11_21_IMG (128).JPG,Healthy leaf,train,source_2ae778b4f2f16ff50263dd678057347b3f23429202d5776ace82d12f04d933ef,train,613a77fcf816796f8ed05649699a9a8bc53ef2bdbe0338e7258b651cb4761d09,1,singleton_no_enforced_relationship
dataset/train/Healthy leaf/2025_11_21_IMG (129).JPG,2025_11_21_IMG (129).JPG,Healthy leaf,train,source_9e7bac1bca40ac95c303c0d1d8565a0eb02665897992d51683122b8790d48a28,train,9e2f691ad56a0d38cf71de7912f8ebb3f9106241338b016319597e12c52aa0a9,1,singleton_no_enforced_relationship
dataset/train/Healthy leaf/2025_11_21_IMG (13).JPG,2025_11_21_IMG (13).JPG,Healthy leaf,train,source_54986e4d49eb106605a5a8e99944ac1d109c7355ade005bdfaf84102b1a3e212,train,745cafc71f07afa3b65a31a28c7b24ab021ab11edda69195707fc331c4412f09,1,singleton_no_enforced_relationship
dataset/train/Healthy leaf/2025_11_21_IMG (130).JPG,2025_11_21_IMG (130).JPG,Healthy leaf,train,source_85b763f627821220579d40f2e86e98ff4b3011109ab50de3815477202666550b,test,915625cee6887c6dc2341925de80ac448d00d50027d830d5907f2214a2420d9c,1,singleton_no_enforced_relationship
dataset/train/Healthy leaf/2025_11_21_IMG (131).JPG,2025_11_21_IMG (131).JPG,Healthy leaf,train,source_0b1e3dc4c59835a6c6a64d33916ac5816d0c2442061c1a31491408c9a8cda7c0,train,6ab437cc504f48e59637344f5421302f2f169f583407c6e93cd5dbfccfadafe0,1,singleton_no_enforced_relationship
dataset/train/Healthy leaf/2025_11_21_IMG (132).JPG,2025_11_21_IMG (132).JPG,Healthy leaf,train,source_42b027b4e5742c6ed2dcee0be53d75d3fa3ccbabe692b5a6eedb362600db1561,test,7c6bbfced4501045588ceb91fb50ac5e6cbdbe603c87aac46383dd95aa312707,1,singleton_no_enforced_relationship
dataset/train/Healthy leaf/2025_11_21_IMG (133).JPG,2025_11_21_IMG (133).JPG,Healthy leaf,train,source_b421c6fcf3285a71ca9fc712ee3e577616659838dc2e7f26eb2f51eb07dc4d7a,train,e687f520f593ae879e2294de5eb6901c04b7fea45cb55b565479b59f27275f9c,1,singleton_no_enforced_relationship
dataset/train/Healthy leaf/2025_11_21_IMG (134).JPG,2025_11_21_IMG (134).JPG,Healthy leaf,train,source_17c725cd9b0f9f0a1f7cd9678bea10e5d60fbbb216b688d3f2d265c94860e7a6,train,51a140dc0d185f803a563501e357098f3db3ce1732d2eaa3dba66ed650557f91,1,singleton_no_enforced_relationship
dataset/train/Healthy leaf/2025_11_21_IMG (137).JPG,2025_11_21_IMG (137).JPG,Healthy leaf,train,source_d62ede143d8d41c44e3e84ef4fc4c6854a4e55d0776b3f475f806945eb03e368,val,0596a59020e1970bb78c37190b5fa82393202fa89b65c9aa14785d96d6c9fb26,1,singleton_no_enforced_relationship
dataset/train/Healthy leaf/2025_11_21_IMG (14).JPG,2025_11_21_IMG (14).JPG,Healthy leaf,train,source_3ead4ac325b37e9dae91827d616f0347b76e22f60cb3c83ccaf961778b878a70,train,0badfe56b6b432bc3b9bdaf30378b98460d1069494005851d5f80bd480e7b138,1,singleton_no_enforced_relationship
dataset/train/Healthy leaf/2025_11_21_IMG (140).JPG,2025_11_21_IMG (140).JPG,Healthy leaf,train,source_e09a5f13ee40ea7e7fb1a19c98a2221a578c3a4ade1a63141b65c2a8449963a8,train,ed0481802fe988814ba0c675e019274b6dbc5d7754f9b330c2a505726ed6d300,1,singleton_no_enforced_relationship
dataset/train/Healthy leaf/2025_11_21_IMG (142).JPG,2025_11_21_IMG (142).JPG,Healthy leaf,train,source_703487c3d2018c1651ec708bdb96de93728c25968ee13d3c0beb57c9c166f310,train,a001fc1d4a22f4f1363183028396ff2778ed1602f1b102363d85843df57c2328,1,singleton_no_enforced_relationship
dataset/train/Healthy leaf/2025_11_21_IMG (144).JPG,2025_11_21_IMG (144).JPG,Healthy leaf,train,source_98ba2d7425572f4f9b069ca61bdc389a155f16f27b309b0bef235f62bcbd54e4,val,f0782930fce4d23f721a7eb14fd8a06cd2e33a70c3345656889ab4f9ea4c4cf6,1,singleton_no_enforced_relationship
dataset/train/Healthy leaf/2025_11_21_IMG (145).JPG,2025_11_21_IMG (145).JPG,Healthy leaf,train,source_90e918f888e0d4ebdef6ffd0168547142ce3367d960dedc8d8cf666b32d11874,val,dac80375105433a9ec6d690f0a19225e4c7708d7d3d45453c5df8275089e44f0,1,singleton_no_enforced_relationship
dataset/train/Healthy leaf/2025_11_21_IMG (148).JPG,2025_11_21_IMG (148).JPG,Healthy leaf,train,source_8bb1d2a17d6efd70d20b40fd671f6cc29bde086429149e8483d99b7738257f1e,train,b5ae1f4f7d1c4c034cdb8c882f2a5bad165823536fb1225f3ea01ccbfd7c70f0,1,singleton_no_enforced_relationship
dataset/train/Healthy leaf/2025_11_21_IMG (149).JPG,2025_11_21_IMG (149).JPG,Healthy leaf,train,source_977567241532a6bb767ee7e4796397e409504eaae792130a02dedfbfbcd93cd6,val,52b99ed637c3afeef3015adbe2aec31d3124ee4679ced6f61e7e5bf35bf49b5e,1,singleton_no_enforced_relationship
dataset/train/Healthy leaf/2025_11_21_IMG (153).JPG,2025_11_21_IMG (153).JPG,Healthy leaf,train,source_de08fac8128593301dade8e7565f3487e1b9f5d29d6ef0102d94047aefeb6ecc,train,13252670a67cec4a1335f72a6a1d32ddb6731ea365610cebed801cc736a53ee8,1,singleton_no_enforced_relationship
dataset/train/Healthy leaf/2025_11_21_IMG (154).JPG,2025_11_21_IMG (154).JPG,Healthy leaf,train,source_cbe90bba229b4a5f337952a5829ae2626b5c07ef4c5e50756c2e5b60d62ed14d,train,ff36de978561fadf2d8060defcbf5ae440c2d35ddee7751ead6db95f2478325e,1,singleton_no_enforced_relationship
dataset/train/Healthy leaf/2025_11_21_IMG (157).JPG,2025_11_21_IMG (157).JPG,Healthy leaf,train,source_63ef82a918f791c907589ba8ce7d40c6495cf439f50916048e7e7ab4cf723ab9,train,cd14f14b69e886d02403ddf9e24e7be7114236029b45d164ee2eed57dc8902e7,1,singleton_no_enforced_relationship
dataset/train/Healthy leaf/2025_11_21_IMG (158).JPG,2025_11_21_IMG (158).JPG,Healthy leaf,train,source_76934538574499f847fbc3fe5ec26e0c9116fea8680f06b2c23d0cf698ed6c0b,train,5567e57647bbc16c29d9f09d0821e905b08fc5a86adeb2a7c6af210c23e61527,1,singleton_no_enforced_relationship
dataset/train/Healthy leaf/2025_11_21_IMG (159).JPG,2025_11_21_IMG (159).JPG,Healthy leaf,train,source_c9f0179f2637efe1f15f3f56f031eb982744e3b8256377dc8a4c2ab864131331,train,6873c2bcba8fdad34957d80d74d554df7ee59525cf3518979afba9a5fbff633b,1,singleton_no_enforced_relationship
dataset/train/Healthy leaf/2025_11_21_IMG (16).JPG,2025_11_21_IMG (16).JPG,Healthy leaf,train,source_d9a3cc9e74fc93c5d87fd6dc5c9e94757908da862ab599d59ec78c15907a2de4,train,465478e10698a99e07ec1c8206b10cf8bce32f386c925c86869a3756df188da9,1,singleton_no_enforced_relationship
dataset/train/Healthy leaf/2025_11_21_IMG (162).JPG,2025_11_21_IMG (162).JPG,Healthy leaf,train,source_02c39e4401ca3fab78d5b7bd6870fa7fe0edb022bc3f611960474dd24e0cfb15,train,92ef115272533965dd1b4018338c47afa06a70a33637b5e304cd48cd15c31408,1,singleton_no_enforced_relationship
dataset/train/Healthy leaf/2025_11_21_IMG (164).JPG,2025_11_21_IMG (164).JPG,Healthy leaf,train,source_01d8eb5b4734736d443fea61961ced03eb116c1f6c3d9b0e6a28b495e4f41932,train,20b26db1f8a7d14c64f8b77863fff95600d6c868eb54745cbeb9c24630741fca,1,singleton_no_enforced_relationship
dataset/train/Healthy leaf/2025_11_21_IMG (165).JPG,2025_11_21_IMG (165).JPG,Healthy leaf,train,source_53a943aa0afe463a61278585dcf3dcd88b0c132c779e6e482deb121838324cae,train,ea2df21407d81190c7d38c8d2a4768c019d70a62bdfbf40df9c7d8cc2531a062,1,singleton_no_enforced_relationship
dataset/train/Healthy leaf/2025_11_21_IMG (167).JPG,2025_11_21_IMG (167).JPG,Healthy leaf,train,source_e6ebb7082db1e544bc5213eb104f1bce05ce65f00bb33249428dbfd42ed3a946,train,af47a45db33d1716e6878c5c67e09595559e08f0f6d82f6c0ef7e74916d7078f,1,singleton_no_enforced_relationship
dataset/train/Healthy leaf/2025_11_21_IMG (168).JPG,2025_11_21_IMG (168).JPG,Healthy leaf,train,source_6c54cdbd2ac031c74b4423f3cf1600d143446d2626a8bdfed4450156730ef598,train,1edeb31851688e7125d8faab71546e98aad7c4bbbf9de0fb7d95ded56ec0b151,1,singleton_no_enforced_relationship
dataset/train/Healthy leaf/2025_11_21_IMG (169).JPG,2025_11_21_IMG (169).JPG,Healthy leaf,train,source_173a7f4f67d1c411dd5f3ee0204ef03f8b3cd0506f14c2b863750aa3f885231a,val,54759b494b3509f08f0a80b81a0d6f53a113c972e9abf8cb822c3f6617d34cea,1,singleton_no_enforced_relationship
dataset/train/Healthy leaf/2025_11_21_IMG (17).JPG,2025_11_21_IMG (17).JPG,Healthy leaf,train,source_37735e9db4024645afbb7bb7d31a4ec030cf1a0af12341a7c8c3e5ef93a28f78,val,a8866a07ef45bfb72644a53fb50a13cec5efda7b49a87f0fa2f6650dc8321b5d,1,singleton_no_enforced_relationship
dataset/train/Healthy leaf/2025_11_21_IMG (171).JPG,2025_11_21_IMG (171).JPG,Healthy leaf,train,source_15fc9a7b6613f92a283c3fd52f43c341acac68f08eedc849883aac5159f3d069,train,e4bd0828cad63a31a5412d59f49b476b511d2ff196c146cef1358187d4cb934f,1,singleton_no_enforced_relationship
dataset/train/Healthy leaf/2025_11_21_IMG (173).JPG,2025_11_21_IMG (173).JPG,Healthy leaf,train,source_31215e901140f1b6e94804051e7a907558b805f04511451d394414a28b7fc219,train,6a069ca9d67e420a181ad1a09b74d2707da3060504883b9a2518bbf89358f98c,1,singleton_no_enforced_relationship
dataset/train/Healthy leaf/2025_11_21_IMG (174).JPG,2025_11_21_IMG (174).JPG,Healthy leaf,train,source_9e9098254c2e81a920a83ea9a118e90880a72f93dc793ff1a3f47d217d802dd9,test,ce2b82ae019d5c04d5d41c34aa1d6dba58331d2b672a9227a7908d61c3eff5e9,1,singleton_no_enforced_relationship
dataset/train/Healthy leaf/2025_11_21_IMG (175).JPG,2025_11_21_IMG (175).JPG,Healthy leaf,train,source_8d61831d7ade1c02f88c0bd374576db1597c5cf5c3ae4fc481915ccff17b08a1,val,d9b0ce4511d947067743c6f10d5bf488fd59e171be294f0d3105dbf8dbd8c588,1,singleton_no_enforced_relationship
dataset/train/Healthy leaf/2025_11_21_IMG (176).JPG,2025_11_21_IMG (176).JPG,Healthy leaf,train,source_fdb133c06a22f4ed499cb4a1808e35b1a25a4b1f778d42ecbfa76f348ed7c315,train,0eefedf94b6f1b3cb45b122682f2635333c5bdb7715386721ba3974504778e56,1,singleton_no_enforced_relationship
dataset/train/Healthy leaf/2025_11_21_IMG (177).JPG,2025_11_21_IMG (177).JPG,Healthy leaf,train,source_6c70d56aebc940c9a6dc7e7b95ff8820a2e3b002cf322fd63062a9a78fe22d21,train,86d016877536c3efae646e0f619af65ac150de5a888eef08567434d08a89b2e3,1,singleton_no_enforced_relationship
dataset/train/Healthy leaf/2025_11_21_IMG (178).JPG,2025_11_21_IMG (178).JPG,Healthy leaf,train,source_047183cb65f54da60d15d479661ad47577623c31136da69a4fdf348a1e883fea,test,847c80639b499340e8fcdf2d41295b172b99afe72b4fd3fc81481a24c7035924,1,singleton_no_enforced_relationship
dataset/train/Healthy leaf/2025_11_21_IMG (179).JPG,2025_11_21_IMG (179).JPG,Healthy leaf,train,source_26459be5567c4f34cb8a569ad1fa6cf55efba6beec4d8803b817d62a3c22142b,test,fbd7141a009419918085f27f5eeea01c1fe7a6499aad6a54a691c17f7903d925,1,singleton_no_enforced_relationship
dataset/train/Healthy leaf/2025_11_21_IMG (18).JPG,2025_11_21_IMG (18).JPG,Healthy leaf,train,source_c3e69bdccc7e84243cabbf00cd7b93003f73d55b62fcf25cbd684c668f846351,train,b42c2a49831784390eac3ff6f2336e0345bb1b2680a095dedee02b4a51928a2c,1,singleton_no_enforced_relationship
dataset/train/Healthy leaf/2025_11_21_IMG (181).JPG,2025_11_21_IMG (181).JPG,Healthy leaf,train,source_9448448efe1f194bbb3bd92ed5cf8e4884815168a43bbdbef8b9f353712773a9,train,6a7fb9a011211eac314fac307a42fdca1dd0686bd4a32b1d7fa416cfb0319637,1,singleton_no_enforced_relationship
dataset/train/Healthy leaf/2025_11_21_IMG (182).JPG,2025_11_21_IMG (182).JPG,Healthy leaf,train,source_a60cac81c613cd81765038c00342de724adbf667ef7a2df4a4b0bcdb60e1855d,train,94a59208508f2e77b2d112bd5232964cdd9eb055aad65fbbb527a5738c510006,1,singleton_no_enforced_relationship
dataset/train/Healthy leaf/2025_11_21_IMG (185).JPG,2025_11_21_IMG (185).JPG,Healthy leaf,train,source_211e71bf37f79b0ec2248cd25c3652355ba278d9317ba95d495ceee4a3cad84d,train,059048d6355c6f653b70da7903f5b54d3ac555382c14dfc946f94dc4f197f81e,2,AB_pair_evidence;autofilled_SAME_SOURCE;existing_AB_cluster;existing_AB_manifest;refined_capture_strong_link;strict_multimetric
dataset/train/Healthy leaf/2025_11_21_IMG (186).JPG,2025_11_21_IMG (186).JPG,Healthy leaf,train,source_60eef699904d3135ed958728a09c8f9b7d6a161ba800c05341e14a9470b6efbb,train,07840005b6df1e87eff75176c67a2640db7a72fa1b74ea832336853556aef224,1,singleton_no_enforced_relationship
dataset/train/Healthy leaf/2025_11_21_IMG (188).JPG,2025_11_21_IMG (188).JPG,Healthy leaf,train,source_cd4d37989ea610622d0b848581966ec7d232f0e0899b7dd9be16046bf6840bf9,train,9c16b5933d7460d72cea5e690833e6b9c3726f6c31f0057c9fe2854a6e167383,1,singleton_no_enforced_relationship
dataset/train/Healthy leaf/2025_11_21_IMG (189).JPG,2025_11_21_IMG (189).JPG,Healthy leaf,train,source_aebd872dd1b988f5e5de0a7bb226b83a812e8be718be9a06fdb1fc734e72bd06,val,26c92e68805a4435424794f65d35129b8268e89e2c0a1a4a6bf27ccd049b4f67,1,singleton_no_enforced_relationship
dataset/train/Healthy leaf/2025_11_21_IMG (19).JPG,2025_11_21_IMG (19).JPG,Healthy leaf,train,source_3071276ca82701402550bb85060d988ab54095d3bb563a3f1ffdc137ac1f4dc4,train,82f1da4b31767b1fa7c4778ff3b548a84fd48b1fb6e1df3dceb852a2c1b65e4d,1,singleton_no_enforced_relationship
dataset/train/Healthy leaf/2025_11_21_IMG (191).JPG,2025_11_21_IMG (191).JPG,Healthy leaf,train,source_2769510ecab6180663e334645b059d2226fdd16dc00f1a6fde578770f7a28a77,train,53c22969bb12b282029d6b1c2e197b21d78d71a599b1a4321dc50f8b2cd968a2,1,singleton_no_enforced_relationship
dataset/train/Healthy leaf/2025_11_21_IMG (192).JPG,2025_11_21_IMG (192).JPG,Healthy leaf,train,source_edd64be594fcf976c15dc02ac8adadd27e4d64f8a9eebfafd5128a428a9ac75f,train,d3199caee31742786bf3df24a79eaf49a4c87b7df78e34a988189f3017cdb1fa,1,singleton_no_enforced_relationship
dataset/train/Healthy leaf/2025_11_21_IMG (193).JPG,2025_11_21_IMG (193).JPG,Healthy leaf,train,source_91f66a4dc9a9ae141b04980acb5f5fcc35c79dbebda860dc49573628a4514d8e,test,391825b3478a79a139404bfce625b4a66e5ff19e448c6d4ea959488a3a01d209,1,singleton_no_enforced_relationship
dataset/train/Healthy leaf/2025_11_21_IMG (194).JPG,2025_11_21_IMG (194).JPG,Healthy leaf,train,source_54ed4fb4c73fe912061753080854d924a79fe9b2f4ac3c3eb28627dfb7193c46,train,c18b494e94d334774726659c55bdca5f6c2a78c80811ce6da8920f78490af1a1,1,singleton_no_enforced_relationship
dataset/train/Healthy leaf/2025_11_21_IMG (195).JPG,2025_11_21_IMG (195).JPG,Healthy leaf,train,source_290d266ca0f93bd87f5b531ab07db23d9ad0d68c1d9e5fc9408aec6f6f79ea37,val,a61e65dc0aae2d2ad2cb6ee494b6cb2dea220351bf78f03cc2b0d09ac9e284bc,1,singleton_no_enforced_relationship
dataset/train/Healthy leaf/2025_11_21_IMG (196).JPG,2025_11_21_IMG (196).JPG,Healthy leaf,train,source_8f73629995ea8ddcf8c5d15cbbf910f7d33dd0ca48f6edbcd7592c8802bf0cb2,train,eeb894c1058f56285d5a4b983fc62dc638545f33a6203638fdde847235016cdb,1,singleton_no_enforced_relationship
dataset/train/Healthy leaf/2025_11_21_IMG (197).JPG,2025_11_21_IMG (197).JPG,Healthy leaf,train,source_e37eee46b4e45ae4055c04aaf7ed5ff91a2aa2f7a55b40e04a971f386e3c9d0a,train,b4e4aa72183804be0e0e2bc645742fef34d89b805ea51b12169e8b8e78cfae8d,1,singleton_no_enforced_relationship
dataset/train/Healthy leaf/2025_11_21_IMG (198).JPG,2025_11_21_IMG (198).JPG,Healthy leaf,train,source_5ce7afe1e7c3e9ebc91213da89ea28c4867fec11d5e4c7f02eb7c237f505130c,train,f9f641fea5caf2d0521633e872347183c80ba254ad4ccbdfc22d7ed2dcb8e085,1,singleton_no_enforced_relationship
dataset/train/Healthy leaf/2025_11_21_IMG (200).JPG,2025_11_21_IMG (200).JPG,Healthy leaf,train,source_0f89ff5a2dad1a1768aa273f62a06fab2caee3b185d0286aa4be66f68bca89ae,train,b7ac9fa6e421e6ac8ed9afc8fe36cc62c3d9d7c0a6630aa7a6f05aafcede59c4,1,singleton_no_enforced_relationship
dataset/train/Healthy leaf/2025_11_21_IMG (202).JPG,2025_11_21_IMG (202).JPG,Healthy leaf,train,source_4909f13c2a3693a2d7be3885ac2fdddcdafa1cce2f37acd3e45e2c5701ddb1d0,val,205a9bb0cc6fe5e27b6369177037473904da3a96e729f28462ed89a9cf61e6bf,1,singleton_no_enforced_relationship
dataset/train/Healthy leaf/2025_11_21_IMG (204).JPG,2025_11_21_IMG (204).JPG,Healthy leaf,train,source_cae977b14930f7264c1094789a032939f26ad7547e95ae5e6a0dea457b2ccd9b,train,f66e856f6e01885dd127b7839ce629c038bf0d56dc4743e4d730d772bbe70320,1,singleton_no_enforced_relationship
dataset/train/Healthy leaf/2025_11_21_IMG (207).JPG,2025_11_21_IMG (207).JPG,Healthy leaf,train,source_18f4384adbc3feca6a92dfa87d117e0b976298b7d2563c04506b40a208d47964,val,26c5d986a688db79414d3632e51230e266a9372a9113c921fc1702d8dca49279,1,singleton_no_enforced_relationship
dataset/train/Healthy leaf/2025_11_21_IMG (208).JPG,2025_11_21_IMG (208).JPG,Healthy leaf,train,source_588e833bee8272bce72d7eedcaf12f923b270bc6fe91e2c7ad6687a6e83f5664,train,5c16d80a062697e3ac5c61a93355e18c9ae3276fa2787bd7f649c0151ef1cdf9,1,singleton_no_enforced_relationship
dataset/train/Healthy leaf/2025_11_21_IMG (209).JPG,2025_11_21_IMG (209).JPG,Healthy leaf,train,source_73dc660af9f15c2edca4f16babbf3a4acf3df78c753008e685eb7426f424969f,train,b00a86e4494f7008bfe5841b4a1674a1aa69aecd0bdff1d9bb31b0cea88e09ae,1,singleton_no_enforced_relationship
dataset/train/Healthy leaf/2025_11_21_IMG (21).JPG,2025_11_21_IMG (21).JPG,Healthy leaf,train,source_dbdb723e8e93169387a75b88fd71bf4f9c10c04b91adcf4b1c53f5f8dde9a64b,val,73062e70429f033dca1b713b0b41c527a788c5c306f9dc3cfd93527a7290f640,1,singleton_no_enforced_relationship
dataset/train/Healthy leaf/2025_11_21_IMG (210).JPG,2025_11_21_IMG (210).JPG,Healthy leaf,train,source_958fe10aff6fbae0917c0dd4775689da77f4ba89c0765f31a677f29f19ff5822,train,15ed71fdae8dd602a79a0e68cbeb75716971c3caa3bafed55cf8d2e28e80f78e,1,singleton_no_enforced_relationship
dataset/train/Healthy leaf/2025_11_21_IMG (212).JPG,2025_11_21_IMG (212).JPG,Healthy leaf,train,source_caefa653ac61181277283cf25c2baa1935fbc10d18a1d9f8c6c5921a28d6e76a,train,ee0388b550dc6e09b189ac1ff51771d77c42ab271bc1091f5193e07264e3a919,1,singleton_no_enforced_relationship
dataset/train/Healthy leaf/2025_11_21_IMG (213).JPG,2025_11_21_IMG (213).JPG,Healthy leaf,train,source_923d29b6e5e3a83b185a424c174b318ca03356ef4ff97580963a628026b6d3ba,test,88570064457da4cdf6b5815a2304a965f6ed1b7794ae3a3d5d710fad52aba25f,1,singleton_no_enforced_relationship
dataset/train/Healthy leaf/2025_11_21_IMG (214).JPG,2025_11_21_IMG (214).JPG,Healthy leaf,train,source_81f755fb78f104700f2db4d389faa4b757676bdd5a4193e8e9c5686b77576b1d,train,428bea2fb82cf4b4a0bd75e6f37d2d940c31fb641990e36a7e4ec52f043fca82,1,singleton_no_enforced_relationship
dataset/train/Healthy leaf/2025_11_21_IMG (215).JPG,2025_11_21_IMG (215).JPG,Healthy leaf,train,source_10bbffb62cf6d432d3eda1d7b41d72f0b86196e4d993479c55dececdd798d916,train,6e828d8b4390dc63e0fce0ba018bf28bdd11f864408075cc2023bd8c1079e947,1,singleton_no_enforced_relationship
dataset/train/Healthy leaf/2025_11_21_IMG (216).JPG,2025_11_21_IMG (216).JPG,Healthy leaf,train,source_53b6b4a2bf3fca0ad57400500247a24b0dcc9ae8682a1a2ed51a4ee80ece1765,train,8e5493769ce1151cf7283078e1c5d7bcef1450cee1d5fbd153d2e26b48604b73,1,singleton_no_enforced_relationship
dataset/train/Healthy leaf/2025_11_21_IMG (217).JPG,2025_11_21_IMG (217).JPG,Healthy leaf,train,source_634a640672ad54e6c2cd36e9f6e23a1877518f54fb34d94692addef18d22c770,test,e4f6b6fc1322bc1884dc6400dc06a44cce7d37a4fa3d7553e3bdbd1113b84910,1,singleton_no_enforced_relationship
dataset/train/Healthy leaf/2025_11_21_IMG (218).JPG,2025_11_21_IMG (218).JPG,Healthy leaf,train,source_1bd3a197001e6e16a5c49287c114dc1c39025dac65689f2d20459a66b47a1d95,train,23f494fab7e1e3ad4def4b803e7ace4be15401c722de6ed0c06549027b3fb96a,1,singleton_no_enforced_relationship
dataset/train/Healthy leaf/2025_11_21_IMG (219).JPG,2025_11_21_IMG (219).JPG,Healthy leaf,train,source_9a4505731f769079473defd53ddb039cbc641a723fc9e6a4ac2bcd310e7a6ebb,test,74116d6ef2472a86aaacc0a1cb8e6b863e55166dcd9f2965b6d0b3e49f8ae984,1,singleton_no_enforced_relationship
dataset/train/Healthy leaf/2025_11_21_IMG (22).JPG,2025_11_21_IMG (22).JPG,Healthy leaf,train,source_f9894ed91d927ab3d6113f630b102189ff0ce676ab236474cfbe5a8498c2ba37,train,f634faf70049ba4a5e4a7472cc7a709fae4b8931104af03bb1467fac083fe14c,1,singleton_no_enforced_relationship
dataset/train/Healthy leaf/2025_11_21_IMG (222).JPG,2025_11_21_IMG (222).JPG,Healthy leaf,train,source_79495e2bb67eb00e12fa8000fa3979f57856ef03815c7f0adbeafa0736ecfc6a,train,0b35bdcd63b91f0dbfa85aae1da3e21d3095acc16f10e5f6dcfa0e9bcc21b7a5,1,singleton_no_enforced_relationship
dataset/train/Healthy leaf/2025_11_21_IMG (223).JPG,2025_11_21_IMG (223).JPG,Healthy leaf,train,source_3846fa30350ab2967e33698ceef7c8f1992af3eb41524b5e6e2ed864cdc34e60,train,465e8ca3ca8fd5a586f71bb8260034d8a11e14181e1778ca4410f95a06d18187,1,singleton_no_enforced_relationship
dataset/train/Healthy leaf/2025_11_21_IMG (224).JPG,2025_11_21_IMG (224).JPG,Healthy leaf,train,source_7c8dc45c91f4eaf09b1d039e941cad93ba8375f6d21b37b041e89bfa1e66b2c5,test,ba0267c5aedc4e6b0074b038fba3d09d878fdc14e7b469f1e2e6724ebbed7f42,1,singleton_no_enforced_relationship
dataset/train/Healthy leaf/2025_11_21_IMG (226).JPG,2025_11_21_IMG (226).JPG,Healthy leaf,train,source_392b61ba683839e8ee830134270ea10e8e29342154955cd6fc5ef04dfe2571f4,train,55e9b08ecaae73e8fafb6b6648e50cc191ccc294da5dc1c7a830876e276be13c,1,singleton_no_enforced_relationship
dataset/train/Healthy leaf/2025_11_21_IMG (228).JPG,2025_11_21_IMG (228).JPG,Healthy leaf,train,source_c5e1984e27942856f20c3acddcb07428edbdc33a11cf22a16b1509b3c95e99f1,val,edbefc37f1b1328531d9fd35804b0e81b8874a7fab07059b608ab4680ecca76f,1,singleton_no_enforced_relationship
dataset/train/Healthy leaf/2025_11_21_IMG (229).JPG,2025_11_21_IMG (229).JPG,Healthy leaf,train,source_3832e489fd76d92eac5c1a78086a4f2dd65f5e3f494b3bc5549f9b0c286724c9,train,08ff14df9d7ef50b43badbf8a0bf1c52c0cb77faf39261e1629ace3738eb8404,1,singleton_no_enforced_relationship
dataset/train/Healthy leaf/2025_11_21_IMG (23).JPG,2025_11_21_IMG (23).JPG,Healthy leaf,train,source_2d3979b6bc4852253ee3954d0290cbb4e9141e3e8f9603dd336fe030d9b77b3e,train,4a7a30d721c4b4fd2638e83c25dcb3d097b5dd226f697602725d49123418a056,1,singleton_no_enforced_relationship
dataset/train/Healthy leaf/2025_11_21_IMG (230).JPG,2025_11_21_IMG (230).JPG,Healthy leaf,train,source_35dbe05d1eceeda122d2373cfefa1a9408b8ffdc37d8e0639cf6eefb4260d8a4,train,610900e3f900d30b6ffdca78a899f05ddd0457b64883a6dc172e74e8bc46dd6d,1,singleton_no_enforced_relationship
dataset/train/Healthy leaf/2025_11_21_IMG (232).JPG,2025_11_21_IMG (232).JPG,Healthy leaf,train,source_480472f95ecea4798de5ebee6c2eccb02cc2a1fd70c1a22f7427481560e800fc,train,60dea5890d893f127171176fb14ae13b15481aff0dad5feb50a0ac69aa822b76,1,singleton_no_enforced_relationship
dataset/train/Healthy leaf/2025_11_21_IMG (233).JPG,2025_11_21_IMG (233).JPG,Healthy leaf,train,source_57f4e54138377073ec1313f98ad559cc0098acd24822793313a274df49717a85,test,6105ac37f3180a524fd422a414eaa3f67fcc1c5906f9fec36e467feda26875b0,1,singleton_no_enforced_relationship
dataset/train/Healthy leaf/2025_11_21_IMG (235).JPG,2025_11_21_IMG (235).JPG,Healthy leaf,train,source_d9d5e650ddfcf33a17c2bdbe98c8d59d1cac3ff1870b6a737d28e2fbacf9b601,train,693b6e6843441d530ffb92556ec58608aaa9ddb52b97b95c42704ba750f5b1d8,1,singleton_no_enforced_relationship
dataset/train/Healthy leaf/2025_11_21_IMG (236).JPG,2025_11_21_IMG (236).JPG,Healthy leaf,train,source_0eaa2c89862c8afe97eb64fa22c7be5d1b50791f026bd6785c2cda5ed81627de,train,c6ef5b5f7a7a11389507cad0771f2b8b59c70d895eb07aae83a11d4cadad2100,1,singleton_no_enforced_relationship
dataset/train/Healthy leaf/2025_11_21_IMG (237).JPG,2025_11_21_IMG (237).JPG,Healthy leaf,train,source_e2a1b60397d599e8c78dc743528e98ed5cfa46e7c4abeee09faa6ee359bc1e97,train,b9e1ec6e48147a917cb959f55dd552be68b50cecbc3e2cf129cafb97f55269db,1,singleton_no_enforced_relationship
dataset/train/Healthy leaf/2025_11_21_IMG (238).JPG,2025_11_21_IMG (238).JPG,Healthy leaf,train,source_c114f20273b0ea616d6804341bff433ad97d2902f72930de7fafbb22091a6d5b,val,ece696f63ccb29d02ba818eaab87a9528ef504ecea08233bd58ea935c337fdc5,1,singleton_no_enforced_relationship
dataset/train/Healthy leaf/2025_11_21_IMG (24).JPG,2025_11_21_IMG (24).JPG,Healthy leaf,train,source_287bd7f721afec10fdead95bb9014d4d330e081c65490719d7b5f127077f595f,train,f8cc0a34f986925255e08d50c1b742d2eaf7092fbac8b6d91c4bf48614f171b0,1,singleton_no_enforced_relationship
dataset/train/Healthy leaf/2025_11_21_IMG (240).JPG,2025_11_21_IMG (240).JPG,Healthy leaf,train,source_fe5b9b0b921d302a85f2c66c5be25cf31cf4694b78091ae59396d5a8801e9a8a,train,4f42a7028637f088dafcd798db4581fb376ca346dc75eb7254d6dcc738881df1,1,singleton_no_enforced_relationship
dataset/train/Healthy leaf/2025_11_21_IMG (241).JPG,2025_11_21_IMG (241).JPG,Healthy leaf,train,source_1d63ee6687c5352ac5cdc704ae84c4ed0ee655f6f3b013177926817018bc9f02,test,9006798d5be050b06e764b3f9b7434ab2073db3aca4cc9fa332c6ebac639719f,1,singleton_no_enforced_relationship
dataset/train/Healthy leaf/2025_11_21_IMG (242).JPG,2025_11_21_IMG (242).JPG,Healthy leaf,train,source_b0124ac6f7330dc45636d6403619ffb71b6b7f4a13e95e0fbfe3b6e16f0d8790,train,9e5b588995af81742dc465162c8a97a1c661ede76fab67806875b12ca5e21feb,1,singleton_no_enforced_relationship
dataset/train/Healthy leaf/2025_11_21_IMG (243).JPG,2025_11_21_IMG (243).JPG,Healthy leaf,train,source_0780de0302af97a78e1ef003512f14bdee3c6334be954f82eef65c54ed239ec9,train,dabd8be05c343de325fba38756894b86a212079198c80d1d420f886766705f35,1,singleton_no_enforced_relationship
dataset/train/Healthy leaf/2025_11_21_IMG (244).JPG,2025_11_21_IMG (244).JPG,Healthy leaf,train,source_87099e03d45433d8e7a3c1c2db5a51e1d2c37a37907c8cfffd29bb3ceee77fbd,train,5fad6f3eac1e72c388330d6dcaf78b2817027affaee50dc999bb5d65b5191966,1,singleton_no_enforced_relationship
dataset/train/Healthy leaf/2025_11_21_IMG (247).JPG,2025_11_21_IMG (247).JPG,Healthy leaf,train,source_cfc61f747821231d4afec2f4862b5fa99689b3a19321b5250d1b8a8d85f04414,train,9907f10963a2136fdbe2f9581af0325400858fda45f0a537e30a5e91d9fb1e3d,1,singleton_no_enforced_relationship
dataset/train/Healthy leaf/2025_11_21_IMG (249).JPG,2025_11_21_IMG (249).JPG,Healthy leaf,train,source_8ec47fa7d2b590f22b0d76f51e60bb70354f2f374e5c02c75540700658bc74a3,test,4d03128abd2f29c6f88b95d20bf44bef65025f28575522d4c42893dc75795865,1,singleton_no_enforced_relationship
dataset/train/Healthy leaf/2025_11_21_IMG (25).JPG,2025_11_21_IMG (25).JPG,Healthy leaf,train,source_155f46b18c4a5f530a8d3f2546e26d427a7a5f08a6e9237fd61df9a328cbecf4,train,e8554c6d0699baa0e87d1c246b03773aaca429a420e277f85483b286ea8d2c6d,1,singleton_no_enforced_relationship
dataset/train/Healthy leaf/2025_11_21_IMG (250).JPG,2025_11_21_IMG (250).JPG,Healthy leaf,train,source_eeb08eb0e83c574dd3ba31efb292131f724233ee6b8737c8adc94b22255cc931,val,ac017d970ce0f0868f51ca07e69f29e90f4a1c2783e671b2d0e29171ded90314,1,singleton_no_enforced_relationship
dataset/train/Healthy leaf/2025_11_21_IMG (252).JPG,2025_11_21_IMG (252).JPG,Healthy leaf,train,source_fb7168625180ab1466a974761adbf7aaa7b33d33cbfb989f2fd9fe6084542989,train,c82a0e5c492fd3af73c4c9fa7ea7bd1908d19e49d44d9593f8665f19bf2c6cb0,1,singleton_no_enforced_relationship
dataset/train/Healthy leaf/2025_11_21_IMG (255).JPG,2025_11_21_IMG (255).JPG,Healthy leaf,train,source_ee4d45c13c97f18a443ad5221e90130baec52dcf30c7edbf9c0cb9e6e084599d,train,7d8320aa3a1275949bbd0114adb3cb7ab6b964760062f3cab4d39d387209b06c,1,singleton_no_enforced_relationship
dataset/train/Healthy leaf/2025_11_21_IMG (259).JPG,2025_11_21_IMG (259).JPG,Healthy leaf,train,source_529209cfe314f340bd5f160a4b0b5a08b6182b81d22806a99f237f23a6954a94,train,e5f993e7b628c4b19d903deb63d95c6532fb3b36e4bdcc108db5706a0b286012,1,singleton_no_enforced_relationship
dataset/train/Healthy leaf/2025_11_21_IMG (26).JPG,2025_11_21_IMG (26).JPG,Healthy leaf,train,source_f7d02c0b64275c6f10186ee596741c005e7240ec9b238b7f2831531f4e021bbc,train,5622ec4aee81fd33336bb9a1a234b8e9a4159fb80715fb05315f90a9223123eb,1,singleton_no_enforced_relationship
dataset/train/Healthy leaf/2025_11_21_IMG (262).JPG,2025_11_21_IMG (262).JPG,Healthy leaf,train,source_22f005ea4ecec5c1ca37c7e54a5517677cb27a06b61153e7549e366b2309fcad,train,88f2208fb32989210598b2de88219cbad73302a8c6f233a040cf53fa9e2266ea,1,singleton_no_enforced_relationship
dataset/train/Healthy leaf/2025_11_21_IMG (263).JPG,2025_11_21_IMG (263).JPG,Healthy leaf,train,source_134ab88349d63f1b3f51bb70aa5487f9e40228123379afe722a276ddcb0d3d70,train,5abe583e92182d4c427b029d0cb0575247992b764c8741ebcc954638e5f799a2,1,singleton_no_enforced_relationship
dataset/train/Healthy leaf/2025_11_21_IMG (265).JPG,2025_11_21_IMG (265).JPG,Healthy leaf,train,source_1f7e0b50e938ee271218916f38e48f6809bed0a0bece6489351104adeab19648,val,1db96eab7012622ecf9d02715cc7839a84d04c38aecd9faec30b7002170f19d8,1,singleton_no_enforced_relationship
dataset/train/Healthy leaf/2025_11_21_IMG (268).JPG,2025_11_21_IMG (268).JPG,Healthy leaf,train,source_c838fa103875f2cc9caba5dafa4530fb0dab4cd54703103170b5602630438c52,val,58f982b0ac1d8252e60840ed63e62a6ca097f78a8aac0d18da72e81db43c8a5f,1,singleton_no_enforced_relationship
dataset/train/Healthy leaf/2025_11_21_IMG (269).JPG,2025_11_21_IMG (269).JPG,Healthy leaf,train,source_5ad615028c037b971b56787f245c93df510a5bdbfe724662d4c2b2e3169e525d,train,6f453ab9491d312a0e875b5cb8478f1c102b61f62d205d25ba2c84fdf28a8c5c,1,singleton_no_enforced_relationship
dataset/train/Healthy leaf/2025_11_21_IMG (27).JPG,2025_11_21_IMG (27).JPG,Healthy leaf,train,source_c6a1159e545699cf186937be1355a8599ffff9abef7c53dbd9fa8b47277ffa58,train,d6daca10ee87d0fa564ca756209d660c2036c88bcd70bd8f74a9ad36422b3420,1,singleton_no_enforced_relationship
dataset/train/Healthy leaf/2025_11_21_IMG (270).JPG,2025_11_21_IMG (270).JPG,Healthy leaf,train,source_a16e4c7521d75b73baac31576587b569b4985851dbfb527d36abef013f207b48,val,9e625cd4ba8b70b7a0d66339f3518e9391e5c8c141f4b385d48e4718b420e172,1,singleton_no_enforced_relationship
dataset/train/Healthy leaf/2025_11_21_IMG (271).JPG,2025_11_21_IMG (271).JPG,Healthy leaf,train,source_641ca1ca42760793b98c781189efe41123707592182db482ea71b3eb22772ec6,val,d0a9ab2df1961cf85891b76d931d9c15b5a74b73bff7364640356e0083f6f3f0,1,singleton_no_enforced_relationship
dataset/train/Healthy leaf/2025_11_21_IMG (272).JPG,2025_11_21_IMG (272).JPG,Healthy leaf,train,source_eb43f2dbd38c94e04a5041ebbde13ed9150b61e8ece958b6df95d3c04c295312,train,d216b59f2ccec9ae9f38581518dcb389aae378ac5b35675b96d117d52b839d70,1,singleton_no_enforced_relationship
dataset/train/Healthy leaf/2025_11_21_IMG (275).JPG,2025_11_21_IMG (275).JPG,Healthy leaf,train,source_31eb145b6d2d83f94411ae85c4273383fb8f6e1b1c26f2e4d3b0d1b0ebc16548,train,0244b491875277e55178af6039587798ed505390f896ad8dfd855323ab37bbf1,1,singleton_no_enforced_relationship
dataset/train/Healthy leaf/2025_11_21_IMG (276).JPG,2025_11_21_IMG (276).JPG,Healthy leaf,train,source_85fd810023f8ad02ba4de2e4f6531a2b702e9592675caad0113aef4bb86c7806,train,c286bf704a220fd58ac80ad52898abfaef2394307e08fc4e1d926dc407140bdb,1,singleton_no_enforced_relationship
dataset/train/Healthy leaf/2025_11_21_IMG (278).JPG,2025_11_21_IMG (278).JPG,Healthy leaf,train,source_6ed993882798c603f6dfbe5cf387e52fd8bb09934fa45da755ca93d61fe46fda,train,ef8bef433bb4f943a2e1a87e2bf00768e8454d2bf6a2cadaceefb4bd56da7e14,1,singleton_no_enforced_relationship
dataset/train/Healthy leaf/2025_11_21_IMG (279).JPG,2025_11_21_IMG (279).JPG,Healthy leaf,train,source_449904ff3ef5d25e1d8e56e3eb6fe3f01f305592360b1bfc9c0db8c38ebbbfcb,train,d61f5b713530d2546ec99f0f848ed95076bf1134a5fa78cdd0f12cdebae416aa,1,singleton_no_enforced_relationship
dataset/train/Healthy leaf/2025_11_21_IMG (28).JPG,2025_11_21_IMG (28).JPG,Healthy leaf,train,source_38bdf6eb66736ab15bb08d4bf899bc1240d8516524791b17f0ddde7f2a118c92,train,7b02bb5bcab20e2546f655038ade1bffc6766203d97903d75ab7d8ce01ec00e7,1,singleton_no_enforced_relationship
dataset/train/Healthy leaf/2025_11_21_IMG (280).JPG,2025_11_21_IMG (280).JPG,Healthy leaf,train,source_0dd2cfab5e9b0c246af71f872dd9dd2f38a721b05087d017b4f3c443dab71ca8,train,285e9958bf5ddef8631328bfe73fa806e77dc9ed48779167cf4d620784b8b0ea,1,singleton_no_enforced_relationship
dataset/train/Healthy leaf/2025_11_21_IMG (281).JPG,2025_11_21_IMG (281).JPG,Healthy leaf,train,source_1dd62cdf889b9ea10e5222639a262c5be2f1d8b959ab39dce3bd7158cf3d401f,test,e00491d4fb1666b6645d7c4dc6579a105422593d0d2e4a900976303255a7409d,2,AB_pair_evidence;exact_sha256;existing_AB_cluster;existing_AB_manifest
dataset/train/Healthy leaf/2025_11_21_IMG (282).JPG,2025_11_21_IMG (282).JPG,Healthy leaf,train,source_1dd62cdf889b9ea10e5222639a262c5be2f1d8b959ab39dce3bd7158cf3d401f,test,e00491d4fb1666b6645d7c4dc6579a105422593d0d2e4a900976303255a7409d,2,AB_pair_evidence;exact_sha256;existing_AB_cluster;existing_AB_manifest
dataset/train/Healthy leaf/2025_11_21_IMG (283).JPG,2025_11_21_IMG (283).JPG,Healthy leaf,train,source_1087818e43b25365328cd4c35bee5b427a8ed853d5184f607c9f127586b14299,train,f38c795ecad07627c15044da873aa76f3037448118b6dd333a1d15ca98b9b9dd,1,singleton_no_enforced_relationship
dataset/train/Healthy leaf/2025_11_21_IMG (284).JPG,2025_11_21_IMG (284).JPG,Healthy leaf,train,source_726404ac5aa8a420fa56908c327b0a121152657fbeb78af2dea023124393b3a9,train,e0aad9318385a5a14c5a708e781978a13fc40479ffada1fcd33a0c462d1dfacf,1,singleton_no_enforced_relationship
dataset/train/Healthy leaf/2025_11_21_IMG (285).JPG,2025_11_21_IMG (285).JPG,Healthy leaf,train,source_36efef952d1c9b85f3c2d197a0f703dbf1643af8f078cd5e4f05c615f75b343d,train,de1f23f8b80e3bc8ae974a91c8d9a91ea7eee0c9434f21cc5976fcedcc2fc58f,1,singleton_no_enforced_relationship
dataset/train/Healthy leaf/2025_11_21_IMG (286).JPG,2025_11_21_IMG (286).JPG,Healthy leaf,train,source_a1e25d227df3a2e1afdc63d7dff3d6735ebbd509cc171bcc712559405392f5bc,train,352f0102d4cf580bfbdf2b7bfb39d3c73c19e227eeba423e4dbd3d41a9202b7c,1,singleton_no_enforced_relationship
dataset/train/Healthy leaf/2025_11_21_IMG (287).JPG,2025_11_21_IMG (287).JPG,Healthy leaf,train,source_293b4cac79a17b69195e54e8184003266f95d592ac050e760ee0261ec8951f1c,train,c0fd60c6d993443c4716319a4c33e6ad0b6f2def4695791d2f98cecb75d114d7,1,singleton_no_enforced_relationship
dataset/train/Healthy leaf/2025_11_21_IMG (288).JPG,2025_11_21_IMG (288).JPG,Healthy leaf,train,source_b07f4b2429176a1a9609f35330d8408fab20bb24731ad7017a5cac8c084b204f,train,e5c9d9d46e5843dd5e9bb6d6acf3a1d50de0f21deb747d255416bc36a0446118,1,singleton_no_enforced_relationship
dataset/train/Healthy leaf/2025_11_21_IMG (289).JPG,2025_11_21_IMG (289).JPG,Healthy leaf,train,source_5f186c4100725e991342a71eb2afd0fbdb17931d24dc144e1c35e47231df156e,train,3ed6ca518428f8ec2ac4b55a828d8751ed1939a71147d038552c705d112e860d,4,AB_pair_evidence;existing_AB_cluster;existing_AB_manifest;refined_capture_strong_link
dataset/train/Healthy leaf/2025_11_21_IMG (29).JPG,2025_11_21_IMG (29).JPG,Healthy leaf,train,source_47d68ec07ad1b0bd6eaf1566fc9264c1b896dc07daa69fbed82dff911a983f85,test,6c93ef340ba1c2f89374d4b1a18af358b8889b69cd38e55f64efe29343605025,1,singleton_no_enforced_relationship
dataset/train/Healthy leaf/2025_11_21_IMG (290).JPG,2025_11_21_IMG (290).JPG,Healthy leaf,train,source_5f186c4100725e991342a71eb2afd0fbdb17931d24dc144e1c35e47231df156e,train,239d861377ee7d88eb0b5af111efa9817031bb5aae54816844911f29849bec2f,4,AB_pair_evidence;existing_AB_cluster;existing_AB_manifest;refined_capture_strong_link
dataset/train/Healthy leaf/2025_11_21_IMG (293).JPG,2025_11_21_IMG (293).JPG,Healthy leaf,train,source_59116c6cf400b2be5bb4f93ddb6f06b6fc036b9f83adf61b8abfd27d2585cfe8,train,9076a7c6c8dc98e177b2c9dd02b606e7a7da00545ce0f5a9aa1575378f5424a6,1,singleton_no_enforced_relationship
dataset/train/Healthy leaf/2025_11_21_IMG (295).JPG,2025_11_21_IMG (295).JPG,Healthy leaf,train,source_7d0500c060729cb8979bc9373738d99b14cda146da9e8aa0f776f0933c7abeff,test,cf161082540a1e14072e900a208985bcc9e2b3b48a14c92fff9b6f8ae973b2dc,1,singleton_no_enforced_relationship
dataset/train/Healthy leaf/2025_11_21_IMG (297).JPG,2025_11_21_IMG (297).JPG,Healthy leaf,train,source_72d500d22ac1d235bf6b4cda4ed756555840394a1f315e54d31f3e02f1dec4d0,train,db470d62a84d0be171fd8922daeb6a1b4a7e7db26756d73035c7b7e0355d7e50,1,singleton_no_enforced_relationship
dataset/train/Healthy leaf/2025_11_21_IMG (298).JPG,2025_11_21_IMG (298).JPG,Healthy leaf,train,source_fa70ec9ce2656d51db21abb426795bb865959fcc5803e25b6d994565df43963c,train,8210d6e9567ab31f2d8ba5cebe48b2c281cf1f1d62b13f4b91c504c9a2d1ccb0,1,singleton_no_enforced_relationship
dataset/train/Healthy leaf/2025_11_21_IMG (3).JPG,2025_11_21_IMG (3).JPG,Healthy leaf,train,source_7bc90807216a96866b7865b6460e2d1bc271333ff84d50e2474f3a4136271370,test,20dd996f9364464880fd3ebd00c140a36fdeb3dec7cd36cc63ef1349bbbe5da9,1,singleton_no_enforced_relationship
dataset/train/Healthy leaf/2025_11_21_IMG (30).JPG,2025_11_21_IMG (30).JPG,Healthy leaf,train,source_98e6036a3036a0c7d8356fe69a22612725662a1377930e388c2d7be6b1df05f1,train,c99f2b143d606ef105090b8ce871af22ca289399030f9ce26bcfaae874e0890f,1,singleton_no_enforced_relationship
dataset/train/Healthy leaf/2025_11_21_IMG (300).JPG,2025_11_21_IMG (300).JPG,Healthy leaf,train,source_3806f54c445adec8c0781ccfbb44c4d3e19f57d7e281d05d0dbecb05e50b3d52,train,c25a3995c945f94b5e1d21c1a4b2c27f014d45cab4d6847eec49e4de272744de,1,singleton_no_enforced_relationship
dataset/train/Healthy leaf/2025_11_21_IMG (31).JPG,2025_11_21_IMG (31).JPG,Healthy leaf,train,source_22bc51a9889b8686ee81a74b8c01ba6b7bc1e7002574b46cf867a3c1a2b604c6,train,e7c70c44b64543907cfacf017eeecacbc1f76efa54fbf8cd9bfff7d029c54f18,1,singleton_no_enforced_relationship
dataset/train/Healthy leaf/2025_11_21_IMG (32).JPG,2025_11_21_IMG (32).JPG,Healthy leaf,train,source_536b123a74c937a32e282c4aef3e2a6ce461e5fe2a9f0466e02b519a8b11caef,train,01c633150a47f32e2e6d5309a5fd99c73a35aa641863c93cb21df758025c4600,1,singleton_no_enforced_relationship
dataset/train/Healthy leaf/2025_11_21_IMG (33).JPG,2025_11_21_IMG (33).JPG,Healthy leaf,train,source_5453dbf8f153052b864757db9470071071908417942c93eef8082312fb442c3e,train,29cfb6b8b7560607b4e5849d034581500475592165570b2f2cb27a3ce6c5a6b2,1,singleton_no_enforced_relationship
dataset/train/Healthy leaf/2025_11_21_IMG (34).JPG,2025_11_21_IMG (34).JPG,Healthy leaf,train,source_04c66449c5e02c0792668d676218caad69d14502c30769df248bdfbc73f715f8,val,3ec9a1a0d1416e09f41af442dd5af0b37563903da6f08bb9cea474d444d1873b,1,singleton_no_enforced_relationship
dataset/train/Healthy leaf/2025_11_21_IMG (36).JPG,2025_11_21_IMG (36).JPG,Healthy leaf,train,source_3b35ec0e09088da854ccc1dbb332f2a8671a7324055c19aa944fba062b0b8bc4,train,77723ddfa7a20ba4cc8624d7a6972f5cee7c93b9b942e76a9a5bbb48b66fd47f,1,singleton_no_enforced_relationship
dataset/train/Healthy leaf/2025_11_21_IMG (37).JPG,2025_11_21_IMG (37).JPG,Healthy leaf,train,source_5a6320667ecf5ce533437877916860f89e0cc7795c4aac86da2b0a49bab1f72e,train,e7ba66ca134ae1e6bf1b3f2868c0e2e04fa57d3066c706fa02d1ae6627ee16ed,1,singleton_no_enforced_relationship
dataset/train/Healthy leaf/2025_11_21_IMG (38).JPG,2025_11_21_IMG (38).JPG,Healthy leaf,train,source_3b00ce949808e098bda980e40296e3765582bbef23ac122097036f65af6844a9,val,1939d4f9a8008c0266543ebba45490b7ad1dd4805e1ad9a2361a08d88d4215d4,1,singleton_no_enforced_relationship
dataset/train/Healthy leaf/2025_11_21_IMG (39).JPG,2025_11_21_IMG (39).JPG,Healthy leaf,train,source_54ff18454f56c80a7d1fafb7296c7a230af8b59ad2b1c79fe9f97691e8a32318,train,3d2df35a912293ab1820d2c9c566fb9e6cefdc2c0b06577bd6c65d869989bfc5,1,singleton_no_enforced_relationship
dataset/train/Healthy leaf/2025_11_21_IMG (41).JPG,2025_11_21_IMG (41).JPG,Healthy leaf,train,source_5266b79c3509f2f640f3093cc4af5e73aa78079d5acc36d2e240c587eda500f5,train,571f1d0c3ace50344970bd8c8518ac40fb44a5f77f46e1f34b69ca619ad29aa0,1,singleton_no_enforced_relationship
dataset/train/Healthy leaf/2025_11_21_IMG (43).JPG,2025_11_21_IMG (43).JPG,Healthy leaf,train,source_ca384de1cc588c55672be5c776e6ed80a02897c2cfb2f3146ad4ea260de8436a,test,4867a2a455f2861de635c90ed51eed862c47328d3da2eb1cc906a4becd2beee4,1,singleton_no_enforced_relationship
dataset/train/Healthy leaf/2025_11_21_IMG (44).JPG,2025_11_21_IMG (44).JPG,Healthy leaf,train,source_a65a7b216aa2e1684be5b004b6f16ed8d802b9a062fc8dc12353291f8d75c8a6,train,2b894707d46247ea34fce8e4bc71b7a897dde09a2c1271940cf4deef0e7148bc,1,singleton_no_enforced_relationship
dataset/train/Healthy leaf/2025_11_21_IMG (46).JPG,2025_11_21_IMG (46).JPG,Healthy leaf,train,source_5b3ddd491769073a6d0259b03bbe626ab6a82acc980fc33faf9fc18a5504fcf3,train,613118023083db7f3e0be240aadcd095d7466107d7bc33075b280f7e16d26334,1,singleton_no_enforced_relationship
dataset/train/Healthy leaf/2025_11_21_IMG (47).JPG,2025_11_21_IMG (47).JPG,Healthy leaf,train,source_882aa79fa211018eabbe877e503924c3a137c9892153dc5ff024a6fd5ff86021,train,fad4be17a9b60c2787e8ad55fe8069d15a3f327bb3658078f43dc424c639bf8d,1,singleton_no_enforced_relationship
dataset/train/Healthy leaf/2025_11_21_IMG (48).JPG,2025_11_21_IMG (48).JPG,Healthy leaf,train,source_ce16f92c72cf04fca422662f40c966ceda96edf42c30b7a3e47b3ad77f0931d5,test,7c8fb9f5e07ddea76cb087af5f7e244804bd55eee24f050547bce55d4be5c2f4,1,singleton_no_enforced_relationship
dataset/train/Healthy leaf/2025_11_21_IMG (49).JPG,2025_11_21_IMG (49).JPG,Healthy leaf,train,source_53a97243df9d891a485e2fe7884d5afbd75acdfdb284ea25c86a586fe39cffc5,test,aa95e8faf157d764a178bcba80079757c23bd898d17fe3501e39d0a5531dc5d4,1,singleton_no_enforced_relationship
dataset/train/Healthy leaf/2025_11_21_IMG (5).JPG,2025_11_21_IMG (5).JPG,Healthy leaf,train,source_bf1ae5de96364fcf21ace380777e58ad3c9cb4b6205ac6992b8f66716cf83a06,train,35b13751c4d31d835c967dbc51d79a6543df7d193c8868bf68275e5e788a6c15,1,singleton_no_enforced_relationship
dataset/train/Healthy leaf/2025_11_21_IMG (50).JPG,2025_11_21_IMG (50).JPG,Healthy leaf,train,source_02d9f63741a8f1c1eece99cf6f2aa9394fc5f5a94ba0562d18c3c3fcb4a497e3,val,790af6631a2138b2b9a27c162f63e74de9c1d28264bd724ba9ab942408c0109e,1,singleton_no_enforced_relationship
dataset/train/Healthy leaf/2025_11_21_IMG (51).JPG,2025_11_21_IMG (51).JPG,Healthy leaf,train,source_2d520ae8af090b1c946eab143eed5fd99655796f6d74d9b089999e247629cd29,test,99dbe8d221bfaee2ef2505a1a592240f99d3e60830b945ad37c96338215a3574,1,singleton_no_enforced_relationship
dataset/train/Healthy leaf/2025_11_21_IMG (52).JPG,2025_11_21_IMG (52).JPG,Healthy leaf,train,source_035f2b2a7363d10b850561741e38cde4fb3e9ef8d8a5d099ff4906223c48aa44,val,f745c12978f3d5fe153e588d094ddb602e96c738988b7a584fcb439be7ce1eb7,1,singleton_no_enforced_relationship
dataset/train/Healthy leaf/2025_11_21_IMG (53).JPG,2025_11_21_IMG (53).JPG,Healthy leaf,train,source_0759b6875479674e252e4a9f4dd673a9d51ebc53a7bc5f8505655b80edb5010e,test,298977e6114c68b72a61adb8fccdb3f4cb5728232ed5dca5d7ad1ada1335f066,1,singleton_no_enforced_relationship
dataset/train/Healthy leaf/2025_11_21_IMG (54).JPG,2025_11_21_IMG (54).JPG,Healthy leaf,train,source_575258c3388866531f250ce411e8a3f4de26d28d429b559c6bfd69044b17aacd,val,2577cab08a59bbcfa07150456e4273a3536891da569e706873ff0ffc6228f9fe,1,singleton_no_enforced_relationship
dataset/train/Healthy leaf/2025_11_21_IMG (55).JPG,2025_11_21_IMG (55).JPG,Healthy leaf,train,source_f06cad6d4dd867b0a02c2c73131469f58bcd39147a31a603c06e60da3e7280ba,train,1613d8e0a4863a4b480b357909e10d17b4c54059c7526ed4520168688e063a1e,1,singleton_no_enforced_relationship
dataset/train/Healthy leaf/2025_11_21_IMG (56).JPG,2025_11_21_IMG (56).JPG,Healthy leaf,train,source_abd64e31b8ebd3b0dc5cae95f4d1038748046202fa8613c7cbbeede7016d6afa,train,6cb37018becfea351f86009ebd520b11d2e1f6e1a23f46eeba50044ae404e454,1,singleton_no_enforced_relationship
dataset/train/Healthy leaf/2025_11_21_IMG (57).JPG,2025_11_21_IMG (57).JPG,Healthy leaf,train,source_8fb56e8e2494315d4c443454405ae2e10d8e97224fab480f80fca53cf9d20b4d,test,348f03da67618f63df124c92901f190706838e321914060962bf3fa326ce66e0,1,singleton_no_enforced_relationship
dataset/train/Healthy leaf/2025_11_21_IMG (58).JPG,2025_11_21_IMG (58).JPG,Healthy leaf,train,source_d222865942c831ccc8355fc60bbe8b160f3b9a834361542001b4b2f4b50620c7,train,160649ae38aeb8c8a9e7158aff2a1e80cbb052bdf880921fca305f509904a1dc,1,singleton_no_enforced_relationship
dataset/train/Healthy leaf/2025_11_21_IMG (59).JPG,2025_11_21_IMG (59).JPG,Healthy leaf,train,source_949f0ef31e5cefd1e800024e2edd715b5867568bb3c40a461db6d08251759e3c,train,0237d2ee6c14eb732506fc6e1a1ef7ab55976b1460768a1d3ed3f5dc02a467f1,1,singleton_no_enforced_relationship
dataset/train/Healthy leaf/2025_11_21_IMG (6).JPG,2025_11_21_IMG (6).JPG,Healthy leaf,train,source_fcb23dfec6792c3666bcad0ce2b0328d7f0d9ce0441f18019d7f00741174d340,test,f0a8f86ede02b4b435131ed14c002feae9cb41100b60a9f9e28e7026683e83be,1,singleton_no_enforced_relationship
dataset/train/Healthy leaf/2025_11_21_IMG (60).JPG,2025_11_21_IMG (60).JPG,Healthy leaf,train,source_771a9e7757d24e13db30861db5cf80c4bff169d909d7f36dcf908a825a865eda,train,aabbd7c3b33da6ff7fbc0fa56c5b8c08367225a50f21dae91d549b121bc2f771,1,singleton_no_enforced_relationship
dataset/train/Healthy leaf/2025_11_21_IMG (62).JPG,2025_11_21_IMG (62).JPG,Healthy leaf,train,source_c61dd6505a913e68e77ed52b0f38ea61153de8defacfddab4599e2f12d06b359,val,50c3cebeddc14f679ddd617173dede0af32e9dfa74fe504ab93d4ec475a765fc,1,singleton_no_enforced_relationship
dataset/train/Healthy leaf/2025_11_21_IMG (63).JPG,2025_11_21_IMG (63).JPG,Healthy leaf,train,source_d98e245ecffd23d23c6662b67870becc653a1dcb4b32e71368a672022d83f536,test,4cc93e67dd85639402cb784c2a7ca1208b13bf51a75ae081ec394bdebd494125,1,singleton_no_enforced_relationship
dataset/train/Healthy leaf/2025_11_21_IMG (64).JPG,2025_11_21_IMG (64).JPG,Healthy leaf,train,source_b69eadb01ff6801011abeb4f8fde38f62d60ab0d50eadd72b5701495cdf4192f,train,30eeb1a41f0d9e0bfd301a4da7c1b2fec5ce1a877daef61982833b3483168d1b,1,singleton_no_enforced_relationship
dataset/train/Healthy leaf/2025_11_21_IMG (65).JPG,2025_11_21_IMG (65).JPG,Healthy leaf,train,source_1999cc86190355ad61bad398a6992e3fc4feb1d3a82f2e859617433f9e40323f,train,085ecbb995219d344b8ce2f91533beac165718d60c9ffac1c6d913a5e2ca1fc4,1,singleton_no_enforced_relationship
dataset/train/Healthy leaf/2025_11_21_IMG (67).JPG,2025_11_21_IMG (67).JPG,Healthy leaf,train,source_addc04775e0162cacc76b2a010b808f5cce9841a3d6b040607b0184d959dcc0a,test,505cf9190a87c6f84e4e2dadfad3de338e93bdd67dbbec6cbc31ab9043a13ecf,1,singleton_no_enforced_relationship
dataset/train/Healthy leaf/2025_11_21_IMG (69).JPG,2025_11_21_IMG (69).JPG,Healthy leaf,train,source_925869ae1bcc40074926fee31c907b0a949e3563a610db5bade3204a0a3d0453,train,4470779bb5eff354d011263234ee809ef162563ff6cbeb4c198ea0350b937bb7,1,singleton_no_enforced_relationship
dataset/train/Healthy leaf/2025_11_21_IMG (7).JPG,2025_11_21_IMG (7).JPG,Healthy leaf,train,source_025ad2193764ac40e33b52c92c563927755c9f09591048f24ce7890b7e594c99,test,cac0cba280c740d0e9cdcb0889e63319c6eeae2c803d1ed2eb5b4d33691a8673,1,singleton_no_enforced_relationship
dataset/train/Healthy leaf/2025_11_21_IMG (70).JPG,2025_11_21_IMG (70).JPG,Healthy leaf,train,source_3bd407cd1d5747ca484242c24afff8bf770d428045d12641c79e4ced1181448e,train,cda8f296c87ab90b117f65db643a856ed5321c3a25eb5e1830cce1c680c17d9c,1,singleton_no_enforced_relationship
dataset/train/Healthy leaf/2025_11_21_IMG (71).JPG,2025_11_21_IMG (71).JPG,Healthy leaf,train,source_6f285d6ee576c0f9b7c29018486b41cb0f29d24ec95ec6c7db519105ed14f5fa,train,14b788b8dab546a3f4fc4633864674d45d288e9810abd66893bbb966946fc10d,1,singleton_no_enforced_relationship
dataset/train/Healthy leaf/2025_11_21_IMG (72).JPG,2025_11_21_IMG (72).JPG,Healthy leaf,train,source_1f0ec08436d9862c0a7c266f1671589a85856bd268ecdfdf35e73b8543a40ed7,train,20810682088e97544810fcc1e3f2150cf01ae5dce55d2f4df07edcb347fc9f8a,1,singleton_no_enforced_relationship
dataset/train/Healthy leaf/2025_11_21_IMG (73).JPG,2025_11_21_IMG (73).JPG,Healthy leaf,train,source_c3fae9b01b98417d9b0cedb192e2b542cf835244ddff7126a5b9a44657ba8685,train,53dc2fef71bf1e3ae35b7e1fc9fb85285c71165f29195271cce986baf162b237,1,singleton_no_enforced_relationship
dataset/train/Healthy leaf/2025_11_21_IMG (76).JPG,2025_11_21_IMG (76).JPG,Healthy leaf,train,source_c872b674c208cdc91561cfa5bbecc526ebaf547914dd047e953f1a19dd44ccb4,train,5ad6a440c21228e0a8cda8749c60d0317a1a36bb7690fb0ad5bfc48fb56edfa4,1,singleton_no_enforced_relationship
dataset/train/Healthy leaf/2025_11_21_IMG (77).JPG,2025_11_21_IMG (77).JPG,Healthy leaf,train,source_4502e50ba46747af247e173012ec1a363b183fc6cfc9dc09e379543e4724d7b8,train,49b2739d65cab0b52cc2e08d73e0ce1c11f4613f092402f26e7ec869fa0f555d,1,singleton_no_enforced_relationship
dataset/train/Healthy leaf/2025_11_21_IMG (78).JPG,2025_11_21_IMG (78).JPG,Healthy leaf,train,source_8d490a0555ef62ad3176b409c4a5878b3a70300a06351c909bc3252072a0f193,val,0b19bd1bdc155f9951e329859505a9cf3cca76f8b4068f8fe94a9d5b534c2672,1,singleton_no_enforced_relationship
dataset/train/Healthy leaf/2025_11_21_IMG (8).JPG,2025_11_21_IMG (8).JPG,Healthy leaf,train,source_f3e67583655df2edcd3d66f3caaa79aa7b681853b1e6339dd8fa175ed4f38352,train,dcc2cf8fcb09a09cb60d8de2e4ee177f421eca79ec5effd4113ce93dd15aadd0,1,singleton_no_enforced_relationship
dataset/train/Healthy leaf/2025_11_21_IMG (81).JPG,2025_11_21_IMG (81).JPG,Healthy leaf,train,source_9c442653fe7f5d5791564ee0b45987ee9fdda724566f73ba71177f1b943d161f,train,180188052836d9fb61437ea6f86e0234ce6a21830166e1c3185e73ff0af1012f,1,singleton_no_enforced_relationship
dataset/train/Healthy leaf/2025_11_21_IMG (82).JPG,2025_11_21_IMG (82).JPG,Healthy leaf,train,source_8a7564b0b4ae9752e9bbb001351d215884b0a3091c84200017b48b75bf0ad73b,train,d6b99f507636e311b7bbc73ee3bc3cfc0555e5da8b27a06546d44075437ec46f,1,singleton_no_enforced_relationship
dataset/train/Healthy leaf/2025_11_21_IMG (83).JPG,2025_11_21_IMG (83).JPG,Healthy leaf,train,source_8e990d5a9aabaf772acd6b02ef25b1608b6690ffdd89dd77f52d8195b532286f,val,a899584f44be62d7dc67838681a78b3dd0ef2d2a78b2994208efcbd624511ccc,1,singleton_no_enforced_relationship
dataset/train/Healthy leaf/2025_11_21_IMG (84).JPG,2025_11_21_IMG (84).JPG,Healthy leaf,train,source_b73655ee3873d24d804cc178b2e4b1b6e5b49628ac2bb86491ad5c80a5237fdd,train,ba358ef1937b1c6c814d69db2107e490fafa2a5b430b9406615e97786422c4d1,1,singleton_no_enforced_relationship
dataset/train/Healthy leaf/2025_11_21_IMG (85).JPG,2025_11_21_IMG (85).JPG,Healthy leaf,train,source_d877b6cca8495c9ea17aefa5df7b700ce332fb5f6e4dce988c649679dea46799,train,bc4373bc5318c57bed03f21725fb2cfca4cecbcf55448efd24dbf14767fd389f,1,singleton_no_enforced_relationship
dataset/train/Healthy leaf/2025_11_21_IMG (86).JPG,2025_11_21_IMG (86).JPG,Healthy leaf,train,source_77791bff6335f0e5e2da4ebea74158e8e29e4083462debf9cec6a9025950fb2e,train,deb90756d6fc85cb7edf5517b038cee36d52ff21cc1884b54a3af5bdfa865d5e,1,singleton_no_enforced_relationship
dataset/train/Healthy leaf/2025_11_21_IMG (87).JPG,2025_11_21_IMG (87).JPG,Healthy leaf,train,source_28d95c28954ef632befd0779492ce4f808a4d7aa5169b754f4f83fd4051697e0,train,d81e185517f2f93619abe310b4aee354b7ecc94e340630b0c0e62d20fa67c350,1,singleton_no_enforced_relationship
dataset/train/Healthy leaf/2025_11_21_IMG (89).JPG,2025_11_21_IMG (89).JPG,Healthy leaf,train,source_dd0959b3a901f4b3800d9037d16e5807b4583b4ee6f377fdfa914e6ca73a512a,test,c50eb6b257b4636258671b513abd521a2d80db75e26a99629f863ae729309d43,1,singleton_no_enforced_relationship
dataset/train/Healthy leaf/2025_11_21_IMG (9).JPG,2025_11_21_IMG (9).JPG,Healthy leaf,train,source_d3e6e46c44be916ff304bed3637faefbe7eba1b523255424c7e3fbdd3f122677,train,ef080236f0fb4a0b03ec86127ce8cae4fb8df13eeaff6b3105d972ea9750d9e8,1,singleton_no_enforced_relationship
dataset/train/Healthy leaf/2025_11_21_IMG (91).JPG,2025_11_21_IMG (91).JPG,Healthy leaf,train,source_bb083e2ecb73611654f51ecb36feb77cf320b0487b0892176f7bf1396000f71e,train,0e4bf6fee8fa3a4eb77b6ff253c201a33ef161e9273d500aadc785a7bdefaea1,1,singleton_no_enforced_relationship
dataset/train/Healthy leaf/2025_11_21_IMG (95).JPG,2025_11_21_IMG (95).JPG,Healthy leaf,train,source_83eca8cb45abac754b6782b78a6deefba1279b03b7efbfd8ff3a5117342a6e07,train,b2830b5341556f2581fd38db798d88e55148f6cb64fb023d6564267678df7209,1,singleton_no_enforced_relationship
dataset/train/Healthy leaf/2025_11_21_IMG (96).JPG,2025_11_21_IMG (96).JPG,Healthy leaf,train,source_0ae29de353a7cfbcc4602bb5685ad79406e8bd5a20a49958d2adf5915bea0cdc,train,b4df763edb385b13755ecbc76a9841c94ba8500dbf21f33b5a0db2bceecd23e7,1,singleton_no_enforced_relationship
dataset/train/Healthy leaf/2025_11_21_IMG (97).JPG,2025_11_21_IMG (97).JPG,Healthy leaf,train,source_cf13dbbdb83f50c87936938ee5b83cb414f3ee7737226e54be765169d18a8d41,train,dfc0197e2c5e8dd6c9d3bba8ef676389eee6957a3779fdc68e536a5ad4598cc8,1,singleton_no_enforced_relationship
dataset/train/Healthy leaf/2025_11_21_IMG (98).JPG,2025_11_21_IMG (98).JPG,Healthy leaf,train,source_dc9864c656d8ddfd04cbb6eaa675e411da561c07080468a6fc8b407dcc9f7aa7,test,1132f850ea770e77aee2ad11b00b6bee08b254602c5151d494277f92d80438e3,1,singleton_no_enforced_relationship
dataset/train/Healthy leaf/2025_11_21_IMG (99).JPG,2025_11_21_IMG (99).JPG,Healthy leaf,train,source_ed0d46f03a9b16f716eb54e5782266f8efab5c9adaf3c0b33b9a72e7310f3072,train,b8d30eaf7737b79d5501cdc83a01026e0c95818230f04b33f8b232b1849f9477,1,singleton_no_enforced_relationship
dataset/val/Algal leaf spot/2025_12_21_IMG (111).JPG,2025_12_21_IMG (111).JPG,Algal leaf spot,val,source_f8dc72af9379c1899d3c7272f9522f269fb659f5fc300eead4b3caad10c95051,val,0d8be39eef338e84fb1922386c65445997c66bdd78e8a3cf0271c3a943abde5f,1,singleton_no_enforced_relationship
dataset/val/Algal leaf spot/2025_12_21_IMG (115).JPG,2025_12_21_IMG (115).JPG,Algal leaf spot,val,source_3c055a5ae6d16c5d5f39299504a5044136e4fecae14a52c7bc98f81ea61489b7,train,aa4d3f513ad1c6da2d25266bb2518dd8ca5862af6512b1ad17be1a367af29d60,1,singleton_no_enforced_relationship
dataset/val/Algal leaf spot/2025_12_21_IMG (12).JPG,2025_12_21_IMG (12).JPG,Algal leaf spot,val,source_292069ba8cb8b8ca95eb827cdd0d9dbc1bf8892589f19078f12156490905fef1,train,048c66aa2d49ab2395db79c51b544aab916388bda0bdd81d3813176ba805c21e,1,singleton_no_enforced_relationship
dataset/val/Algal leaf spot/2025_12_21_IMG (130).JPG,2025_12_21_IMG (130).JPG,Algal leaf spot,val,source_7a580f2e132a08cacee0bd59987e2f2c100608d038f80a4c2193aaaf001f47ba,train,0ca91e943c6fe005aa8ba7f00e8058b5dc3b0e54800a8f9228c4b119f036a440,1,singleton_no_enforced_relationship
dataset/val/Algal leaf spot/2025_12_21_IMG (136).JPG,2025_12_21_IMG (136).JPG,Algal leaf spot,val,source_99c271d193a3e3166eaa76eed1950f5d6c25c0a8d8f86cb0002b367ecd2defbe,train,0acdd2d557512de522a3ee1ce5337d70d53a9a189a1e0e6876012133e7889dd7,1,singleton_no_enforced_relationship
dataset/val/Algal leaf spot/2025_12_21_IMG (138).JPG,2025_12_21_IMG (138).JPG,Algal leaf spot,val,source_c33a24b3aeeb6a64a5473727dce266621aa9f2920ed32b32cb1a0b4213a1a5ef,test,c1e63022e03c2c8a08dc713e62f157bc441f0d952f918c0183e8e6437a10b746,1,singleton_no_enforced_relationship
dataset/val/Algal leaf spot/2025_12_21_IMG (145).JPG,2025_12_21_IMG (145).JPG,Algal leaf spot,val,source_9c8609bbb17a1faf0585745ed6aed3d58e2531ff478192b65588f379b045fca7,train,1e632b0c31824d9d826208b9144f60c27ffc25214c7817009b29d3373c595fa3,1,singleton_no_enforced_relationship
dataset/val/Algal leaf spot/2025_12_21_IMG (147).JPG,2025_12_21_IMG (147).JPG,Algal leaf spot,val,source_068baf97841b766d07e905d80ba9bd45e72097e2e844b1d4b75e915d2a5254ec,test,1f619b0fb4f19daf7cae35b8f9fec7a44537e761983a1cb0b7e1c674076f56dc,1,singleton_no_enforced_relationship
dataset/val/Algal leaf spot/2025_12_21_IMG (15).JPG,2025_12_21_IMG (15).JPG,Algal leaf spot,val,source_4a814a35bec0f13dba32ac78cd6043140e828afabebaadf0e66f1f0a32e54d84,val,dc5437123e135a4b1709b04c21f89b885490b7057ac44271ef637e8882e03dd8,1,singleton_no_enforced_relationship
dataset/val/Algal leaf spot/2025_12_21_IMG (151).JPG,2025_12_21_IMG (151).JPG,Algal leaf spot,val,source_63316c471be3a84bd8fb41e96225fa5ed992fce6a3c9e63bf2d1e83906fbef7a,train,b680727bf0042841591e7898807f4c45d74f5f1730d197bf2e060fe52b31d8e3,1,singleton_no_enforced_relationship
dataset/val/Algal leaf spot/2025_12_21_IMG (155).JPG,2025_12_21_IMG (155).JPG,Algal leaf spot,val,source_f724a6ccec9a2c1403c587c020a25904ba54ce80374010bdd81ddf250cb62f36,train,b63a65687f3bebdac504f229a821988e6d7d9bf1e0e95efb79ddcfd4002e1f80,1,singleton_no_enforced_relationship
dataset/val/Algal leaf spot/2025_12_21_IMG (160).JPG,2025_12_21_IMG (160).JPG,Algal leaf spot,val,source_e0e1eda76babec65bd94b8eb403cf80b5ed21b11f9943048649b866d6ae99ff8,train,a52f4269a99024c4dca944769885af06842894c7ed785fe44409851e8f5c42ac,1,singleton_no_enforced_relationship
dataset/val/Algal leaf spot/2025_12_21_IMG (161).JPG,2025_12_21_IMG (161).JPG,Algal leaf spot,val,source_5bc92dd74613426529bb4dcfdf0b600ff179fc9334c6cc7029e8f482ea671d53,val,cfdb85c1e6af3ada0404961c07799b42eddcba4db2a127ea2cccc8a42d3cd38b,1,singleton_no_enforced_relationship
dataset/val/Algal leaf spot/2025_12_21_IMG (174).JPG,2025_12_21_IMG (174).JPG,Algal leaf spot,val,source_020932fb4b18f09fbcceedeb4952792e9ad6bd8de43c9dec889b3890f3d559b9,train,b9873f2880b92e05dcce24161870217979bd31a515d283d4989a65da0440572a,1,singleton_no_enforced_relationship
dataset/val/Algal leaf spot/2025_12_21_IMG (180).JPG,2025_12_21_IMG (180).JPG,Algal leaf spot,val,source_4aa6283c7b7bd724b478f3d949a832ff587bf7bd992e43f86523d7aaf82ada69,test,280817731081986105daeb93728fa1d0c8ed18ea9172d3bf93cebbf7899bfb3d,1,singleton_no_enforced_relationship
dataset/val/Algal leaf spot/2025_12_21_IMG (183).JPG,2025_12_21_IMG (183).JPG,Algal leaf spot,val,source_9f8428736efec73da6862376a7a55e0ab4c6187ec54bc49ac930803f651750d2,train,dbfa0a269b480fbba0882fb2ffe1cedd4f39d1bffde17f92c35d2a122b37506a,2,human_SAME_SOURCE
dataset/val/Algal leaf spot/2025_12_21_IMG (184).JPG,2025_12_21_IMG (184).JPG,Algal leaf spot,val,source_f87ba744d46459f05bdb0d2c67f6f76bc1803458fab684699d39132e7f9ced7e,train,b237801bc14bc9699953a59be99dfed2fa26ea3cec84fc227afebcfb08b195c3,1,singleton_no_enforced_relationship
dataset/val/Algal leaf spot/2025_12_21_IMG (187).JPG,2025_12_21_IMG (187).JPG,Algal leaf spot,val,source_9dc07a48511bef92deef3cb5628a424522a0c6ed02dee96584d2e2316a350373,test,b2becd318e0f768b22717514f02ce73597d209ec195b0c02bdd34c7f4f76904b,1,singleton_no_enforced_relationship
dataset/val/Algal leaf spot/2025_12_21_IMG (203).JPG,2025_12_21_IMG (203).JPG,Algal leaf spot,val,source_77ee2747ef922bb8416a85998738eaa9574ecf3e5c3fa63e321414adf8b5293e,train,7deb9cbced53c9b1c80b9ebd034a794333612d5c2855e1660404558aba2be65c,1,singleton_no_enforced_relationship
dataset/val/Algal leaf spot/2025_12_21_IMG (205).JPG,2025_12_21_IMG (205).JPG,Algal leaf spot,val,source_02a7ed9b6f3d895d050ae1a08932286aa2d7010c4d10abe6965a20546eb24e3e,train,5a2534d64330d9f6b037c9f8afc4c914b353dece6eb06a287aeef41caf080032,1,singleton_no_enforced_relationship
dataset/val/Algal leaf spot/2025_12_21_IMG (221).JPG,2025_12_21_IMG (221).JPG,Algal leaf spot,val,source_f55f11859c4486c8d71e58f7c54a34be2f76314501d4aa3696e440d0f3379d83,train,9f06135174f31b5b96e127ab1226777233c0a95b5f55d3fa5dd1c2ff672b06ff,1,singleton_no_enforced_relationship
dataset/val/Algal leaf spot/2025_12_21_IMG (232).JPG,2025_12_21_IMG (232).JPG,Algal leaf spot,val,source_275dc7e6b4eef63a6bb81ec17e14c74bce902b595ad81eba28a4b21e40b288f0,test,dbe4b91051577ff8c886cb33c70558cd8b0918859aa3393f7fe72c74ca6ef059,1,singleton_no_enforced_relationship
dataset/val/Algal leaf spot/2025_12_21_IMG (239).JPG,2025_12_21_IMG (239).JPG,Algal leaf spot,val,source_7b1692943a9b95424b8dd19cb52462543da50f6636ca1686f1f3f0f38a580ae1,train,e94cdb25b37e44a831771557535691dc34bbe3d7b8679d93667f3aa592d87ca8,1,singleton_no_enforced_relationship
dataset/val/Algal leaf spot/2025_12_21_IMG (245).JPG,2025_12_21_IMG (245).JPG,Algal leaf spot,val,source_a8146dcb02d8565edd2584dc1b0aafe075c6d2b3d4c80931ae17ecd5750a21e9,val,947fb1c4b3b39cebf75ebd9df756cc86e61fa35579cc0fc6f825a794a73ee2dc,1,singleton_no_enforced_relationship
dataset/val/Algal leaf spot/2025_12_21_IMG (246).JPG,2025_12_21_IMG (246).JPG,Algal leaf spot,val,source_a2836558f311cb9b5a4c453d5bcf5b445ced83e4a5eb6cae1b3d86dd1ffacefb,test,016b882103a1cb094cbadc56ebc3def4d81c4ba4701831fb0151f0b376808185,1,singleton_no_enforced_relationship
dataset/val/Algal leaf spot/2025_12_21_IMG (248).JPG,2025_12_21_IMG (248).JPG,Algal leaf spot,val,source_f5324c06f6685788647b2e92a4bf379cd8c5032850b485f7edde5c4cc19cef86,val,b456b80224d5fd6d519cbda801e092a9f716e90f949d8b64a1e2806f24394cce,1,singleton_no_enforced_relationship
dataset/val/Algal leaf spot/2025_12_21_IMG (253).JPG,2025_12_21_IMG (253).JPG,Algal leaf spot,val,source_25a6feb7eb4800315067aef5c7f15595615fa0878e972b31a74cd151070c215c,test,717829596a82fc68410b0b1774418025aef5a28df3a7c06675c1a2b4bb4afd21,1,singleton_no_enforced_relationship
dataset/val/Algal leaf spot/2025_12_21_IMG (257).JPG,2025_12_21_IMG (257).JPG,Algal leaf spot,val,source_b78746282684d3f661266603332682cc7dcd93bdacf3f05b9a82f5804f275b03,train,54e28fffed692fd2873946aabf5b5eae441e9f649cd46d6605db4e117c238e44,1,singleton_no_enforced_relationship
dataset/val/Algal leaf spot/2025_12_21_IMG (260).JPG,2025_12_21_IMG (260).JPG,Algal leaf spot,val,source_558057530e3828b42ff2ecc6758c16130974add146ebfe5e035240235a2b3fec,train,9fe4180266120fef6b7ca7c7a6e7fd307a68dd027608b5e5d4ef62f70b76f40a,1,singleton_no_enforced_relationship
dataset/val/Algal leaf spot/2025_12_21_IMG (267).JPG,2025_12_21_IMG (267).JPG,Algal leaf spot,val,source_6113f6648a50dab3c22f2123a7590bd47f74243bd0f26b99385dd8e83ba8ed57,train,966831b12dd7920b7375f7512f40f496eb2e2a8f271bf985dd76d523c68b3810,1,singleton_no_enforced_relationship
dataset/val/Algal leaf spot/2025_12_21_IMG (276).JPG,2025_12_21_IMG (276).JPG,Algal leaf spot,val,source_a6a99802bfbee800dbf0b054bf66ad98c74b67cfc23f739ad8f7b68b369aae49,val,25bda3bc208574b84e9a368c5240aca35d18dffafd9ff4cd267ab9a70e7499cf,1,singleton_no_enforced_relationship
dataset/val/Algal leaf spot/2025_12_21_IMG (278).JPG,2025_12_21_IMG (278).JPG,Algal leaf spot,val,source_5896e6a36210305f53edbcc79605c0f5694146a9eca6026761e3904fcbb8707b,test,6e07fc337aa1029521d80b1ab96f19347c2b372cf62b38ec740c974c510d1f8e,1,singleton_no_enforced_relationship
dataset/val/Algal leaf spot/2025_12_21_IMG (289).JPG,2025_12_21_IMG (289).JPG,Algal leaf spot,val,source_1faa13c7fd7d039d38d9f060538220e1aa898e1f665837eec759a881ca5ce3e0,train,82b4e23b3746443cd1a07d4ca6c1f3608d9c07d2dfb8688637865257358ce54b,1,singleton_no_enforced_relationship
dataset/val/Algal leaf spot/2025_12_21_IMG (291).JPG,2025_12_21_IMG (291).JPG,Algal leaf spot,val,source_8e568b796b4d22f16e9c3f14d7c5886940d7a532c93682c2fa208f3442c2c11d,val,fb1522bb055c1aef02b5de22425238955eb45957e37f918d0f096c334b02171d,1,singleton_no_enforced_relationship
dataset/val/Algal leaf spot/2025_12_21_IMG (293).JPG,2025_12_21_IMG (293).JPG,Algal leaf spot,val,source_7372b86f27782ed391133792fb271d6759767bcb6e06ee8edc24ff699d994907,train,906c0e7f361bd44528875c5a2f3d13d3606cd752bb0b8cf6f41205599e6e8e17,1,singleton_no_enforced_relationship
dataset/val/Algal leaf spot/2025_12_21_IMG (35).JPG,2025_12_21_IMG (35).JPG,Algal leaf spot,val,source_304752b84586a9523ea6a9b2cc54dafa9ec8fe8c84c53f191103bedbc15df1e6,train,6947904423979856f8390a78a8e68f35a7dc3726c14254339b50187a851a447b,1,singleton_no_enforced_relationship
dataset/val/Algal leaf spot/2025_12_21_IMG (44).JPG,2025_12_21_IMG (44).JPG,Algal leaf spot,val,source_16aed287877bce7622871c75207006da31c98f8e7480236f997ccb846b388ee6,test,3bfbf0f58a3c1846b45457550310d14a2a210e138f90259d836db90489823f5e,1,singleton_no_enforced_relationship
dataset/val/Algal leaf spot/2025_12_21_IMG (47).JPG,2025_12_21_IMG (47).JPG,Algal leaf spot,val,source_2af0a225bcb55624ec0764cd302d50c5fa42fbeac2fe9084066b66ee272f56fb,test,23e218ea154aae71b740976cc95d10aee1570b20f3d63c63fc2b3ebd9a30167d,2,human_SAME_SOURCE
dataset/val/Algal leaf spot/2025_12_21_IMG (54).JPG,2025_12_21_IMG (54).JPG,Algal leaf spot,val,source_9d9b05931567c79dac94f369aee81825c3ab2734d54e45d59f87825d90317565,train,54d4c7c26dea478f3a3df9a75c221afeb014c4e94b9986d4cf610ea29334273e,1,singleton_no_enforced_relationship
dataset/val/Algal leaf spot/2025_12_21_IMG (6).JPG,2025_12_21_IMG (6).JPG,Algal leaf spot,val,source_921e23b603a60bd835e3b85f8bb14e54b58d15b64dcf6f856c8136ba299e37e0,train,839ddd945650534027df94e7920f311f8384429f005a7defedc42cb5e24485cd,1,singleton_no_enforced_relationship
dataset/val/Algal leaf spot/2025_12_21_IMG (65).JPG,2025_12_21_IMG (65).JPG,Algal leaf spot,val,source_60d7c8ca641fea8cf07577b47c99904416d13b9e238c18da99e91634d34537e2,train,a70e591b5d1c59e935ce819f4527416a613851ebe38d66701714a0d5acf45965,1,singleton_no_enforced_relationship
dataset/val/Algal leaf spot/2025_12_21_IMG (68).JPG,2025_12_21_IMG (68).JPG,Algal leaf spot,val,source_49b9612782711c271f58d9de2115c7bca4537f24fc698026490addc24b455b02,train,67e674dccacfe0ff411320e8e4cd7391de991268a757544f649c6aac433fde20,1,singleton_no_enforced_relationship
dataset/val/Algal leaf spot/2025_12_21_IMG (73).JPG,2025_12_21_IMG (73).JPG,Algal leaf spot,val,source_77200dc32c25f348f6a1eb7c2de0da045f4d7e5ae6c5459074d0ae3b93e206ee,train,44a7b6d08b01fd08a4ebe318309900b6feaf04cbec1ffd1120b2dc6bee1112f8,1,singleton_no_enforced_relationship
dataset/val/Algal leaf spot/2025_12_21_IMG (74).JPG,2025_12_21_IMG (74).JPG,Algal leaf spot,val,source_6f919f72c64c2405d3edc57d0f9261024896a9f9bf5fa0b0b27876af81c7acd3,train,e4acb6e1a6568123844aa0a3ab1c0f7d9c1252ba4aaab60cfc2da6f5e77703e9,1,singleton_no_enforced_relationship
dataset/val/Algal leaf spot/2025_12_21_IMG (86).JPG,2025_12_21_IMG (86).JPG,Algal leaf spot,val,source_958ffc945de37dcf5065284f699b03c374a6751d4a590a07669628b97957ec31,train,b348e6f4b55e9b3df91f03b181ee62fcd0e4a02336c61fd1a5c4541cc3ea7e79,1,singleton_no_enforced_relationship
dataset/val/Algal leaf spot/2025_12_21_IMG (94).JPG,2025_12_21_IMG (94).JPG,Algal leaf spot,val,source_400201e388a7c561dd89678b9506b6bfc31276331aaed350b39a0cdcd6329fa4,test,1543fca14b0948cec92559a72b6c0a7762f6aae3dce03856bdcc3218eab8cc8b,1,singleton_no_enforced_relationship
dataset/val/Black spot/2025_12_20_IMG (106).JPG,2025_12_20_IMG (106).JPG,Black spot,val,source_ae49dc9191964d3d2e4bfe7752314cc62ae29c67d97f8b643262bdf5988d7fe6,train,e635bc8b169d3f99c1b76271730bdfa08b9f4a336f50c9100a095d0b2c5debf7,1,singleton_no_enforced_relationship
dataset/val/Black spot/2025_12_20_IMG (111).JPG,2025_12_20_IMG (111).JPG,Black spot,val,source_47b34a2036b443ebf3a78439d4290496193989b49fbd21b8e0784084800d325a,test,d3e903a4290ea34394f0eb370bfe97a791f6a9194f95c96e0cb195300216f37c,1,singleton_no_enforced_relationship
dataset/val/Black spot/2025_12_20_IMG (12).JPG,2025_12_20_IMG (12).JPG,Black spot,val,source_007315a578f60391f36136dd9929e48a3ba964dcf8aee636eb9359a0e17ec8af,train,7d601df3a57d81317abdf63bab10f4c765e2de28925bdec552c742f1a525a2ee,1,singleton_no_enforced_relationship
dataset/val/Black spot/2025_12_20_IMG (130).JPG,2025_12_20_IMG (130).JPG,Black spot,val,source_1e28e80447ab78badff8fc3325674b9c769667b794f939c415433d39e2b62fa7,train,12a1596c4291376654bdb87c4a3b8f27a35ad2fce37fc9e60ff81280e6cc1ced,1,singleton_no_enforced_relationship
dataset/val/Black spot/2025_12_20_IMG (131).JPG,2025_12_20_IMG (131).JPG,Black spot,val,source_c7bd805ec50368423129a83fd3190072c8c9872262a2eddc63729c5c1b89d939,train,35f54884bdc4d06b3a09ee1a460272635233c1fcaf27b82c45c9ea4574dc391b,1,singleton_no_enforced_relationship
dataset/val/Black spot/2025_12_20_IMG (145).JPG,2025_12_20_IMG (145).JPG,Black spot,val,source_94fa5d25f732ec80454b0b64a5fc35409b3e319cc3f169152dbb10e79887ea6c,train,f751170374792bccb48a353d9b0d756af574b2ef4e89628577e57425ae36ab42,1,singleton_no_enforced_relationship
dataset/val/Black spot/2025_12_20_IMG (148).JPG,2025_12_20_IMG (148).JPG,Black spot,val,source_bdba18aa710f348f6455ca76f147cbd9dd616af4e9f6f3f0a9e937d94c579059,train,61b6eb55e6227f9b977f9c6250dc47655d9c885e790c425cd98edffa331570f1,1,singleton_no_enforced_relationship
dataset/val/Black spot/2025_12_20_IMG (15).JPG,2025_12_20_IMG (15).JPG,Black spot,val,source_ab1dcf7a5b24b7bc4a7a4e0c9d4ff3e7dc3f45b59e44626b4888942dbda9be75,train,4d1f477242fee0983df85fbabb7a39a3a9325ccff9797a25c5e82b5f4077de6e,1,singleton_no_enforced_relationship
dataset/val/Black spot/2025_12_20_IMG (151).JPG,2025_12_20_IMG (151).JPG,Black spot,val,source_453bda542e8a8a5364297b23719f2fb5b9672c49d0e0f836e5e769d32149a763,train,76e7797df64d2b9352ee92598f345ffc4bac2073a569425e5af4eefdb41b8e2a,1,singleton_no_enforced_relationship
dataset/val/Black spot/2025_12_20_IMG (160).JPG,2025_12_20_IMG (160).JPG,Black spot,val,source_4b912ce67b61ce472d88de6a99828289a0bb255d6257525039813392e691d93e,train,d6d854116a5567fe188a78e65de7479cc62698c2c15584cbd64ef7c6f31434e9,1,singleton_no_enforced_relationship
dataset/val/Black spot/2025_12_20_IMG (171).JPG,2025_12_20_IMG (171).JPG,Black spot,val,source_1d9a66ff4d73f9350972190d707dde2f1f28bd480e605902c8e2dfe2855d3e94,train,7d1ac3e9a90fa128e9d1f4f617867c0e8519b8c5cd99417d3776d2ddd3b79482,1,singleton_no_enforced_relationship
dataset/val/Black spot/2025_12_20_IMG (174).JPG,2025_12_20_IMG (174).JPG,Black spot,val,source_5f85463cd6b5c29206339fab78de70afd125987a872b0ee954dd0226ce485996,train,981c60cfc3143d71b5eae2caa7aabb591e82479d3c08f0278e63d2bb743aab9e,1,singleton_no_enforced_relationship
dataset/val/Black spot/2025_12_20_IMG (178).JPG,2025_12_20_IMG (178).JPG,Black spot,val,source_c691dd829750ea1a1413397174a17bf888ce5c2cc790fe24f7dff0acef208adb,train,db6ca85fe5087b10b2446f9439fc5574194cd84c9e7b7257cf69ee63fcf8fd20,1,singleton_no_enforced_relationship
dataset/val/Black spot/2025_12_20_IMG (188).JPG,2025_12_20_IMG (188).JPG,Black spot,val,source_d8079163bf982e2cf83cf9c4e2c6704a2ac24d8e6d91fdfbbc2039338577a056,train,9ceaa928ac820fd08bd27848af286afd344f4b05a7b9df7e73db81ea898ab7e2,1,singleton_no_enforced_relationship
dataset/val/Black spot/2025_12_20_IMG (191).JPG,2025_12_20_IMG (191).JPG,Black spot,val,source_6fda7400bb9ee95718b0d93b190d7db0a25d15e03ddad36e312944b67c12c604,train,b164904769c250f68cbac08327b6b40f2b4c86e1feb2c5edf36d7404a0b28511,1,singleton_no_enforced_relationship
dataset/val/Black spot/2025_12_20_IMG (196).JPG,2025_12_20_IMG (196).JPG,Black spot,val,source_c2f7ee19f23f3fa80527ad58cadd590ffbd7f72ec79702489d486d6ae91d73b5,train,c8f93be10828d2f1a96083fc0dae564f756eabbaa418f31ade59144fd10f23fd,1,singleton_no_enforced_relationship
dataset/val/Black spot/2025_12_20_IMG (203).JPG,2025_12_20_IMG (203).JPG,Black spot,val,source_26f9ebd1fb08435a67f78c0dc831f2d1158c142c419916a33117bf9f3bcd0a96,train,54d9503e7fb08c35d3ce5758af011d9d5eac8c15417676bd93a428066fed7c69,1,singleton_no_enforced_relationship
dataset/val/Black spot/2025_12_20_IMG (221).JPG,2025_12_20_IMG (221).JPG,Black spot,val,source_9ce7501f510e4dd17f50982283e2c2e3660b025cbef27e03e182dde0877c9880,train,3f3ebff082043d866d9484f194d98f2f9fc32e55e0dcaba6eebbcf0615b68515,1,singleton_no_enforced_relationship
dataset/val/Black spot/2025_12_20_IMG (223).JPG,2025_12_20_IMG (223).JPG,Black spot,val,source_352f97bb483e208aa2d0eb3cf0857f65d9f61353a6852b51c9a2976f6f99f391,test,2e33b62fe43995dae59f105669147d43278686dad8d8fbdbf17c3e4e92428cc2,1,singleton_no_enforced_relationship
dataset/val/Black spot/2025_12_20_IMG (23).JPG,2025_12_20_IMG (23).JPG,Black spot,val,source_e5fe10f4e07177a8f85979289910677903995f3dfeb13a68f43aa05b036f145a,train,a5c24116122b353aa04237ccec6818e200a7d2df54377b93e64c67230d5151d4,1,singleton_no_enforced_relationship
dataset/val/Black spot/2025_12_20_IMG (232).JPG,2025_12_20_IMG (232).JPG,Black spot,val,source_5a9f5e708b04d2b724d8854b3b750fbf4917bec534778615f797daf5e74cdeee,train,929cf39c26bef5be3b2e43ec210a94f6012546a17f9fa15dc0cdfb89010e842a,1,singleton_no_enforced_relationship
dataset/val/Black spot/2025_12_20_IMG (246).JPG,2025_12_20_IMG (246).JPG,Black spot,val,source_368c8564b810bb476d33d644116e4dacaaefa4e0be79315c7db1cc5a65eac1a6,train,d8cce5bd946dfb0ceb7af24e7b23c457f58a4e7bf0ee55483d84d0709b718005,1,singleton_no_enforced_relationship
dataset/val/Black spot/2025_12_20_IMG (257).JPG,2025_12_20_IMG (257).JPG,Black spot,val,source_430a0444a95451a2ca4fa31f376a82d4947da708106fe064da8bb10f87bfd409,val,fe7ee857ff75362f901e84ea43bb201091d26d38251f66ee37e06d6282579208,1,singleton_no_enforced_relationship
dataset/val/Black spot/2025_12_20_IMG (262).JPG,2025_12_20_IMG (262).JPG,Black spot,val,source_2a6cfbb04dfdd58a160655cf94a68633abcff33dc9584a35afeb956a1e2f2ab1,test,6b1f762c3fc8875ad7f91cac8d3fa233fe90c035223d8128f401b1f8ec9d97c6,1,singleton_no_enforced_relationship
dataset/val/Black spot/2025_12_20_IMG (267).JPG,2025_12_20_IMG (267).JPG,Black spot,val,source_9060db7fc991b4213c826750496448a0d81a1f0b5919042c3619cccd29576a44,val,f930dc1c43c294e94dfa45a0b6bf968065120933eb2cebf74b9e1cc69eed35de,1,singleton_no_enforced_relationship
dataset/val/Black spot/2025_12_20_IMG (27).JPG,2025_12_20_IMG (27).JPG,Black spot,val,source_0579b6ffc820cbe3d4d75ae221e0ffcdce6e67533ee30e57e644081c51f870db,train,5e6f90c2ce9a7880bb7e133433d02c0087ca061a412208dfaeadc680785a65ce,1,singleton_no_enforced_relationship
dataset/val/Black spot/2025_12_20_IMG (276).JPG,2025_12_20_IMG (276).JPG,Black spot,val,source_4efbee02d4d26073d144cdc387c1a2cb576fca6650a072521e62140c8bebecd2,test,d770bf8bd676e902022f140b894bb4aa716e35e995f376fedb28c910af79f399,1,singleton_no_enforced_relationship
dataset/val/Black spot/2025_12_20_IMG (278).JPG,2025_12_20_IMG (278).JPG,Black spot,val,source_5dd13c5028ef9a6d41b925b7bfb04968e57af1c9063c08496eb4bf778bc9ed39,val,c52abbdec870e7aceb6d9123ec3bf7ecb0d91440c92714deb727fe7b5b256f1e,1,singleton_no_enforced_relationship
dataset/val/Black spot/2025_12_20_IMG (285).JPG,2025_12_20_IMG (285).JPG,Black spot,val,source_2f9793e9b1384cf4e7cdf8cdd95814ed167e23698eea2af04f663c416f45dbc3,train,27edab3a87e301fff51b6a226065f0ba6c5c878ae4be1b1b346dda4665a88771,1,singleton_no_enforced_relationship
dataset/val/Black spot/2025_12_20_IMG (289).JPG,2025_12_20_IMG (289).JPG,Black spot,val,source_14a5efe643b415250741f479efca03c588b70a826efe6d959e5d4f88ea33e34f,test,adb27dc15992be9eae75b495ec747126f090b10c814772d9293868d002c5923d,1,singleton_no_enforced_relationship
dataset/val/Black spot/2025_12_20_IMG (293).JPG,2025_12_20_IMG (293).JPG,Black spot,val,source_fc0ba1bb29a54dfab5e97ed08fb67aadab3e384c4ba4de8d3ab0e40b184e43b5,train,b1e0de9af9ea025d3002594960ba0a44f7977e91ea0974b5f71e456c9d38c763,1,singleton_no_enforced_relationship
dataset/val/Black spot/2025_12_20_IMG (300).JPG,2025_12_20_IMG (300).JPG,Black spot,val,source_0b317fb8ea9a32d988e0d8040e7f96fad7a01e8484db6eca3c75210fadb46669,test,e0900791982b33b6996ccb3f31dbbac7c62908bc54e9411c45aa60ce9a34961a,1,singleton_no_enforced_relationship
dataset/val/Black spot/2025_12_20_IMG (308).JPG,2025_12_20_IMG (308).JPG,Black spot,val,source_fc2b6b154d09c3c58bda46102223b84d06301d8b14e4bd5d1ecf1573aa76c29a,train,2604a993fa59c34299598387414d4bdcec13ac6516a7cff853d19de52f8cd506,1,singleton_no_enforced_relationship
dataset/val/Black spot/2025_12_20_IMG (309).JPG,2025_12_20_IMG (309).JPG,Black spot,val,source_c2c4ba99e2590e01dbd21549ae176b0a7618a101d1826d2aac40277ca07d1968,train,6a44ebb691f83f989c9c884171ff0ed83bda8bc9d50a38e20be479f341dcd72f,1,singleton_no_enforced_relationship
dataset/val/Black spot/2025_12_20_IMG (311).JPG,2025_12_20_IMG (311).JPG,Black spot,val,source_68ee18bef49cf40fb0c98c48393981ed68223e2eda7897d584542100d6c1025b,train,8585fc536c28e7f68c0ff225f70eabaae5649f2b52ec36dab7fd281eb24a422d,1,singleton_no_enforced_relationship
dataset/val/Black spot/2025_12_20_IMG (327).JPG,2025_12_20_IMG (327).JPG,Black spot,val,source_0c16f2ff74291d6bbac58273cfa54988fc33e701e69aa1ed32f72fd588b1a966,train,90c10d2863315bb5d83de440c84291a80ac8dc3ba457855988d6a95eb0907d9b,1,singleton_no_enforced_relationship
dataset/val/Black spot/2025_12_20_IMG (330).JPG,2025_12_20_IMG (330).JPG,Black spot,val,source_ef780dbc4f05ff213c3798127e3f1ab9cd5046cd5bf55ae64c1437c9b243a32e,train,3755ee460fcfca4158994c3d69e64aa53bcb2a0f141fbb8a97677a31bc9cfc3e,1,singleton_no_enforced_relationship
dataset/val/Black spot/2025_12_20_IMG (41).JPG,2025_12_20_IMG (41).JPG,Black spot,val,source_72a7feba244d487410837f7e797918b4c7a1ac2e433b7d8536c8ed9071a67e94,test,f7c3867c7ad84f1203eb2b510d099adccdaacf1b5598516f84cfb27850c001a3,1,singleton_no_enforced_relationship
dataset/val/Black spot/2025_12_20_IMG (44).JPG,2025_12_20_IMG (44).JPG,Black spot,val,source_930dc776d75ff7faa4f63cf4f218a6b3acc2101a160ab176fafb91374132e3bb,test,b8a8a2b77f52d9eea2ee5d50371662b66d79968371259c6b7d8c6204c9195e39,1,singleton_no_enforced_relationship
dataset/val/Black spot/2025_12_20_IMG (45).JPG,2025_12_20_IMG (45).JPG,Black spot,val,source_435c2e6052820cd92c833d51d79e15a1b6ed159898af8496e76fd7165c55d487,train,7ac226bf7e3c6a36a958c7ecc5c1c4717c6ced64786188620d7566d4739111a6,1,singleton_no_enforced_relationship
dataset/val/Black spot/2025_12_20_IMG (55).JPG,2025_12_20_IMG (55).JPG,Black spot,val,source_3d20923c569ddb2bc4c5b7b508a02e5b0348ad5af215f03ad91b141a27d0e4ec,train,32bebc0901b529cf563d99b8883ac475ec00eafd294fd8de3c86ac4fc222ad1c,1,singleton_no_enforced_relationship
dataset/val/Black spot/2025_12_20_IMG (61).JPG,2025_12_20_IMG (61).JPG,Black spot,val,source_be56fdfff119e26616feddcec77ca77b3b9492f0204b9a886092090439bcc315,train,da84185d62625df8f5eb22f9a0dd259aebc9f5c0ca4b860ec5038f5f2a2fba71,1,singleton_no_enforced_relationship
dataset/val/Black spot/2025_12_20_IMG (62).JPG,2025_12_20_IMG (62).JPG,Black spot,val,source_34b917d8eecbf806349a63a88a84254b2b28e1a9e55fe0acaaeabfcd24556984,train,e39d7962737c4289c16e1dbf02a1731b9d2550054738dfae0257d8e613e19b5f,1,singleton_no_enforced_relationship
dataset/val/Black spot/2025_12_20_IMG (64).JPG,2025_12_20_IMG (64).JPG,Black spot,val,source_a8e2c496dc932e9481229bbcf9ae0b9183142d528169e2987289c8d537281b99,val,86235c5a07e0d0417ab8f0f43d246d538128548aedbfc8d090daee92b2183639,1,singleton_no_enforced_relationship
dataset/val/Black spot/2025_12_20_IMG (7).JPG,2025_12_20_IMG (7).JPG,Black spot,val,source_a7c8394c92d1ce5985c94bb379b0faadfe658723dd8347f15b6e1830dc6d6d1d,val,ac730777c1d7120ecf1b10c9eff7e8134c10ea25f3b0478a4d8ce89b8f70948a,1,singleton_no_enforced_relationship
dataset/val/Black spot/2025_12_20_IMG (83).JPG,2025_12_20_IMG (83).JPG,Black spot,val,source_67ed16391079072e97a2be1f460280652402d126ce74ee7c3e68d21da2eb0689,train,23fa8465b9eaccfedddfd0b0f49fc7e5727f0412bec5676ae08f9a3879467038,1,singleton_no_enforced_relationship
dataset/val/Black spot/2025_12_20_IMG (84).JPG,2025_12_20_IMG (84).JPG,Black spot,val,source_3899de14a807a425a1fd0d1472caed68cf20de33a9a963fb7e162fc516eaeb12,test,ed7b8eff154cfcedc90a16ae2dd6c44523122383316a94ce2cc606b7df48d3fb,1,singleton_no_enforced_relationship
dataset/val/Black spot/2025_12_20_IMG (88).JPG,2025_12_20_IMG (88).JPG,Black spot,val,source_9229144f182c0a5a8a1809bb4304e79d5d3bcfdfd77c9286fac62ac8e9f270ec,train,bbfadb22a8d003b727fcc5033d87d028b4f1ba1487f34cf133d84c786460c170,1,singleton_no_enforced_relationship
dataset/val/Black spot/2025_12_20_IMG (95).JPG,2025_12_20_IMG (95).JPG,Black spot,val,source_cc9d011344980cefff7a0eb39e81677f51f9abc7cf06f3bc3f1a7f5a8f6a7e74,train,b1408d4e0d307779a7dc642dcc26726f44eba0fe783f598f6bf594c148a728c8,1,singleton_no_enforced_relationship
dataset/val/Citrus canker/2025_12_21_IMG (225).JPG,2025_12_21_IMG (225).JPG,Citrus canker,val,source_2f1eb089aa5675e00c34baf224f72f5bd76ef3669456498ba969c8fb630c0998,train,2b5e14cf5beace8e31b983adde28f408d40e6957696da034ad4268d2411945e9,1,singleton_no_enforced_relationship
dataset/val/Citrus canker/2025_12_21_IMG (226).JPG,2025_12_21_IMG (226).JPG,Citrus canker,val,source_7caca3d3d5d4f00fc8572c77ca1b8ad74b12b199070bf486e1b32b969c428060,test,f2feae69e4424c396445a6e864ebbb28e66c972573b484917aca5aaf53a07050,1,singleton_no_enforced_relationship
dataset/val/Citrus canker/2025_12_21_IMG (230).JPG,2025_12_21_IMG (230).JPG,Citrus canker,val,source_00d51fabab919bd71feed0e87e07255419c8dc1f184598c77f0f3bed139cc116,train,267a7e2d74a36b21f73a2b9709f902b1b00cc77d517e1e39b5dd88d07671ca33,1,singleton_no_enforced_relationship
dataset/val/Citrus canker/2025_12_21_IMG (235).JPG,2025_12_21_IMG (235).JPG,Citrus canker,val,source_455983e601cf8153dbd1d3d12e9a82ac457ccd6789fdaf4ec7bda5b1b822674e,test,960c0295d80e5b7bc3a3d0a75ac1d08eb1c0eabc6cf9233ac8b0dad163f3e935,1,singleton_no_enforced_relationship
dataset/val/Citrus canker/2025_12_21_IMG (237).JPG,2025_12_21_IMG (237).JPG,Citrus canker,val,source_9eba0c310ef1bb8435a381130e342df3f3d2125c78df5ef6a218b5833c7a5a5c,test,7721a1695712f9419a43fa8bd51b7729357545ecd3a0d01cfbcd394a11734d0c,1,singleton_no_enforced_relationship
dataset/val/Citrus canker/2025_12_21_IMG (238).JPG,2025_12_21_IMG (238).JPG,Citrus canker,val,source_fc23023c4f4b7709bb2d974460103cb903e49f53e4659fe3901370e19fc62ab0,val,afddbf4f639c4618aa73e8fd400a8fcccf5f2ae88d1f5f8d26fbd6dc21734150,1,singleton_no_enforced_relationship
dataset/val/Citrus canker/2025_12_21_IMG (248).JPG,2025_12_21_IMG (248).JPG,Citrus canker,val,source_1edf080ea56541c5f52dadb071c49e12a4b3db05119ed7b3435a63da11ddeea2,train,ad123fc8f4fc5b24a7adb9667f5aabc2f97246290b965153ac28541cbfce63f8,1,singleton_no_enforced_relationship
dataset/val/Citrus canker/2025_12_21_IMG (253).JPG,2025_12_21_IMG (253).JPG,Citrus canker,val,source_3ee2c9198cba72cd401628a63571488b83267427d4538ec34c1d108ffde11730,train,d39e249b274dc1a3362c4f97dd35f9dfb5fcb2bfed335e69116b2c72005afcd8,1,singleton_no_enforced_relationship
dataset/val/Citrus canker/2025_12_21_IMG (272).JPG,2025_12_21_IMG (272).JPG,Citrus canker,val,source_f3464e488fffb598507db29df8c347cade00449ddd35d989e04323ca23eba4e1,test,8d4d08a8c0b5e0e3f9076242e363e912bff3600fa5a37e3e0846965682bf235a,1,singleton_no_enforced_relationship
dataset/val/Citrus canker/2025_12_21_IMG (275).JPG,2025_12_21_IMG (275).JPG,Citrus canker,val,source_2c0142c62fd6045258807f10ff2f0fc08acd20516fc1edc3939de12b91537fc2,train,e427aab93a0777e0d6193aedbad85582a6672b6ba39f6c8896c66cdb901326fb,1,singleton_no_enforced_relationship
dataset/val/Citrus canker/2025_12_21_IMG (285).JPG,2025_12_21_IMG (285).JPG,Citrus canker,val,source_5e47f1efcb0fc3296fa4127c674164bb5ef08f87987afd9f3c5c7f9012a3faef,train,6e25dffd23abe047c384c67d0808ff649b05f177532c7e9f11e0e16d1c4d46e8,1,singleton_no_enforced_relationship
dataset/val/Citrus canker/2025_12_21_IMG (289).JPG,2025_12_21_IMG (289).JPG,Citrus canker,val,source_f8264ee0cbc90d86910405bdc48e8927147e76bb15e5a63c9e31c47bb12eff3f,train,05393e0619417f430f7e21016ca3346f6e1a5158a3d2438c2a2efae33beebca8,1,singleton_no_enforced_relationship
dataset/val/Citrus canker/2025_12_21_IMG (300).JPG,2025_12_21_IMG (300).JPG,Citrus canker,val,source_7ba95ef60f4c25b1722b7b0e3aba57149cddf349a3483af26fafd6d264bc6675,train,3a9410448a4f6f7227a4569a26c3b6726cd74c09ab4a7b6537814b096b54a519,1,singleton_no_enforced_relationship
dataset/val/Citrus canker/2025_12_21_IMG (309).JPG,2025_12_21_IMG (309).JPG,Citrus canker,val,source_6153a5cb6c8796baed77f3093cf004e4c930957d5a684c3924b3e3d30649ac4a,test,a5e1c8f315efee242a6f8a1427496c837687d1e3342cd2ef9ed6d368c6a374ad,1,singleton_no_enforced_relationship
dataset/val/Citrus canker/2025_12_21_IMG (310).JPG,2025_12_21_IMG (310).JPG,Citrus canker,val,source_ab256e8eaf8e432e672ee8d28af87c9474c15466fd88e7a53ea9491a13d6be0f,train,3c4f662a818b980e20b3a58dc800dc5b5087ca3d021131480858cb34c5efcda2,1,singleton_no_enforced_relationship
dataset/val/Citrus canker/2025_12_21_IMG (318).JPG,2025_12_21_IMG (318).JPG,Citrus canker,val,source_56a52f8b1f2e4cb4075371d339192ee26f059336a5e3afc1650557d6569ea05b,train,a6f67dbc624434c30394136ffacd34f9f883ceb51169640ad1ef81bb1f7cc4f1,1,singleton_no_enforced_relationship
dataset/val/Citrus canker/2025_12_21_IMG (319).JPG,2025_12_21_IMG (319).JPG,Citrus canker,val,source_3dbcd67c6135e9a387c87f48a22719bd072d20d8ca015138d5484a024bcbe70f,train,983d66ba4795534e06255e8bdfdf34f954eb7123e35a33b03ca482abed27c187,1,singleton_no_enforced_relationship
dataset/val/Citrus canker/2025_12_21_IMG (328).JPG,2025_12_21_IMG (328).JPG,Citrus canker,val,source_50752a2bb259cd43d9acd101547d0bfe49edb37fee7be0b7219affd155d77fbe,test,eb82a51893fa648adc4f4a6babce5b28277c6be8b8f09c1f77212af71a39bb88,1,singleton_no_enforced_relationship
dataset/val/Citrus canker/2025_12_21_IMG (336).JPG,2025_12_21_IMG (336).JPG,Citrus canker,val,source_affb8751ae54ba4cf6ead3e9875e6c1302c7512d8c74490b550c698af8a6b997,train,7529840eeece29a299e426d6395c16bd6148b487332827398e0acc98719d9d26,1,singleton_no_enforced_relationship
dataset/val/Citrus canker/2025_12_21_IMG (338).JPG,2025_12_21_IMG (338).JPG,Citrus canker,val,source_f672fdf551e7373b09ac831c72a8bd061cbc37a77546912bd08699760a84c0e3,train,9b34ff0d5da634e7a570c520ff49fbd6b25efdc5b3ce31f56d197537098d0df5,1,singleton_no_enforced_relationship
dataset/val/Citrus canker/2025_12_21_IMG (339).JPG,2025_12_21_IMG (339).JPG,Citrus canker,val,source_d9c12c206cc075279dab543f82f1bc4621f9b8e962781084d66b04279afb7888,val,905f336bc71dc8aa97c34102b1ed9baf3a0cc3fc4ce1f1b03961e4d3c451e68b,1,singleton_no_enforced_relationship
dataset/val/Citrus canker/2025_12_21_IMG (340).JPG,2025_12_21_IMG (340).JPG,Citrus canker,val,source_44d23fdbcfa484485bc1fd56589e78c8922cfb8183a0df55ac72cf2263ae4a38,train,27a216cbeb05fbb9f8b0d278936188c5c66f768e9a284fb74be6c3d7546801ac,1,singleton_no_enforced_relationship
dataset/val/Citrus canker/2025_12_21_IMG (350).JPG,2025_12_21_IMG (350).JPG,Citrus canker,val,source_fd126f24f03c5de9fff7527eccf7fb836d8045e52695577ef8b9aed4a34a5421,train,d0fb3ccf6464e088dffe00d378b2ff3da33b6851aba385c29a14bac8165119e5,1,singleton_no_enforced_relationship
dataset/val/Citrus canker/2025_12_21_IMG (363).JPG,2025_12_21_IMG (363).JPG,Citrus canker,val,source_e3bdd96725372bddc0db38e3a1899636e73ffd636f83ad525cee39815e02a1f2,train,5891fbc0a6eb05aeee21b33acf21d025184127a6deb547f409b13919fac738b4,1,singleton_no_enforced_relationship
dataset/val/Citrus canker/2025_12_21_IMG (368).JPG,2025_12_21_IMG (368).JPG,Citrus canker,val,source_82982f2dbbe61a51548e2b27c025636d2288c649f47ba459263c90d91db2235b,train,8df4cc74e2353ff0867f8a7b3fa575c4d95ae875b3d49e09b63f03673ff0dcce,1,singleton_no_enforced_relationship
dataset/val/Citrus canker/2025_12_21_IMG (383).JPG,2025_12_21_IMG (383).JPG,Citrus canker,val,source_25589c36dd6f659243a535da4f85eaffda8329d1e2046dec24fc1bba735acf3f,train,b88531c5deb21ad53aa802cb7af659a7e479e5909723f7c7f7415cd6ddade813,1,singleton_no_enforced_relationship
dataset/val/Citrus canker/2025_12_21_IMG (388).JPG,2025_12_21_IMG (388).JPG,Citrus canker,val,source_b2619fedf79fede9e05a0eae06ec14b1135ac7f3e81aa7c37bb76a9ce9d29830,test,bc1ceed71e1d2d5ffe80f3bf8d40574a2cbb16a5f725b8df42491b477625b327,1,singleton_no_enforced_relationship
dataset/val/Citrus canker/2025_12_21_IMG (391).JPG,2025_12_21_IMG (391).JPG,Citrus canker,val,source_e31b863a35026a35fd41c7daa57042024a63cf3a4ed3e1a7bac96f871cae2c0c,val,dbf35decfa3aaa24496233eff2a8643bd84884234fea1c4dbaeaedfb2d7f2548,1,singleton_no_enforced_relationship
dataset/val/Citrus canker/2025_12_21_IMG (404).JPG,2025_12_21_IMG (404).JPG,Citrus canker,val,source_41149ea1c54b0e4cc0c06f4c19433d44fdf0aa5c28b12b72e3c8b26a41be45ec,train,d62b37f626c7a4fab29d970181f7a38d1fc23c166ee1ef468fda1967d0ab58e2,1,singleton_no_enforced_relationship
dataset/val/Citrus canker/2025_12_21_IMG (406).JPG,2025_12_21_IMG (406).JPG,Citrus canker,val,source_e265c5a140f6c240dae5c59b5cd223dd2ba0231c26be98f2b8b549049a922078,train,fb273de3c365e32f5c4ad00cce6a53428d4578bb9b6c3a7006375febf7a54486,1,singleton_no_enforced_relationship
dataset/val/Citrus canker/2025_12_21_IMG (407).JPG,2025_12_21_IMG (407).JPG,Citrus canker,val,source_1117be04744f58a58890c7aa31642f9b80bca5973d98922c6e396473bc27f87b,val,8ac585e78131bce8d01e62ff4c1995c8aea1737222b95fe7ce7573d9135979fd,1,singleton_no_enforced_relationship
dataset/val/Citrus canker/2025_12_21_IMG (421).JPG,2025_12_21_IMG (421).JPG,Citrus canker,val,source_a8f35b241d1eb75c873b1a99b971f1dd661455aa9783991e71fdd1c53dcfbbd6,val,2a496a30065360ec436ea464fcf7ffd41e96e0941f3c5f921074733b9fce251b,1,singleton_no_enforced_relationship
dataset/val/Citrus canker/2025_12_21_IMG (434).JPG,2025_12_21_IMG (434).JPG,Citrus canker,val,source_270a7bf8b60c4cbab0371c87d6aea189ce38e239b0f7a9defa6832f1549d4cf4,test,237c4d5f8d09800ccd317623828f3b09435960c4073b8ff4b975ee97bf5c4486,1,singleton_no_enforced_relationship
dataset/val/Citrus canker/2025_12_21_IMG (436).JPG,2025_12_21_IMG (436).JPG,Citrus canker,val,source_428ff72daae40837bc752b4915ca930c02149ba928412b8e3fe51d8c695d3670,val,0cd9cd6dacbee63ad5b63cc98b6323eaac05b99d4e84982fb3a5d22e9cc22c4b,1,singleton_no_enforced_relationship
dataset/val/Citrus canker/2025_12_21_IMG (438).JPG,2025_12_21_IMG (438).JPG,Citrus canker,val,source_a5c9535c36b0142c9e899bde1ae7ce159a907fbdcc57cb36dbeaf13c3774537a,train,1c8d4f19e2dc61a109dfd51ee15c5ff6808f3297c2f698ef415949c198c87617,1,singleton_no_enforced_relationship
dataset/val/Citrus canker/2025_12_21_IMG (454).JPG,2025_12_21_IMG (454).JPG,Citrus canker,val,source_d7ad5ab6860d040e3bdda8e5236ae60f56227bd46b26acd5f352f96ada5d76ff,val,fbe4afb0315cb89bd7225e3803140d9d9e6d6225155c70bdb2807f6798042579,1,singleton_no_enforced_relationship
dataset/val/Citrus canker/2025_12_21_IMG (457).JPG,2025_12_21_IMG (457).JPG,Citrus canker,val,source_eee52e001c3163a75ce508387c5959ddf9f3339b7bf7d452f0f66e2a4d74c580,train,811b9df7b3d1e28128b73703d2e1797213478f46da8a1676a8121d688fcd8298,1,singleton_no_enforced_relationship
dataset/val/Citrus canker/2025_12_21_IMG (462).JPG,2025_12_21_IMG (462).JPG,Citrus canker,val,source_a6698c3cfb6d312d163c8711c555c8b939bd54bac880332f44d9e5ee3928a390,train,f3a7bcafaca1bfa91f65e2ba4a88794bf3aa81e1b552b2a4ee1e0b95618e41a7,1,singleton_no_enforced_relationship
dataset/val/Citrus canker/2025_12_21_IMG (475).JPG,2025_12_21_IMG (475).JPG,Citrus canker,val,source_c9bf0ec46435860eee73e55ab5b9e1b3afdec15462ebb3d6e5a1f0e0d6f09fac,train,1a2e1fb76a48de2cef6c1e787bc86e198c3cd50589cd90a9c9177f15d4f871e6,1,singleton_no_enforced_relationship
dataset/val/Citrus canker/2025_12_21_IMG (480).JPG,2025_12_21_IMG (480).JPG,Citrus canker,val,source_f926189ae441a42beb3e17a04b314c4ef2273d92edf6be38af592cf04fc4feb4,train,92e3da5214e5f5b74cb0773d74479ca0a6a6bfe9339cbad5846fe5bdcd5e4e29,1,singleton_no_enforced_relationship
dataset/val/Citrus canker/2025_12_21_IMG (487).JPG,2025_12_21_IMG (487).JPG,Citrus canker,val,source_22876be67b9a753a0bc85c61f125ee8d2cf4abab65f9970401badd28e23e763a,train,336a5d5d0980ffba53647555405cf37a5bbb4c5fe10004586c281e71bf6c225d,1,singleton_no_enforced_relationship
dataset/val/Citrus canker/2025_12_21_IMG (507).JPG,2025_12_21_IMG (507).JPG,Citrus canker,val,source_eda705661977ce13f05ff730bbc3a470c41a662da95fb47dd0d767fc8d85c4c8,train,f18d052661d8624ba38f1cae88aa2c4b1f907d3fafbb559ee0bfc1e2ac702592,1,singleton_no_enforced_relationship
dataset/val/Citrus canker/2025_12_21_IMG (517).JPG,2025_12_21_IMG (517).JPG,Citrus canker,val,source_0efb7df13df3b3f3a941f10e8545a753bc3f76d4593cfaf284e2ef27fe953e6d,train,2be56bc864ed2d36b206540d155fa5a20cd976d9a052965048d955349ac8fa51,1,singleton_no_enforced_relationship
dataset/val/Citrus canker/2025_12_21_IMG (519).JPG,2025_12_21_IMG (519).JPG,Citrus canker,val,source_19618f2167adcaf8099fd46a02becaea7274143345d7ca59bca56961e186736e,test,67061638530c777f7d8db11f691e977156be1bb5c69db5c510dbb51944e4e1cb,2,AB_pair_evidence;existing_AB_cluster;existing_AB_manifest;refined_capture_strong_link
dataset/val/Citrus canker/2025_12_21_IMG (520).JPG,2025_12_21_IMG (520).JPG,Citrus canker,val,source_19618f2167adcaf8099fd46a02becaea7274143345d7ca59bca56961e186736e,test,8aa0a459a1e46a80438cf7735acc7406bcc57a58cbaae99e94b3f912976268f5,2,AB_pair_evidence;existing_AB_cluster;existing_AB_manifest;refined_capture_strong_link
dataset/val/Citrus canker/2025_12_21_IMG (526).JPG,2025_12_21_IMG (526).JPG,Citrus canker,val,source_9e50e6fb6d57920570de342af367dd31cfdb7d3e1af4bbef283ffc1f6042d2e7,val,bcdbc4587e5c24734aad0457391f496a31413ad37b30bf0a5737301b82382fe0,1,singleton_no_enforced_relationship
dataset/val/Citrus canker/2025_12_21_IMG (531).JPG,2025_12_21_IMG (531).JPG,Citrus canker,val,source_2f81eee4deb570e91133d119ce57b74b251ec2438c5e9fe6ff248779ba2db713,test,457a82c9c4b77d0c941a1dda7d0a92ff663098a7bf6bacd7e886a76240a90d90,1,singleton_no_enforced_relationship
dataset/val/Citrus canker/2025_12_21_IMG (537).JPG,2025_12_21_IMG (537).JPG,Citrus canker,val,source_b8d443d2c6acf922c31e6a7b028e8a6fbb0e05a251c15b74faa09e2c2a6e5422,train,7f9dc1ef7c411879f20cc16074265d8be1aab9375df1af2d6cb9f8aa89376862,1,singleton_no_enforced_relationship
dataset/val/Citrus canker/2025_12_21_IMG (543).JPG,2025_12_21_IMG (543).JPG,Citrus canker,val,source_f1af965d637c6f78fe94fb3dcd7e25207c8ac9ac70cb1c84532a3527bac1b84d,train,eabd769d04d5ce28fef2f894ead05bcc51bbc359fad68d6828c37b0769f49f05,1,singleton_no_enforced_relationship
dataset/val/Citrus canker/2025_12_21_IMG (545).JPG,2025_12_21_IMG (545).JPG,Citrus canker,val,source_236b375104250990c2a181ed80df706683ffd9dd513da9e79d5825bdbfc8a6b4,train,e0ff2253b128741f9a25a5d211351b66d4dc299259603d2e2ef39f5b04ac6ef9,1,singleton_no_enforced_relationship
dataset/val/Citrus canker/2025_12_21_IMG (550).JPG,2025_12_21_IMG (550).JPG,Citrus canker,val,source_2f4e94ca57672e6992f33ff188868f58bc872c56d05ee12e94e8ca9d636eb35b,train,5654bb87bd6b449b12305621c66d802aa6e6654b6fa3c03af5d15e7c28d8f7fb,1,singleton_no_enforced_relationship
dataset/val/Citrus canker/2025_12_21_IMG (554).JPG,2025_12_21_IMG (554).JPG,Citrus canker,val,source_a1ad57f46ce8e8f29e4233f885a1850984aa6c7e3c68953126f7f150cf0aecb2,train,dd0f3d93aed088b3a1e13a9c9648adac09fae99fd19888472d70a1d0f480b008,1,singleton_no_enforced_relationship
dataset/val/Citrus canker/2025_12_21_IMG (558).JPG,2025_12_21_IMG (558).JPG,Citrus canker,val,source_85bb7101633f9742c14afeea67b3f7212d88bae73c90ac477340c8bc40f7d7b7,train,5818c95e2992ed4658c0e8b92c0a3dfc0826f5f537aa601b2372d650c778f57e,1,singleton_no_enforced_relationship
dataset/val/Citrus canker/2025_12_21_IMG (565).JPG,2025_12_21_IMG (565).JPG,Citrus canker,val,source_506270cd81fede0001c8e4389785b8a57201e08513739323ea38cf26cedbcfd0,val,ddb1910241ac7129e5d7dbd896c2d9a19c26a93fc819a38b26139cf163d20055,1,singleton_no_enforced_relationship
dataset/val/Citrus canker/2025_12_21_IMG (567).JPG,2025_12_21_IMG (567).JPG,Citrus canker,val,source_b38a15f22a078940afc98a8a67d7b98d3aedf8c273da28480dc0354b361b3971,train,9657ef04f357162d806296a3521c7398ae3f434c2cfa6becb0a34ca8899b479f,1,singleton_no_enforced_relationship
dataset/val/Citrus pest/2025_12_20_IMG (123).JPG,2025_12_20_IMG (123).JPG,Citrus pest,val,source_ad060395abe8fdacc7ec584f1a00aa9b2303143a830136c96dea7e7909fb2c37,train,22ff97b839505023d416a58c8d823a5ca164b6caf2234b1118e69ee7173fe974,1,singleton_no_enforced_relationship
dataset/val/Citrus pest/2025_12_20_IMG (128).JPG,2025_12_20_IMG (128).JPG,Citrus pest,val,source_3d345ecfe25326407a0037c07246ef5de5e51fa32d0f0b168b1015add7e5bb78,train,1f054efbb3f6758fef2a72dc012665e56b2526905e75e1ecd2b445be5742885d,1,singleton_no_enforced_relationship
dataset/val/Citrus pest/2025_12_20_IMG (133).JPG,2025_12_20_IMG (133).JPG,Citrus pest,val,source_160a62cb55301be8cf8bb256ac04e4709e7eae125b0761568db373c123260b10,train,b6b130dbea3ef5c36c8db4a51016a4eb67b2394a8366913e57d6dfb9a7ae52db,1,singleton_no_enforced_relationship
dataset/val/Citrus pest/2025_12_20_IMG (135).JPG,2025_12_20_IMG (135).JPG,Citrus pest,val,source_ffe9425defac933749d7c76a8f4c37c9a61d7c550dff8dbe104a2d82508e78fc,test,8fa9f4040646c9faf789ca8263a9dd7b6afcc66e34825a4f6e22d27e51644a11,1,singleton_no_enforced_relationship
dataset/val/Citrus pest/2025_12_20_IMG (136).JPG,2025_12_20_IMG (136).JPG,Citrus pest,val,source_2662d72297c6c84d9984bd6ce959b59568799df4662784dc8e9cd409be2d23e0,train,e9970f03bddb59b2952ff9e6cc577d0ae2c17ce5b835409ef653a7978742f791,1,singleton_no_enforced_relationship
dataset/val/Citrus pest/2025_12_20_IMG (146).JPG,2025_12_20_IMG (146).JPG,Citrus pest,val,source_397351e8aee9afa65324c9763c2e9ce940ff757cc54c875ea784bc386dab83fc,train,27c2f50251a00100a1d560206e1df99e83af16da3b2d3c6aab5e74aa92791340,1,singleton_no_enforced_relationship
dataset/val/Citrus pest/2025_12_20_IMG (151).JPG,2025_12_20_IMG (151).JPG,Citrus pest,val,source_f0b49960dbd8be406dfa36820e53707076993b2376fe51fc9f6fedaa7dddc24c,test,4ea557f256f74c1af13816c80e6b65dda58b9fb26dce292d92b30d96498c1a17,1,singleton_no_enforced_relationship
dataset/val/Citrus pest/2025_12_20_IMG (170).JPG,2025_12_20_IMG (170).JPG,Citrus pest,val,source_aaf52c66f0f17d84d13871755c111d903e4c34cfd4040da1cbcc554ab80437d9,train,71b8f0884c89304b6f1ca620ce192f32ad12ddb2795edd97b0ead1a6d857d72d,1,singleton_no_enforced_relationship
dataset/val/Citrus pest/2025_12_20_IMG (173).JPG,2025_12_20_IMG (173).JPG,Citrus pest,val,source_27bd57448144ccb677c527898951fd6250d369984ae1a726f9599b67d0a12b52,test,c42d8812df239f31932fe7c4268867119cc56caac3906e7581a13358e6f0bb46,1,singleton_no_enforced_relationship
dataset/val/Citrus pest/2025_12_20_IMG (182).JPG,2025_12_20_IMG (182).JPG,Citrus pest,val,source_c168d8bc18f141d7af29fcc252022c5e8505288adcde9672644f367321a91203,train,9cbbe356eb991958d47fa17b76f7748169e75990e0c671e20238f6f3250a4f8e,1,singleton_no_enforced_relationship
dataset/val/Citrus pest/2025_12_20_IMG (186).JPG,2025_12_20_IMG (186).JPG,Citrus pest,val,source_7716e536ca4f7c86aff284dd11aa465a6f6f9f8748df8d5580abcffb7cb4b4e9,train,3506397854c815d8bdcfd0976d4615165805d089315bcb3bbedf3bc519f2b84a,1,singleton_no_enforced_relationship
dataset/val/Citrus pest/2025_12_20_IMG (196).JPG,2025_12_20_IMG (196).JPG,Citrus pest,val,source_68a787a6932060a950f7a6041784f469b3e920d65af129a1a5c26578187eb0eb,test,2cbbba0bb5f887a520924e49ce4cf95e2e16b0fe17e0f6ae645a91cb652b4ff4,1,singleton_no_enforced_relationship
dataset/val/Citrus pest/2025_12_20_IMG (204).JPG,2025_12_20_IMG (204).JPG,Citrus pest,val,source_f7b1121ede1b84e993bb9fb534198485659e6cb41eb5fb9a9697336440141ff7,train,f01c3f5f6b5bd6add5d7714410dce1584424bf0474b45f86dc839b4c78b50d94,1,singleton_no_enforced_relationship
dataset/val/Citrus pest/2025_12_20_IMG (205).JPG,2025_12_20_IMG (205).JPG,Citrus pest,val,source_2d09cd6dbc6f58802ee3d047dd51a9533ee11f8795b301549b98f1c379ad57bd,train,70c97e0d07398e79c7298f2a119858827dd596e2f7674f1b4b8b3e055dbd7155,1,singleton_no_enforced_relationship
dataset/val/Citrus pest/2025_12_20_IMG (212).JPG,2025_12_20_IMG (212).JPG,Citrus pest,val,source_f81bc1fd043706eabbd11a1ffe67b9240341c9ad5cae8f313de7e5225f5f398f,train,0ac6482d33ee619ec4e6116f03f0c5604e1910a64912a8ebfb2832b7e8486cf6,1,singleton_no_enforced_relationship
dataset/val/Citrus pest/2025_12_20_IMG (213).JPG,2025_12_20_IMG (213).JPG,Citrus pest,val,source_b66fd5dd36c48b18625b6168382bc13f38f1a78ed8e6e73dd5bfd0f6cf2c1e63,train,44c14f684648b3da0ae663635e78e2b5808758b333104e62f993c44beebe10ca,1,singleton_no_enforced_relationship
dataset/val/Citrus pest/2025_12_20_IMG (221).JPG,2025_12_20_IMG (221).JPG,Citrus pest,val,source_f4a568312850eb8c6b834f5a0b12b581ce18230efec6cf36d7ca2cafa8c8f1ad,train,284a4635163a4a00992743dbbb7524e8f0e28a39b78c276c0abd22ed56b82e02,1,singleton_no_enforced_relationship
dataset/val/Citrus pest/2025_12_20_IMG (229).JPG,2025_12_20_IMG (229).JPG,Citrus pest,val,source_8326b6be1ecbae3cbdc1a99e7399865e74646b7384edb7f5a339047f07d8eab9,train,2a9dc8d4102a8f3913a61cbf7070a7e58ffa497efdb559cef448c0a5fd7d10cb,1,singleton_no_enforced_relationship
dataset/val/Citrus pest/2025_12_20_IMG (230).JPG,2025_12_20_IMG (230).JPG,Citrus pest,val,source_a7bab946010d3cfc89d19e62a98364ca8c0293b13ddc8c8a5c1e25ac1bac4c43,train,1cc743e86120f5c3639c669c4031a13d7d4a81a1c09ce8cfad0dd7354247f268,1,singleton_no_enforced_relationship
dataset/val/Citrus pest/2025_12_20_IMG (231).JPG,2025_12_20_IMG (231).JPG,Citrus pest,val,source_de234d352f4b11780ef5ddcf8dca8a52e4f04f1ee7d5b1367e35a85c723612e6,train,d55a41d509bfaee807865092c6a28b93a8e1cc1ad8c2f023f69c0ed177143a08,1,singleton_no_enforced_relationship
dataset/val/Citrus pest/2025_12_20_IMG (232).JPG,2025_12_20_IMG (232).JPG,Citrus pest,val,source_024c0cfd58a46a86884834ff6c2aeae5aadc805090016db3fe765b48f71db04b,train,742678402ef85dc5b516300fdc776944bcc884323bc3f908128782e6254c0402,1,singleton_no_enforced_relationship
dataset/val/Citrus pest/2025_12_20_IMG (241).JPG,2025_12_20_IMG (241).JPG,Citrus pest,val,source_745bdeff14ad8c9f18d1e78eb0bea4f02e08bfddc1afacb14fe636a04731f324,test,317bede8cd12987c52b7497dbc7accf7ebfeda63140305282e28f9973bddb2bf,1,singleton_no_enforced_relationship
dataset/val/Citrus pest/2025_12_20_IMG (253).JPG,2025_12_20_IMG (253).JPG,Citrus pest,val,source_b63bca658544901008ceae04acc2e5ea702ffaa2601e0315e554165f992303cd,train,2de988aeb5ec08b11a2af5ca7d67cf8da88157548285d714346341b7a94e5748,1,singleton_no_enforced_relationship
dataset/val/Citrus pest/2025_12_20_IMG (258).JPG,2025_12_20_IMG (258).JPG,Citrus pest,val,source_b861d866cd7aff6a6a05bb63dee9fb801b90220239795461d90dca5680d16220,train,4237ad7591fc0e5d14360d6064949003620ab93a3eccd10e28a9b905922632dd,1,singleton_no_enforced_relationship
dataset/val/Citrus pest/2025_12_20_IMG (271).JPG,2025_12_20_IMG (271).JPG,Citrus pest,val,source_c1536133136e110b43f08294371c43c06238e184be31c1c34b867991d4097d8e,train,b8acb35e2bb8a1b6a2353f307ed7282277b6d56942ca22cbc3227bf58d81be70,1,singleton_no_enforced_relationship
dataset/val/Citrus pest/2025_12_20_IMG (275).JPG,2025_12_20_IMG (275).JPG,Citrus pest,val,source_c4b646f7bbe5e9dfa33340be3c0d139c339bcc61cd26060d629390e506d3e2a5,val,f2ea73055f6c9210ad3db9ad948d30fec56263d974fd08437489f7b72b0edaf9,1,singleton_no_enforced_relationship
dataset/val/Citrus pest/2025_12_20_IMG (276).JPG,2025_12_20_IMG (276).JPG,Citrus pest,val,source_168806bb14819f711cf03b339a5d0d1e553f757d7b0d8dab9635020d290c8f6e,train,91fb725909a8d5c2177f2b39a2756ba6941c8cec8d120b142794a76c14e42cfd,1,singleton_no_enforced_relationship
dataset/val/Citrus pest/2025_12_20_IMG (279).JPG,2025_12_20_IMG (279).JPG,Citrus pest,val,source_25e04d0dd62592e5e73baf75e2256d83d518bd6d930a6882ccb5d0f6b2962b08,train,e26c4fa14fccc349f8754c2e0eaeda9c1313771d81df12509ceaf2a07466a2ef,1,singleton_no_enforced_relationship
dataset/val/Citrus pest/2025_12_20_IMG (290).JPG,2025_12_20_IMG (290).JPG,Citrus pest,val,source_7c54e26f80a71052594aadbbccfe5657c4e0ff9ff00973355f1ec09dc41d81c3,test,7138bcabed86f83e39d137da688801935e000b7b649a4ad799d415eadee9dbfa,1,singleton_no_enforced_relationship
dataset/val/Citrus pest/2025_12_20_IMG (292).JPG,2025_12_20_IMG (292).JPG,Citrus pest,val,source_9b7bbcd20cefb6da8b81577b21e5b5710515f6a32f0e1e361dfb1fbb1158fa68,train,e4f827ba7245b92a89a3f3096a04e64772d42de7c7cf798c2442cb2a9ca1611a,2,human_SAME_SOURCE
dataset/val/Citrus pest/2025_12_20_IMG (293).JPG,2025_12_20_IMG (293).JPG,Citrus pest,val,source_1d78ccb30fed7f8f05f567d74a8b73e3af3a04a62238e52538ab40af4dddefd0,train,c7fc3dd49d2acc961eb9a04c1e539cf443de695db6b90389cee8b009df830f20,1,singleton_no_enforced_relationship
dataset/val/Citrus pest/2025_12_20_IMG (306).JPG,2025_12_20_IMG (306).JPG,Citrus pest,val,source_3db19d4aed4a0a794933d4cf21c774a0f5aeab4558fddf4cdd96bd7b5d75cb56,train,a8521db6aaae783b77cb365699697ccbb5867b4e839f2e8d14f5d57da92f5190,1,singleton_no_enforced_relationship
dataset/val/Citrus pest/2025_12_20_IMG (318).JPG,2025_12_20_IMG (318).JPG,Citrus pest,val,source_f767af38d077071b4f8f03b9457f9b4659f41e3c11eb4343c28279468c85751b,val,6a888a2a1f363487df04ab22882851d134d1c1a7d78b6d05a86d41e5c45d52a1,1,singleton_no_enforced_relationship
dataset/val/Citrus pest/2025_12_20_IMG (32).JPG,2025_12_20_IMG (32).JPG,Citrus pest,val,source_0833ba3e866310c25ab26b0ddf8eb38b140a3085e48137ef51e36029838bc513,val,1a7b94dd3392fc80079c4f059809bfddf5fad021260bb1031a50c809ef43d346,1,singleton_no_enforced_relationship
dataset/val/Citrus pest/2025_12_20_IMG (321).JPG,2025_12_20_IMG (321).JPG,Citrus pest,val,source_51b18c1b75743d067c55ee2b3fe9e107484643430cc25712395796a9d6cb24f3,train,81e444706afee42e3822c47c2c824007d41788bb7bcc62085bfbd0f941ffe02c,1,singleton_no_enforced_relationship
dataset/val/Citrus pest/2025_12_20_IMG (336).JPG,2025_12_20_IMG (336).JPG,Citrus pest,val,source_4ae66f6649bc6186e275f5cbc6d2b74a48cae2c5b938976c2e21144b6221dfd3,test,7528af08805e6b3cb7a0e18f216780a51ab42c6426e3c2c4572282ebfb532333,1,singleton_no_enforced_relationship
dataset/val/Citrus pest/2025_12_20_IMG (339).JPG,2025_12_20_IMG (339).JPG,Citrus pest,val,source_7bce4729b9fe79e42d20f6e95876ffb7c5a76fc6836765f5a0bd036456eeab44,train,7e8525ff291227d7838c0565a08e3121dfcb376dcfffe05b9f8e6be18a547589,1,singleton_no_enforced_relationship
dataset/val/Citrus pest/2025_12_20_IMG (343).JPG,2025_12_20_IMG (343).JPG,Citrus pest,val,source_91f017f02f4ab1a42d390776690a045c93694396fa0984f1f2cdbbf432ca29fa,train,12b6246860ab8d8ff6b0fc0dd096c5b64ef23b915cd0789731879c664d21eb04,1,singleton_no_enforced_relationship
dataset/val/Citrus pest/2025_12_20_IMG (355).JPG,2025_12_20_IMG (355).JPG,Citrus pest,val,source_5d2e95f5950295cfafb1ec982ddc4139e23551a37239f6ecc4742712ba3592da,train,e1accc586e1136d21aa812d19af258fa4bb9e7d311392534af768557f238d1cd,1,singleton_no_enforced_relationship
dataset/val/Citrus pest/2025_12_20_IMG (357).JPG,2025_12_20_IMG (357).JPG,Citrus pest,val,source_092946a21007ba885d6a62a99b5ee9f0575ec646e57816f7365ffd8f73bd44f9,train,84971c743814206b78fd3a33146599b561233727f9ae897cd94e40a93c62b8ce,1,singleton_no_enforced_relationship
dataset/val/Citrus pest/2025_12_20_IMG (366).JPG,2025_12_20_IMG (366).JPG,Citrus pest,val,source_ce3ebe6536602e0b933aef3026946c2e4c8d59e10c09bcddc42406946b8c2b67,train,ed4f266d21a131e26b724d42edc69459fa76bcae5adfc8cbb000155b2c964a42,1,singleton_no_enforced_relationship
dataset/val/Citrus pest/2025_12_20_IMG (370).JPG,2025_12_20_IMG (370).JPG,Citrus pest,val,source_1c36362a81f2383b4f5c5f34af18831e42bec158affff134907d1855db1d9120,train,179859fd82abf9ddcafd90fe43efe94c2eacc644588b7f787fc22ed277842d5d,1,singleton_no_enforced_relationship
dataset/val/Citrus pest/2025_12_20_IMG (373).JPG,2025_12_20_IMG (373).JPG,Citrus pest,val,source_d4eb3b39f78cbf6bc7db6bf16790ff4186811011295677418845f72a30bcb961,val,68bc51a48e196894897bd7aa79bdd5acbbb9fb3db616ea7d09ceb8a8ef718ee8,1,singleton_no_enforced_relationship
dataset/val/Citrus pest/2025_12_20_IMG (375).JPG,2025_12_20_IMG (375).JPG,Citrus pest,val,source_0f1355c62889d1be0777e5ee4ee8b41e0edebbcbd6d440a6587dc567f186beb6,train,29185ac9dc0f88685a1af986f2cc2952da2c8e1f7002c6fbfd2a6532d07db522,1,singleton_no_enforced_relationship
dataset/val/Citrus pest/2025_12_20_IMG (377).JPG,2025_12_20_IMG (377).JPG,Citrus pest,val,source_543f1fe55b8511277e991a6283d24f389b527da08ba9e86a411a6d2df8e4d733,val,609e4e92bf171b814e5ec826e18db504323bd17661d2e749cdc19a1772fbfc9e,1,singleton_no_enforced_relationship
dataset/val/Citrus pest/2025_12_20_IMG (398).JPG,2025_12_20_IMG (398).JPG,Citrus pest,val,source_a7eec08239e4dfb1f89f521d7d80c09017e4cd8c85667ea5a42c125f5cdaafc6,train,db31347ab069e9b527ef18523d75a921db01a99fbc2fa4906bc2cb76e4c5ab2f,1,singleton_no_enforced_relationship
dataset/val/Citrus pest/2025_12_20_IMG (407).JPG,2025_12_20_IMG (407).JPG,Citrus pest,val,source_7efd42cf95ff5e9e349d7bad801758c8ecb759a912f9cc37afc77683530fa448,train,4adedec3226fe1e24a2f1c4125ed59140376e81ca2eafd3b1bbe3992b4f1c2b2,1,singleton_no_enforced_relationship
dataset/val/Citrus pest/2025_12_20_IMG (41).JPG,2025_12_20_IMG (41).JPG,Citrus pest,val,source_39d759648ceeb82ba967f5a43d061d0a61a001f62f33dcb727767bc6086fead0,val,588a2fdc146f3596d33bbc70570365dadbf1807d14511f54ae072c408e496567,1,singleton_no_enforced_relationship
dataset/val/Citrus pest/2025_12_20_IMG (45).JPG,2025_12_20_IMG (45).JPG,Citrus pest,val,source_dd7263f7b2d8b418941e6f84adea783822540302295913be631b37200538c3b0,train,5bd86925be8c00e470b2b95715415776713d8b03b2d8985a15383f0da7db4ccd,1,singleton_no_enforced_relationship
dataset/val/Citrus pest/2025_12_20_IMG (51).JPG,2025_12_20_IMG (51).JPG,Citrus pest,val,source_11bc8b385b55918bc8dbcd803d72bcfe8a7ccde99b4bf66b13eafe7ee172d3a3,val,b103c12ea266895c74419b21299dbefe0e64c5e8f4880f18b1aeb56882fa336d,1,singleton_no_enforced_relationship
dataset/val/Citrus pest/2025_12_20_IMG (62).JPG,2025_12_20_IMG (62).JPG,Citrus pest,val,source_bb1afd3e5e5f1c7b4efadd43685b804169482f1b6e670c66e9cc6d5568c646a8,train,4fff59421f3ab13940a32e984654fe9de05a8fa2e539c7bf59ddaef78eed5c6d,1,singleton_no_enforced_relationship
dataset/val/Citrus pest/2025_12_20_IMG (70).JPG,2025_12_20_IMG (70).JPG,Citrus pest,val,source_a77bd8350a2017f1b7d83643814758c31be349cce942ebdfd9f0cb87e52ff187,train,6eaca2378b508c0904aa337577669229c3dc1e74f95fe38e3fedd446d9345d5c,1,singleton_no_enforced_relationship
dataset/val/Citrus pest/2025_12_20_IMG (80).JPG,2025_12_20_IMG (80).JPG,Citrus pest,val,source_a7dadf68371adb1a36fcac051565883edd0c7b2e151282c33bd078dbbc51f455,test,1cd26181418675f2f51d43d44fb96275c8e8eb1eb629a10554c568ff46d90e0e,1,singleton_no_enforced_relationship
dataset/val/Citrus pest/2025_12_20_IMG (84).JPG,2025_12_20_IMG (84).JPG,Citrus pest,val,source_dbc2edd431e9eaca742d19b37b7f21ceaecb52dd287564bdf9453caa37c28769,train,54db4f02fc6d9a0ca3aa8f39486fa561fcc399444774642897cda055d1a425e1,1,singleton_no_enforced_relationship
dataset/val/Citrus pest/2025_12_20_IMG (86).JPG,2025_12_20_IMG (86).JPG,Citrus pest,val,source_62eff3ac56e01b37b3c03c4ea518138782dd6b913647eed5da9f5b2bc958ff5e,test,539ca4d371038a0ea4d8f3baadcbd26c545fbbc62a58489c112e1b21a73b515f,1,singleton_no_enforced_relationship
dataset/val/Citrus pest/2025_12_20_IMG (92).JPG,2025_12_20_IMG (92).JPG,Citrus pest,val,source_086fe28be06acfe17c1a1fc7b0b24a312954bc02ffc7b50c39265d00245623f9,train,ca7a41ad3c21b7fbb6a1ebd1b5a47e5cb6866e3896f842777e0585815f1dc009,1,singleton_no_enforced_relationship
dataset/val/Citrus pest/2025_12_20_IMG (94).JPG,2025_12_20_IMG (94).JPG,Citrus pest,val,source_f6858af0c05ebb03c80e248c2f2279f739d6a20eff8309dbde7cb2be601af43a,train,e102c90d123a350a66538ef228b74718f0710b69da1fc8ae7896d3acb1405b54,1,singleton_no_enforced_relationship
dataset/val/Citrus pest/2025_12_20_IMG (96).JPG,2025_12_20_IMG (96).JPG,Citrus pest,val,source_891c0264cce162e694e52e5b8308bd7292902427d8368d34de0d4352554c3ae3,train,9258b7da9308f2532a6cf939cca314c99d83352a9b3794fecb5f3abf35ff2d9b,1,singleton_no_enforced_relationship
dataset/val/Greening/2025_12_21_IMG (12).JPG,2025_12_21_IMG (12).JPG,Greening,val,source_a4a09223acb3e0893cfc43143228756d28383ec0d5a0d555e6232ed5b88c988b,val,64e78bcc7bcdfa4f63ed20b0eff72b3f82cb0d92bfece4b067153225e4d9a8f1,1,singleton_no_enforced_relationship
dataset/val/Greening/2025_12_21_IMG (124).JPG,2025_12_21_IMG (124).JPG,Greening,val,source_8c51add521ab4932098a4f4ce584309664500f4fb6418ac63fc04209a8c32f2a,train,6436edc88c013249ae58537b2ab4375d1a3621bfb2ea3680ccd37aef1422f5de,1,singleton_no_enforced_relationship
dataset/val/Greening/2025_12_21_IMG (129).JPG,2025_12_21_IMG (129).JPG,Greening,val,source_4d0c58395f6774b72df5a04aa196936e56e4ddd9447679eef6dad8f4704c07b3,train,bd765936834db123e092fc39d22db637cc72e5978a4673c64092908bd210f346,1,singleton_no_enforced_relationship
dataset/val/Greening/2025_12_21_IMG (130).JPG,2025_12_21_IMG (130).JPG,Greening,val,source_1e39ea5ddaca0ebdb93066297144ee25510af6c992bd3b20b462d46728dab8b9,test,c014d34da8a21585d8b72f58e18fefd36b43225c27fc40989a7b5213a6cfc077,1,singleton_no_enforced_relationship
dataset/val/Greening/2025_12_21_IMG (131).JPG,2025_12_21_IMG (131).JPG,Greening,val,source_53fbc227e722e56f4b9399938564a4d7b46b6d69104d8d04beac9bb1adc491d6,train,3bba88a94823dd3451618139f3b92af3144cc94ef7544492d756e654d9062b31,1,singleton_no_enforced_relationship
dataset/val/Greening/2025_12_21_IMG (145).JPG,2025_12_21_IMG (145).JPG,Greening,val,source_71c3506b0e98cd37ba098968a54bea3cce5c3fd0c509d1b9698bb2f3591997bd,val,3b5f7fa9d9d5f400ddd1ebfea4ea4d7309453caf6d1355ae81a9c8d031bca56b,1,singleton_no_enforced_relationship
dataset/val/Greening/2025_12_21_IMG (16).JPG,2025_12_21_IMG (16).JPG,Greening,val,source_2e585e3c10b4fe56af65f5ae7b3768b0ca4243461e5ed7d6955d2897ba2eb640,val,fb4b8e579d2502ccde698f38da6cc871a9979da1f5eec74aa619b26fa42b4952,1,singleton_no_enforced_relationship
dataset/val/Greening/2025_12_21_IMG (165).JPG,2025_12_21_IMG (165).JPG,Greening,val,source_fd4f4f8b1a61fe1984b3ba45aa9d8e5018b6a0760240f88cedab9ba7d6f6cdd5,test,362c56b463528be29e3a3da7a13edd7fe80991ed58e0e712c11d9a1e06e492eb,1,singleton_no_enforced_relationship
dataset/val/Greening/2025_12_21_IMG (174).JPG,2025_12_21_IMG (174).JPG,Greening,val,source_7c4ef04673fc33e8350b76deada88753fe5c804ef56d7146072842b0000170f9,train,117a8d0b2377401117dd9bf0416f5f847a0b3a57dd335ed01a2796139328c639,1,singleton_no_enforced_relationship
dataset/val/Greening/2025_12_21_IMG (178).JPG,2025_12_21_IMG (178).JPG,Greening,val,source_aa80c7f682016e96f969e1fde8c275692daa02c5448b00b8135a835b0fd8c4f8,train,f74296ed5cbf9de29e381a8dafda6fd93e7de7658bf77c63348e8c2566dd9815,1,singleton_no_enforced_relationship
dataset/val/Greening/2025_12_21_IMG (196).JPG,2025_12_21_IMG (196).JPG,Greening,val,source_165b5666663f2bfb25b90db202c83aecad4ae9ffc7b7516683c031c30a80838d,train,0bb1491be4aae00c0731dd46619d8212e85e4847c32af2fff76fbf075b99de64,1,singleton_no_enforced_relationship
dataset/val/Greening/2025_12_21_IMG (197).JPG,2025_12_21_IMG (197).JPG,Greening,val,source_efb869bfec076000c12061ceb2c57c3437573a485fad53b884e54735bd1dd949,train,32d6762e98712e735c0823a4bf915d0703f4fa8ae40bfb579aa24718b060732f,1,singleton_no_enforced_relationship
dataset/val/Greening/2025_12_21_IMG (198).JPG,2025_12_21_IMG (198).JPG,Greening,val,source_f77adc4b193d1edbc3a394661ef366f85c3f5ebf1c122c036a5b4845f0cb18cf,val,76336409022bd3f820b20b40438b7ef526cc252c08cbb5f15d057f4c7c1b6202,1,singleton_no_enforced_relationship
dataset/val/Greening/2025_12_21_IMG (203).JPG,2025_12_21_IMG (203).JPG,Greening,val,source_47744380170f867f8fe18d1929ae1e30b2f89d310ab816b4d942dac450009616,train,42f3bace853ee3637bee8439ca564238130d9b75c2646b5c857ac9312cab353d,1,singleton_no_enforced_relationship
dataset/val/Greening/2025_12_21_IMG (204).JPG,2025_12_21_IMG (204).JPG,Greening,val,source_bf1465e7272b229a830d3267dc504ddc04b1a361e26deb5b3c3b00b566d1f358,train,63c9d29009ecfa26907cfdaa4b73e072769a848cd1d9c4eb12d42075ae02428d,1,singleton_no_enforced_relationship
dataset/val/Greening/2025_12_21_IMG (221).JPG,2025_12_21_IMG (221).JPG,Greening,val,source_62035eb0f3992c1a9bad0a938411f8ce157f1db6d50b7095f7580d75a0711a60,test,0e2ca3c2b03c7af81e04761b6131238e8ea958478c89aed9f44b2e0049a00052,1,singleton_no_enforced_relationship
dataset/val/Greening/2025_12_21_IMG (222).JPG,2025_12_21_IMG (222).JPG,Greening,val,source_7174abf5a79104d58d308a9556900757739cb31b71283af0bc7854110df4a4c5,train,2d4930bc2d7f1ac694396e604e9e09d9636c902a4912157661aec0385e053a07,1,singleton_no_enforced_relationship
dataset/val/Greening/2025_12_21_IMG (223).JPG,2025_12_21_IMG (223).JPG,Greening,val,source_23b645cb1f663ba743a1d596b075ef338829fd3dad7907ea69934ad120e35471,val,9691bbd3e74f2fecc6d1d0da559a86386cb141eef765454a11eb37bfc424e313,1,singleton_no_enforced_relationship
dataset/val/Greening/2025_12_21_IMG (228).JPG,2025_12_21_IMG (228).JPG,Greening,val,source_4806a51d6c1c9544d3829e23c21a7a3d9af32d5bfa0403f406585bac0d892295,train,965910f25f4b21250281a17dc36084a7c5deb8876f3ba3b1c283b160ea4287b7,1,singleton_no_enforced_relationship
dataset/val/Greening/2025_12_21_IMG (232).JPG,2025_12_21_IMG (232).JPG,Greening,val,source_0cbbb4ab0d8c5154f950f90840c4b5147d4e3806d93c7034b95391fc4dd2c04f,test,b531b9919fe869ca06290d5e6322be87073835ba5afacd85dd8dfb4dff6ab089,1,singleton_no_enforced_relationship
dataset/val/Greening/2025_12_21_IMG (233).JPG,2025_12_21_IMG (233).JPG,Greening,val,source_e9bb73387f153a522c3629ab836dfb3f39a250dec9aa6efffa1d1372908eeada,train,f07836dac45cd672254490850fb7959cf2f9b8df88589af69c807ebab6120495,1,singleton_no_enforced_relationship
dataset/val/Greening/2025_12_21_IMG (244).JPG,2025_12_21_IMG (244).JPG,Greening,val,source_4f2bf784b2e477aced59005953a2d87a041eba8309b26dbdb5e8f62e220cf7cf,val,fe71b7f2fa965a2c8b87ca6c835c5ca467b4830981c3c503579caea75a2fa763,1,singleton_no_enforced_relationship
dataset/val/Greening/2025_12_21_IMG (249).JPG,2025_12_21_IMG (249).JPG,Greening,val,source_492cbb95749fe7237fc5e49285b48e2fd6dc6b3f04978fb444ab9410f2b0c57d,train,e282b9c86897414ae0a6e8408d04441e716dda02671459f8db4591647d784bc4,1,singleton_no_enforced_relationship
dataset/val/Greening/2025_12_21_IMG (262).JPG,2025_12_21_IMG (262).JPG,Greening,val,source_b9561d6f58a42a15b571eab511187cd28ac69bfb0a35ef194035a8e9c0d92bf4,train,55f353ef258a3c88d05b5c40e434aa400a4d6d1e0106d866c5063528eb137a57,1,singleton_no_enforced_relationship
dataset/val/Greening/2025_12_21_IMG (267).JPG,2025_12_21_IMG (267).JPG,Greening,val,source_f07ae83225eb2c3669eb90dec01f2d8b170b11d74403766a7ea94a096d5ec918,train,f4a185627d59e3251d8fb659895873b6c8ea149c6aa4bb4759c3cd54ba4151b8,1,singleton_no_enforced_relationship
dataset/val/Greening/2025_12_21_IMG (27).JPG,2025_12_21_IMG (27).JPG,Greening,val,source_82e9dd88f7677f5af01c10470357661e7feee6f245a48b22c05ec9981c773214,train,b8e83df216c5238cad50d8e59a6f19d0e76bce11734f9f7bc091a26f056efef3,1,singleton_no_enforced_relationship
dataset/val/Greening/2025_12_21_IMG (270).JPG,2025_12_21_IMG (270).JPG,Greening,val,source_16b522d22996afaf403259114ae719aa00b0c24ad786b6a30405b282361f643a,train,1fbc0bbe3c0b019852f53f33161e40d7e1fb52e564708f353f164ce857a905a5,1,singleton_no_enforced_relationship
dataset/val/Greening/2025_12_21_IMG (271).JPG,2025_12_21_IMG (271).JPG,Greening,val,source_55de12a764802ab613fc4fc2fdd5b0314dc33693614f859851127e18cdd89cac,train,0b11ac5ae847d1e76ab50d92e557118704c16b3f4f8e512a2d296fb8aabbb3d1,1,singleton_no_enforced_relationship
dataset/val/Greening/2025_12_21_IMG (281).JPG,2025_12_21_IMG (281).JPG,Greening,val,source_b16b82590e0748119441d429d67a53bc371830d5be9720b29d3fa2fb019d91f0,train,13ced4c440a3d863d52f61ac2b42bb792e5968fe28755a12bcb78b523cb65a19,1,singleton_no_enforced_relationship
dataset/val/Greening/2025_12_21_IMG (284).JPG,2025_12_21_IMG (284).JPG,Greening,val,source_a19342728d3249d241443085776b73b6f4a3ec9daa2274174cd58c8febac9c02,train,05d5f37d54987aa627f484d5d98acfa4a486061ced54383c11ff939d59b9b7e7,1,singleton_no_enforced_relationship
dataset/val/Greening/2025_12_21_IMG (308).JPG,2025_12_21_IMG (308).JPG,Greening,val,source_2860bf95666295188289f8f704e0e1e208e22c613b434c614b86eed8233ea294,test,20d9661e64a1f96572543287329215de00a4dec729c9fde67d7a4549cf8702a0,1,singleton_no_enforced_relationship
dataset/val/Greening/2025_12_21_IMG (31).JPG,2025_12_21_IMG (31).JPG,Greening,val,source_e9af15d618f265a83c9a6eda69b9385f399b63ccd9c37ac9ebabf42e74164766,train,53763ef0562f19da5dc2c15bcbc6aa77842a785fc802c60782a68d3d50e73450,1,singleton_no_enforced_relationship
dataset/val/Greening/2025_12_21_IMG (311).JPG,2025_12_21_IMG (311).JPG,Greening,val,source_4234cadfc1eafafdb4a66290cc11e235988aedb612501ea3b54e58d1f57b3e58,train,8bf81c95acaf7bd7bb92f94d1f2b673e67a836bf64eb9f49445c77c2f5727e52,1,singleton_no_enforced_relationship
dataset/val/Greening/2025_12_21_IMG (321).JPG,2025_12_21_IMG (321).JPG,Greening,val,source_e93b95a5ab2fa201cb7072203fdfcbe1f3571da425b013d9f5869e315f3bd3d2,val,16b31560f916249bdb4feb1c7aa307aa42ad0782b91a505a6140c6bcec0ea783,1,singleton_no_enforced_relationship
dataset/val/Greening/2025_12_21_IMG (329).JPG,2025_12_21_IMG (329).JPG,Greening,val,source_0383ca15b42a1a77002a16888e731105c039faddbec996dd9a36a78142a0f3a1,val,9941b42a4f03afb60c24e53b977bb275262b723d80b92a4af01c6bad6ebcf1c3,1,singleton_no_enforced_relationship
dataset/val/Greening/2025_12_21_IMG (335).JPG,2025_12_21_IMG (335).JPG,Greening,val,source_0b40a0861b5bfc10806dacc2b1b99158ba4ebf24f3b7f656c26d836603d08102,train,e0aed8651e34f4a03d8f14fbd58b0b7e5208de6e949b908395f9380886bbb073,1,singleton_no_enforced_relationship
dataset/val/Greening/2025_12_21_IMG (337).JPG,2025_12_21_IMG (337).JPG,Greening,val,source_0cd1a6faefa9eb532c04fbba3a23c88d741097334596dfd34d368ff5420bf68a,train,04530c4be46b244439098d9e2e43f85768bdb040e89c118f614d831584ad7332,1,singleton_no_enforced_relationship
dataset/val/Greening/2025_12_21_IMG (339).JPG,2025_12_21_IMG (339).JPG,Greening,val,source_644ced79c299f3c5a671fcd9f0a2e029d0ee7a7702c417a5693618a615304116,train,a394d8ca224f12d03fac38b8395cd0b5f3e6ec6c5f6bc5f700d73604250a48c7,1,singleton_no_enforced_relationship
dataset/val/Greening/2025_12_21_IMG (345).JPG,2025_12_21_IMG (345).JPG,Greening,val,source_1a8d8c595325e3c81e4a1d1f41f6ee7ae416f5c16337d7573a9df3fdaae380e0,val,0975f96701eb7b9a68a0e383a41991042ee42f524ebe60d8ec3038445e199c46,1,singleton_no_enforced_relationship
dataset/val/Greening/2025_12_21_IMG (4).JPG,2025_12_21_IMG (4).JPG,Greening,val,source_0897813664e3fd4eff98af72bedf8d83e92bdfa8c32ef3c5f26fb5dcddd9927e,val,2b8d00a9100d4e731a7c6958788c6dc7832d39c2d227f877bb1764fa7e1e1c2f,1,singleton_no_enforced_relationship
dataset/val/Greening/2025_12_21_IMG (43).JPG,2025_12_21_IMG (43).JPG,Greening,val,source_beb867279b176757d1f411c233041a7d52baacbe5c489f629b17931492e593fe,train,12de7924db2c9f1182464c17981c538aa2862fb4fbabcd5b99479b676ba8fbad,1,singleton_no_enforced_relationship
dataset/val/Greening/2025_12_21_IMG (51).JPG,2025_12_21_IMG (51).JPG,Greening,val,source_131af4365b690e06d8af0f7cc0e13796cfb2a32d6a73b0e91b214d97b7c9db18,train,adcadf0684e9afd230206467761133cb27bf8eace75af4c0f63b39ba48be947d,1,singleton_no_enforced_relationship
dataset/val/Greening/2025_12_21_IMG (57).JPG,2025_12_21_IMG (57).JPG,Greening,val,source_2e858dfb18a631b3ca661eaa7eb0f9a34ca7cd889e8558bc63082aeee6db153f,train,bafe95fdf18f3cb6e6cedb37d04d13b7a21ec4867ac3f1176b72edcd1fa4283d,1,singleton_no_enforced_relationship
dataset/val/Greening/2025_12_21_IMG (60).JPG,2025_12_21_IMG (60).JPG,Greening,val,source_d11cf59651da99f84a2ec3b202871527817581cdb719a20d81279a4d0242d5a3,val,11dbec1fea1e8748259e05538f725283c0cb4489c1b85b2d765e0e88f3bd80df,1,singleton_no_enforced_relationship
dataset/val/Greening/2025_12_21_IMG (64).JPG,2025_12_21_IMG (64).JPG,Greening,val,source_a9f1f20ef05e3b06a0131e4f3989c98a6300593fcc1563f2c1e73331fb32f1b1,train,565e1342eee088f11b30b2bd322eb6e6aac9a731685ee93e1107ef142cb470fc,1,singleton_no_enforced_relationship
dataset/val/Greening/2025_12_21_IMG (7).JPG,2025_12_21_IMG (7).JPG,Greening,val,source_ba3d6776d72a3241b94a0ac0855c27aa266dd1a1d4d0f660d44d4d0af1359833,test,c42a967bb576c4b2698aac7c9014292fe05a74d24bb36d166b052ff0c9404a57,1,singleton_no_enforced_relationship
dataset/val/Greening/2025_12_21_IMG (75).JPG,2025_12_21_IMG (75).JPG,Greening,val,source_df7e14a81fd475371f1df30a391a55509f7145bd58acbf806a509df0eaa065db,train,6c4cc0977056b2680304cc992d761ffe22b423710d7a0f987db6137f66312ebf,1,singleton_no_enforced_relationship
dataset/val/Greening/2025_12_21_IMG (76).JPG,2025_12_21_IMG (76).JPG,Greening,val,source_90f7bf00693dd3561b14db13c942f8264f2420ba37ff344a729bdeac6ec7f43e,train,ec6bb03f91935da5bf14540d188579bf86ef371d8bd4f1dd5c7aaa467e04df85,1,singleton_no_enforced_relationship
dataset/val/Greening/2025_12_21_IMG (77).JPG,2025_12_21_IMG (77).JPG,Greening,val,source_05cf1514f582206d13b072dcd294327ce6a7bc2185638801e2c61c0da3d8819b,train,58e5ac4998d4cc63c026900be1e9efe78e484e7fe038d26a305434f87cd59149,1,singleton_no_enforced_relationship
dataset/val/Greening/2025_12_21_IMG (84).JPG,2025_12_21_IMG (84).JPG,Greening,val,source_1a365af31b50f934af82824c4f579ffa371fc6d00e40f194bc94f29328e040f2,train,c2ade3f9e527c532f5c095f7d6904ff3fcf52f56704d4ccaacf2496f88793ecd,1,singleton_no_enforced_relationship
dataset/val/Greening/2025_12_21_IMG (88).JPG,2025_12_21_IMG (88).JPG,Greening,val,source_b4c281b077db9841fdc4f0f07426c771c1fc65766936ec337cf267eade4ad32e,val,0fb54f5d48236fa3ac5e9bf7126bbe8e0faac1ea03dcd21663e462e7c30b948f,1,singleton_no_enforced_relationship
dataset/val/Greening/2025_12_21_IMG (95).JPG,2025_12_21_IMG (95).JPG,Greening,val,source_8655a16b8230d137a648bd7e5ac5b79f44b7878ab50b0ec27bde27e73d2b6dfe,train,64366f12e3440221e49cb6722b9eaa35b88f011c6ab13842f29a59102c22e466,1,singleton_no_enforced_relationship
dataset/val/Healthy leaf/2025_11_21_IMG (109).JPG,2025_11_21_IMG (109).JPG,Healthy leaf,val,source_097e70ec66d1f1d415158c9810b56769ff5379553534430f744faaa5e47b7f6c,val,c0c57a22a00522dee52aca32407cf33440f91be5075c1bc2f9b466056aa729d4,1,singleton_no_enforced_relationship
dataset/val/Healthy leaf/2025_11_21_IMG (114).JPG,2025_11_21_IMG (114).JPG,Healthy leaf,val,source_f0e665a9ae7bcdd1efa3864dd8e54664735872d3598fc6faa9157b7c13e6074a,train,a90d0f7a8b3c87907fef99f5b233b69b0b3ae0fd4c078ee63673654fdc6bf06c,1,singleton_no_enforced_relationship
dataset/val/Healthy leaf/2025_11_21_IMG (115).JPG,2025_11_21_IMG (115).JPG,Healthy leaf,val,source_13f8b38f22c31cb496022ec988d0297c872e2bade4ad44dca94abe0ae91ab77a,test,3b81f8a57b8d0e924a2c0f239836efab59ac72ee176b4bbd0167cb6390a973a3,1,singleton_no_enforced_relationship
dataset/val/Healthy leaf/2025_11_21_IMG (117).JPG,2025_11_21_IMG (117).JPG,Healthy leaf,val,source_e75dcde94d88ccdd2ee749b9d7ffb18097f1556774f9fd5a7e824b29095d74ea,train,82f6d2c87bb664f62c057451a1d3a8aa2cf0e3782c466befb15cf6917daea2e6,1,singleton_no_enforced_relationship
dataset/val/Healthy leaf/2025_11_21_IMG (121).JPG,2025_11_21_IMG (121).JPG,Healthy leaf,val,source_14a8b6d34a4291d6df4923d5b55fb462c731a260271e4d5e646a4f70a7381741,val,b3999009bc12d084ed418b51ae514e9343797b3d71c74ebac0d43f5e5d403992,1,singleton_no_enforced_relationship
dataset/val/Healthy leaf/2025_11_21_IMG (136).JPG,2025_11_21_IMG (136).JPG,Healthy leaf,val,source_24d747179b55535b69c885aa3f16f160c4ad121a0555b9ce433d1141b6fa2a85,val,f20573097807823fa7d8ca6d06cb70cc716858f4b9dd5fb37850f3161d0c1910,2,AB_pair_evidence;autofilled_SAME_SOURCE;exact_sha256;existing_AB_cluster;existing_AB_manifest;refined_capture_strong_link;strict_multimetric
dataset/val/Healthy leaf/2025_11_21_IMG (138).JPG,2025_11_21_IMG (138).JPG,Healthy leaf,val,source_77dc1c9a37ba04612edd86de4d5ddc797dee7ffb9f0ae1f5681a0d24ba06c77a,train,0d4a6f13a9845cc1955588d49bc468876d3b631ffff6a45d1bf20d931b960cdf,1,singleton_no_enforced_relationship
dataset/val/Healthy leaf/2025_11_21_IMG (147).JPG,2025_11_21_IMG (147).JPG,Healthy leaf,val,source_88299106e1ff38b02f7737e94577758b5e3196a6808c0047d178a58c86044e00,train,97e538cc793056e0adf7d6b88125ff872a640bcc66506ec8fab38ca4470690d2,1,singleton_no_enforced_relationship
dataset/val/Healthy leaf/2025_11_21_IMG (15).JPG,2025_11_21_IMG (15).JPG,Healthy leaf,val,source_ad5165eb21faf69eab92fb5a680a47cf7ae7e3b5ea7caef21862bcf9957655c3,train,5ce376466b65d554ab2d49647d1f1478f51234677ccce4299eda262d76586b1b,1,singleton_no_enforced_relationship
dataset/val/Healthy leaf/2025_11_21_IMG (151).JPG,2025_11_21_IMG (151).JPG,Healthy leaf,val,source_1673a2634b162c7b98ca54fae2e091151c7eac22c4c4ae0131772abe9f729e3c,train,86d542548d0405969e360c314098587248de8cdf72c86e038b4f436d24b0c411,1,singleton_no_enforced_relationship
dataset/val/Healthy leaf/2025_11_21_IMG (152).JPG,2025_11_21_IMG (152).JPG,Healthy leaf,val,source_6fd3be84cb275c0bfbfc3a5b9687006093b9e7c330665e69293aa1b8a2ac88b3,train,99212aec53f51c8b0d29dce9fc9b15e2509ee9c50e88de51f6843a99e610de8d,1,singleton_no_enforced_relationship
dataset/val/Healthy leaf/2025_11_21_IMG (155).JPG,2025_11_21_IMG (155).JPG,Healthy leaf,val,source_3ec5803b669d7f3e5b691ed1edbc12a2d54c1f177fa8cf3ac01871129b74c0be,train,d4f88802443d980fe9b9b40bb4d3b467b062531bf8c41cac16a3024ececc8908,1,singleton_no_enforced_relationship
dataset/val/Healthy leaf/2025_11_21_IMG (160).JPG,2025_11_21_IMG (160).JPG,Healthy leaf,val,source_9efe73a8181e5db0d103658234c24f8e8a1b23e29d76018d32bce449ccf1df0d,train,cb701fc9b62e16ce908ec509183878ebb6814ca001de1eb7f1138b77915f20e3,1,singleton_no_enforced_relationship
dataset/val/Healthy leaf/2025_11_21_IMG (161).JPG,2025_11_21_IMG (161).JPG,Healthy leaf,val,source_41c9012eccaef5098e97f6a40f5a36eaee6424f656de0feaa5f66d96c89518ed,train,17acde8b037dc890a881da4e5050e0caf610391a73997c85ab02d541a5e6255c,1,singleton_no_enforced_relationship
dataset/val/Healthy leaf/2025_11_21_IMG (166).JPG,2025_11_21_IMG (166).JPG,Healthy leaf,val,source_82dff3fe74098c23cec123069ada85d863b75fdb1039b31a77b50a9e3f90064d,val,61b903e13bca3145d29c7599a668a06a17faefe234b424d495dfd498cbcca233,1,singleton_no_enforced_relationship
dataset/val/Healthy leaf/2025_11_21_IMG (180).JPG,2025_11_21_IMG (180).JPG,Healthy leaf,val,source_7744760223b88a1a8c19641cb1ef9cd2964797b45e62bb633d64d122844ee8d3,test,ff04ea03102c63549c44ba5e066c251ed59729938b77cff9110101921200475f,1,singleton_no_enforced_relationship
dataset/val/Healthy leaf/2025_11_21_IMG (183).JPG,2025_11_21_IMG (183).JPG,Healthy leaf,val,source_aa124929a32ae45c3a62342e5e8e69875126471607592fa6338bea5289e22aa2,val,55a83ff8267e25ded7377f2bfaa1420078be7a449bc854c6f9588b52f12a8054,1,singleton_no_enforced_relationship
dataset/val/Healthy leaf/2025_11_21_IMG (184).JPG,2025_11_21_IMG (184).JPG,Healthy leaf,val,source_211e71bf37f79b0ec2248cd25c3652355ba278d9317ba95d495ceee4a3cad84d,train,ebee33a93c3854023ddbaf15b51f5eef65156c8018af730d2b10e47017983638,2,AB_pair_evidence;autofilled_SAME_SOURCE;existing_AB_cluster;existing_AB_manifest;refined_capture_strong_link;strict_multimetric
dataset/val/Healthy leaf/2025_11_21_IMG (187).JPG,2025_11_21_IMG (187).JPG,Healthy leaf,val,source_5970fafd63591022c369089e2cfb869fe2f5e9928c30028593aa42d465676b6d,train,385e0f3cce59c97fa744ba631d885736e806e40b81a4da92d16d942538b5bc32,1,singleton_no_enforced_relationship
dataset/val/Healthy leaf/2025_11_21_IMG (203).JPG,2025_11_21_IMG (203).JPG,Healthy leaf,val,source_db5c800bdcf59acf585d586238809454b07359715899d42875f2ee1b82f5f892,train,644cb425b1e29925f2dc51f7cf4e5a3045cb5e14bdc43ca175fe7a2b3b7b1e21,1,singleton_no_enforced_relationship
dataset/val/Healthy leaf/2025_11_21_IMG (205).JPG,2025_11_21_IMG (205).JPG,Healthy leaf,val,source_8e99b6230b35e00298f080d8ce601e4222b94e228f9338710689747f939d39c1,test,e268c14dbc1f497517529d74edb72f70761f2d55555432a91f5b83ae17d6f504,1,singleton_no_enforced_relationship
dataset/val/Healthy leaf/2025_11_21_IMG (221).JPG,2025_11_21_IMG (221).JPG,Healthy leaf,val,source_10e73ed51bcbaf0b86da48af46c8bd25af69b11f678ee9c6e51db496eea6ff32,train,9cce76e9d4d52b2c1b0a1b313e2371a364224f3f1d897405ac450e838b19b815,1,singleton_no_enforced_relationship
dataset/val/Healthy leaf/2025_11_21_IMG (231).JPG,2025_11_21_IMG (231).JPG,Healthy leaf,val,source_afe483cb3248d303d0d181102096019cd33d20797c6347e075591e4fa508d0cf,test,48607a73e879b7708c2e275751d37e4df33e72f77b581cb4bdce7de76bf4b259,1,singleton_no_enforced_relationship
dataset/val/Healthy leaf/2025_11_21_IMG (239).JPG,2025_11_21_IMG (239).JPG,Healthy leaf,val,source_d69bd9c5e399b30285427e3581fb4c131c289613f86b85fbf3e7b135f7f85599,train,ee37716ca4abb925e2858d4941d45ab7afd4dbc1d70aea5726eaf3c931901be8,1,singleton_no_enforced_relationship
dataset/val/Healthy leaf/2025_11_21_IMG (245).JPG,2025_11_21_IMG (245).JPG,Healthy leaf,val,source_bf9f83a2158716cca6f84d4d4730689053f9935b2233b4d3e0641afffd363712,train,6325a2aaa70c3c21bc5466512cd25f38001688b7424baacd7c5f93cb9e3dedca,1,singleton_no_enforced_relationship
dataset/val/Healthy leaf/2025_11_21_IMG (246).JPG,2025_11_21_IMG (246).JPG,Healthy leaf,val,source_e53133a7f2fbd5c0111a3c60d7574f2718625e34f1ce69693a2d07d4d49c2bb8,test,34d566bdacafda2d418b4f3e1d9d1da46c60281c6321d9ce55784228cfb710ca,1,singleton_no_enforced_relationship
dataset/val/Healthy leaf/2025_11_21_IMG (248).JPG,2025_11_21_IMG (248).JPG,Healthy leaf,val,source_724be121a076d4c0ee17d4e49b3ce07cb17bf070935f3b1eeb3be426769ef7a5,train,a1e0cc61b3f99aa7dcba4deefe21e93ae80a1d740d847d52a0beca42a115dbd5,1,singleton_no_enforced_relationship
dataset/val/Healthy leaf/2025_11_21_IMG (251).JPG,2025_11_21_IMG (251).JPG,Healthy leaf,val,source_42b858beb49ccb86d3d83369621ca5173df582905cc084f8f56adbbeba34a8f7,test,5ea4e56804e64ca4691dca4f2508c2069c6990a6d7bc9c7215128fe2b064dbfd,1,singleton_no_enforced_relationship
dataset/val/Healthy leaf/2025_11_21_IMG (253).JPG,2025_11_21_IMG (253).JPG,Healthy leaf,val,source_eed8e07c9747971159709a70e5282e19206e36ed678780d15d75d20f083e7251,train,9e922534eb2c946446440c694db7928c1a50379edc9600fc91d502dce03cef84,2,AB_pair_evidence;autofilled_SAME_SOURCE;existing_AB_cluster;existing_AB_manifest;refined_capture_strong_link;strict_multimetric
dataset/val/Healthy leaf/2025_11_21_IMG (257).JPG,2025_11_21_IMG (257).JPG,Healthy leaf,val,source_c6d02a270df87a2af6a81b8d95aede83641ea55811c0ddd1f985e764d35a88da,train,559fb5b9d0befd64f7a20533803d03b5cd81150dd1d69c51e02f32325ea82e7f,2,AB_pair_evidence;autofilled_SAME_SOURCE;existing_AB_cluster;existing_AB_manifest;refined_capture_strong_link;strict_multimetric
dataset/val/Healthy leaf/2025_11_21_IMG (260).JPG,2025_11_21_IMG (260).JPG,Healthy leaf,val,source_0191ded32b00d39521be4b68823cc32935df679aaeeef68bd185d3df41395022,train,9e95f1132144a967ef1b4a25bf563c82ba7ff9496e58b17cb8d4864c49f474ff,1,singleton_no_enforced_relationship
dataset/val/Healthy leaf/2025_11_21_IMG (261).JPG,2025_11_21_IMG (261).JPG,Healthy leaf,val,source_7c2115e8e99b01bea5ed397ccca6e912db41be4c3e0e9dee2328db96d1b0cbd6,train,a72ed79ad060d22d4ad3a6239a700badd6f64ebba0d7a37ccab7c7a22bd68b56,1,singleton_no_enforced_relationship
dataset/val/Healthy leaf/2025_11_21_IMG (267).JPG,2025_11_21_IMG (267).JPG,Healthy leaf,val,source_268667eb0c81bae48b9a7f435bdc00ae81a147f7ad5b6fe561aa3be89d106ff7,train,a92caefc9e8e5bcf54e4b6de16c793ddd30e9b2827701c010d27b0e515da3527,1,singleton_no_enforced_relationship
dataset/val/Healthy leaf/2025_11_21_IMG (277).JPG,2025_11_21_IMG (277).JPG,Healthy leaf,val,source_16a6d0b1e7f44563fe6c4b483722180c3519f381446475f5c3cd5d66cbe9ef60,val,9b0c5e9d4af82194eb7576f2b0cd518119285c0acb3d2fb04cbf22bf8dbfe653,1,singleton_no_enforced_relationship
dataset/val/Healthy leaf/2025_11_21_IMG (291).JPG,2025_11_21_IMG (291).JPG,Healthy leaf,val,source_5f186c4100725e991342a71eb2afd0fbdb17931d24dc144e1c35e47231df156e,train,5a1124b2d674283a44ab8121b7c07a48b3801890de1471930d0aa769fb7cce55,4,AB_pair_evidence;existing_AB_cluster;existing_AB_manifest;refined_capture_strong_link
dataset/val/Healthy leaf/2025_11_21_IMG (296).JPG,2025_11_21_IMG (296).JPG,Healthy leaf,val,source_4844617351e34d302f04c14bbc2c9230bc5f663195ebb8362e2757d5918db820,train,073d2ad2c3a03a7f34cc513c7b25dc979e6c1299cb961883ad129ccc74b137d2,1,singleton_no_enforced_relationship
dataset/val/Healthy leaf/2025_11_21_IMG (299).JPG,2025_11_21_IMG (299).JPG,Healthy leaf,val,source_572a2eb49d36f38a92aa3b677e36851f18a27a05a67fe77c6e567703e3747703,val,beb555a6f3832cc57239df5d5d5017b062115b9b68385851831947fea52ff745,1,singleton_no_enforced_relationship
dataset/val/Healthy leaf/2025_11_21_IMG (4).JPG,2025_11_21_IMG (4).JPG,Healthy leaf,val,source_3912dc410aeefb36028566c62fddaef19e44ff0b789ecf0a3171d6e1a83e8b2b,train,5a0ea48976a11161ef17bc08f9abc5f38a3444f1034f518cb530cb3d87fe6da4,1,singleton_no_enforced_relationship
dataset/val/Healthy leaf/2025_11_21_IMG (42).JPG,2025_11_21_IMG (42).JPG,Healthy leaf,val,source_56d734a0d0fa5ebba2539033bb79052be5653235e633e56d1a51c49537427ece,val,04f9c2d50b4172a7619e0da4a67124b10c5564d4ca92f88ecdf7d1050ce6f1e7,1,singleton_no_enforced_relationship
dataset/val/Healthy leaf/2025_11_21_IMG (45).JPG,2025_11_21_IMG (45).JPG,Healthy leaf,val,source_1008324bbe1c560f3935858edbb2254b6fcf688cce2f3dac4f6cc7d7f05c4097,train,8e4dd29b612ae7c08bdc0843a3301b99aa9da9664f174c85db907c0d20b62a46,1,singleton_no_enforced_relationship
dataset/val/Healthy leaf/2025_11_21_IMG (66).JPG,2025_11_21_IMG (66).JPG,Healthy leaf,val,source_50b4dbd014711b81c8d7f3f739e434ff49ba49e8f603f03674e1db8e610326b4,val,c2e6fadb771a6b99d621b71265d8f0704ab2214e583b503ebd95ae997aff69eb,1,singleton_no_enforced_relationship
dataset/val/Healthy leaf/2025_11_21_IMG (68).JPG,2025_11_21_IMG (68).JPG,Healthy leaf,val,source_82be12ca7ac5ebdfcddc2285e4a46d4692b72d08b13d9909e51807c6e81a0b6c,train,b94a041e0bfb5283e16e56a3e6eb203d6f771ee9ffa9499f4a68becbf2e717f4,1,singleton_no_enforced_relationship
dataset/val/Healthy leaf/2025_11_21_IMG (74).JPG,2025_11_21_IMG (74).JPG,Healthy leaf,val,source_14ad5d7483c5b2cef649e624e0111ba8e3cca819ca7bd9bdc5c0b7598c224f21,train,22ffa7cc48bd89d39161f5dff67f7e1770f1bb11f059b7f0c7902a52c316c32f,2,AB_pair_evidence;exact_sha256;existing_AB_cluster;existing_AB_manifest
dataset/val/Healthy leaf/2025_11_21_IMG (75).JPG,2025_11_21_IMG (75).JPG,Healthy leaf,val,source_14ad5d7483c5b2cef649e624e0111ba8e3cca819ca7bd9bdc5c0b7598c224f21,train,22ffa7cc48bd89d39161f5dff67f7e1770f1bb11f059b7f0c7902a52c316c32f,2,AB_pair_evidence;exact_sha256;existing_AB_cluster;existing_AB_manifest
dataset/val/Healthy leaf/2025_11_21_IMG (94).JPG,2025_11_21_IMG (94).JPG,Healthy leaf,val,source_4b97c213bb41372e01922b8ad43488168381b630471ac3c704d701868bd9a517,train,36912b9f8fc8f7619f02effaec519ec17a398688b9c85fa3391edc4c617523b4,1,singleton_no_enforced_relationship
