source_group_id,class,group_size,new_split,group_reason
source_00282d481462ab4f866336bbea771c5c482435d8e7a793309b6bce428fa0ff9d,Citrus pest,1,train,singleton_no_enforced_relationship
source_003b39512620a3a64d5e71c8b599f8e519ddc8e4b36caf54e88ca919715c7c48,Citrus pest,1,val,singleton_no_enforced_relationship
source_0051b93f95d958ed7415af220f284791a16e121942232702dfd601f12c621bc5,Greening,1,train,singleton_no_enforced_relationship
source_00718269bf464c48e2798bb59698138ae94e7f21841cd4275edfcf9d0ece0139,Greening,1,test,singleton_no_enforced_relationship
source_007315a578f60391f36136dd9929e48a3ba964dcf8aee636eb9359a0e17ec8af,Black spot,1,train,singleton_no_enforced_relationship
source_00824bdf912f0f7c79f7315feff156511085af55826c9bf9c42f57c489d8bdbc,Algal leaf spot,1,train,singleton_no_enforced_relationship
source_00b3395fdbdb2a42144804db1d8fb19b2373e7a585215dd24ed636f0ad748d45,Greening,1,val,singleton_no_enforced_relationship
source_00bf9e8174063c981759195715a944055232a557a223a8e4f8523b03a2b85968,Citrus pest,1,train,singleton_no_enforced_relationship
source_00d51fabab919bd71feed0e87e07255419c8dc1f184598c77f0f3bed139cc116,Citrus canker,1,train,singleton_no_enforced_relationship
source_00f17016cac85665bb08e503d29af2dca0ac30661068e1ef6a574840df1dacce,Greening,1,train,singleton_no_enforced_relationship
source_0126167f3cd2e0110f01013a37b666745b01776fbf3758b4f2abb2ba1b5e959f,Citrus canker,1,train,singleton_no_enforced_relationship
source_013660471e73c73f423631cb7be14a734a0e80fe6ba7d58397e89bd77436d009,Black spot,1,train,singleton_no_enforced_relationship
source_0139ed88c5b3f25cd13db6271f2c912f44e1793480807ae56a060581ea5813d1,Citrus pest,1,test,singleton_no_enforced_relationship
source_0140f65ea661d124544d8dc54dd9b5440b57306823a236af1bad313002368993,Algal leaf spot,1,train,singleton_no_enforced_relationship
source_0191ded32b00d39521be4b68823cc32935df679aaeeef68bd185d3df41395022,Healthy leaf,1,train,singleton_no_enforced_relationship
source_01d8eb5b4734736d443fea61961ced03eb116c1f6c3d9b0e6a28b495e4f41932,Healthy leaf,1,train,singleton_no_enforced_relationship
source_020932fb4b18f09fbcceedeb4952792e9ad6bd8de43c9dec889b3890f3d559b9,Algal leaf spot,1,train,singleton_no_enforced_relationship
source_021355ef6c1906ab7b9868246f9a67d75dcfe4241cc6df0f50feb185d1e4c858,Healthy leaf,1,train,singleton_no_enforced_relationship
source_022176f2c9ebb4227afd138c8b479559681e252f42ffd977a8c2fa8249fc3473,Algal leaf spot,1,train,singleton_no_enforced_relationship
source_024c0cfd58a46a86884834ff6c2aeae5aadc805090016db3fe765b48f71db04b,Citrus pest,1,train,singleton_no_enforced_relationship
source_025ad2193764ac40e33b52c92c563927755c9f09591048f24ce7890b7e594c99,Healthy leaf,1,test,singleton_no_enforced_relationship
source_025db1660ddbe1f93d7b54df0d76c7f63eec36e471a193282589b05ff865f62c,Citrus pest,1,test,singleton_no_enforced_relationship
source_029aefa3bc09577b2ea624f80e3272c4964b08521a98663daf94666fecdb126d,Algal leaf spot,1,train,singleton_no_enforced_relationship
source_02a7ed9b6f3d895d050ae1a08932286aa2d7010c4d10abe6965a20546eb24e3e,Algal leaf spot,1,train,singleton_no_enforced_relationship
source_02ae75b26bccd119f60f41a85d8e8200e35666319ebacbd00be52c85b897c9d1,Citrus canker,1,train,singleton_no_enforced_relationship
source_02c39e4401ca3fab78d5b7bd6870fa7fe0edb022bc3f611960474dd24e0cfb15,Healthy leaf,1,train,singleton_no_enforced_relationship
source_02d89b788ba19e7d381de9b78939827caffc505739c9a6dd3104d37040666ba6,Citrus canker,1,train,singleton_no_enforced_relationship
source_02d9f63741a8f1c1eece99cf6f2aa9394fc5f5a94ba0562d18c3c3fcb4a497e3,Healthy leaf,1,val,singleton_no_enforced_relationship
source_0308e79b2a813cca6a147356cba76dbbc644c55aaa0b04894ebf012683d069c5,Black spot,1,train,singleton_no_enforced_relationship
source_0312773a7bc1e311ae8bbe74046056af8866789ddfc2ade8ac594bb9542d3194,Algal leaf spot,1,train,singleton_no_enforced_relationship
source_0319a0776ab0438c413a078e7dd6f350c900bb894ab19678bb99d72b6101bce7,Citrus pest,1,val,singleton_no_enforced_relationship
source_033bb3bbc106a4fb01a6b6096e0463d0e5e0dcd3e0a7abc491f3344ecd8a3738,Black spot,1,train,singleton_no_enforced_relationship
source_034cb19c726b2364428003baa8310c52ac67b7b5b75a8fbd910a51dc81e5d316,Citrus canker,1,train,singleton_no_enforced_relationship
source_035f2b2a7363d10b850561741e38cde4fb3e9ef8d8a5d099ff4906223c48aa44,Healthy leaf,1,val,singleton_no_enforced_relationship
source_0383ca15b42a1a77002a16888e731105c039faddbec996dd9a36a78142a0f3a1,Greening,1,val,singleton_no_enforced_relationship
source_03a1cc64569fea526da7eefde484a7175b0b287a49c829c80af3e842890a4831,Citrus pest,1,val,singleton_no_enforced_relationship
source_03b8ce317de5f9cc25378d46110e31265431becce1e63e5fd1dbbc809a0aefcb,Citrus pest,1,train,singleton_no_enforced_relationship
source_03e5a9c63e88c4e59a14c582d5a50e484d59db49bf754af5c4f78b7547cee795,Algal leaf spot,1,train,singleton_no_enforced_relationship
source_042a0af39cad5461568736c056de037d764acb1eeb9ce9eb042d95c4194b75bc,Citrus canker,1,val,singleton_no_enforced_relationship
source_044d1f47e8a15dab726db57549fc2bee90823d4e191a791dc902fed1b420f6c4,Citrus pest,1,val,singleton_no_enforced_relationship
source_045f30cde625008270328a333641900610b155089a9f0fca264b00043f7de914,Black spot,1,train,singleton_no_enforced_relationship
source_045fc5a34a8fc1bf3b6bbb59b4264fee3e1e26389a8e245698ea7d064aafb3f3,Citrus pest,1,val,singleton_no_enforced_relationship
source_047183cb65f54da60d15d479661ad47577623c31136da69a4fdf348a1e883fea,Healthy leaf,1,test,singleton_no_enforced_relationship
source_04c60f86956e085ef9cd3bf5d5ad501bb2af79b9b45e017ac625546426e66a81,Healthy leaf,1,train,singleton_no_enforced_relationship
source_04c66449c5e02c0792668d676218caad69d14502c30769df248bdfbc73f715f8,Healthy leaf,1,val,singleton_no_enforced_relationship
source_04db462d6c4179ff4aade9782d35eea38b5c4b99a60bec434ecc1403d4666e45,Citrus pest,1,train,singleton_no_enforced_relationship
source_052ab2b7d3805b030a3cc0e14663bc16e0bb97d9c6288b04f3e226e9f8101d18,Citrus pest,1,test,singleton_no_enforced_relationship
source_0579b6ffc820cbe3d4d75ae221e0ffcdce6e67533ee30e57e644081c51f870db,Black spot,1,train,singleton_no_enforced_relationship
source_059cf911dacc39bfba4887f4978227fb6052bd45ba87d052fe1142a486aac613,Greening,1,test,singleton_no_enforced_relationship
source_05c4605c38aac821334f4d66e9685d9d9add03fe24f7a51f96854d2cf3bf119f,Greening,1,val,singleton_no_enforced_relationship
source_05cf1514f582206d13b072dcd294327ce6a7bc2185638801e2c61c0da3d8819b,Greening,1,train,singleton_no_enforced_relationship
source_05d1c9563d2ad8b92bbba8f2e46c30d4b74efe486c8ec196f02e2063dea95740,Greening,1,train,singleton_no_enforced_relationship
source_05ddae35540f6ff0e13e5db901cfb39140fd29967cbd7832fe208cb5bee29375,Citrus pest,1,train,singleton_no_enforced_relationship
source_060e4d256f6b52199eaed48c11bf472de0a5668a7b72a43beb1fa47f0e09a8c7,Algal leaf spot,1,train,singleton_no_enforced_relationship
source_0632bb0bbf3544411c23c9c3378c1f6e16f8b50de14239d0440f899dc1393834,Algal leaf spot,1,train,singleton_no_enforced_relationship
source_067c8a3925dab71254ed3479f49a22c5f43c5d1fc5ef188330f4b1d68b87efc3,Black spot,1,test,singleton_no_enforced_relationship
source_068baf97841b766d07e905d80ba9bd45e72097e2e844b1d4b75e915d2a5254ec,Algal leaf spot,1,test,singleton_no_enforced_relationship
source_06e1763be364b85be6773be20f6c94ea790389639a55bf3dc133823df12909fc,Citrus pest,1,train,singleton_no_enforced_relationship
source_06e83fb3f66bf0610d5ac674f7353e0449cdb3ab39dee876dd6d998f5b6e227f,Citrus canker,1,train,singleton_no_enforced_relationship
source_06ed44a0375217b1a31765f6068f0c047f18814b52072c0b044284b6d40178d4,Citrus pest,1,train,singleton_no_enforced_relationship
source_06fe18e685706175eef93f7f193037abb9232aa94470260d873d2fbd5f85426d,Greening,1,train,singleton_no_enforced_relationship
source_074cf6c16f50f2c334491fb759bd2911f6954be5052e4526c323664444460b48,Citrus pest,1,train,singleton_no_enforced_relationship
source_0759b6875479674e252e4a9f4dd673a9d51ebc53a7bc5f8505655b80edb5010e,Healthy leaf,1,test,singleton_no_enforced_relationship
source_0780de0302af97a78e1ef003512f14bdee3c6334be954f82eef65c54ed239ec9,Healthy leaf,1,train,singleton_no_enforced_relationship
source_07f1eb9fb98c1e0fcec94686eb7f6cd851552b402639f64b35c944cda9fabb01,Citrus canker,1,train,singleton_no_enforced_relationship
source_081c89316f9260e94dd3b8d1ef4cd99f4256c0e2b357f962ada980b247837e78,Greening,1,train,singleton_no_enforced_relationship
source_0833ba3e866310c25ab26b0ddf8eb38b140a3085e48137ef51e36029838bc513,Citrus pest,1,val,singleton_no_enforced_relationship
source_084b7cec7b1e70933f4af0aee0362e7e792f25d58c2753e740796b705ced80b1,Greening,1,train,singleton_no_enforced_relationship
source_086fe28be06acfe17c1a1fc7b0b24a312954bc02ffc7b50c39265d00245623f9,Citrus pest,1,train,singleton_no_enforced_relationship
source_0897813664e3fd4eff98af72bedf8d83e92bdfa8c32ef3c5f26fb5dcddd9927e,Greening,1,val,singleton_no_enforced_relationship
source_08a164d6e3cb6f3b74fbcbcfdb812846763cfc642fbab03cf8260dd345f3c7a9,Citrus pest,1,test,singleton_no_enforced_relationship
source_08c8abe01dc6730226497e9c38d43dc7b0cf85a8f3cdbe57ec5cbd9e93b4eba0,Citrus pest,1,train,singleton_no_enforced_relationship
source_08dd273820987f0418530464c562515309f6ce2db467c6f6e71c02dda25001bc,Healthy leaf,1,train,singleton_no_enforced_relationship
source_09198be8e67fe0b3eef3eccc94ce23abfa2578069e7d405abba58fcd78e1d53e,Black spot,1,train,singleton_no_enforced_relationship
source_092946a21007ba885d6a62a99b5ee9f0575ec646e57816f7365ffd8f73bd44f9,Citrus pest,1,train,singleton_no_enforced_relationship
source_096faf53d540ff2d39fb2f9488e4e281aabbe2c45b44dffcc40cf9fbee75e8c2,Citrus canker,1,val,singleton_no_enforced_relationship
source_097e70ec66d1f1d415158c9810b56769ff5379553534430f744faaa5e47b7f6c,Healthy leaf,1,val,singleton_no_enforced_relationship
source_0986becc75e251d97d26e0bab7d23e9ffd60043ee49fdde998e7121f3d71a49c,Black spot,1,train,singleton_no_enforced_relationship
source_0993e66a94efbde197abbe160f9d7135443e26ee4df03675d8d019445cdae273,Greening,1,train,singleton_no_enforced_relationship
source_09c6f3b506f1da9eebcd680aad1ce2aa02452c878caba90e21fb3082f1d3ddda,Citrus pest,1,train,singleton_no_enforced_relationship
source_09d772150c85faf89c6885e69c8e29eaa58288d7ea8a7c9845f443b1c8524710,Greening,1,train,singleton_no_enforced_relationship
source_09e4c5bbf2166bd2d25ca37714e044f78abb1ac6ba40ba9c9d1f813d03bf8adc,Greening,1,train,singleton_no_enforced_relationship
source_0a063d016768f5fedc19b7966f5baf738b0fa589674a4723d6817e054aff7159,Black spot,1,train,singleton_no_enforced_relationship
source_0a37bb6634e172adb9ba9f85e43ad242786498119aaa550ddd9c2f8464746e23,Algal leaf spot,1,train,singleton_no_enforced_relationship
source_0a5926aeaaec0d1c092583c6e9f1fd46f8232f5b5cf3a71236f39867a3c9d12b,Greening,1,test,singleton_no_enforced_relationship
source_0a85277ef285ba36975dcf72e197cfaf712e42b3e80564b735a9ddf42d1e38a9,Citrus pest,1,train,singleton_no_enforced_relationship
source_0aa6b08d155cc17b455f87403f15461bff5ea6965eb40a04ea2c705fc206506c,Black spot,1,train,singleton_no_enforced_relationship
source_0ae29de353a7cfbcc4602bb5685ad79406e8bd5a20a49958d2adf5915bea0cdc,Healthy leaf,1,train,singleton_no_enforced_relationship
source_0af33f9a81f4b2065ca43a07c8fca76855046037e5574bf7f7085aac034b370a,Algal leaf spot,1,train,singleton_no_enforced_relationship
source_0af38cb20a39072940d374487a55e2a9720704e1efb4489b2fd7e26154860504,Greening,1,train,singleton_no_enforced_relationship
source_0b1e3dc4c59835a6c6a64d33916ac5816d0c2442061c1a31491408c9a8cda7c0,Healthy leaf,1,train,singleton_no_enforced_relationship
source_0b317fb8ea9a32d988e0d8040e7f96fad7a01e8484db6eca3c75210fadb46669,Black spot,1,test,singleton_no_enforced_relationship
source_0b40a0861b5bfc10806dacc2b1b99158ba4ebf24f3b7f656c26d836603d08102,Greening,1,train,singleton_no_enforced_relationship
source_0b4500ae74be66403843b65bb3c326c7a2b088fecaf70b937b2d9e87e8b99d28,Citrus pest,1,test,singleton_no_enforced_relationship
source_0b8ed61288252eb9c3c93fd3aee56fa37102d33fe80f635b063affdfeb32d15b,Algal leaf spot,1,train,singleton_no_enforced_relationship
source_0bc378823e71d174cb12744b78dd22bc56f5246e8a8f83242e8f78eb51aab052,Citrus pest,1,train,singleton_no_enforced_relationship
source_0c16f2ff74291d6bbac58273cfa54988fc33e701e69aa1ed32f72fd588b1a966,Black spot,1,train,singleton_no_enforced_relationship
source_0c6da2fb119e7d909749e6e41c2214fa8fd1ecfd0bf10114bd757cbf56991e89,Black spot,1,val,singleton_no_enforced_relationship
source_0cb84a2d5298945ad8d279c7e2bff8a2b6d08646ff0a0a7d2940e4022d0afb61,Greening,1,train,singleton_no_enforced_relationship
source_0cbbb4ab0d8c5154f950f90840c4b5147d4e3806d93c7034b95391fc4dd2c04f,Greening,1,test,singleton_no_enforced_relationship
source_0cd1a6faefa9eb532c04fbba3a23c88d741097334596dfd34d368ff5420bf68a,Greening,1,train,singleton_no_enforced_relationship
source_0ce74f74e5ba7632cccf58e7e7625d2c9747b50d7dc69f8b413714515dfc0e1e,Citrus canker,1,train,singleton_no_enforced_relationship
source_0d18fa6861c2e2c5e7802fe6d2fc19efddf7504709d62f99c5d15065a0b12633,Algal leaf spot,1,train,singleton_no_enforced_relationship
source_0d3288d0860f558cb8eb31ad370b3d282d73ffe53f9f10c8c29cf6e823c0a0a5,Black spot,1,train,singleton_no_enforced_relationship
source_0d7766e6ddc2302dc99a5c45fb764819b4935d1e2f115868fd9b2282c27f468f,Black spot,2,train,AB_pair_evidence;existing_AB_cluster;existing_AB_manifest
source_0dc0d567c504b9edb850b080feb9984af26ed7dcdb3658f6e8919806c844a8b1,Algal leaf spot,1,train,singleton_no_enforced_relationship
source_0dcf2c0221cac6807a129a2f7660bdd5ccc41c819ff68c129260151cde161ef1,Citrus pest,1,test,singleton_no_enforced_relationship
source_0dd19a986e73026503864403bb626238df86562dffb958374c581ca48dc28ce5,Greening,1,train,singleton_no_enforced_relationship
source_0dd2cfab5e9b0c246af71f872dd9dd2f38a721b05087d017b4f3c443dab71ca8,Healthy leaf,1,train,singleton_no_enforced_relationship
source_0de1ce89bb4f67c1f503af21f1691f26f2dca38fe5d189c62e74e35f51f0ce2a,Algal leaf spot,1,train,singleton_no_enforced_relationship
source_0e130b073e137c405a5f8bfa8f0ddc0678a7177873c107f2cb338d7bc0c090e8,Black spot,1,val,singleton_no_enforced_relationship
source_0e1ccbf7e872ebcfc16f0629523aac1385bbab31bd8836838ae590a578dda952,Black spot,1,train,singleton_no_enforced_relationship
source_0e4383ebff3e04255e71acc53f402fcdfaf365a1df7442751fd03564a3893cee,Algal leaf spot,1,val,singleton_no_enforced_relationship
source_0e4f6a6520ec2b0267012d67122f332e584f15dcaa0edb59436e1019f0584b29,Greening,1,train,singleton_no_enforced_relationship
source_0e781244c1f511fc0c8533d1f81d7b8ebedaf7310e2677c8f055153e279496e8,Black spot,1,train,singleton_no_enforced_relationship
source_0e8cb853d048fb15381411dbb34bec86e27c056c251054af0deb2c3a533a7390,Citrus pest,1,train,singleton_no_enforced_relationship
source_0eaa2c89862c8afe97eb64fa22c7be5d1b50791f026bd6785c2cda5ed81627de,Healthy leaf,1,train,singleton_no_enforced_relationship
source_0ee3dda578a2fc65fbddaf977750c0c01ec64c434194654cdb424eb5e0dbe724,Citrus canker,1,val,singleton_no_enforced_relationship
source_0ef1d5a5c488733d070f531a0b167e6132abaa8b1811e28a542dfed4e99573b6,Citrus canker,1,train,singleton_no_enforced_relationship
source_0efb7df13df3b3f3a941f10e8545a753bc3f76d4593cfaf284e2ef27fe953e6d,Citrus canker,1,train,singleton_no_enforced_relationship
source_0f1355c62889d1be0777e5ee4ee8b41e0edebbcbd6d440a6587dc567f186beb6,Citrus pest,1,train,singleton_no_enforced_relationship
source_0f173508e9998ba6801591b8c8f9f1bb508ef5f6d5ae541f6209515263948bf5,Citrus canker,1,train,singleton_no_enforced_relationship
source_0f397425f46c0a3833426a14e466969e53d316375039fc5a5cc85dd588f2f1b3,Black spot,1,train,singleton_no_enforced_relationship
source_0f6c4ffeb604ae2b939b22121eda1dd69faa73d823f447c9b56e21e89195891b,Black spot,1,test,singleton_no_enforced_relationship
source_0f7a9126e5fe75ae94edd378218dee1854a3ca662afc86aa11a5d37b1e354e17,Black spot,1,val,singleton_no_enforced_relationship
source_0f89daac5eb6bd87deb89c19f8d68e7e3e33ad18409b2fd4ddc05d7e575c329b,Greening,1,val,singleton_no_enforced_relationship
source_0f89ff5a2dad1a1768aa273f62a06fab2caee3b185d0286aa4be66f68bca89ae,Healthy leaf,1,train,singleton_no_enforced_relationship
source_0f99c3c5758d24556d1f1dabb7d2ac2e7a4e4825932bde1ceae2c0adad4c38f1,Black spot,1,train,singleton_no_enforced_relationship
source_0fb0f85a7cf7f92ca141e5ebb04695b6611bb636f38cf167c5c970af8d0d6c7f,Greening,1,train,singleton_no_enforced_relationship
source_1008324bbe1c560f3935858edbb2254b6fcf688cce2f3dac4f6cc7d7f05c4097,Healthy leaf,1,train,singleton_no_enforced_relationship
source_101fd1b6242c59632e67ecf5059a95318c2776a81034d5821683f06b90b00236,Citrus canker,1,val,singleton_no_enforced_relationship
source_104ab0f136d6c601e41371d980825b1a974f3d089054a3b7ca03c977a418e601,Algal leaf spot,1,train,singleton_no_enforced_relationship
source_104b0e3710f0deecdb769eb459c9ef44fc664af9eab0e25b51ad04846e348dc4,Greening,1,val,singleton_no_enforced_relationship
source_106dec260e36c88a201c9d602027f7fc5cae8b1d3bed208d496aeb48e14ed0f9,Black spot,1,train,singleton_no_enforced_relationship
source_1087818e43b25365328cd4c35bee5b427a8ed853d5184f607c9f127586b14299,Healthy leaf,1,train,singleton_no_enforced_relationship
source_10aac1223b3a6e93e647c474be1136eb2697c6912893cb6ba3b338b6ef1ef8d5,Citrus canker,1,train,singleton_no_enforced_relationship
source_10bbffb62cf6d432d3eda1d7b41d72f0b86196e4d993479c55dececdd798d916,Healthy leaf,1,train,singleton_no_enforced_relationship
source_10ce2bd795ec0c1b6cc0b139364b4f8fe80e79d17d0e3e9566468c2bb8152a26,Black spot,1,train,singleton_no_enforced_relationship
source_10e73ed51bcbaf0b86da48af46c8bd25af69b11f678ee9c6e51db496eea6ff32,Healthy leaf,1,train,singleton_no_enforced_relationship
source_10e80471f226e08497a6286714a830c60306cbe1808db850f882d1ac2e08e478,Citrus pest,1,train,singleton_no_enforced_relationship
source_10fa24a5f0738a2303d2f4277902caa534bb1d52e78a93e5527d7c1540ea0922,Greening,1,val,singleton_no_enforced_relationship
source_1117be04744f58a58890c7aa31642f9b80bca5973d98922c6e396473bc27f87b,Citrus canker,1,val,singleton_no_enforced_relationship
source_113df5ec6128058f7049a83340fc35ebdcb4523a0a6967633b1c4b75bf449529,Greening,1,val,singleton_no_enforced_relationship
source_1141c49adba9a4dc4b79a2d5d0e6bb628c1c0d1c36d9f11ed1f4de3844e1acca,Algal leaf spot,1,train,singleton_no_enforced_relationship
source_1157974a3d56eb195bec31728a52a037d131e082dfd1ec7d0448e28cc3902a29,Citrus pest,1,test,singleton_no_enforced_relationship
source_1164e5ace7ba716c9515b610eec1dcfcdabd39f1d33666c030b6005b5f382da4,Black spot,1,train,singleton_no_enforced_relationship
source_1187ac643230357365dd8cccf43fe997df1432d38b0514b21a5a4b63b73308c0,Greening,1,val,singleton_no_enforced_relationship
source_119d48723a7ef4cc35dcdea6359d510ad81ef816d9e1b897e23670e95b3163ad,Citrus pest,1,train,singleton_no_enforced_relationship
source_11a2a47df0b733337afb7a04f23b5a51a4b36a4434ab15568434dee07b0def0b,Citrus pest,1,test,singleton_no_enforced_relationship
source_11bc8b385b55918bc8dbcd803d72bcfe8a7ccde99b4bf66b13eafe7ee172d3a3,Citrus pest,1,val,singleton_no_enforced_relationship
source_122b82da8d24cfb6a4f609daf1744a0ac3efcee08debb4e1b64a1cad283bde43,Black spot,2,train,AB_pair_evidence;existing_AB_cluster;existing_AB_manifest
source_125199e2257352b827737fdff33c1e6102c0b1bcc1be671d3132bd97b2b9d25b,Algal leaf spot,1,train,singleton_no_enforced_relationship
source_1280e9a7abb34aa9145e4a0a5c2ec32614713fc2142f1bbae2f28e2c5b725ee7,Black spot,1,train,singleton_no_enforced_relationship
source_12f4945a746e17d6f3c3150dbb3736d4aca1f388413157a14f7c2ccc9bdd9eea,Greening,1,test,singleton_no_enforced_relationship
source_130c7195ac86e3b8e829ad7c865976b6406b3fc705acb5aa07c374f8ca9f8e44,Citrus canker,1,train,singleton_no_enforced_relationship
source_131af4365b690e06d8af0f7cc0e13796cfb2a32d6a73b0e91b214d97b7c9db18,Greening,1,train,singleton_no_enforced_relationship
source_1345b0b409c96b93a21d4a0d953fb2bd3b9cb1485ef0a09da8c83d412d2d2513,Greening,1,train,singleton_no_enforced_relationship
source_134ab88349d63f1b3f51bb70aa5487f9e40228123379afe722a276ddcb0d3d70,Healthy leaf,1,train,singleton_no_enforced_relationship
source_13f8b38f22c31cb496022ec988d0297c872e2bade4ad44dca94abe0ae91ab77a,Healthy leaf,1,test,singleton_no_enforced_relationship
source_14220a82df44df8d0664515d15b13ad35f6348f866e425a6fe5a56e284646424,Black spot,1,train,singleton_no_enforced_relationship
source_142837b3a5b3b2a935911df6f0449a97ae511e04d524dbd50293b7e7655829c7,Citrus canker,1,test,singleton_no_enforced_relationship
source_14706e139a7407e8047694a6794fb4e89e924bd0cc0a6d7595485d7db46ce414,Citrus canker,1,train,singleton_no_enforced_relationship
source_148288ef2e59c1aef976ad1d35d5ec5b1a46298d90cd40b2c71aea469004605f,Citrus canker,1,train,singleton_no_enforced_relationship
source_148f47d5336b9d061523ab8cad9ec747a1c5e42ea430d3a0177e2c5feddda887,Black spot,1,train,singleton_no_enforced_relationship
source_14a4c724c347e7899516b6b6e7adb935f8f5b1d890fa07a85edb7a123305e986,Greening,1,train,singleton_no_enforced_relationship
source_14a5efe643b415250741f479efca03c588b70a826efe6d959e5d4f88ea33e34f,Black spot,1,test,singleton_no_enforced_relationship
source_14a8b6d34a4291d6df4923d5b55fb462c731a260271e4d5e646a4f70a7381741,Healthy leaf,1,val,singleton_no_enforced_relationship
source_14ad5d7483c5b2cef649e624e0111ba8e3cca819ca7bd9bdc5c0b7598c224f21,Healthy leaf,2,train,AB_pair_evidence;exact_sha256;existing_AB_cluster;existing_AB_manifest
source_14d0337c89cc8fb2aca5d1ce1cd2c80f28e8d0ddac39d31663af16d8c4fe15a9,Citrus pest,1,train,singleton_no_enforced_relationship
source_14db8ddbef3a9da6cc4c1059211807c36bf939de7f6ab5cb6ce65de78c769eb4,Healthy leaf,1,val,singleton_no_enforced_relationship
source_1533d76d04a12e98bb73ccbcf4833ace7a6334a63e9df074435885b01a0e338f,Healthy leaf,1,train,singleton_no_enforced_relationship
source_15426221d7ce31a33f65be257077185685d73121c9a17c16766c1e7888de1737,Citrus pest,1,train,singleton_no_enforced_relationship
source_155f46b18c4a5f530a8d3f2546e26d427a7a5f08a6e9237fd61df9a328cbecf4,Healthy leaf,1,train,singleton_no_enforced_relationship
source_15c79ec8be6e755ce80f627ef182e68b22a574b609df6bda04de12ea65c24a5c,Greening,1,val,singleton_no_enforced_relationship
source_15eba54b7cc38a4eb7b685ff75d041c9f4bd0022c8a10ea0c3e4c616deb36fa3,Citrus pest,1,train,singleton_no_enforced_relationship
source_15fc9a7b6613f92a283c3fd52f43c341acac68f08eedc849883aac5159f3d069,Healthy leaf,1,train,singleton_no_enforced_relationship
source_160a62cb55301be8cf8bb256ac04e4709e7eae125b0761568db373c123260b10,Citrus pest,1,train,singleton_no_enforced_relationship
source_165b5666663f2bfb25b90db202c83aecad4ae9ffc7b7516683c031c30a80838d,Greening,1,train,singleton_no_enforced_relationship
source_165dec3f5ac669e7cbf3738776afc5b3c64e51d62654c6d139e8acf884b54703,Black spot,1,val,singleton_no_enforced_relationship
source_1662cd2472c6788d666e699d5a4bf2b39f8992ec2847fbc708fd8d03259f80f3,Black spot,1,train,singleton_no_enforced_relationship
source_16708f525630778d0c4a2c757246075c276b220b36e2a061f41194e17016728f,Black spot,1,train,singleton_no_enforced_relationship
source_1673a2634b162c7b98ca54fae2e091151c7eac22c4c4ae0131772abe9f729e3c,Healthy leaf,1,train,singleton_no_enforced_relationship
source_167abc00887332d338a781de3bcf8a3dbeeb659960d41064e0ffa3c55368c224,Healthy leaf,1,train,singleton_no_enforced_relationship
source_168806bb14819f711cf03b339a5d0d1e553f757d7b0d8dab9635020d290c8f6e,Citrus pest,1,train,singleton_no_enforced_relationship
source_16a6d0b1e7f44563fe6c4b483722180c3519f381446475f5c3cd5d66cbe9ef60,Healthy leaf,1,val,singleton_no_enforced_relationship
source_16ab213b824df29ac34abf0f0966b04f90dadca1bcf7e09472f19922c229c133,Citrus canker,1,train,singleton_no_enforced_relationship
source_16aed287877bce7622871c75207006da31c98f8e7480236f997ccb846b388ee6,Algal leaf spot,1,test,singleton_no_enforced_relationship
source_16b522d22996afaf403259114ae719aa00b0c24ad786b6a30405b282361f643a,Greening,1,train,singleton_no_enforced_relationship
source_170c0af6c6536d0442ef22a5021336b4d71d06a8e16bb29dbc2022a1aa5da66e,Citrus pest,1,train,singleton_no_enforced_relationship
source_1722bc380bcd2ca5494cc16c23d0a7d4fb85079d762261e17bf2005bca787c9c,Black spot,1,val,singleton_no_enforced_relationship
source_17375746c62c312aca5d7ac5ebb37ff679fb45008e9ed946f0a4ff77e2e8049a,Black spot,1,train,singleton_no_enforced_relationship
source_173a7f4f67d1c411dd5f3ee0204ef03f8b3cd0506f14c2b863750aa3f885231a,Healthy leaf,1,val,singleton_no_enforced_relationship
source_178b67a695799c56cc88c3e1bcafa7ab75c21db7c827a06cb707d4f3161fb8c7,Greening,1,train,singleton_no_enforced_relationship
source_1791c7dbd50aed1853537bb8286bc9085cdd3790e00c7ea9cc214b9aa8f3b43d,Citrus canker,1,test,singleton_no_enforced_relationship
source_1793219394cce4a79a9903e6d32c5fca32e45c45ccc942aac753f5086d37c7be,Black spot,1,train,singleton_no_enforced_relationship
source_17c725cd9b0f9f0a1f7cd9678bea10e5d60fbbb216b688d3f2d265c94860e7a6,Healthy leaf,1,train,singleton_no_enforced_relationship
source_17ed718486ebbf34be593fe295f533b18ab30f629145c96ededfe9b9f96dc3b1,Black spot,1,train,singleton_no_enforced_relationship
source_180f4b624a5aca64eee18495d042cd476cd676190c88bc1da21a8380c458918b,Citrus canker,1,test,singleton_no_enforced_relationship
source_1834b459d51acc884327d5a4a24b9883fb2bfe0757f11f1a123646c7b471f616,Algal leaf spot,1,train,singleton_no_enforced_relationship
source_1845f27febbcf56e9ad770016810715f7fb96f4cf9f09cfe2fd18d44a4f17645,Black spot,1,train,singleton_no_enforced_relationship
source_18c1bedc3f03dd0d2aa57413f5314ae90c0ac6364b802b2ece7869b188309270,Greening,1,train,singleton_no_enforced_relationship
source_18c1f54d5c357a27baba28b2707d7325edcc3074e90de256a5ae2fb591239129,Greening,1,train,singleton_no_enforced_relationship
source_18e9211ea48767ae0b7d56a2c7c1169d1355e4c66898ba5f14457a3b2578a4e5,Citrus pest,1,train,singleton_no_enforced_relationship
source_18f4384adbc3feca6a92dfa87d117e0b976298b7d2563c04506b40a208d47964,Healthy leaf,1,val,singleton_no_enforced_relationship
source_190c39e6a0c1a24b848ac31783aed8653f7cb23d5ac598b719cf9e3d87d3c953,Greening,1,test,singleton_no_enforced_relationship
source_190f0c3d5dd1396dcb96f859b5535d88f7d1999e334741379f158f80ee7cd364,Greening,1,train,singleton_no_enforced_relationship
source_1919fec8fe49b70cf70112bb263c424a981a3091f6038dace4b48f3886ac9252,Citrus canker,1,val,singleton_no_enforced_relationship
source_191e17ce16b731eb76bcd9c5fab30ecb434b8dc2667cce5526c28714a01ad941,Algal leaf spot,1,train,singleton_no_enforced_relationship
source_19618f2167adcaf8099fd46a02becaea7274143345d7ca59bca56961e186736e,Citrus canker,2,test,AB_pair_evidence;existing_AB_cluster;existing_AB_manifest;refined_capture_strong_link
source_198947c0226648c33b25f58c1699ca659b5285a967fc98cc0c31b76d1672f57b,Black spot,1,train,singleton_no_enforced_relationship
source_1999cc86190355ad61bad398a6992e3fc4feb1d3a82f2e859617433f9e40323f,Healthy leaf,1,train,singleton_no_enforced_relationship
source_19ee52b833719fb359b5864d57fd8528fd923078b2b8c0b785bc350d2461c205,Black spot,1,train,singleton_no_enforced_relationship
source_19fd4b1d82319b477c13c98f031a9f7dc1de7cf1cddf315a4b40e008953260ad,Greening,1,val,singleton_no_enforced_relationship
source_1a03cd75c2c1edb0ca83a5a4d1f98ce375d19d92bcfea2019cf0aed16a83b16b,Algal leaf spot,1,test,singleton_no_enforced_relationship
source_1a3505d4062c222a5243705df430490a5c047eb8712b03ae8454d9aa3bf05f12,Algal leaf spot,1,train,singleton_no_enforced_relationship
source_1a365af31b50f934af82824c4f579ffa371fc6d00e40f194bc94f29328e040f2,Greening,1,train,singleton_no_enforced_relationship
source_1a4853ca23f0eda962d76307d7199e1c982c597dfb75593bf2c9a104f844e0d1,Algal leaf spot,1,val,singleton_no_enforced_relationship
source_1a72c00410e40ec67658cb051faf4e4f768c5ed9ba6eb6a4a91db0d03bfd31f1,Citrus canker,1,train,singleton_no_enforced_relationship
source_1a82712733e4b5e4a9cb6639392bd3e628078c468b90006d1f30ac2726a409bb,Greening,1,train,singleton_no_enforced_relationship
source_1a8d8c595325e3c81e4a1d1f41f6ee7ae416f5c16337d7573a9df3fdaae380e0,Greening,1,val,singleton_no_enforced_relationship
source_1ab4e86b5d8d3a03076d90d641d6137a2dea2d06cbed69faca5c3d1abb8fb0a3,Algal leaf spot,1,train,singleton_no_enforced_relationship
source_1b415961a635f99ebbb5423a78652f1561acdf0c2bddb6ed3f83f9d9ca08a0cc,Black spot,1,train,singleton_no_enforced_relationship
source_1b8be5dee93a1945d7f3316690f8b91b355bfdb2c417f35410aa3cfd76036493,Black spot,1,train,singleton_no_enforced_relationship
source_1ba222320747e927438d12671b70845e67a6c7095ff0cb5cc602740cbe2bf295,Greening,1,train,singleton_no_enforced_relationship
source_1bd3a197001e6e16a5c49287c114dc1c39025dac65689f2d20459a66b47a1d95,Healthy leaf,1,train,singleton_no_enforced_relationship
source_1be0fda47cdcf8e840515f56761c4418ca881a1a20119ffbc488ae5c0f0f198e,Black spot,1,test,singleton_no_enforced_relationship
source_1c01ca67762780110abaf2e3f0041a984085abacbcf2e1855331c787e88f2c78,Citrus canker,1,train,singleton_no_enforced_relationship
source_1c29f509d09de2e32ac4f2ff777869087f256a987ae956ba705ba6228718cc60,Greening,1,train,singleton_no_enforced_relationship
source_1c36362a81f2383b4f5c5f34af18831e42bec158affff134907d1855db1d9120,Citrus pest,1,train,singleton_no_enforced_relationship
source_1c7c6fb556f7e58e4dfd65708c5b409c8785e027f96663048f5d96ebd58a0346,Citrus canker,1,val,singleton_no_enforced_relationship
source_1cd0d1a718335daf9f976dfa4cfb7e7fb0c8d24814bbfa2af4278c93964ee38c,Citrus pest,1,train,singleton_no_enforced_relationship
source_1cd20b961f62419c7bd38734c96eb6c1c237d882c81800b57a7bd05ead0e6d4e,Black spot,1,train,singleton_no_enforced_relationship
source_1d19bfd5f5c5b536fe23c7c885361050a757fdd507f904a51a3e00e728cfb887,Citrus canker,1,train,singleton_no_enforced_relationship
source_1d27f2519786fd06bd51edd5a246b6b39413408d2e4c9b9b08784583a4a74665,Black spot,1,train,singleton_no_enforced_relationship
source_1d3ef449196aefa9e9255441ab1666a9e866a5837282b0dd223381737abdea5b,Black spot,1,train,singleton_no_enforced_relationship
source_1d5d88a398e7b56b4e9b98373473c78f8ef6c67d41b8f5345b685d01b3235f08,Citrus canker,1,train,singleton_no_enforced_relationship
source_1d63ee6687c5352ac5cdc704ae84c4ed0ee655f6f3b013177926817018bc9f02,Healthy leaf,1,test,singleton_no_enforced_relationship
source_1d708eb476da9c31f58a137d582244152cb7470c4b1fc2aa648566795ee9fc5e,Black spot,1,val,singleton_no_enforced_relationship
source_1d78ccb30fed7f8f05f567d74a8b73e3af3a04a62238e52538ab40af4dddefd0,Citrus pest,1,train,singleton_no_enforced_relationship
source_1d96fdd820af852f93247834fac0abb31db80ca825e9e248f1b2d2f7b18b5420,Citrus pest,1,train,singleton_no_enforced_relationship
source_1d9a66ff4d73f9350972190d707dde2f1f28bd480e605902c8e2dfe2855d3e94,Black spot,1,train,singleton_no_enforced_relationship
source_1dc7e814fb9a58a72b68a811d26c4a037f59981eabfd9705ddc5aabff36a0b09,Greening,1,train,singleton_no_enforced_relationship
source_1dcbe449c968dd8d763e2ad41d3d3c36edf5ae62dbb934a63ae9cd28ae4ffaa7,Algal leaf spot,1,train,singleton_no_enforced_relationship
source_1dcd09016b5313328cb74e1a9ff0e98538c3ccfc201079781181cce9b636df81,Greening,1,train,singleton_no_enforced_relationship
source_1dd62cdf889b9ea10e5222639a262c5be2f1d8b959ab39dce3bd7158cf3d401f,Healthy leaf,2,test,AB_pair_evidence;exact_sha256;existing_AB_cluster;existing_AB_manifest
source_1df73587c79df1725022479c30524af1996c9e4816c565c73fcbd4e51127db0a,Black spot,1,train,singleton_no_enforced_relationship
source_1dfaf2c38bfdd6293dc4a621355be499cf1379d6e025730bb370c6b7b9112159,Black spot,1,test,singleton_no_enforced_relationship
source_1e01f22c62f3a3a2c5566595bda2ad67362c897ddeffaa02e0477d7656f89e52,Citrus pest,1,train,singleton_no_enforced_relationship
source_1e28e80447ab78badff8fc3325674b9c769667b794f939c415433d39e2b62fa7,Black spot,1,train,singleton_no_enforced_relationship
source_1e39ea5ddaca0ebdb93066297144ee25510af6c992bd3b20b462d46728dab8b9,Greening,1,test,singleton_no_enforced_relationship
source_1ebc63d642f510a82b894d68ddffc9e9c9ac676b0ebb0389ab83ebdeb78bf6df,Black spot,1,train,singleton_no_enforced_relationship
source_1edf080ea56541c5f52dadb071c49e12a4b3db05119ed7b3435a63da11ddeea2,Citrus canker,1,train,singleton_no_enforced_relationship
source_1f0ec08436d9862c0a7c266f1671589a85856bd268ecdfdf35e73b8543a40ed7,Healthy leaf,1,train,singleton_no_enforced_relationship
source_1f17c02f7fb16e3b8d3d15ac06a2c1b2a32659c819e817a8c3a70313af0a0c34,Citrus pest,1,train,singleton_no_enforced_relationship
source_1f38849d3d10b1128cfef53de0054e268714f81a78c6faa911aebb7202d073ca,Greening,1,test,singleton_no_enforced_relationship
source_1f7e0b50e938ee271218916f38e48f6809bed0a0bece6489351104adeab19648,Healthy leaf,1,val,singleton_no_enforced_relationship
source_1faa13c7fd7d039d38d9f060538220e1aa898e1f665837eec759a881ca5ce3e0,Algal leaf spot,1,train,singleton_no_enforced_relationship
source_1fb34ef5b7e0f686897ca10d54bd71c1d64a912d2496a2ea780fdab448f30cbc,Algal leaf spot,1,test,singleton_no_enforced_relationship
source_1fc26dc7415254fddcf59fee50fc2b2053b59f49a9f1eedfbbc6b2249cfd20f4,Greening,1,train,singleton_no_enforced_relationship
source_1fc4f4356e8ba79c60d93e7487e722112030d4190ae83484535d2b0275596f62,Algal leaf spot,1,train,singleton_no_enforced_relationship
source_1fd35ec2cf71a02395993a6265d1df8a148985cb58ed346ed30a0b8ea8c85f0b,Citrus canker,1,val,singleton_no_enforced_relationship
source_1fe9377d31931d892aa66fd66f4a6577c982b9d67dc4946d7fd463e85007be02,Black spot,1,train,singleton_no_enforced_relationship
source_1ff09b6cb50f09e714b8f2c8993d3bad394d5f539e7076a781d7d5efb329a0ba,Citrus canker,1,val,singleton_no_enforced_relationship
source_20229e08633cd0b474e7b489a54c846b3f7eb40ac9d147c5d8be15250157a529,Algal leaf spot,1,train,singleton_no_enforced_relationship
source_205a2cda20a063850bd6b764acd6ce04143fa6ff101e7d1aa8681637bd639f59,Citrus pest,1,train,singleton_no_enforced_relationship
source_206441878be6cbf2b16c59eb91b061bf37dcefdf2f1cd989987829dfefe6fa8b,Greening,1,train,singleton_no_enforced_relationship
source_20662219018e4718ffa984d921e897ab7fa735c791b67384afa63c21cf86b3f0,Black spot,1,val,singleton_no_enforced_relationship
source_20b8896629d94dd25db918a4a278123a8586e79b03352e766f3f740dea614b17,Algal leaf spot,1,train,singleton_no_enforced_relationship
source_20c091def2b438cc34fd6ffee468cff563b942d1711e8cafee3008b6fad51364,Citrus canker,1,train,singleton_no_enforced_relationship
source_20ef0b05be007e41d932d54f05af7d6b38dbfc010156ae735cb915a1ef9a15d5,Citrus pest,1,train,singleton_no_enforced_relationship
source_2100d1d15def420be4dda8ec2b18573922b446a6395a1eb0af8baef99eaf54d7,Citrus canker,1,train,singleton_no_enforced_relationship
source_210300b2da4b93f9a951c9e5f23b68547bb3ec104790f1957a48a5ffda6729ea,Greening,1,train,singleton_no_enforced_relationship
source_211e71bf37f79b0ec2248cd25c3652355ba278d9317ba95d495ceee4a3cad84d,Healthy leaf,2,train,AB_pair_evidence;autofilled_SAME_SOURCE;existing_AB_cluster;existing_AB_manifest;refined_capture_strong_link;strict_multimetric
source_2167fcc6ffffc9aace86d6fd40f1a663fce8c06afa062bed5cc9a22b96788016,Greening,1,train,singleton_no_enforced_relationship
source_217a72f3f3f3718cb5ca13ac36857bad5e1f4ea47cc656e52917734283242154,Greening,1,train,singleton_no_enforced_relationship
source_218c147b2403ccdd0a9890113f9dda8b86480d67f50430813c6892b08c8ae9cc,Greening,1,train,singleton_no_enforced_relationship
source_21a84860ccbf195093f87ab2d703e4a7a8c4a776392201a4d7ed87510c834d40,Citrus canker,1,train,singleton_no_enforced_relationship
source_21b628f41761550197678ec8d32f912e7c43aaa80b02d3c6695b5710bbdb2b0d,Citrus canker,1,train,singleton_no_enforced_relationship
source_21b940495a19e0799ee1a0098f0637721d41c19c53718a149666225861d83085,Black spot,1,test,singleton_no_enforced_relationship
source_21d876685e41f42c050265e65fae6b25f85d4b0918cf527adb044d8bee7a8115,Algal leaf spot,1,val,singleton_no_enforced_relationship
source_22876be67b9a753a0bc85c61f125ee8d2cf4abab65f9970401badd28e23e763a,Citrus canker,1,train,singleton_no_enforced_relationship
source_22bc51a9889b8686ee81a74b8c01ba6b7bc1e7002574b46cf867a3c1a2b604c6,Healthy leaf,1,train,singleton_no_enforced_relationship
source_22c0df1cd91c9d1a3a52200c3078cc056e36c5e58e95230bd647f100d3f12f88,Citrus canker,1,train,singleton_no_enforced_relationship
source_22ce8ecf1f8011c6620d8be794d2e6e68812bbd746abdd6fbece9a7a86fed91e,Black spot,1,train,singleton_no_enforced_relationship
source_22ee3cad6b5de55012bdc37a495becc20e243f23929542193f010eefb4ed9d65,Black spot,1,test,singleton_no_enforced_relationship
source_22f005ea4ecec5c1ca37c7e54a5517677cb27a06b61153e7549e366b2309fcad,Healthy leaf,1,train,singleton_no_enforced_relationship
source_230b42cbc61a246f1e412c4d308d43d916406768bc4dc37abed9d5b14999fd4e,Citrus canker,1,test,singleton_no_enforced_relationship
source_231d22524d2968dbecacd7e443b7f53ceb5753bfdab7da48a21f336a41b5609a,Black spot,1,train,singleton_no_enforced_relationship
source_232533e4a6f39b3a45e3367e30aab679b4b5c83905b48f9b36fa1b378ac0e254,Citrus pest,1,train,singleton_no_enforced_relationship
source_236475e51352911d1dc3ec327ff86388936c48242f6a6430723d1c372c6a1e27,Citrus canker,1,test,singleton_no_enforced_relationship
source_236b375104250990c2a181ed80df706683ffd9dd513da9e79d5825bdbfc8a6b4,Citrus canker,1,train,singleton_no_enforced_relationship
source_237a5b53db1f72d6b426e956c5c82286509b5398ead7ef66a4e6325b9e70b1bd,Citrus canker,1,train,singleton_no_enforced_relationship
source_23b645cb1f663ba743a1d596b075ef338829fd3dad7907ea69934ad120e35471,Greening,1,val,singleton_no_enforced_relationship
source_23f96360817d83b35c763b83c926f40f8f97824a0617f236c02588eb1d6f6761,Algal leaf spot,1,test,singleton_no_enforced_relationship
source_242310e932c7533c0ef4ea468e2b7a8c1bbbf13a961fd164f390d7ece7671904,Citrus pest,1,train,singleton_no_enforced_relationship
source_24421d7de8c16b126ca4d9a8b933e4479cd7e0ca98e1c00a4c94ba77572dc82e,Algal leaf spot,1,train,singleton_no_enforced_relationship
source_248af63d072b5942c51c98c860c3e7d38ba913f7e6fe986d81c7b8d4f8e22421,Citrus pest,1,train,singleton_no_enforced_relationship
source_249a2cbdcd9e37ce98f5981f0eec9f77f63dfb9089d373fb86ddacff06553e09,Greening,1,train,singleton_no_enforced_relationship
source_24ca35a60bd50581a36c38574d0638053bc8f359b90438ede4a0cb0aa9026d6b,Black spot,1,train,singleton_no_enforced_relationship
source_24d747179b55535b69c885aa3f16f160c4ad121a0555b9ce433d1141b6fa2a85,Healthy leaf,2,val,AB_pair_evidence;autofilled_SAME_SOURCE;exact_sha256;existing_AB_cluster;existing_AB_manifest;refined_capture_strong_link;strict_multimetric
source_24e94e997a5cfcba82c19d8a85fae8d1bbc2958e6502d9b7a82926a69ba50dd4,Citrus canker,1,train,singleton_no_enforced_relationship
source_24eeae555817697f77ed8a17e3e4c31e27f0166cc5bfd9f768751c6f30df5006,Healthy leaf,1,train,singleton_no_enforced_relationship
source_25309051f1c4d6b9428fdaddffa67751c9a93d1f471515197b80907313703e5b,Citrus canker,1,val,singleton_no_enforced_relationship
source_25325df43af093753cfeb7c7297859f4c171364d791185faa73c06303f3da0ef,Greening,1,train,singleton_no_enforced_relationship
source_254f705efec726dc2cf02c3e897697112ade0999a8ce5b59529a28d5c9906f23,Citrus pest,1,train,singleton_no_enforced_relationship
source_25589c36dd6f659243a535da4f85eaffda8329d1e2046dec24fc1bba735acf3f,Citrus canker,1,train,singleton_no_enforced_relationship
source_25a6feb7eb4800315067aef5c7f15595615fa0878e972b31a74cd151070c215c,Algal leaf spot,1,test,singleton_no_enforced_relationship
source_25d81613cabedc9e6f9b2f722062b04782fe87dedbec8ca9a1c31e2871039890,Greening,1,train,singleton_no_enforced_relationship
source_25e04d0dd62592e5e73baf75e2256d83d518bd6d930a6882ccb5d0f6b2962b08,Citrus pest,1,train,singleton_no_enforced_relationship
source_260120e59babc854415441ff0a36c3ac86816f6a44519e4d7dcaae016219bc09,Greening,1,train,singleton_no_enforced_relationship
source_2622107beebe17ff5ef8497d1db81fc871686159680c62f0a9551b65459c502f,Citrus pest,1,train,singleton_no_enforced_relationship
source_263ff9a31a105c1465b92e29b47d7279ad456aab5e3dbe7f7dc1d9c0d4c8510d,Greening,1,train,singleton_no_enforced_relationship
source_26459be5567c4f34cb8a569ad1fa6cf55efba6beec4d8803b817d62a3c22142b,Healthy leaf,1,test,singleton_no_enforced_relationship
source_2662d72297c6c84d9984bd6ce959b59568799df4662784dc8e9cd409be2d23e0,Citrus pest,1,train,singleton_no_enforced_relationship
source_2681ec9c3e6a3fede7e2b8451b87835a696fb5cb621ece703ff2ec64f411d868,Black spot,1,train,singleton_no_enforced_relationship
source_268667eb0c81bae48b9a7f435bdc00ae81a147f7ad5b6fe561aa3be89d106ff7,Healthy leaf,1,train,singleton_no_enforced_relationship
source_2692e3e9c57df844c317ae5e3e09e3ca9192b1c4ebff1de0353b4af4755857a6,Greening,1,train,singleton_no_enforced_relationship
source_26d0b74f252c5dacc869c004a926c6f78b89f72d2f27065fae771c31d16ad7f9,Citrus pest,1,train,singleton_no_enforced_relationship
source_26e1ca6f2aefd5e5f85edf0a8b93d97538a45c3240ab126311440cece3831987,Greening,1,train,singleton_no_enforced_relationship
source_26f8725c405698a56a709bb2ab45c7088bdaf4c7d2014537523e7463c2a94723,Healthy leaf,1,train,singleton_no_enforced_relationship
source_26f9ebd1fb08435a67f78c0dc831f2d1158c142c419916a33117bf9f3bcd0a96,Black spot,1,train,singleton_no_enforced_relationship
source_270a7bf8b60c4cbab0371c87d6aea189ce38e239b0f7a9defa6832f1549d4cf4,Citrus canker,1,test,singleton_no_enforced_relationship
source_275dc7e6b4eef63a6bb81ec17e14c74bce902b595ad81eba28a4b21e40b288f0,Algal leaf spot,1,test,singleton_no_enforced_relationship
source_2769510ecab6180663e334645b059d2226fdd16dc00f1a6fde578770f7a28a77,Healthy leaf,1,train,singleton_no_enforced_relationship
source_27bd57448144ccb677c527898951fd6250d369984ae1a726f9599b67d0a12b52,Citrus pest,1,test,singleton_no_enforced_relationship
source_281b49303fcd5ca7b07116e65d98aaba0ce3653e59f2e1863c9c6cbd19333fe6,Algal leaf spot,1,train,singleton_no_enforced_relationship
source_2860bf95666295188289f8f704e0e1e208e22c613b434c614b86eed8233ea294,Greening,1,test,singleton_no_enforced_relationship
source_287bd7f721afec10fdead95bb9014d4d330e081c65490719d7b5f127077f595f,Healthy leaf,1,train,singleton_no_enforced_relationship
source_289a199d4bc6e458e712cc069df27512a67771b1f12a5fa0ed1a35ba1541dc3b,Citrus pest,1,test,singleton_no_enforced_relationship
source_28bf2067fd717c59db10c95190263d9d1270048d5db0dad1c96dd09b69908bdb,Greening,1,train,singleton_no_enforced_relationship
source_28d95c28954ef632befd0779492ce4f808a4d7aa5169b754f4f83fd4051697e0,Healthy leaf,1,train,singleton_no_enforced_relationship
source_28f36b915c5825c708ab6b139270b532980b5e24d5b5122b8d428011dbf8a3fb,Citrus canker,1,train,singleton_no_enforced_relationship
source_28f708ca2495cbb8cc28638ef9aaf4ee50fe8628503139946846b7d974b703e1,Citrus canker,1,val,singleton_no_enforced_relationship
source_290d266ca0f93bd87f5b531ab07db23d9ad0d68c1d9e5fc9408aec6f6f79ea37,Healthy leaf,1,val,singleton_no_enforced_relationship
source_292069ba8cb8b8ca95eb827cdd0d9dbc1bf8892589f19078f12156490905fef1,Algal leaf spot,1,train,singleton_no_enforced_relationship
source_29309552ba94576b91ead1935badd1c0da16407ccd8135e4d57a1a3697b26844,Citrus canker,1,train,singleton_no_enforced_relationship
source_293b4cac79a17b69195e54e8184003266f95d592ac050e760ee0261ec8951f1c,Healthy leaf,1,train,singleton_no_enforced_relationship
source_295e12a291d1db209e01ad84d3b299f0567944bcc4d45b9d225ddd7f483353c6,Black spot,1,test,singleton_no_enforced_relationship
source_296f4462322d609a24ac4bbbf2df105a0c8f480de17e6fc62a4e32bb450b5842,Citrus canker,1,train,singleton_no_enforced_relationship
source_2970d97850cd918de81130c9150bd1dc80ede20887c67c0c1e1db82b97a69b07,Citrus canker,1,train,singleton_no_enforced_relationship
source_29a7f20d187e959e0d3932352f452d8f38fc9d389313ce975990dc64e6a04f6a,Greening,1,train,singleton_no_enforced_relationship
source_29b1ee5ca47229e699de4194bbaf9cf5bcc4ad7d9581ea88b5332369de5e34a6,Greening,1,train,singleton_no_enforced_relationship
source_2a3e770bc4c98dc973577a269e83322e37532b5a7f79364fcf11fe661b5e70a5,Healthy leaf,1,train,singleton_no_enforced_relationship
source_2a6cfbb04dfdd58a160655cf94a68633abcff33dc9584a35afeb956a1e2f2ab1,Black spot,1,test,singleton_no_enforced_relationship
source_2a70a21780f98fac84ccef59ffa2a249fea4e57aa8c3337ca7a608a29ba3ac6e,Greening,1,train,singleton_no_enforced_relationship
source_2aa85f17d012b45eef9fd1a9f2c22a08cc13e9523def6099f98c5084cd85d69d,Greening,1,train,singleton_no_enforced_relationship
source_2abd1899070b51faabbe958b3ce060c241c138eb7d6cd96a96d64ca82c7aabfa,Algal leaf spot,1,train,singleton_no_enforced_relationship
source_2ad0747d70e744d30833d66513d1be13628a6a450b8a72a03d944069134fbccf,Citrus pest,1,val,singleton_no_enforced_relationship
source_2ae778b4f2f16ff50263dd678057347b3f23429202d5776ace82d12f04d933ef,Healthy leaf,1,train,singleton_no_enforced_relationship
source_2aedebd12bde75da894a1095f4f005faeb30645ebfd5aa14553fa646d7539c00,Black spot,1,train,singleton_no_enforced_relationship
source_2af0a225bcb55624ec0764cd302d50c5fa42fbeac2fe9084066b66ee272f56fb,Algal leaf spot,2,test,human_SAME_SOURCE
source_2b08a45124d1e3a7305405ac6921af187d82e8240fb95af460293b1de831e996,Greening,1,train,singleton_no_enforced_relationship
source_2b2c13e614c03b8c3f73d30729da95ba3461b4a5ac7dde5a22aa66751a93c1b9,Algal leaf spot,1,train,singleton_no_enforced_relationship
source_2b2d0086d5c5365a758670198c47b9e053676509d71681b100b8e1ba87180924,Citrus pest,1,val,singleton_no_enforced_relationship
source_2b837b0c7656325a96b5a5319c37c7de0248c61592d5fd9468be43709d630491,Citrus canker,1,val,singleton_no_enforced_relationship
source_2b9a7560a55e2f8813c4b3cbc8e0e5c3c4802b16eea53ffc626c7a7642b80dd0,Greening,1,train,singleton_no_enforced_relationship
source_2b9f39af6deaaf46eda53097a66453825ea7686f33f5353dd7afd7c63ea08eae,Algal leaf spot,1,train,singleton_no_enforced_relationship
source_2be09db71fd76bf2caef3084e21f1240d1aba012069201ab099b0507bdac5659,Citrus pest,1,test,singleton_no_enforced_relationship
source_2bee1f471d7e9a62c90545c56b64ce08276c9f41ed33ce9ab1c61ea857c22407,Algal leaf spot,1,train,singleton_no_enforced_relationship
source_2c0142c62fd6045258807f10ff2f0fc08acd20516fc1edc3939de12b91537fc2,Citrus canker,1,train,singleton_no_enforced_relationship
source_2c2660250d9c4ee9df37b40fbdd3e439321ad31ce1d795ead5135ddd7cacfa1e,Greening,1,train,singleton_no_enforced_relationship
source_2c295c4ea3203500aae82c20f2b96ab351e7639c0746a8bb44f67c086d4a4a42,Algal leaf spot,1,train,singleton_no_enforced_relationship
source_2c40e3ece799d3ee8b7111287f3bf3a74899b102da8a02636114db18f7aa27d7,Citrus pest,1,test,singleton_no_enforced_relationship
source_2c5476c31ded94f839b49c61ed6b74b774ae63c255a5436e8c6997f6488c6eb5,Greening,1,train,singleton_no_enforced_relationship
source_2cc4c73720643edfa208319e9e2fa6cdfcb8dd6530d8c30cd0c37b47daa29d55,Healthy leaf,1,test,singleton_no_enforced_relationship
source_2ccc4202f229fa582e1800401a96a7e14cf0448c20f6732cd12f2c52655b8a1c,Citrus canker,1,train,singleton_no_enforced_relationship
source_2ce15b158525080390e8d5a4d0189504a05beda87af35523d825481d6e8cfd7d,Black spot,1,train,singleton_no_enforced_relationship
source_2cf3a850ce21744d2dbc523a128c83c2824fa3421267b8dad49184d66ddb8135,Healthy leaf,1,train,singleton_no_enforced_relationship
source_2d09cd6dbc6f58802ee3d047dd51a9533ee11f8795b301549b98f1c379ad57bd,Citrus pest,1,train,singleton_no_enforced_relationship
source_2d35ccef5b7702bf5787c3c09d1fbd30a02033b08763d493846b442e5b6e9437,Citrus pest,1,train,singleton_no_enforced_relationship
source_2d3979b6bc4852253ee3954d0290cbb4e9141e3e8f9603dd336fe030d9b77b3e,Healthy leaf,1,train,singleton_no_enforced_relationship
source_2d3a35704da6670c60e7a430c2816ec9286a088eabc58d5a4a964a14b786ffe9,Black spot,1,train,singleton_no_enforced_relationship
source_2d41064525ce7dd3b1540903e8e429125cbddccadafe0dccb66d9edb641d63fc,Citrus pest,1,test,singleton_no_enforced_relationship
source_2d520ae8af090b1c946eab143eed5fd99655796f6d74d9b089999e247629cd29,Healthy leaf,1,test,singleton_no_enforced_relationship
source_2db3720f18a9c6ecc69b5bd4241d2a8342346186846308050019953553505da1,Black spot,1,test,singleton_no_enforced_relationship
source_2de6024dfe8f505595ba90052cc8d8db6c178046dfd09106aa26a9597e2f5054,Greening,2,train,AB_pair_evidence;existing_AB_cluster;existing_AB_manifest
source_2deaa632733da74deafcbd0d02add7a8541cfd0c8982e3f733a4df2f09dbff2a,Citrus pest,1,train,singleton_no_enforced_relationship
source_2deeec059fef19ac9f5857b729625b3031f16ebbcee3ef5de5cd362cefd95485,Black spot,1,test,singleton_no_enforced_relationship
source_2e3b78431afab95a3aafb49f6cf60cf0357f1e2178ecc9afbfec053301f52474,Algal leaf spot,1,train,singleton_no_enforced_relationship
source_2e585e3c10b4fe56af65f5ae7b3768b0ca4243461e5ed7d6955d2897ba2eb640,Greening,1,val,singleton_no_enforced_relationship
source_2e858dfb18a631b3ca661eaa7eb0f9a34ca7cd889e8558bc63082aeee6db153f,Greening,1,train,singleton_no_enforced_relationship
source_2ec085527dbc49f006b090cc8c779a15d1febc26e889cbd24534d87e1f3acc63,Greening,1,train,singleton_no_enforced_relationship
source_2ec3c523f89d41ef94d232eeff566b3bbaa765e5ab1b30483ad0a09939170b56,Black spot,1,train,singleton_no_enforced_relationship
source_2eed5547c591d4ff30ec49ee809bd2a5eb2d52ad05e7c1791030349bd0d85792,Citrus canker,1,train,singleton_no_enforced_relationship
source_2f0a5a1b93a9db4a7fa351dec727393f442b16bb8b81d21fbaaeb886d190b515,Citrus canker,1,train,singleton_no_enforced_relationship
source_2f1eb089aa5675e00c34baf224f72f5bd76ef3669456498ba969c8fb630c0998,Citrus canker,1,train,singleton_no_enforced_relationship
source_2f4e94ca57672e6992f33ff188868f58bc872c56d05ee12e94e8ca9d636eb35b,Citrus canker,1,train,singleton_no_enforced_relationship
source_2f6a06ffb7bc3dbff59ca4bfd2619168b4c0fa89b82aa0587794e671197a8f38,Citrus canker,1,test,singleton_no_enforced_relationship
source_2f81eee4deb570e91133d119ce57b74b251ec2438c5e9fe6ff248779ba2db713,Citrus canker,1,test,singleton_no_enforced_relationship
source_2f9793e9b1384cf4e7cdf8cdd95814ed167e23698eea2af04f663c416f45dbc3,Black spot,1,train,singleton_no_enforced_relationship
source_2fd3ee7f2d4785ed9607fe875e4fcf751dd63ae56ffc8b87d67eee78e5490a96,Greening,1,test,singleton_no_enforced_relationship
source_2ff9f9faf8da13d54a3a44445394814ae32e6926d2ffcdc0381c9a9ea10ad9ed,Citrus canker,1,train,singleton_no_enforced_relationship
source_3004055099ecc73ec46e220630b8f43bb528f61382197677d421b3f8099832de,Black spot,1,train,singleton_no_enforced_relationship
source_303cc8b82abc4770c7fb93b917564bcbbb8086de1e289be0dd8610ca832fe2cd,Citrus pest,1,train,singleton_no_enforced_relationship
source_304752b84586a9523ea6a9b2cc54dafa9ec8fe8c84c53f191103bedbc15df1e6,Algal leaf spot,1,train,singleton_no_enforced_relationship
source_304b335872198008bd16399a2b58a685ce74fc146f565ef34b73e7d88ffc62af,Citrus pest,1,train,singleton_no_enforced_relationship
source_3071276ca82701402550bb85060d988ab54095d3bb563a3f1ffdc137ac1f4dc4,Healthy leaf,1,train,singleton_no_enforced_relationship
source_3085c1337fc7f31d24eb2c51498a808a53ed95e862b246a44bafb571c5018b2c,Algal leaf spot,1,train,singleton_no_enforced_relationship
source_309171e6dbf6431f881d9345c20e4f74b2ab89d4247fdc6a2d1deb6a20d82cb5,Greening,1,train,singleton_no_enforced_relationship
source_30b8cdd05c0ea1d59a53199501cb3e069096c39d7f8eb677fc980cd80c3be58e,Algal leaf spot,1,train,singleton_no_enforced_relationship
source_30d727e51ca8f1d918a2b338c39f428c246984b664c786dceab87f71274f2cd8,Greening,1,train,singleton_no_enforced_relationship
source_30e7cf957593393681614963ccf99366b01c80eeee3958aa3b102e878f168e29,Black spot,1,train,singleton_no_enforced_relationship
source_3108a7a9ca91d25353d0dad689afbfdc291427703a618bd697381840df97baf8,Citrus pest,1,val,singleton_no_enforced_relationship
source_311d2f662e8bf44d6254f81bea9c8cd5315fb57803d0ea8a87768cce362b78d7,Citrus canker,1,train,singleton_no_enforced_relationship
source_31215e901140f1b6e94804051e7a907558b805f04511451d394414a28b7fc219,Healthy leaf,1,train,singleton_no_enforced_relationship
source_3132c6ede17f0bd9918e935280e4225e6ae11d1cffcf699a21480180f5ed7d40,Black spot,1,val,singleton_no_enforced_relationship
source_31332980398e8e1850ba03e9d38031b144aebbf3466a349c630aefbbdc7ee922,Algal leaf spot,1,test,singleton_no_enforced_relationship
source_3153e83430543a2bcb9d84c3bf3826fd40c4c3976edbafa625f122b8cf470246,Black spot,1,val,singleton_no_enforced_relationship
source_3172397e7154477c67cb52de13b602806f0c2661f06845118381f04f0d404373,Greening,1,test,singleton_no_enforced_relationship
source_318633cd449d4f8b0dd980fb79831fb7e45e5370ae0d6e10e1350d4b4bbdab64,Algal leaf spot,1,train,singleton_no_enforced_relationship
source_31eb145b6d2d83f94411ae85c4273383fb8f6e1b1c26f2e4d3b0d1b0ebc16548,Healthy leaf,1,train,singleton_no_enforced_relationship
source_31ec70343e193380147e2cf906b6889bc977b596669944d0ddd0b5877cb52420,Algal leaf spot,1,val,singleton_no_enforced_relationship
source_31fa295c55ca480499c7470448c2a0ea44e3897d4aecc53a032818bf2debba09,Black spot,1,train,singleton_no_enforced_relationship
source_3211d04a3cda3390a2f2581c69faf9c8dcc7f5af9198b46159b11a423e21f575,Citrus pest,1,val,singleton_no_enforced_relationship
source_3248a557f204bf636f5ba0b75afa7074a61ccf40d3bb6ec232de3a10da1aa3e2,Citrus pest,1,val,singleton_no_enforced_relationship
source_329b5e756a938caaecdc74509fb63dc7c5e5e8f0616c64f1832f5a8a62ba355c,Citrus canker,1,test,singleton_no_enforced_relationship
source_32a8327098ccecb2e55b6cb954a1f7e5deaf33516ef8bc4e9fae476be9792f8b,Greening,1,train,singleton_no_enforced_relationship
source_3302ccfb078ef9e8b315acd1f801f8eada07d366c62c97f3d509cb3fd3336b77,Citrus canker,1,train,singleton_no_enforced_relationship
source_33130e205b4f5ccba77cd8f4313b74a0556f36ce5ea6223bc7c3a18067f2bb61,Black spot,1,train,singleton_no_enforced_relationship
source_33a02494a0343157af6d4322127fb47d17ce48f06e40c8bf44f83973e14e851b,Citrus canker,1,train,singleton_no_enforced_relationship
source_33adebe47d8e2fccc38446ddf45baee9020e946dd5f745c247803f9f5b729ca0,Citrus canker,1,train,singleton_no_enforced_relationship
source_33cd2dd7d99a3f80020c5029d79fd91b2e59ca25b260eb7decb6c166d644d760,Citrus canker,1,train,singleton_no_enforced_relationship
source_340f2408ddac7a29f5ff17c511f2b40171b19576a64efb73eaae2a5220518d44,Citrus pest,1,test,singleton_no_enforced_relationship
source_34105d9c962163cd9172a51524d4e43421f3b7d54d133e8dcf70d311d386c0ec,Greening,1,test,singleton_no_enforced_relationship
source_346520a0b6a8246785c1a84170650940d115fad23580fc379104638ec8109506,Greening,1,train,singleton_no_enforced_relationship
source_347aeceb85a3c72baf53954f4f6a083ccbb228139577eee3ce5de58fdbf5b6bf,Citrus canker,1,train,singleton_no_enforced_relationship
source_34920bb3a2d647a5360ada6dd35c03aa20b520a5957da6adc84ee41944687614,Algal leaf spot,1,train,singleton_no_enforced_relationship
source_34a892565322eddd59d178661b3442dcf5300e47dd55575cc2d033a47f628ce9,Black spot,1,val,singleton_no_enforced_relationship
source_34b917d8eecbf806349a63a88a84254b2b28e1a9e55fe0acaaeabfcd24556984,Black spot,1,train,singleton_no_enforced_relationship
source_352f97bb483e208aa2d0eb3cf0857f65d9f61353a6852b51c9a2976f6f99f391,Black spot,1,test,singleton_no_enforced_relationship
source_35508f65917ea0265f60f171af1e494adc492f04ae0888da0ebbb99cc46cf0b0,Greening,1,train,singleton_no_enforced_relationship
source_355923a267c5cdb4901b6577251230145cd7271b657911d18d63d30f3e7913ce,Algal leaf spot,1,test,singleton_no_enforced_relationship
source_3567696852a1a18ca1dcd6158613f3466820c2a69dc9161bd06887400f223c12,Black spot,1,train,singleton_no_enforced_relationship
source_356e17b109ed4e17f8aa75712f1eb651bfcd2a20cb994c5039ad231ec79b7581,Black spot,1,val,singleton_no_enforced_relationship
source_35b7be322b30dc6d39c5294635c266050057c0b3b50a09451db38098510668a3,Citrus canker,1,test,singleton_no_enforced_relationship
source_35d2242a8e261952e8bc4dcbf6dac92c822a922cdbd7cc76de60fa42e6e5147e,Healthy leaf,1,train,singleton_no_enforced_relationship
source_35dbe05d1eceeda122d2373cfefa1a9408b8ffdc37d8e0639cf6eefb4260d8a4,Healthy leaf,1,train,singleton_no_enforced_relationship
source_360eb6add8a326b352792a78f79dd231f0a9650742a573057bdd5c07aa7a8c58,Greening,1,train,singleton_no_enforced_relationship
source_36132303bbd3d1978185e7d3e8693067c5ee52c576d540d1c6444c74293938c9,Algal leaf spot,1,train,singleton_no_enforced_relationship
source_362f0931596c196166a39a25ec26723ec31c7d9f1c201ec82c04b525ca4a3c18,Citrus canker,1,train,singleton_no_enforced_relationship
source_368c8564b810bb476d33d644116e4dacaaefa4e0be79315c7db1cc5a65eac1a6,Black spot,1,train,singleton_no_enforced_relationship
source_369208b43279c06c2f83a14fb2aba7b6a8a3f1992b619f33632a4b6b20cf3630,Citrus canker,1,train,singleton_no_enforced_relationship
source_36efef952d1c9b85f3c2d197a0f703dbf1643af8f078cd5e4f05c615f75b343d,Healthy leaf,1,train,singleton_no_enforced_relationship
source_36f51821425068b9b6929366a37acff84111b688359e2b0e3b37bc261653071e,Black spot,1,train,singleton_no_enforced_relationship
source_36f6206565b463b93bcf52d4d96b793295285d9ebb022a9998297ee304e32b87,Algal leaf spot,1,val,singleton_no_enforced_relationship
source_371835cbbaac275c6d71aeebb5b9726dd626b8b2afab5c4b596a4be797c05d04,Algal leaf spot,1,test,singleton_no_enforced_relationship
source_3720801f09c425edbea5d0b037e6484ff1bfdfbfecaa395245ebefa1cf8c6738,Black spot,1,val,singleton_no_enforced_relationship
source_37465a20414db2734d77c3c76961ff11729df622140a9691efdf5c4e2f64d3b2,Algal leaf spot,1,val,singleton_no_enforced_relationship
source_37735e9db4024645afbb7bb7d31a4ec030cf1a0af12341a7c8c3e5ef93a28f78,Healthy leaf,1,val,singleton_no_enforced_relationship
source_37e7415b7f0df43240697a4f53d4b172361fdd5520af0a746e96ebb826a4bf26,Algal leaf spot,1,train,singleton_no_enforced_relationship
source_3806f54c445adec8c0781ccfbb44c4d3e19f57d7e281d05d0dbecb05e50b3d52,Healthy leaf,1,train,singleton_no_enforced_relationship
source_382393ecb593c72a87c6122476a5f392c7b0b0da0cf24ba8e7003e8003577473,Citrus canker,1,train,singleton_no_enforced_relationship
source_3832e489fd76d92eac5c1a78086a4f2dd65f5e3f494b3bc5549f9b0c286724c9,Healthy leaf,1,train,singleton_no_enforced_relationship
source_3846fa30350ab2967e33698ceef7c8f1992af3eb41524b5e6e2ed864cdc34e60,Healthy leaf,1,train,singleton_no_enforced_relationship
source_3867f6c89149f1d05ae578b164728acdf8ad9786a7a1da60687944c83915537d,Citrus canker,1,train,singleton_no_enforced_relationship
source_38731d52beae3f78f24220e7a0c590d979c85719f3c7c332c51752785f5f2906,Citrus pest,1,train,singleton_no_enforced_relationship
source_3899de14a807a425a1fd0d1472caed68cf20de33a9a963fb7e162fc516eaeb12,Black spot,1,test,singleton_no_enforced_relationship
source_38a7d2672b384e583a2e2d0f272c7ee39f54743e32216104041205673b3af5f0,Algal leaf spot,1,train,singleton_no_enforced_relationship
source_38bdf6eb66736ab15bb08d4bf899bc1240d8516524791b17f0ddde7f2a118c92,Healthy leaf,1,train,singleton_no_enforced_relationship
source_38f9a2f7f3d79b9178bdf40f79aee3c612cb1730f32966298259f840e3028f3a,Algal leaf spot,1,train,singleton_no_enforced_relationship
source_3912dc410aeefb36028566c62fddaef19e44ff0b789ecf0a3171d6e1a83e8b2b,Healthy leaf,1,train,singleton_no_enforced_relationship
source_391e48719c43656358181f6a62d0521a14a24ed71de9b426b22a88cd590c76c4,Algal leaf spot,1,train,singleton_no_enforced_relationship
source_392b61ba683839e8ee830134270ea10e8e29342154955cd6fc5ef04dfe2571f4,Healthy leaf,1,train,singleton_no_enforced_relationship
source_3931bd0439d4c79ab6956f83e28f3bd960bd711d53e66207088135d980dec18b,Citrus canker,1,train,singleton_no_enforced_relationship
source_397351e8aee9afa65324c9763c2e9ce940ff757cc54c875ea784bc386dab83fc,Citrus pest,1,train,singleton_no_enforced_relationship
source_39d759648ceeb82ba967f5a43d061d0a61a001f62f33dcb727767bc6086fead0,Citrus pest,1,val,singleton_no_enforced_relationship
source_3a62ac496c96b1ea51fedb5c27d53651038b5806e65f30e3e0deb33349b6e296,Greening,1,train,singleton_no_enforced_relationship
source_3b00ce949808e098bda980e40296e3765582bbef23ac122097036f65af6844a9,Healthy leaf,1,val,singleton_no_enforced_relationship
source_3b35ec0e09088da854ccc1dbb332f2a8671a7324055c19aa944fba062b0b8bc4,Healthy leaf,1,train,singleton_no_enforced_relationship
source_3b4b0ecec65b89dd0c5bb8945f454d00ce1887d9a360027001556a3d74721e5d,Algal leaf spot,1,train,singleton_no_enforced_relationship
source_3b6c73b6be53b6be91f9d290c878a36e8b8b0b0178d2748bc2e771ddd8cee625,Citrus canker,1,train,singleton_no_enforced_relationship
source_3bb43899b3e7668bef785b41a7530d8c01e4d9b7e2f65a9d77c961a9d81fd9d5,Greening,1,train,singleton_no_enforced_relationship
source_3bb48140701b3f972c62757653fb0e1159b37f9659473f185168b3bed4c0d56e,Algal leaf spot,1,test,singleton_no_enforced_relationship
source_3bd407cd1d5747ca484242c24afff8bf770d428045d12641c79e4ced1181448e,Healthy leaf,1,train,singleton_no_enforced_relationship
source_3c055a5ae6d16c5d5f39299504a5044136e4fecae14a52c7bc98f81ea61489b7,Algal leaf spot,1,train,singleton_no_enforced_relationship
source_3c07fe510e72fe8038f826d3230880d2ad37e549e55c2855600033ac6280d9a1,Black spot,1,train,singleton_no_enforced_relationship
source_3c0e4cec98d4aea95ad9cd28def3c422343e1ec36b67b03980ab7b4b4a20acbb,Algal leaf spot,1,val,singleton_no_enforced_relationship
source_3c1c80054c1ef842f0f9d58e614ba20a796fd3b8c2d404620945b6d0458a2dca,Greening,1,train,singleton_no_enforced_relationship
source_3c52ff0ad9bde154d2b94791a554355856849f3687b883591e17e1c6dd43b7e7,Greening,1,train,singleton_no_enforced_relationship
source_3c84cb4ad041ca5b611163adc328f8691db3d0fc07cb2cda2fcaf046997fac12,Greening,1,train,singleton_no_enforced_relationship
source_3c96366e076ed8a21860b84c8aed8f625db44552e5955a075f6042e2620f5998,Greening,1,train,singleton_no_enforced_relationship
source_3d20923c569ddb2bc4c5b7b508a02e5b0348ad5af215f03ad91b141a27d0e4ec,Black spot,1,train,singleton_no_enforced_relationship
source_3d24204a1e367f4077905e160c1030b6bff1e977914eba22775aa9ed95ada535,Citrus pest,1,val,singleton_no_enforced_relationship
source_3d29659f5fbcae0cbb9515687f8490e8a6ccc789814e357d1d9efd9019ca63eb,Citrus canker,1,test,singleton_no_enforced_relationship
source_3d345ecfe25326407a0037c07246ef5de5e51fa32d0f0b168b1015add7e5bb78,Citrus pest,1,train,singleton_no_enforced_relationship
source_3d36d46f01b7535e6486c1dc79b17e10a0c5b723831c508539b3b04e39a2db92,Citrus canker,1,train,singleton_no_enforced_relationship
source_3db19d4aed4a0a794933d4cf21c774a0f5aeab4558fddf4cdd96bd7b5d75cb56,Citrus pest,1,train,singleton_no_enforced_relationship
source_3dbcd67c6135e9a387c87f48a22719bd072d20d8ca015138d5484a024bcbe70f,Citrus canker,1,train,singleton_no_enforced_relationship
source_3e6de14ee7dcfbe6e9adf1589fcb9e34c15d0b11dcb93b6be72b520dd00f7a9e,Black spot,1,train,singleton_no_enforced_relationship
source_3e839d13cf7b17d306b58821f95b42216fe293c8de36cb4db874d52832b15fd6,Greening,1,train,singleton_no_enforced_relationship
source_3ead4ac325b37e9dae91827d616f0347b76e22f60cb3c83ccaf961778b878a70,Healthy leaf,1,train,singleton_no_enforced_relationship
source_3eb2440b3731a72b246e096d102e2e9cba878d6dfcc418b11b6a7aba9cebcc2e,Algal leaf spot,1,train,singleton_no_enforced_relationship
source_3ec5803b669d7f3e5b691ed1edbc12a2d54c1f177fa8cf3ac01871129b74c0be,Healthy leaf,1,train,singleton_no_enforced_relationship
source_3ee2c9198cba72cd401628a63571488b83267427d4538ec34c1d108ffde11730,Citrus canker,1,train,singleton_no_enforced_relationship
source_3f25016845af38ada545471af4443dd2532ab44d8d8d8305ca0a50b8f7d5e67a,Citrus pest,1,val,singleton_no_enforced_relationship
source_3f694b1a0f6815ae9b6d8c7c4c210f511fabf63e8538de0fb4439ab93d4ecf26,Citrus pest,1,train,singleton_no_enforced_relationship
source_3fdaefef787dac7d6735021dc89e73a7ea62a798d5789cdf61ef3d11622081ed,Black spot,1,test,singleton_no_enforced_relationship
source_3feeab8c3248bfbf0c19716570946c190781fd0938dcbfac9006b263f3ecaa52,Citrus canker,1,val,singleton_no_enforced_relationship
source_3fff2b115a7f253bd569838300149ba83c36c4b20d063cf09a46eb9c66892fc1,Citrus pest,1,train,singleton_no_enforced_relationship
source_400201e388a7c561dd89678b9506b6bfc31276331aaed350b39a0cdcd6329fa4,Algal leaf spot,1,test,singleton_no_enforced_relationship
source_4016441ece16ba9f479001f2a84a9c3184aa8a66ff3a23608d05c029e1cb1dd8,Citrus pest,1,train,singleton_no_enforced_relationship
source_4038392437972ff3603852effb3962d36f82a388ddcd6a62a768268a5dc57143,Healthy leaf,1,train,singleton_no_enforced_relationship
source_403a0054994ae870ec1601fd175f771d3e65c904941ec92dede22277bdba51d6,Citrus canker,1,train,singleton_no_enforced_relationship
source_4046b1e2a9679a1dc12790536f6bcb748075add358ef51110cf038300d7a34e5,Citrus pest,1,train,singleton_no_enforced_relationship
source_4053db46949e6f6656133efc3c4339fcd570f79eecfab222a4fb58f57c43af8b,Citrus canker,1,train,singleton_no_enforced_relationship
source_4067fb0040230e833e51bf8b05f366778473ae5f9ccdc25071895e7a58c11f60,Citrus pest,1,val,singleton_no_enforced_relationship
source_406c8d2d8a8234c8c8dd52646f0a3617a0eed45efd3d2c70ff417c12c383bc0c,Citrus canker,1,train,singleton_no_enforced_relationship
source_40f56a73d048d6ac604859228bc66c9bc92994334bed13a1123c1a861f6affc9,Citrus pest,1,train,singleton_no_enforced_relationship
source_41149ea1c54b0e4cc0c06f4c19433d44fdf0aa5c28b12b72e3c8b26a41be45ec,Citrus canker,1,train,singleton_no_enforced_relationship
source_41152052ae8c4af86adb2cda2771861ac1f3c5ea071a7121cc93b83233b297c4,Black spot,1,train,singleton_no_enforced_relationship
source_4134fabdad749ed526e572a1948adc0d320e852ce0cc33edd41fe471dcbc4a84,Algal leaf spot,1,train,singleton_no_enforced_relationship
source_415337845b1eb34bcb00dcf1d53cd2c51edf900bc45a183ac43d2dafbb23e7b0,Greening,1,train,singleton_no_enforced_relationship
source_416c141646d0675796872a641648a57bce386183251b0ffaee87210c9dde7f7d,Citrus pest,1,train,singleton_no_enforced_relationship
source_41a343b46a3b7ec5832c704e8bc45c8d7562cbc97f529fc6399b735193207a06,Algal leaf spot,1,train,singleton_no_enforced_relationship
source_41be77d1561451e53d692e94d45439d237ab0288f9471dbe6c091bccdd082549,Citrus pest,1,train,singleton_no_enforced_relationship
source_41c9012eccaef5098e97f6a40f5a36eaee6424f656de0feaa5f66d96c89518ed,Healthy leaf,1,train,singleton_no_enforced_relationship
source_41db1d00a1d451aaa2c46e5a9ba1a1de0b475d6150b07a87830a7a6a6c68e983,Citrus pest,1,val,singleton_no_enforced_relationship
source_42190e722b5827c04fc03a100d33eea051361dc2907060c46dfb2a96a104c0df,Citrus canker,1,train,singleton_no_enforced_relationship
source_421d326fbd03e4b595e4fb5e63c0d7c0e509b18918f61b6ea4c1c8b0221667fd,Citrus canker,1,train,singleton_no_enforced_relationship
source_4221e58eceeaf34b346d2232153809843a4b966d569b0b2bb95605cfcc3cb43d,Algal leaf spot,1,val,singleton_no_enforced_relationship
source_422c09eda58ab62657ce327d77e164a1f8a7285eedf22792f8555cc81a7d5170,Greening,1,val,singleton_no_enforced_relationship
source_4234cadfc1eafafdb4a66290cc11e235988aedb612501ea3b54e58d1f57b3e58,Greening,1,train,singleton_no_enforced_relationship
source_423d371cdfbffc3eefde936d8cd64599ee81666b3d19129d8ac535bcee9d986f,Citrus canker,1,test,singleton_no_enforced_relationship
source_427df0efa965df7e29ece09f679afb471f6f64783ebf35f174868919e884f3c4,Healthy leaf,1,train,singleton_no_enforced_relationship
source_428ff72daae40837bc752b4915ca930c02149ba928412b8e3fe51d8c695d3670,Citrus canker,1,val,singleton_no_enforced_relationship
source_42b027b4e5742c6ed2dcee0be53d75d3fa3ccbabe692b5a6eedb362600db1561,Healthy leaf,1,test,singleton_no_enforced_relationship
source_42b138414b8aefe003cae0df9a15afc03eb2aa294f964e47cc56ad39f4d0eea2,Greening,1,train,singleton_no_enforced_relationship
source_42b858beb49ccb86d3d83369621ca5173df582905cc084f8f56adbbeba34a8f7,Healthy leaf,1,test,singleton_no_enforced_relationship
source_42c1abe3ce5fa721c7380f11ad1a681164f0e089f7d843e8be33359e9b918046,Healthy leaf,1,train,singleton_no_enforced_relationship
source_42cf794f2d82fe4302d9b29c577fa7b08c1d1df051783a409e390e7eeedeae43,Healthy leaf,1,train,singleton_no_enforced_relationship
source_42d08eb57fadd42bd6be8e2761292bd670e49f264c454368ea1f5747c274bf60,Greening,1,test,singleton_no_enforced_relationship
source_42f6870efe395878ccea1af93a3e9581fed9b7dc421ff162073617d23475ec51,Citrus canker,1,train,singleton_no_enforced_relationship
source_430a0444a95451a2ca4fa31f376a82d4947da708106fe064da8bb10f87bfd409,Black spot,1,val,singleton_no_enforced_relationship
source_4315ceff3d47df6c9d40a2ce1458352f4a4257ddfec6ba520c517cba35347e54,Citrus pest,1,val,singleton_no_enforced_relationship
source_432263eb2d0d9ea3b78a470f4725a665846062ac1ede35cacf18d1431333c1d2,Citrus pest,1,train,singleton_no_enforced_relationship
source_4322dce28a7f09d4dd2631e85fd5f758ce0674fa5349804253da70ad3908218a,Greening,1,train,singleton_no_enforced_relationship
source_435c2e6052820cd92c833d51d79e15a1b6ed159898af8496e76fd7165c55d487,Black spot,1,train,singleton_no_enforced_relationship
source_4389c33325463f691addd586151ea46e033fca601bdf4d8f551dc97366b36131,Greening,1,train,singleton_no_enforced_relationship
source_43a8d9d20d5eb12c19b9b50b9bb3e006e7eca2829e4ed35d81c65c3545091dfd,Algal leaf spot,1,train,singleton_no_enforced_relationship
source_43b6ae40dde95f0e91eae713be5676d4535d548d7be357055314a74260d1f412,Algal leaf spot,1,train,singleton_no_enforced_relationship
source_43fb776567d0985fb6bf3ee6584aa6a1d78faa3744a4bb3710245ad5425b2ba3,Black spot,1,val,singleton_no_enforced_relationship
source_444d222639ab42ed514d6ecf6780ef995124cf22c030bcf47ce4a96c57ed4a5f,Citrus canker,1,train,singleton_no_enforced_relationship
source_449904ff3ef5d25e1d8e56e3eb6fe3f01f305592360b1bfc9c0db8c38ebbbfcb,Healthy leaf,1,train,singleton_no_enforced_relationship
source_44a9b3900229ab5755be1b85d59bc3a39c04493ef48ea1d92c6dc6c7e1f11088,Algal leaf spot,1,train,singleton_no_enforced_relationship
source_44c329b4abc91d2647f97843b5ed05d6ab53ab32bfcc90e978e7ce115308c6f4,Algal leaf spot,1,train,singleton_no_enforced_relationship
source_44d23fdbcfa484485bc1fd56589e78c8922cfb8183a0df55ac72cf2263ae4a38,Citrus canker,1,train,singleton_no_enforced_relationship
source_44f6c9b520c676eb09943adc108ad9c13bebfdaf23203bc31e8c3193c556a102,Greening,1,train,singleton_no_enforced_relationship
source_44fcdf9b6fdfb208deb0fef81913241318c97b21ac7f08bb7e4bc7dcc3dc1b48,Citrus canker,1,train,singleton_no_enforced_relationship
source_4502e50ba46747af247e173012ec1a363b183fc6cfc9dc09e379543e4724d7b8,Healthy leaf,1,train,singleton_no_enforced_relationship
source_453a87bf94c53d566dedcad3541e5a1ea49e05675a8d11b689996e8073569977,Algal leaf spot,1,train,singleton_no_enforced_relationship
source_453bda542e8a8a5364297b23719f2fb5b9672c49d0e0f836e5e769d32149a763,Black spot,1,train,singleton_no_enforced_relationship
source_4544c6f0e992ba1eced2b0417ea6292bb02c5b6b62e31efdebcc844dbefde213,Algal leaf spot,1,val,singleton_no_enforced_relationship
source_455983e601cf8153dbd1d3d12e9a82ac457ccd6789fdaf4ec7bda5b1b822674e,Citrus canker,1,test,singleton_no_enforced_relationship
source_4589451862509082668363a9f1fdc44b248b6bfdf42b2bbcdf0fb9c77cd8d908,Citrus canker,1,test,singleton_no_enforced_relationship
source_4594e158f03a529e42f6c8b42d3cb770446dd37433c576b4ca06b88e5e234b35,Citrus canker,1,test,singleton_no_enforced_relationship
source_459d73b9dbb9384ef946d28f60b6adc56776e902eaed43f9cc0f98e1f8513810,Greening,1,train,singleton_no_enforced_relationship
source_45a7f4ca645b369e3b93afdee5944465e51811b3c2a226134ffefa795b2aac4e,Black spot,1,test,singleton_no_enforced_relationship
source_45f3128dcb5aba4e8d1835cd97c7aff59e5b918d7e8934e41bffe6629fc31c13,Greening,1,train,singleton_no_enforced_relationship
source_4654b8db76b947f20fd3f64fa38ab198eb5b8b340e2aade97273dfef77db1489,Algal leaf spot,1,train,singleton_no_enforced_relationship
source_469fd40571bb90c0964ac72a7688cf4aa72ec90335fca39bceaff379de2f71f6,Citrus pest,1,train,singleton_no_enforced_relationship
source_46ae1ea2e1980d00f78c006924905651a0bc79cdb6a28418fa7b9d14bb725636,Algal leaf spot,1,train,singleton_no_enforced_relationship
source_46c9c165b2c14628fccd694c1f25a2e9117254ec93b04a1b4c06aedfa2f34346,Algal leaf spot,1,train,singleton_no_enforced_relationship
source_46dc7a157b2fb168d03f12ee17e2c4162bc86dea874ac295a0b68edd059ed648,Greening,1,train,singleton_no_enforced_relationship
source_46fc6f7684a637e0ef8e5f265b3bf4fe83e9d2f5c15f40908d5636474fa1df34,Citrus pest,1,test,singleton_no_enforced_relationship
source_47435be40cfcee65c83cc4c480fe6b1e4cae9602273e105cf1e04a5eba6ac9ce,Greening,1,train,singleton_no_enforced_relationship
source_47744380170f867f8fe18d1929ae1e30b2f89d310ab816b4d942dac450009616,Greening,1,train,singleton_no_enforced_relationship
source_477d090b08aed05a10fab021612b73d37b55f12f3407a88ac3c10bd06e5ad98f,Citrus pest,1,train,singleton_no_enforced_relationship
source_47a7f2bd7bf66c63e6ca697d6a16ae5f654782c207bc3bd50ca8520b4f964740,Citrus pest,1,test,singleton_no_enforced_relationship
source_47b34a2036b443ebf3a78439d4290496193989b49fbd21b8e0784084800d325a,Black spot,1,test,singleton_no_enforced_relationship
source_47d68ec07ad1b0bd6eaf1566fc9264c1b896dc07daa69fbed82dff911a983f85,Healthy leaf,1,test,singleton_no_enforced_relationship
source_47f1c5f9e693ae58b7f8dd696be5efa4518557df802d0ef013dd2f7dd7a2d2ee,Algal leaf spot,1,test,singleton_no_enforced_relationship
source_47f880f2ed9798f0eeed1192f65b4b7aa60532dd0f53b8317d8ec604015d0211,Algal leaf spot,1,train,singleton_no_enforced_relationship
source_480472f95ecea4798de5ebee6c2eccb02cc2a1fd70c1a22f7427481560e800fc,Healthy leaf,1,train,singleton_no_enforced_relationship
source_4806a51d6c1c9544d3829e23c21a7a3d9af32d5bfa0403f406585bac0d892295,Greening,1,train,singleton_no_enforced_relationship
source_4816a486a9485d83318469a2f4cb4083c1b9d9b9177ed54891b9fd01e0a2f8f9,Citrus canker,1,train,singleton_no_enforced_relationship
source_4844617351e34d302f04c14bbc2c9230bc5f663195ebb8362e2757d5918db820,Healthy leaf,1,train,singleton_no_enforced_relationship
source_4858c57a6527ae0e6e79eb2835d06817b0ef9adff0da7ad582c4a5d9d0361a31,Healthy leaf,1,train,singleton_no_enforced_relationship
source_487557cfc77a3154b9506916101f46c89c24711cb48af54e64165ba326f1a485,Black spot,1,train,singleton_no_enforced_relationship
source_48a927d3d341667b36529dbd9706664f736413d6ca93f901ee12c77a630abf86,Citrus canker,1,train,singleton_no_enforced_relationship
source_48a954f329b9ac0fd601041a071743692310837d3e860f99c85e1a8ffdeadfd6,Citrus canker,1,train,singleton_no_enforced_relationship
source_48e86ecc73c54fddab3e054b27eb89bede688f5f8bc7c8d10996d437bcf45de4,Citrus canker,1,train,singleton_no_enforced_relationship
source_48f37cf37993469a6d9af29413cebd8ba64b21d5784a7e6b96324edcdae94616,Citrus pest,1,train,singleton_no_enforced_relationship
source_4909f13c2a3693a2d7be3885ac2fdddcdafa1cce2f37acd3e45e2c5701ddb1d0,Healthy leaf,1,val,singleton_no_enforced_relationship
source_491df2b495c7ebe10d161644c49dd11b639574555215c272a83b1803c6fc393b,Citrus canker,1,test,singleton_no_enforced_relationship
source_492cbb95749fe7237fc5e49285b48e2fd6dc6b3f04978fb444ab9410f2b0c57d,Greening,1,train,singleton_no_enforced_relationship
source_4957b35aa493f6b8703b234c02a52193f0018afcfc00cfefec10ae071efa283d,Citrus pest,1,train,singleton_no_enforced_relationship
source_499024f350cba5fee1498af0da3ed6d9969436f5a4c2ec4eac54fbd3e90ad7c0,Black spot,1,val,singleton_no_enforced_relationship
source_49b9612782711c271f58d9de2115c7bca4537f24fc698026490addc24b455b02,Algal leaf spot,1,train,singleton_no_enforced_relationship
source_49c5cc6accd8695d94e79fcbcf09cfeec23d02a1345891fdf60ce1d444283817,Algal leaf spot,1,train,singleton_no_enforced_relationship
source_49e45d4dd9a131e57066bed7580686c58bbc258555d7f7026ac3d454fbc7b68f,Algal leaf spot,1,train,singleton_no_enforced_relationship
source_49f4babc385b68d78ac2f89be93bd96653e5120e4eecb5ab376a70691259efec,Citrus canker,1,train,singleton_no_enforced_relationship
source_49f606babdbd2e8b7e351f36bfd5267a5351033f15db80c34f3910c3993dcf7a,Black spot,1,val,singleton_no_enforced_relationship
source_4a814a35bec0f13dba32ac78cd6043140e828afabebaadf0e66f1f0a32e54d84,Algal leaf spot,1,val,singleton_no_enforced_relationship
source_4a8de1d428f4bfa176bdead0a9225f324617ad5f7110af191fde5d292051ec90,Citrus pest,1,train,singleton_no_enforced_relationship
source_4a9ab128d4a544a618ebaf1ef1092c4d7d27d868baedc2ed27325f528a660ed8,Black spot,1,test,singleton_no_enforced_relationship
source_4a9e6e330f2b434fa2fcf2fb818754b50377f290575741a6dc8c1439244ae5d8,Algal leaf spot,1,test,singleton_no_enforced_relationship
source_4aa6283c7b7bd724b478f3d949a832ff587bf7bd992e43f86523d7aaf82ada69,Algal leaf spot,1,test,singleton_no_enforced_relationship
source_4ac550386cdda6d89fcc363cf4fd4e4f00a6e54722228c0b58b96ab4e83312db,Algal leaf spot,1,train,singleton_no_enforced_relationship
source_4ac8fc8e62ced080e5ebe21ea2a1cce9c816630df3554a22b0dd0c89786ec9bc,Black spot,1,train,singleton_no_enforced_relationship
source_4ae66f6649bc6186e275f5cbc6d2b74a48cae2c5b938976c2e21144b6221dfd3,Citrus pest,1,test,singleton_no_enforced_relationship
source_4b912ce67b61ce472d88de6a99828289a0bb255d6257525039813392e691d93e,Black spot,1,train,singleton_no_enforced_relationship
source_4b9694db0c72e3ce886d70499a1012d1d64507e3a5ee78db793607fb147f0cc4,Citrus canker,1,train,singleton_no_enforced_relationship
source_4b97c213bb41372e01922b8ad43488168381b630471ac3c704d701868bd9a517,Healthy leaf,1,train,singleton_no_enforced_relationship
source_4bc419e86b720222d239a4ca15b05db8d5c780e61d9a89aa31c3b6b41e414d55,Black spot,1,train,singleton_no_enforced_relationship
source_4bdc2d5efab18dc0f15df917ce83e9a1349e03e239c17237176b36b3ebf28697,Citrus canker,1,train,singleton_no_enforced_relationship
source_4c3f601a1558b57af2af5179d41420addb3a6b37b6295320c57460369592f55a,Greening,1,train,singleton_no_enforced_relationship
source_4c4c517d9e88504f1d9764ea8b22307c209dab54f3c23be02656b2dd1f3aaff0,Algal leaf spot,1,train,singleton_no_enforced_relationship
source_4c5d5dff41969de863c54860d522e473a9f9c961ab76920f1052f963eb6347a0,Greening,1,train,singleton_no_enforced_relationship
source_4c6f3f2105cf1fcec51bdc8c329f5a5e7f524026f66d9a37fd9533fa196ceaf2,Greening,1,test,singleton_no_enforced_relationship
source_4c81c4f02d43032002d58eb1fe4b3c48564a4247489629ae0d91ff8804914672,Greening,1,train,singleton_no_enforced_relationship
source_4c8c3c12dca4cc6292a88454b3845f0f17c6f9242b0177501adc3530b132491f,Black spot,1,val,singleton_no_enforced_relationship
source_4c9a05d3416ea2a99f5b30437655c4e650f7b7c54c87d3958bafbe2a8baa99b8,Algal leaf spot,1,train,singleton_no_enforced_relationship
source_4cbf37b282c62cdbfba957e0f641e8e4f2410c7024037d604879a88d24f8f8e8,Algal leaf spot,1,train,singleton_no_enforced_relationship
source_4cd6e839ce25fc3c5ab922b3b4ed768a147051c342c300ac585736d307d1e273,Healthy leaf,1,train,singleton_no_enforced_relationship
source_4cf47168dadb76c7e12909e21402a969bf3f234db7b238d6ceb341257c73a4ed,Black spot,1,train,singleton_no_enforced_relationship
source_4d00c92b0d70c9a846534d1defbfeea268da52b770c04b65eea1406e3eece365,Citrus pest,1,val,singleton_no_enforced_relationship
source_4d0c58395f6774b72df5a04aa196936e56e4ddd9447679eef6dad8f4704c07b3,Greening,1,train,singleton_no_enforced_relationship
source_4d137a76f61ce1057eecbd26b924dea1877e71c7b414d70a29c5ddc473bf1d6d,Greening,1,train,singleton_no_enforced_relationship
source_4d53a29d86feefe80986dbb7496b9d40e4966bf8a587d55f47cb6b259322838b,Citrus pest,1,train,singleton_no_enforced_relationship
source_4da2ee61e1fc3b01965bd1fc6a962024242aefae9da5c4e089da10f4f08a27b9,Black spot,1,train,singleton_no_enforced_relationship
source_4dab7552da21210ff7643fc9961c201f74b42f407fd4819116bee6bb93cd2c2c,Citrus canker,1,val,singleton_no_enforced_relationship
source_4e5f90ce767626ca545d79352a3d3dd4e84906116a2c8808961e204659716317,Citrus pest,1,train,singleton_no_enforced_relationship
source_4e6cf756bd989fe0be001d77812756f0ff15f449edd75c14a6603a65633137fa,Citrus pest,1,train,singleton_no_enforced_relationship
source_4e77746439447649fdd19e5cdfe0e4949da5170538ec81b310ccfba0e658a733,Greening,1,train,singleton_no_enforced_relationship
source_4e8dd4fc9fb9fb8872b90bc0246a2f81d7a1943b93706f53928e97644520b125,Citrus pest,1,train,singleton_no_enforced_relationship
source_4ecd308525d7d47ba118372bbba248c0282f3262d589fc56c26d593faa6fd423,Black spot,1,val,singleton_no_enforced_relationship
source_4edeb67a1780d28b69caa3fb613a7786c1b05694a2602e9ba05f071ac44d5d1f,Greening,1,test,singleton_no_enforced_relationship
source_4efbee02d4d26073d144cdc387c1a2cb576fca6650a072521e62140c8bebecd2,Black spot,1,test,singleton_no_enforced_relationship
source_4f109bbc0edbf5365fb43d0bd97964b21115af06e2d349138d5a5341e3d95d4a,Greening,1,test,singleton_no_enforced_relationship
source_4f1e4dc8199d9ea602708df54968ea7f3671a84209e0adcee90ca76be587b3ea,Greening,1,train,singleton_no_enforced_relationship
source_4f28e4164c22eaf944669958593bdd203459d97b8e1c93cedfb67e4ba9e1ccd9,Algal leaf spot,1,val,singleton_no_enforced_relationship
source_4f2bf784b2e477aced59005953a2d87a041eba8309b26dbdb5e8f62e220cf7cf,Greening,1,val,singleton_no_enforced_relationship
source_4f541416aec94e4bef9faefe68d0bfeba09450536b935e9e44eb968a479c8c32,Greening,1,train,singleton_no_enforced_relationship
source_4f8e16303a41b987105fa983d6d3c63dae19f3fa2b493c1bbf28767efc473602,Black spot,1,val,singleton_no_enforced_relationship
source_505a97355092b9cd72b82f71704fc78ca96c03c25650c9a7660b5717624b03d1,Citrus pest,1,train,singleton_no_enforced_relationship
source_506270cd81fede0001c8e4389785b8a57201e08513739323ea38cf26cedbcfd0,Citrus canker,1,val,singleton_no_enforced_relationship
source_50752a2bb259cd43d9acd101547d0bfe49edb37fee7be0b7219affd155d77fbe,Citrus canker,1,test,singleton_no_enforced_relationship
source_5096d2103a9a1e39545cdb09251dcaf2c2231117af2310419e68cefa2d247246,Black spot,1,val,singleton_no_enforced_relationship
source_50b4dbd014711b81c8d7f3f739e434ff49ba49e8f603f03674e1db8e610326b4,Healthy leaf,1,val,singleton_no_enforced_relationship
source_50ee56e8d2b89fd21bdb9800a8d370bace50fe653eddc10d18cdeb1768045499,Algal leaf spot,1,train,singleton_no_enforced_relationship
source_51260156b1861801420ba2494b2aef370edf0877780e34f5f95471dd53fd6d44,Greening,1,train,singleton_no_enforced_relationship
source_5188b7c8b2cd264222ca0325c12144e3b0182595ad0818500f8d76f4c5b2d598,Algal leaf spot,1,test,singleton_no_enforced_relationship
source_518c0113928ec917626c00ca146ca9e4ff33b378ea047edcd71b478c8a588d5a,Black spot,1,train,singleton_no_enforced_relationship
source_51a926dbd3cb88e0ba2f7e6b79bcfce96a20bddf9fe4cabb5e861b233a4d84ad,Citrus canker,1,train,singleton_no_enforced_relationship
source_51b18c1b75743d067c55ee2b3fe9e107484643430cc25712395796a9d6cb24f3,Citrus pest,1,train,singleton_no_enforced_relationship
source_51d0078b525d34e446008a4d514999a3bc8d3121750560315964864c5f0f2827,Algal leaf spot,1,val,singleton_no_enforced_relationship
source_51d757c0dc71a04542b437c891c36142df08ae335b139bed7a467aa73e25a5ef,Greening,1,val,singleton_no_enforced_relationship
source_523a3e3a000a3912f326925bec76bc5e3abf37534a06886b984b53d538492e51,Citrus canker,1,train,singleton_no_enforced_relationship
source_524111b5d942efadc7bdba847754770a24fe3c3f378f59ca4d2fa9b55cf788b3,Black spot,1,train,singleton_no_enforced_relationship
source_52515dcdddcced281143c9f4b481b6dd26112c0239a6cef47b453016216e7271,Greening,1,test,singleton_no_enforced_relationship
source_5266b79c3509f2f640f3093cc4af5e73aa78079d5acc36d2e240c587eda500f5,Healthy leaf,1,train,singleton_no_enforced_relationship
source_527ee5d15cc86a6fdd31857f99069d5b3dedac62fb5c911a15374b8c62afdd7e,Citrus canker,1,train,singleton_no_enforced_relationship
source_529209cfe314f340bd5f160a4b0b5a08b6182b81d22806a99f237f23a6954a94,Healthy leaf,1,train,singleton_no_enforced_relationship
source_52a4f8b86b734a5288e985485b2645a6f7b3e97c94ed47e5d2e31258848e71a6,Algal leaf spot,1,val,singleton_no_enforced_relationship
source_52c43878ebf00ea3593d8b2dd9dfde81c2e9a18886a8a3aa393d64bdfc7005d4,Greening,1,train,singleton_no_enforced_relationship
source_52c88ee5cac8c506dbe080cf347d21a3fab3b35c35ceedbb8e46d4d227ec154d,Citrus canker,1,val,singleton_no_enforced_relationship
source_53162ca9a088470ae316ca4a6295821beffa7b1bedea8e7205de444aa346d78c,Citrus pest,1,test,singleton_no_enforced_relationship
source_536b123a74c937a32e282c4aef3e2a6ce461e5fe2a9f0466e02b519a8b11caef,Healthy leaf,1,train,singleton_no_enforced_relationship
source_538fdff3f8bd8ee97a0ae44bae8e1fb806de3a9ad19a6a7e9db7730d8af38e9c,Algal leaf spot,1,train,singleton_no_enforced_relationship
source_53a083fa2165451a32109781eff8d5a64af51573823731deada6a242045cc5f4,Citrus pest,1,train,singleton_no_enforced_relationship
source_53a943aa0afe463a61278585dcf3dcd88b0c132c779e6e482deb121838324cae,Healthy leaf,1,train,singleton_no_enforced_relationship
source_53a97243df9d891a485e2fe7884d5afbd75acdfdb284ea25c86a586fe39cffc5,Healthy leaf,1,test,singleton_no_enforced_relationship
source_53b6b4a2bf3fca0ad57400500247a24b0dcc9ae8682a1a2ed51a4ee80ece1765,Healthy leaf,1,train,singleton_no_enforced_relationship
source_53be65c3723acb6adfc8f15be5c51f3f0b70b201c5847e4f503d6511361082bb,Algal leaf spot,1,train,singleton_no_enforced_relationship
source_53fbc227e722e56f4b9399938564a4d7b46b6d69104d8d04beac9bb1adc491d6,Greening,1,train,singleton_no_enforced_relationship
source_5409c708f173d1daa975289ca5f94566386ab452a0717bcccd712f6966bfdf1e,Citrus canker,1,val,singleton_no_enforced_relationship
source_5424434e4be7d3f65c9f0f91655d298df3ac626c95735b5e50b7ac7823de94e3,Algal leaf spot,1,train,singleton_no_enforced_relationship
source_543f1fe55b8511277e991a6283d24f389b527da08ba9e86a411a6d2df8e4d733,Citrus pest,1,val,singleton_no_enforced_relationship
source_5453dbf8f153052b864757db9470071071908417942c93eef8082312fb442c3e,Healthy leaf,1,train,singleton_no_enforced_relationship
source_547cdaef235715c787c3ad4c692b64e183ca95697ca4093fc0a76f81fa258015,Citrus pest,1,train,singleton_no_enforced_relationship
source_54986e4d49eb106605a5a8e99944ac1d109c7355ade005bdfaf84102b1a3e212,Healthy leaf,1,train,singleton_no_enforced_relationship
source_54b423e4a7f44ca66bb0df5e4a9441dcb8b5011025b4c1cec3bdb46c1719d1fe,Greening,1,train,singleton_no_enforced_relationship
source_54c147c980ca135edd371a84a4b6eca2104a6aa27f6ca38a59ada16be67261bc,Citrus canker,1,train,singleton_no_enforced_relationship
source_54ed4fb4c73fe912061753080854d924a79fe9b2f4ac3c3eb28627dfb7193c46,Healthy leaf,1,train,singleton_no_enforced_relationship
source_54f136636af65febfecf6c22ad3d776f3d2efe90ed86bd5b86c2bfabb70c3e92,Black spot,1,train,singleton_no_enforced_relationship
source_54ff18454f56c80a7d1fafb7296c7a230af8b59ad2b1c79fe9f97691e8a32318,Healthy leaf,1,train,singleton_no_enforced_relationship
source_5549f1772a30234f5027cfbe81a9eb299f36d957bfcb38f8612db7c9706fd021,Citrus pest,1,train,singleton_no_enforced_relationship
source_554ab54b3d4a2822d10dcb35fc784c3f3b546689752f2b1d1fab3f60b570b395,Greening,1,train,singleton_no_enforced_relationship
source_554f8c918c9a8fa5e90ff6c9496bcc3cebf08e932a425ea1a37b7360869b1a91,Citrus pest,2,train,human_SAME_SOURCE
source_557ae58d88733dd624ab413c70bd7cf9da44a88511249cf09b742f6a9dbf2bab,Black spot,1,val,singleton_no_enforced_relationship
source_558057530e3828b42ff2ecc6758c16130974add146ebfe5e035240235a2b3fec,Algal leaf spot,1,train,singleton_no_enforced_relationship
source_55a8b905aad08ac697e8ee2f99cea2ed92ee640b66b3bc8b10746b36dcbf0598,Healthy leaf,1,test,singleton_no_enforced_relationship
source_55de12a764802ab613fc4fc2fdd5b0314dc33693614f859851127e18cdd89cac,Greening,1,train,singleton_no_enforced_relationship
source_55f7e2a62e94ea2d9dd41482b47809b8cc55cbcaaebe4188c225d1bfb8881e65,Citrus pest,1,train,singleton_no_enforced_relationship
source_55fbe6ffbc011974ae4d895941f287edfa588bb76a5487049df686439ae382cb,Citrus pest,1,train,singleton_no_enforced_relationship
source_560e82aa05eb1c768bc0a79398a6983ecd9fed786ea0a3e06b0fd877d75d4a59,Black spot,1,train,singleton_no_enforced_relationship
source_5618698156fa3b9e654b269a4ef5c6bb8e95f7714c41318cb6cd5bdbd469ff28,Black spot,1,test,singleton_no_enforced_relationship
source_56458ed8efa9c4b382454648af33c0cd7521bcd0ffcd91593b0d350033380fad,Algal leaf spot,1,train,singleton_no_enforced_relationship
source_566319772de1949bdde212a74b46e2bf05b3ee4869f6f30a2a062f5b13039aa2,Black spot,1,train,singleton_no_enforced_relationship
source_56a52f8b1f2e4cb4075371d339192ee26f059336a5e3afc1650557d6569ea05b,Citrus canker,1,train,singleton_no_enforced_relationship
source_56d734a0d0fa5ebba2539033bb79052be5653235e633e56d1a51c49537427ece,Healthy leaf,1,val,singleton_no_enforced_relationship
source_56f4f22a6cbfcf2f58d489d03ad932114d0fd1576130e27873f80bf3cab54935,Greening,1,train,singleton_no_enforced_relationship
source_572a2eb49d36f38a92aa3b677e36851f18a27a05a67fe77c6e567703e3747703,Healthy leaf,1,val,singleton_no_enforced_relationship
source_575258c3388866531f250ce411e8a3f4de26d28d429b559c6bfd69044b17aacd,Healthy leaf,1,val,singleton_no_enforced_relationship
source_575876e67515599cbf5d07f1f425d3b663e577a2246321d359ea8b3041354e1d,Black spot,1,test,singleton_no_enforced_relationship
source_57588028858e8c476833196cf24fadf5bb3d11d5e400e760fcd2734316a44ae4,Citrus canker,1,train,singleton_no_enforced_relationship
source_57e2086384f8703beafd3f0a98c482713130dc80d3e9dc797c88566077143eaa,Citrus canker,1,train,singleton_no_enforced_relationship
source_57f4630ba872601e0d287427e7ae63a59be449e9a381e9f09e23d0e1edca4724,Citrus pest,1,train,singleton_no_enforced_relationship
source_57f4e54138377073ec1313f98ad559cc0098acd24822793313a274df49717a85,Healthy leaf,1,test,singleton_no_enforced_relationship
source_5847c93135bfc50cfb934aa1d82f4319747b83b73a82815b96ac2fa1694cab8f,Algal leaf spot,1,train,singleton_no_enforced_relationship
source_585d588f911104cabb5b0bd09fd535b9d442e0f877d695020010562116ddcec0,Citrus canker,1,val,singleton_no_enforced_relationship
source_5866406696bca1ab947a28f0d1b29c9d9e9f87192b8bc194562ef8117ccc3803,Black spot,1,test,singleton_no_enforced_relationship
source_588e833bee8272bce72d7eedcaf12f923b270bc6fe91e2c7ad6687a6e83f5664,Healthy leaf,1,train,singleton_no_enforced_relationship
source_5896e6a36210305f53edbcc79605c0f5694146a9eca6026761e3904fcbb8707b,Algal leaf spot,1,test,singleton_no_enforced_relationship
source_58d33be6c0351e3414f67e3e1a089d141c90b347f7475523cbc562120c1fb01e,Algal leaf spot,1,val,singleton_no_enforced_relationship
source_58edeb37b12f288cf6553e029160196baefccb578c642e3b41b7085c11295b00,Citrus canker,1,test,singleton_no_enforced_relationship
source_58fa0182745d9fcae0b5df538eac9a40e962b50f01a9409c49b1ab223f093dd3,Greening,1,train,singleton_no_enforced_relationship
source_59116c6cf400b2be5bb4f93ddb6f06b6fc036b9f83adf61b8abfd27d2585cfe8,Healthy leaf,1,train,singleton_no_enforced_relationship
source_59469bf33520ddf6c87daa164fbef16421dae039a21e85a3b6f78b5ce61c9ae6,Citrus canker,1,train,singleton_no_enforced_relationship
source_5970fafd63591022c369089e2cfb869fe2f5e9928c30028593aa42d465676b6d,Healthy leaf,1,train,singleton_no_enforced_relationship
source_597f03c2bdd8418e4e1179f907339d64c818912fa7c1e09fc8dd2164decea43d,Citrus pest,1,train,singleton_no_enforced_relationship
source_59a297ffe817525daffb47ed96050c2a6c3d818d8fcba231c45183f755a84ac1,Algal leaf spot,1,val,singleton_no_enforced_relationship
source_59ce73a5a9abb15de0be465bc4c99a8e422da4b2171de3a75e8378bdfcbb7698,Algal leaf spot,1,train,singleton_no_enforced_relationship
source_5a05e7e941dc4dc8440d90724a243d8f3cc5cb3d502f5e1242f9d2c663d0d8c6,Greening,1,train,singleton_no_enforced_relationship
source_5a2f54bbcda9035be210e4306e4f2463b0144caca97244c3e9db99285e58c4de,Algal leaf spot,1,train,singleton_no_enforced_relationship
source_5a42b903b8b36cb35bc827b9c7368a71ac8fb869cd9f76d05e3236eea28e5fbb,Citrus canker,1,train,singleton_no_enforced_relationship
source_5a590850d1b96f75f05a6998f5a94d4bc384e3b2e6c79bde30bbe014764ccb87,Greening,1,train,singleton_no_enforced_relationship
source_5a6320667ecf5ce533437877916860f89e0cc7795c4aac86da2b0a49bab1f72e,Healthy leaf,1,train,singleton_no_enforced_relationship
source_5a7811c43f73384e8eab9ce4837bde386a9ae0af3e8a5f80a63206eb21bcb2d6,Citrus canker,1,val,singleton_no_enforced_relationship
source_5a8adaf6a69daed8c4b4955c5abd369762ff6275323f9e8c806da5275811e342,Citrus canker,1,train,singleton_no_enforced_relationship
source_5a9d518e239e197fc898e367b6f34208ad5ca7ed6e8d4daee5f2acdd94d31823,Greening,1,train,singleton_no_enforced_relationship
source_5a9f5e708b04d2b724d8854b3b750fbf4917bec534778615f797daf5e74cdeee,Black spot,1,train,singleton_no_enforced_relationship
source_5abae31a229301e37b8f2c1ca0054dadfdad182fbe8bfa1bae20eeb6ca54b23a,Citrus canker,1,train,singleton_no_enforced_relationship
source_5abb9a5fbe4ad85aee3d3529951a630ccbecd9bf810f60a527a2b5a6d21a9b9b,Citrus canker,1,train,singleton_no_enforced_relationship
source_5ad615028c037b971b56787f245c93df510a5bdbfe724662d4c2b2e3169e525d,Healthy leaf,1,train,singleton_no_enforced_relationship
source_5ad792a88349bf4d0e3cdeac628860384b07107cb22112e6875ee04eca24d3a5,Algal leaf spot,1,val,singleton_no_enforced_relationship
source_5af54ffd9fcda82d70483b66679eccc92f32a1ee726701943ed36af3ea81607d,Black spot,1,val,singleton_no_enforced_relationship
source_5b28264ddba9453dd19263affbf8828137513d43e44071a54ce172278dc50bcf,Citrus canker,1,train,singleton_no_enforced_relationship
source_5b3ddd491769073a6d0259b03bbe626ab6a82acc980fc33faf9fc18a5504fcf3,Healthy leaf,1,train,singleton_no_enforced_relationship
source_5b57b40b9d2235a8c6514780a98d8d0acbeaeeb2c3eb359e8ea048b5bebc03b4,Citrus canker,1,val,singleton_no_enforced_relationship
source_5b5b1c5e33c406c986086836ccc923019de02a1679116101c5d010112cd93c4b,Greening,1,test,singleton_no_enforced_relationship
source_5b6afe213baaf9d65ba4039aaef3b564633b81bb259cf4a9745c4f624d8a07b2,Citrus pest,1,train,singleton_no_enforced_relationship
source_5b831a1b80c799c8f9dc04efcfd8856df68e62928edaa6c8efac41d225179caa,Citrus canker,1,val,singleton_no_enforced_relationship
source_5b96f473f997a492c84c6680e3c30c3139a6a9b2e3ecc204c77fcf10685d0193,Greening,1,test,singleton_no_enforced_relationship
source_5bb3b98926a639761364af6dad3223157a1588489f77b97360d2e83807ad6463,Greening,1,train,singleton_no_enforced_relationship
source_5bc92dd74613426529bb4dcfdf0b600ff179fc9334c6cc7029e8f482ea671d53,Algal leaf spot,1,val,singleton_no_enforced_relationship
source_5bed328e4b858a2d8b2da6d630bd6e7ac14a5bbbaf60e85f24cfc27a2b93f76e,Algal leaf spot,1,train,singleton_no_enforced_relationship
source_5bed849fd0a7c0263b786257279ac14176948f7cd5a16bf27a2ac51bcebbe5cc,Citrus pest,1,train,singleton_no_enforced_relationship
source_5bf6779776f38738f101d0c87baa991a08f1286562638751cdc53c04c440eea0,Black spot,1,train,singleton_no_enforced_relationship
source_5c012b8607097a3e0f5ecfe44d9d4124d288eb80b5bd28ad6331c48210125b0c,Algal leaf spot,1,train,singleton_no_enforced_relationship
source_5c13bfb65db0969b3be85f3ca4beb8372a691404933688df62722843d3b83b1e,Algal leaf spot,1,val,singleton_no_enforced_relationship
source_5c161b3eb662df86367de6456a7e5aceabf0958492fe425985fb51579c214ca1,Black spot,1,test,singleton_no_enforced_relationship
source_5c4eabeab52b4cc86320d393c9347095228b09eb064a3d802118e494ab56e8a8,Citrus canker,1,train,singleton_no_enforced_relationship
source_5c51c74930d8c42fb411fe05c919472287ae8e9c5cdf3f688f233e2107bd01dc,Black spot,1,val,singleton_no_enforced_relationship
source_5c68857df46dc37c4bed468c8116c8a59d07dc88bdd46334d10bdaec212b6af3,Citrus pest,1,test,singleton_no_enforced_relationship
source_5c98b0d0422f7c2d9d6f52854acc5a934342a2a613b7cb82ce566690ffe861da,Algal leaf spot,1,val,singleton_no_enforced_relationship
source_5ca4d89b4903aaebfe207d78e6e1e1e9d3a3ee2c84f3e02c2346f0ebf405665c,Greening,1,test,singleton_no_enforced_relationship
source_5ce7afe1e7c3e9ebc91213da89ea28c4867fec11d5e4c7f02eb7c237f505130c,Healthy leaf,1,train,singleton_no_enforced_relationship
source_5d2e95f5950295cfafb1ec982ddc4139e23551a37239f6ecc4742712ba3592da,Citrus pest,1,train,singleton_no_enforced_relationship
source_5d41dfc72818e97fb5f05062627955fbb7eed4dc04147485c54c0918d85a069d,Black spot,1,train,singleton_no_enforced_relationship
source_5dbe5b9af9addf70ed35aab34de1153746a458c564157634e63882ef064108bf,Greening,1,val,singleton_no_enforced_relationship
source_5dd13c5028ef9a6d41b925b7bfb04968e57af1c9063c08496eb4bf778bc9ed39,Black spot,1,val,singleton_no_enforced_relationship
source_5dd4d37e56100b9586fd111356aa94317c91c4fdd8f0e73824967504a468b3c1,Citrus pest,1,train,singleton_no_enforced_relationship
source_5dfa4996b3de7dd2570e312db6295ae9d74f14f0a3928fcc453dc8d752533be2,Citrus canker,1,val,singleton_no_enforced_relationship
source_5e47f1efcb0fc3296fa4127c674164bb5ef08f87987afd9f3c5c7f9012a3faef,Citrus canker,1,train,singleton_no_enforced_relationship
source_5e49aafd239066524486772c1f4a34d347d665a842888422e4d25240d95e9ca5,Healthy leaf,1,train,singleton_no_enforced_relationship
source_5e5ef78f077f88b2475b3dba80caaccc7e5ff84ea370f350b3ff5c64057ab9cf,Citrus canker,1,train,singleton_no_enforced_relationship
source_5e9f546c4fb1444c6edc5b1cc6c2a919a19087abea5e7ebf31fc9baaf4e774de,Algal leaf spot,1,val,singleton_no_enforced_relationship
source_5ea0f954711dddb143104a67b9db80903cae837c8c7ee74aaf3b4d8e6b626219,Citrus canker,1,train,singleton_no_enforced_relationship
source_5eb7ab75e1e1b04c0476c3625f0dbf536b78c61fd019f0c1e9ba39f69b97be2f,Healthy leaf,1,test,singleton_no_enforced_relationship
source_5ec1cb6de850985a8cbec46ba66d646a5a951388f16766111c93938ab3442242,Citrus canker,1,train,singleton_no_enforced_relationship
source_5f115a5d0f75e7085c047fda89d3b87de9605bb03a4942b10dbd207f125a76ab,Citrus canker,1,train,singleton_no_enforced_relationship
source_5f173f3e976418a1bf618c0b16aa500c7b722f8511b0d1dacb541e03b3401d83,Citrus pest,1,train,singleton_no_enforced_relationship
source_5f186c4100725e991342a71eb2afd0fbdb17931d24dc144e1c35e47231df156e,Healthy leaf,4,train,AB_pair_evidence;existing_AB_cluster;existing_AB_manifest;refined_capture_strong_link
source_5f2e4c2272013283965416c5903b5c957937c3a3a2b344e5d9d68fc3042188ad,Algal leaf spot,1,train,singleton_no_enforced_relationship
source_5f4a2288fd948ef4ff6137aa7a4904a6f61a591ef24edf5f2f6f0dc8d3be8794,Citrus canker,1,train,singleton_no_enforced_relationship
source_5f5262d79144cd6ca71dd3f38830672c5e3413d83bc28beb48924de3290a776e,Algal leaf spot,1,train,singleton_no_enforced_relationship
source_5f5faa2a854cdb5d1c78319d819b921531bd78146ca7ed07c33c06635a2fa94b,Black spot,1,val,singleton_no_enforced_relationship
source_5f806495f0e1766bc99babbf27193e5e60b4c0971ccc762265225a74346b59ca,Citrus canker,1,train,singleton_no_enforced_relationship
source_5f85463cd6b5c29206339fab78de70afd125987a872b0ee954dd0226ce485996,Black spot,1,train,singleton_no_enforced_relationship
source_5fab485ac6c0b8f5099f9e38458c74fdb114b6180cb4ad80ef3a8248a9d6bc9c,Citrus pest,1,train,singleton_no_enforced_relationship
source_5fbd47c956e84c173bed082aef973d1cb64dd6dd7ea2589534e812417d690119,Citrus pest,1,train,singleton_no_enforced_relationship
source_5fcb7f6c733d128e8d9303516f646890cd19bd5a569706f2881a54440d8b91e8,Black spot,1,train,singleton_no_enforced_relationship
source_5fe070381248f46954eed624baafc943ae347033e8d713c4f1ac6895916743f4,Citrus pest,1,train,singleton_no_enforced_relationship
source_6005dbe86955cc9e42016371cbc2d7f0a10678e16d757e8b10b46260e1bc0dfd,Citrus pest,1,train,singleton_no_enforced_relationship
source_6016c46c30ee57165ce945b0590744481f61ac38c354020fb82222557f59217f,Black spot,1,train,singleton_no_enforced_relationship
source_60521413a4dec200496801d129b950ea8a4133f1dfd5062b0cd6176538b08bc9,Black spot,1,train,singleton_no_enforced_relationship
source_605f497289451d862ae0318e62007bf01455dab46ee42bfabcab34a9ed3a4881,Citrus pest,1,train,singleton_no_enforced_relationship
source_60757892e65161acca4f96aa6c438f7e73dc3d6f2fc88eb06d6800670afcb28a,Black spot,1,train,singleton_no_enforced_relationship
source_608c8a998b9326c34918c192dd478a840fc3f397d95ca3125c1d561fb7c89dc4,Citrus canker,1,test,singleton_no_enforced_relationship
source_60cf60fc82360e2a69665e610d015250b471a8f321139f0c86fd61422e356f33,Greening,1,train,singleton_no_enforced_relationship
source_60d7c8ca641fea8cf07577b47c99904416d13b9e238c18da99e91634d34537e2,Algal leaf spot,1,train,singleton_no_enforced_relationship
source_60eef699904d3135ed958728a09c8f9b7d6a161ba800c05341e14a9470b6efbb,Healthy leaf,1,train,singleton_no_enforced_relationship
source_60f98d67210e4946600d034300e95ecbe8aa210ba6af3232537daeef22a31331,Greening,1,train,singleton_no_enforced_relationship
source_60fc4e332ab772fee097e9792e8b6c16ce2ede9495c7fd552eae1687393cecd3,Algal leaf spot,1,train,singleton_no_enforced_relationship
source_610d87006d97c16cf7c0965d32e5d894d24a2c64a93d4e0a19e37846f94c9a2f,Algal leaf spot,1,train,singleton_no_enforced_relationship
source_6113f6648a50dab3c22f2123a7590bd47f74243bd0f26b99385dd8e83ba8ed57,Algal leaf spot,1,train,singleton_no_enforced_relationship
source_612e6bbc3de9a4b3aeee16c0f638ebf10ac7199bf2a3653d8bd6e568aa4e949d,Citrus pest,1,val,singleton_no_enforced_relationship
source_614a78245e432708c87087c7f4605c65ed5d5b73918c49250d02313fff806e98,Citrus canker,1,val,singleton_no_enforced_relationship
source_6153a5cb6c8796baed77f3093cf004e4c930957d5a684c3924b3e3d30649ac4a,Citrus canker,1,test,singleton_no_enforced_relationship
source_61da848bf94e89b2e6b47ef290835b220595b4e4edeede45dfb9d1397d15edf2,Algal leaf spot,1,val,singleton_no_enforced_relationship
source_62035eb0f3992c1a9bad0a938411f8ce157f1db6d50b7095f7580d75a0711a60,Greening,1,test,singleton_no_enforced_relationship
source_6235c840cc54cfcf1b665e6668f812a14bc03e50d2c23c5969d5bbae2c60d52a,Citrus pest,1,train,singleton_no_enforced_relationship
source_62450b462e6323707450d08bb4c0cbbee71b6622e0e8d4b2d13dd563d3cf07fc,Citrus canker,1,train,singleton_no_enforced_relationship
source_6258ad7b9590e14456f0cbf0fa2a6be314e7058c7cf041146d650b742190840b,Greening,1,train,singleton_no_enforced_relationship
source_625d94d2b878d0818656ee7308ca3e3d3fefb2cb030a9f5fbef24ef307870215,Black spot,1,train,singleton_no_enforced_relationship
source_62e24301ada153debaa54e0b867113a5e6414d90dbb2bd98dd80d3468e5694a7,Citrus pest,1,train,singleton_no_enforced_relationship
source_62eff3ac56e01b37b3c03c4ea518138782dd6b913647eed5da9f5b2bc958ff5e,Citrus pest,1,test,singleton_no_enforced_relationship
source_62f78b450edac27c9dcd25f4f11a43eb648d212b719b87bbe439a4e89becec4b,Citrus pest,1,train,singleton_no_enforced_relationship
source_6309bccf22e69f130e8b5134e84f40ed94d636075c3b2500b940f1fbe710d180,Algal leaf spot,1,train,singleton_no_enforced_relationship
source_63316c471be3a84bd8fb41e96225fa5ed992fce6a3c9e63bf2d1e83906fbef7a,Algal leaf spot,1,train,singleton_no_enforced_relationship
source_633179395d58ad9bb39c60e958b50c14f3f2c675d22b86fa2a5d3bdbec68f47f,Healthy leaf,1,train,singleton_no_enforced_relationship
source_634a640672ad54e6c2cd36e9f6e23a1877518f54fb34d94692addef18d22c770,Healthy leaf,1,test,singleton_no_enforced_relationship
source_6389de9f8e3978673e8a12be8776e6f663de891bc3515a667327a08d51797c51,Greening,1,test,singleton_no_enforced_relationship
source_63d7ce66aa60ea47214cad8ad232fc845713177523cf1a841836e20401126672,Greening,1,train,singleton_no_enforced_relationship
source_63e7226494dc253e0d0ea011074328ad51fa17974ff49438d4062ba7be7390eb,Citrus pest,1,val,singleton_no_enforced_relationship
source_63ef82a918f791c907589ba8ce7d40c6495cf439f50916048e7e7ab4cf723ab9,Healthy leaf,1,train,singleton_no_enforced_relationship
source_640a53b25d24f7e858dd98b1c55d842f8b4e07f87e5ed8486c3e17507a64b8cf,Black spot,1,train,singleton_no_enforced_relationship
source_641786d46f9fdd02b1ee28a6bf4865d5921655c3ae284d651964dd558469c805,Greening,1,train,singleton_no_enforced_relationship
source_641ca1ca42760793b98c781189efe41123707592182db482ea71b3eb22772ec6,Healthy leaf,1,val,singleton_no_enforced_relationship
source_643470789e4af139e3854f1b8d92a053c0bdd8fd6919f42131a344250b2db458,Healthy leaf,1,train,singleton_no_enforced_relationship
source_644ced79c299f3c5a671fcd9f0a2e029d0ee7a7702c417a5693618a615304116,Greening,1,train,singleton_no_enforced_relationship
source_64cc30d5480f5d6e996611380879b0816211f88b8ad99adfb4d0dcfd2de94edd,Algal leaf spot,1,train,singleton_no_enforced_relationship
source_64d8f3cf7c1631647e6a23523f55871db3238e1cbda6b1469cea86d61291ad8d,Citrus pest,1,train,singleton_no_enforced_relationship
source_64dacdbd40593ebfc008d9cdebdf17d03058c5dea0940a7c204424a3dd04dc49,Citrus canker,1,train,singleton_no_enforced_relationship
source_6521963e4c2227e50664336025e437c06b4ba7d6ee7ec89e09994fa2fc4f7c47,Black spot,1,train,singleton_no_enforced_relationship
source_6530e669b0fa081474240ed32c48dde7c3c1a49bce0a59124418ac6ffa394012,Algal leaf spot,1,train,singleton_no_enforced_relationship
source_653f0ac91bfb53b8f5cb3045f0d51809d2e351361389770d8fbee34005927696,Citrus pest,1,test,singleton_no_enforced_relationship
source_65450f1704bf7e8d99e428d54cca407cc465e00e24b75eaad78a67e180d4288e,Greening,1,test,singleton_no_enforced_relationship
source_654f4add99a841280f6a31ed9dd99061ac9226598cc57168f02920fa74f41ba4,Algal leaf spot,1,test,singleton_no_enforced_relationship
source_65729b94bf1d9423f78a080ecde74edaa90570d2d3debf282e4eb713db266bbe,Black spot,1,test,singleton_no_enforced_relationship
source_65d4170763916ec35d0cb08c7b96f72247202b98f203ee157000113eb9060feb,Black spot,1,train,singleton_no_enforced_relationship
source_663e73c50732ea44518f662477d89e91607eef1c1eaa767451e2351bb607a32e,Citrus pest,1,train,singleton_no_enforced_relationship
source_66615aedd5fd07a4e60b473f97f4b246bf48c921051cab7cf0b32def831cdc56,Citrus pest,1,train,singleton_no_enforced_relationship
source_667c81730f0bd5de01e9def10040bab5bd5ffe57d61e2d2baf4e43fe10182af2,Greening,1,test,singleton_no_enforced_relationship
source_66870c435509f1578a75c6aa648b0e0b562abe5c7ed1d526f5b0ef711061089a,Citrus canker,1,train,singleton_no_enforced_relationship
source_668bef37d268460f10683609b5271e633661c1a8df08579d1bfc05952aac021b,Citrus canker,1,train,singleton_no_enforced_relationship
source_6696e54c5fd52d827e34bd49c7352a11281000102a693cd1ce36a6a53e38101c,Greening,1,train,singleton_no_enforced_relationship
source_669a40318af68e05f524ff899c9ddacbe4bfd8eb16d03b8f85024b9a3e20cacb,Citrus canker,1,train,singleton_no_enforced_relationship
source_66aba892425bad33fd6ae3d0bbd0c56e307d9fc969c14707db3c107c6f7d6e81,Algal leaf spot,1,train,singleton_no_enforced_relationship
source_66aeec8a0623b490a9d5002fa4ee561844b961e950c7cf0e10471a05b636a972,Algal leaf spot,1,train,singleton_no_enforced_relationship
source_66bcbbcbab5867e11f1680c5b0851d1162e8e1bf1f1d334b107351133f5035ff,Citrus canker,1,test,singleton_no_enforced_relationship
source_66c1f2baacdc202d7c382e9ebe2a96c0220e652816b2d4f0dfa41315efd1b86b,Citrus canker,1,train,singleton_no_enforced_relationship
source_66f2427ecac52175b038694a41664be46d5df66d4f34b0940a29cff27b5ead7d,Black spot,1,train,singleton_no_enforced_relationship
source_66f2e8364091d6af0e56c6444aea04531b916759e54cfc9aa7c404d750e95647,Citrus pest,1,train,singleton_no_enforced_relationship
source_670cfb6caf88d9781f4f9b2e2a6832f0d0d2102de8a8cd276641d0e818cf61ca,Citrus pest,1,val,singleton_no_enforced_relationship
source_671d31181434d9c5cf7516b98a2b0cc9501268b18a3f9e1c2c4d1df9bbab0bdb,Black spot,1,val,singleton_no_enforced_relationship
source_672ed787573e15f5d869a91e148b6a27814238dcb842a75aa3c3b66b2ff15731,Citrus pest,1,val,singleton_no_enforced_relationship
source_6747d14752e835547f9904155b301b4a607603a1345f4d82951c62d26448e7e8,Citrus pest,1,train,singleton_no_enforced_relationship
source_674dd9880903e78499f8785f82505e4cbdf2394c1a4294df1133189df4bece94,Healthy leaf,1,val,singleton_no_enforced_relationship
source_675202a2b04c4c26f3813e56f6c12096b0f3aeb661e5e1ceab978d38a5c849ce,Algal leaf spot,1,train,singleton_no_enforced_relationship
source_67527f880a7c331faa7d2ab4d1b123dd0e97cc2db13d07eb1d0d9b582d844079,Algal leaf spot,1,train,singleton_no_enforced_relationship
source_676493cbb4dc240f717597f9213b04ec96f8423c6a31bce0599baf7dab0c4da2,Greening,1,test,singleton_no_enforced_relationship
source_6776f7c3bb89195a6a256a6b5523f55d8ec8578cf63f6a805fe21df7abd23b94,Greening,1,train,singleton_no_enforced_relationship
source_67a5b809f1a005a3d5bb3471bdfacc3aabc80a62b38985d639487ec37f979818,Citrus pest,1,train,singleton_no_enforced_relationship
source_67af6acf45f0999fbd1fd8be41fc6920df69bef39edfbe53d7a55dfda51dcd68,Black spot,1,train,singleton_no_enforced_relationship
source_67bf454f7b804fd2c323f102fe622dd0ebcd91374c41bbca3bbda4d3022ff12f,Algal leaf spot,1,train,singleton_no_enforced_relationship
source_67ed16391079072e97a2be1f460280652402d126ce74ee7c3e68d21da2eb0689,Black spot,1,train,singleton_no_enforced_relationship
source_681eb89777f1d7096d5d542e9547869d8129575e1293bc9e180f5ab7c8edfccf,Black spot,1,train,singleton_no_enforced_relationship
source_683dd772a6b3dc825e72ab5e26184fa76424523708e7c71c7cc4f8dce0a07c26,Greening,1,train,singleton_no_enforced_relationship
source_683e82ae2d402e326afd7777e524d370b2dfe051873b3bdc82ecde29459780d2,Black spot,1,train,singleton_no_enforced_relationship
source_68678dd59f0171b6f3c0a301060b14b3eeda763164ab26887bf9e08bc04404b0,Greening,1,val,singleton_no_enforced_relationship
source_68a6c4fe29eafd2c352ae4ad71cda45f55d46c4c0c2470ce455a1df66f9cf0e2,Citrus pest,1,train,singleton_no_enforced_relationship
source_68a787a6932060a950f7a6041784f469b3e920d65af129a1a5c26578187eb0eb,Citrus pest,1,test,singleton_no_enforced_relationship
source_68ee18bef49cf40fb0c98c48393981ed68223e2eda7897d584542100d6c1025b,Black spot,1,train,singleton_no_enforced_relationship
source_693147dd6a7570d25f1eccdde37db7eb144581cd8802ede7d21308030138d5d1,Black spot,1,val,singleton_no_enforced_relationship
source_69895d47c686cd1b0bc28bc20c446a0fcb203f109068c784ecfca4590ef6fca1,Citrus pest,1,val,singleton_no_enforced_relationship
source_6995486a37bda1ff0eebd94d12c1c34f278a176b23aa053069ad5317abf4fc80,Citrus pest,1,train,singleton_no_enforced_relationship
source_69d7760897cbf88dd3a7eee653a9077543c393a360518dcf17338571e4d47c90,Citrus canker,1,train,singleton_no_enforced_relationship
source_69e95c447f3fa10c9ca989a5ad1733e665d72759492f76baa372593531c90564,Citrus canker,1,train,singleton_no_enforced_relationship
source_69f233c4c0b4a9936027bc76c871c53bbbb19686f3a2ff9fe16d64a650df7677,Greening,1,val,singleton_no_enforced_relationship
source_6a24294bb3055ad396d34696ead497e1498a661755dcc4b0ee944c3c6501c8da,Greening,1,train,singleton_no_enforced_relationship
source_6a2949b6e66cd4f56a746a15537c2a89aea505ad99fb11de2bd06b7848670f23,Citrus pest,1,val,singleton_no_enforced_relationship
source_6ab4b1af50d780e2ecde57d08272bc2d787393641a97794348cc44a070a0d599,Greening,1,val,singleton_no_enforced_relationship
source_6ad776e70d28f47b1ab0322b231dbff0bb38bb7dc5d9e31196b5eef3d7f8b4da,Citrus pest,1,train,singleton_no_enforced_relationship
source_6b0849ec71fe1cd2751ea8b43b0af343ea13d978a6470473b5466ebbeb77ffa4,Algal leaf spot,1,train,singleton_no_enforced_relationship
source_6b5604ae5e645edf2d8eec494faec297b3445f4990e44465d42c4df3e3665d77,Citrus pest,1,train,singleton_no_enforced_relationship
source_6b614f77a6ec17fb449932107d149d9d8b245bad8989d30b47d252af9b1564e5,Greening,1,train,singleton_no_enforced_relationship
source_6b6fcb8bae82bca0cdb7bfaeab85174fbb3e2517d794bb47b579e626be074354,Greening,1,test,singleton_no_enforced_relationship
source_6b8baa41c5291cf6dd0aa6e75d8b164267fdb4ddaa398ff1ca3da4a5fcb87456,Greening,1,train,singleton_no_enforced_relationship
source_6bf2edf8045fc64196c650c83126d57d5d355d559adb89e5085a2a2f10af0560,Greening,1,train,singleton_no_enforced_relationship
source_6bfd828a997fbccb3c6f7432ec255304c31269db09e19440267e4fe98be5902c,Healthy leaf,1,train,singleton_no_enforced_relationship
source_6c3f2794571a4e3686fbc38f80898952986126b098a5509d7c93843dbb6874a7,Citrus canker,1,train,singleton_no_enforced_relationship
source_6c54cdbd2ac031c74b4423f3cf1600d143446d2626a8bdfed4450156730ef598,Healthy leaf,1,train,singleton_no_enforced_relationship
source_6c663dc69ce80f071c1ad90c24f0361633a9575f5fee702597a8ed1318a46a89,Healthy leaf,1,test,singleton_no_enforced_relationship
source_6c70d56aebc940c9a6dc7e7b95ff8820a2e3b002cf322fd63062a9a78fe22d21,Healthy leaf,1,train,singleton_no_enforced_relationship
source_6cb062267068ae2a3c27f926ae1fc2efef6b46fd583cec83752c6f4948af9ca1,Citrus pest,1,train,singleton_no_enforced_relationship
source_6cc4b23980b7d5f54277ad8017b2caf96e8c4ef37a21815acd47ecbd575dc0c0,Greening,1,val,singleton_no_enforced_relationship
source_6d09d795fd2290c3ca04a1a6c4a5a550094ab729a585313d457523bd9b9fcd8c,Citrus pest,1,train,singleton_no_enforced_relationship
source_6d1288599e1f0d829be466a43541a690d5be05d13d4507cd5d2e5f4bb4c0e26d,Citrus pest,1,train,singleton_no_enforced_relationship
source_6d18cfb75098184fe43810911b9de531aa329bbc6e6da3f2ad9ce443f03e9ca2,Black spot,1,train,singleton_no_enforced_relationship
source_6d4597c94038f89714583c2860e05908e04e1ad20f7698df7e3eee03954ae36b,Black spot,1,test,singleton_no_enforced_relationship
source_6d61310c3880bcd70d28a9d6ea982be09a928b0d8f1468b021a0855fa173a750,Black spot,1,train,singleton_no_enforced_relationship
source_6d902a99dd60db37bfab585750c24f50e5d52838d064aa2c984590e605f993f6,Citrus pest,1,train,singleton_no_enforced_relationship
source_6ddfa23d51c4ffddcfc26b92e2dd0de78ae006eff9986a6fdf39911bd6139d11,Black spot,1,train,singleton_no_enforced_relationship
source_6e556a5301453b8fef79ec7901685be42fd97567d7ca1dac98982783226ad1dd,Black spot,1,train,singleton_no_enforced_relationship
source_6e5925dbd1a78a3e594e4ab4b97f3d2a3d6f8c83d86e80dd49ea8b635e519807,Citrus canker,1,val,singleton_no_enforced_relationship
source_6e6ed5fdd41cee3c0c4fd72f4531c2dd7e291f3ae4070b5e3725ff32414e9a28,Healthy leaf,1,train,singleton_no_enforced_relationship
source_6eac2d409fa91e9481b552962a827623e2d5143b6649b5b62c836f01fca1d10e,Algal leaf spot,1,train,singleton_no_enforced_relationship
source_6eb5e9de40dd0f5e3977594e411c738344f8c4a0792422ec437655ea42362788,Citrus pest,1,train,singleton_no_enforced_relationship
source_6ec76885252230b12162f31cef3ab69d174a8882951493430fc85fb156db2270,Citrus pest,1,train,singleton_no_enforced_relationship
source_6ed993882798c603f6dfbe5cf387e52fd8bb09934fa45da755ca93d61fe46fda,Healthy leaf,1,train,singleton_no_enforced_relationship
source_6f0f8f0986d02687449488e86a3e58f7e8189174630e339e2a8440f56fe4aa70,Algal leaf spot,1,train,singleton_no_enforced_relationship
source_6f285d6ee576c0f9b7c29018486b41cb0f29d24ec95ec6c7db519105ed14f5fa,Healthy leaf,1,train,singleton_no_enforced_relationship
source_6f626ac04e04b7ed317c0ee844301ec9fd008ffd8f352090d95c98a636cf5746,Citrus canker,1,train,singleton_no_enforced_relationship
source_6f919f72c64c2405d3edc57d0f9261024896a9f9bf5fa0b0b27876af81c7acd3,Algal leaf spot,1,train,singleton_no_enforced_relationship
source_6fd26df1098eed982afe5e518dcb6bfc0b58e2fb507878f8dcf6fd1920afd86e,Greening,1,train,singleton_no_enforced_relationship
source_6fd3be84cb275c0bfbfc3a5b9687006093b9e7c330665e69293aa1b8a2ac88b3,Healthy leaf,1,train,singleton_no_enforced_relationship
source_6fda7400bb9ee95718b0d93b190d7db0a25d15e03ddad36e312944b67c12c604,Black spot,1,train,singleton_no_enforced_relationship
source_6ff1a74703f83861b893354bf6bd830319ad767f7523fa354d7db07c4c393a5f,Citrus canker,1,train,singleton_no_enforced_relationship
source_6ff39b3eb870fb8483839763a29cfa8dbf91a881e85b8dac727edcb51b2c68d1,Greening,1,train,singleton_no_enforced_relationship
source_700082a33bed37b5f09965a14a33fbf0c0f4996fdeb8e7168de5d7e9fc9645a3,Black spot,1,train,singleton_no_enforced_relationship
source_703487c3d2018c1651ec708bdb96de93728c25968ee13d3c0beb57c9c166f310,Healthy leaf,1,train,singleton_no_enforced_relationship
source_7076c2a21491acb8de3dbf91e78665ac81d27a5ce9f51d40ec4dc244c83cfe63,Citrus canker,1,train,singleton_no_enforced_relationship
source_70df839dadd431b9750799435533c13a8a3184ef160c105c6a798937e0e90fae,Greening,1,train,singleton_no_enforced_relationship
source_70eca45a57892387673be279910a8890da415b6ff268600036ed8d8550152174,Citrus pest,1,train,singleton_no_enforced_relationship
source_710823930c1ec6bda9d8c5a07251435b5fd47ebe0ce6637514cd8a71db8da3e5,Citrus canker,1,train,singleton_no_enforced_relationship
source_7114d5e778257fb133f70032b5953251a4af0e9c0b0afee275e38f190c765bf6,Black spot,1,val,singleton_no_enforced_relationship
source_7133ce8400011b4f68d7f27a0c77d16025805d5fee4f07c47bf25d74a6548a8d,Citrus canker,1,train,singleton_no_enforced_relationship
source_7135775299ccb9fd87c2520ea50fe59d569b2296833868ae55a79089bf0848d1,Citrus pest,1,test,singleton_no_enforced_relationship
source_7174abf5a79104d58d308a9556900757739cb31b71283af0bc7854110df4a4c5,Greening,1,train,singleton_no_enforced_relationship
source_71aadc4abb5458bee228fc6d2af3f0ea12fe5e21b490c1ca8116cab5aa258dcf,Citrus canker,1,val,singleton_no_enforced_relationship
source_71c3506b0e98cd37ba098968a54bea3cce5c3fd0c509d1b9698bb2f3591997bd,Greening,1,val,singleton_no_enforced_relationship
source_71e1a90a758c32ede1f7840d5226a56cb59a0957f346e1dd33e425374137b24e,Greening,1,train,singleton_no_enforced_relationship
source_7200d1d978bc90d5c3007ee410471c0e27df7d66f1a77f942d576267975e78df,Citrus canker,1,train,singleton_no_enforced_relationship
source_72087b39a41a831d4e230698241e5234719d2f7b5417668608810331db2199db,Greening,1,train,singleton_no_enforced_relationship
source_722a937578386f3ecc72e213c2a4c29750d8de2da0a00d4d7ba27d416103ce4c,Algal leaf spot,1,train,singleton_no_enforced_relationship
source_7232aac8ca2bc37525364a0fcc680f60a78b52dcc7ca265e870a526f04f51925,Greening,1,train,singleton_no_enforced_relationship
source_724be121a076d4c0ee17d4e49b3ce07cb17bf070935f3b1eeb3be426769ef7a5,Healthy leaf,1,train,singleton_no_enforced_relationship
source_726404ac5aa8a420fa56908c327b0a121152657fbeb78af2dea023124393b3a9,Healthy leaf,1,train,singleton_no_enforced_relationship
source_727f00ca997aea67f713686c16eea0587aebee40695724bf2dda1353bd475596,Citrus canker,1,val,singleton_no_enforced_relationship
source_7288d3ec4481c313718f9b1c7f8e589dc8a4e6018d7a3730aed844705f651ca1,Citrus canker,1,train,singleton_no_enforced_relationship
source_72a7feba244d487410837f7e797918b4c7a1ac2e433b7d8536c8ed9071a67e94,Black spot,1,test,singleton_no_enforced_relationship
source_72b8fc568d9e9a35feae0f5eddf4657e8fe4e7ee7261197fdacbedb474b32a2c,Greening,1,test,singleton_no_enforced_relationship
source_72d500d22ac1d235bf6b4cda4ed756555840394a1f315e54d31f3e02f1dec4d0,Healthy leaf,1,train,singleton_no_enforced_relationship
source_730c20aec315a0582da87274efb1f22a58116faae81a83269bf61f4bb3c8dec4,Greening,1,train,singleton_no_enforced_relationship
source_7318d172294d199e6c348a1822a03e5ee2a2bfff5d633dd9289b32b9dca096dd,Black spot,1,train,singleton_no_enforced_relationship
source_7333d09a9d18618f4377bec30c52b22e02fb3378c1eb31c47b2afdb79547c83b,Greening,1,test,singleton_no_enforced_relationship
source_7340bfdbffff3796c265b2023ef48d440fc806f5c5184d070c120e90139c78e8,Citrus canker,1,train,singleton_no_enforced_relationship
source_7361860948abea851044bfabf59d40b32b31dd4afdaf71a6aea686f8f4b09c47,Citrus canker,1,train,singleton_no_enforced_relationship
source_7372b86f27782ed391133792fb271d6759767bcb6e06ee8edc24ff699d994907,Algal leaf spot,1,train,singleton_no_enforced_relationship
source_73be6e31e2e71572654317ba18ce24345673cdf2a70c33e116f2bb349bef80f3,Citrus canker,1,val,singleton_no_enforced_relationship
source_73dc660af9f15c2edca4f16babbf3a4acf3df78c753008e685eb7426f424969f,Healthy leaf,1,train,singleton_no_enforced_relationship
source_742338416704b74c7d494a5b8a39390a6224e29d8bc899fb6a2cd96de364ada3,Algal leaf spot,1,train,singleton_no_enforced_relationship
source_745bdeff14ad8c9f18d1e78eb0bea4f02e08bfddc1afacb14fe636a04731f324,Citrus pest,1,test,singleton_no_enforced_relationship
source_74824294ae546823e4e98dcfa3b6b0a992806c5d00512cb1c09067e84d3f8717,Greening,1,val,singleton_no_enforced_relationship
source_748e66eb7345414a10e2e42c11a7e98f55aec75506f571b408001e3b3597a466,Algal leaf spot,1,train,singleton_no_enforced_relationship
source_74bec6cfde139a055ea1bb4f8480c757cf6e5beb717d75f36f9016c823305c1b,Citrus pest,1,test,singleton_no_enforced_relationship
source_74d2ddbad03edf127a74bf8697a49e1a87bb442300da34d283b2f36f0f97bfe5,Citrus canker,1,train,singleton_no_enforced_relationship
source_74f3a61e170b40cf6aecfeb35e3d29f33f16a58e9dfc27469bff01d3b1077b06,Black spot,1,train,singleton_no_enforced_relationship
source_759500554a9ffb9cd1f4e63258262f1627d186e8ffa49e30a06395cae3eb8351,Algal leaf spot,1,val,singleton_no_enforced_relationship
source_75b97be91670d4da2ecf163f6f4507dc44178af7404d068b8a3dfffdc340de89,Citrus canker,1,train,singleton_no_enforced_relationship
source_75c8f7be8ab61ce6886bb3a4f3eb594d0a15a0da563bcec530f2550101b07df5,Citrus canker,1,train,singleton_no_enforced_relationship
source_761c98bc8e4255ec240c006a9e732ec8108a54ccf4290aa02b81bca0509fd520,Citrus pest,1,train,singleton_no_enforced_relationship
source_76406cf759e310d16db9ecc3e1784015ba84857e2fca236f09821d103329cc36,Citrus canker,1,train,singleton_no_enforced_relationship
source_7641aa92b74e26731e964152650105e942ef5d360a604e2df806b318fcd86c14,Healthy leaf,1,train,singleton_no_enforced_relationship
source_7649cfaba3c1fb7905063702198c7acbc53393a909cec84fc3341053f725b661,Citrus pest,1,train,singleton_no_enforced_relationship
source_767b49004334d9cee807d3953217fc9e906fddf4490da2233899e5a1d6c50a00,Citrus pest,1,test,singleton_no_enforced_relationship
source_767bcd966538d0ce2e970fe92915f20374edfcf012009c230ead407b272cacfd,Algal leaf spot,1,train,singleton_no_enforced_relationship
source_76934538574499f847fbc3fe5ec26e0c9116fea8680f06b2c23d0cf698ed6c0b,Healthy leaf,1,train,singleton_no_enforced_relationship
source_76b263402ca811518e802bf2c028b41ab78eb78edb8638290bcb46dabbc95b1e,Algal leaf spot,1,train,singleton_no_enforced_relationship
source_76d88835eee04dd5df2bacb5a8e91d21234c51ebf2b782005e516562ea9108ca,Citrus pest,1,val,singleton_no_enforced_relationship
source_76da98a8bb134e4f00f7ed9773042a1c4c7ada45176cf87b72e315305afabc21,Black spot,1,train,singleton_no_enforced_relationship
source_7716e536ca4f7c86aff284dd11aa465a6f6f9f8748df8d5580abcffb7cb4b4e9,Citrus pest,1,train,singleton_no_enforced_relationship
source_771a9e7757d24e13db30861db5cf80c4bff169d909d7f36dcf908a825a865eda,Healthy leaf,1,train,singleton_no_enforced_relationship
source_77200dc32c25f348f6a1eb7c2de0da045f4d7e5ae6c5459074d0ae3b93e206ee,Algal leaf spot,1,train,singleton_no_enforced_relationship
source_773501918913d930058463e11caed26a81dbed9e1ec56e29a29502c4e9ab8442,Citrus canker,1,train,singleton_no_enforced_relationship
source_77428d758720dc7288823320b422226fec1aba62b28c31f50209ae7b22386313,Black spot,1,test,singleton_no_enforced_relationship
source_7744760223b88a1a8c19641cb1ef9cd2964797b45e62bb633d64d122844ee8d3,Healthy leaf,1,test,singleton_no_enforced_relationship
source_77701dc4828603a13d9d8c486207c1b438ebeb9f8a8886ceeb178f1314ec8bfc,Citrus canker,1,test,singleton_no_enforced_relationship
source_77735cd11eab4d9eea48ce01ff9cff17d39603b408da41877322ada34a593026,Citrus pest,1,val,singleton_no_enforced_relationship
source_77791bff6335f0e5e2da4ebea74158e8e29e4083462debf9cec6a9025950fb2e,Healthy leaf,1,train,singleton_no_enforced_relationship
source_77cb8726d326bf8399a1361d463cfdb6261f3faa6e524a79e29c0beb1a96d659,Citrus canker,1,train,singleton_no_enforced_relationship
source_77d3d1899e704726b6d7130d27c3c0c57895af479af1b339c6762fbed676fcc6,Citrus canker,1,train,singleton_no_enforced_relationship
source_77dbd823143396bd2e97312615458f5c5fe516090dc5ff75705e8c58121b7562,Greening,1,train,singleton_no_enforced_relationship
source_77dc1c9a37ba04612edd86de4d5ddc797dee7ffb9f0ae1f5681a0d24ba06c77a,Healthy leaf,1,train,singleton_no_enforced_relationship
source_77dfcd7492794fda6d2c3abe725b3d06d3618162f4c8d591be76ebf4d0352a49,Citrus canker,1,train,singleton_no_enforced_relationship
source_77ee2747ef922bb8416a85998738eaa9574ecf3e5c3fa63e321414adf8b5293e,Algal leaf spot,1,train,singleton_no_enforced_relationship
source_78112a0ee4572bc023cef397f915e3639b2f70f2862e9adea1ee6d12d141b90c,Citrus canker,1,train,singleton_no_enforced_relationship
source_7821a14f1f04b4361bd73395cf2bebdedaa4212e249820257c5e3d8a160bf840,Citrus pest,1,train,singleton_no_enforced_relationship
source_7849f8c326c2485eca169aba132bd3c005e0bdd748e98c05643c55e9e9fade00,Black spot,1,test,singleton_no_enforced_relationship
source_785f0fa9f0230db8e4d3d20eaeafba92474ad222262b153374a98299fb290a93,Black spot,1,train,singleton_no_enforced_relationship
source_78d6b03838aa2cef95742baf1fba7f5563b1bdb560159267017f7b566be8f3dc,Algal leaf spot,1,train,singleton_no_enforced_relationship
source_79495e2bb67eb00e12fa8000fa3979f57856ef03815c7f0adbeafa0736ecfc6a,Healthy leaf,1,train,singleton_no_enforced_relationship
source_7962ed5ba6be42426e9988fae7fcecbd7c8047ad5ed67cf7d9b1bb3270f0c2a5,Algal leaf spot,1,train,singleton_no_enforced_relationship
source_797d228b5ec517f2a64a46df07b1ab1d6fc701892e53ce96265afc4146057fed,Black spot,1,train,singleton_no_enforced_relationship
source_799ca128cf5b8440464ac55877bd198ed807b1362f50158ab9ea061b8465901b,Black spot,1,test,singleton_no_enforced_relationship
source_79cccf7a165fef0c54f71f42bb34d8c5e7179da47de9ea31de7fbbb542293e7c,Greening,1,train,singleton_no_enforced_relationship
source_7a13a6cdc17ce9cdbbdfb1bc9919836171269399ca77766af3000be66ce7a9b7,Citrus pest,1,train,singleton_no_enforced_relationship
source_7a505014e17bb323597a8fe505829829ac59aca5fe06b561e428f76dd01acc33,Citrus pest,1,train,singleton_no_enforced_relationship
source_7a580f2e132a08cacee0bd59987e2f2c100608d038f80a4c2193aaaf001f47ba,Algal leaf spot,1,train,singleton_no_enforced_relationship
source_7a666550d50f180e655d72ec452b4dfbcae780055be3ddc371a6fba2f54ef582,Black spot,1,train,singleton_no_enforced_relationship
source_7a673114cb3261ebfa9e658d8550e09874558e383052b8ce2a283fbccd9bb579,Citrus canker,1,test,singleton_no_enforced_relationship
source_7a6af6be6ba99a5a022e25e06ed602bbcd3665374cbf51722eaff69def19a9ab,Algal leaf spot,1,train,singleton_no_enforced_relationship
source_7a9fa7a385a64e435c5e483fffe491de57cbe71bc2cd2305bfa8504d3018507b,Algal leaf spot,1,train,singleton_no_enforced_relationship
source_7aacdf6d7ceeb9ee0fac91c1a409c298ae9fb140b654baeb00579c446f60bcf6,Black spot,1,train,singleton_no_enforced_relationship
source_7ac360b9590fbf1fbcf065b8560a0d2f47cbe900ffcb30a6aee63f6dae2cef8a,Citrus canker,1,train,singleton_no_enforced_relationship
source_7ac728f99486975da8d5b34070dbada6f8aa6bec03ccb5472b2413b81c39c20a,Black spot,1,train,singleton_no_enforced_relationship
source_7ae1245f2d9cbd46acfbb9d0c6bdb217d4dad371fca17a5bdbdc57b188a8fab1,Algal leaf spot,1,val,singleton_no_enforced_relationship
source_7b1692943a9b95424b8dd19cb52462543da50f6636ca1686f1f3f0f38a580ae1,Algal leaf spot,1,train,singleton_no_enforced_relationship
source_7b4b8bb212373d1dc118d9317cbd9c84d4612390e328bf1c5c3d63d039c24ece,Citrus pest,1,val,singleton_no_enforced_relationship
source_7b8ff57a6f47eaea3dc814f391ae1090c7c49ff0ba1ca9050159f89c6fa06fe7,Citrus canker,1,train,singleton_no_enforced_relationship
source_7b91a6a8b545efc15129ac29581b0ab8635033fdbdc569107d0bce934ffad71d,Citrus canker,1,val,singleton_no_enforced_relationship
source_7b975172bf6f5963e99e54570b59393289c02eba3db7b5dc78e57c120fbfb74c,Black spot,1,train,singleton_no_enforced_relationship
source_7ba95ef60f4c25b1722b7b0e3aba57149cddf349a3483af26fafd6d264bc6675,Citrus canker,1,train,singleton_no_enforced_relationship
source_7bc90807216a96866b7865b6460e2d1bc271333ff84d50e2474f3a4136271370,Healthy leaf,1,test,singleton_no_enforced_relationship
source_7bce4729b9fe79e42d20f6e95876ffb7c5a76fc6836765f5a0bd036456eeab44,Citrus pest,1,train,singleton_no_enforced_relationship
source_7c19b6f247650f5ed7fd1f46328111d87b2fc7cf27839e36cfe5e2140a1b7243,Black spot,1,train,singleton_no_enforced_relationship
source_7c2115e8e99b01bea5ed397ccca6e912db41be4c3e0e9dee2328db96d1b0cbd6,Healthy leaf,1,train,singleton_no_enforced_relationship
source_7c4ef04673fc33e8350b76deada88753fe5c804ef56d7146072842b0000170f9,Greening,1,train,singleton_no_enforced_relationship
source_7c54e26f80a71052594aadbbccfe5657c4e0ff9ff00973355f1ec09dc41d81c3,Citrus pest,1,test,singleton_no_enforced_relationship
source_7c8832c382586b40088730bea3d878c47a9fe32cf809c2cf959e75f1bd646439,Black spot,1,train,singleton_no_enforced_relationship
source_7c8a6eaea8b399cf5f44623693d78d1097fbf653ecf9ea9373ad62768b48beee,Black spot,1,val,singleton_no_enforced_relationship
source_7c8dc45c91f4eaf09b1d039e941cad93ba8375f6d21b37b041e89bfa1e66b2c5,Healthy leaf,1,test,singleton_no_enforced_relationship
source_7c905cefb265490f15910c3a1faadb32ed49f83ca258a1d7ec6b586415125eac,Algal leaf spot,1,train,singleton_no_enforced_relationship
source_7c9d2f67f60f4cc4789759d71488a4c1ef9729d7d102df9a6787b36ddce45df2,Citrus pest,1,val,singleton_no_enforced_relationship
source_7caca3d3d5d4f00fc8572c77ca1b8ad74b12b199070bf486e1b32b969c428060,Citrus canker,1,test,singleton_no_enforced_relationship
source_7cc7c487ff50774ab791dbab55e1baea9bf3c1007b37db9dad195e3437cd2680,Citrus canker,1,train,singleton_no_enforced_relationship
source_7d0500c060729cb8979bc9373738d99b14cda146da9e8aa0f776f0933c7abeff,Healthy leaf,1,test,singleton_no_enforced_relationship
source_7d2b589bb2aa43c91f3cb7e59b556603e878f86b2a646ca464bcd96aaa43444e,Citrus canker,1,test,singleton_no_enforced_relationship
source_7d6a97f133365eadb5e5eedaf15c640ba35b30996aab2d8cd9d3321b7fe5a14f,Algal leaf spot,1,train,singleton_no_enforced_relationship
source_7d6b014322ca4c51318946b5f52de239556a531bbf050b70145d555256365340,Greening,1,test,singleton_no_enforced_relationship
source_7d83f4c547bc4326b0dc41d8676081bec3f10c1c23b4175111bf46ae57559a8f,Citrus pest,1,val,singleton_no_enforced_relationship
source_7dc7c8c15ba46fc54acdf82f8adce3bd8c8e5c47604e7448da4af39f5fe613e0,Citrus canker,1,train,singleton_no_enforced_relationship
source_7e1144ecf77a477570b003280d6d3bf8d3dfb6373d87002c24c234ff4378dca7,Citrus pest,1,val,singleton_no_enforced_relationship
source_7e467bf87ddcbe58fc3a8773d836f7064f681aa46b85892d3f1a7481710af46a,Citrus pest,1,train,singleton_no_enforced_relationship
source_7e4ce64b773d3eafe9f17ea7360b7ec620059d9576a482d8ea340c04d7d98931,Algal leaf spot,1,train,singleton_no_enforced_relationship
source_7e8c42999b60994f3ae2484f8069de356468c4384816f0839b5507022e03ce2b,Citrus pest,1,train,singleton_no_enforced_relationship
source_7ef2c545b668f3e4f8b78ddb3d0ff430fc09da347a33fff972f5a822ca8bb594,Greening,1,train,singleton_no_enforced_relationship
source_7efd42cf95ff5e9e349d7bad801758c8ecb759a912f9cc37afc77683530fa448,Citrus pest,1,train,singleton_no_enforced_relationship
source_7f176947791b5c93a98d5e8fb078fa695556b114e887000ced29afde82b6e5ec,Citrus canker,1,val,singleton_no_enforced_relationship
source_7f20061a0425889cbd4634ed2d9c0e1967046cf24d369ba76e22e0d3551a54d0,Citrus pest,1,train,singleton_no_enforced_relationship
source_7f68df64d30fdada45b215dcd7bd524ed105b21ac2ee045cc8af8fffa6b84ec0,Black spot,1,train,singleton_no_enforced_relationship
source_7f68f47b59796d095a88e0ec6e89a1f21b79523fb07e6f03c83a57a87b197460,Algal leaf spot,1,train,singleton_no_enforced_relationship
source_7f9c660ae9dc7732bdf7ea5bb7b46c0c7cf916b24c58f717ea7aea5d4a8c5c0a,Citrus canker,1,train,singleton_no_enforced_relationship
source_8032d2a9d84c4661a171d00fa1540ffe286ec3c5169359d6882a3b2f48e86f7e,Citrus pest,1,train,singleton_no_enforced_relationship
source_8069ae7a3063447c059dc1651a2bbe420d80ba0d69f6659067aea65f52f0fdcc,Citrus canker,1,train,singleton_no_enforced_relationship
source_80713aca34522c679c12c89ffe008bef67a6baaba3b16c30b7cd8bf271b7ae26,Citrus canker,1,test,singleton_no_enforced_relationship
source_808090bbc0207acd650c31056424482f6a2b274c12bb98d16a5b1d17a80732eb,Greening,1,val,singleton_no_enforced_relationship
source_80d53e3cd0773a94108cd821a3c8301264f2680a7156b0f883136ffcbb00ea73,Citrus canker,1,train,singleton_no_enforced_relationship
source_80f04a96c31801143e0e8c85469c1ff8c8f8d1bc8a34770058d490566af84246,Algal leaf spot,1,train,singleton_no_enforced_relationship
source_80fcc751f440594a8a49e13dcd771476dddc0b220c1af04dc9d1f83662251f72,Greening,1,train,singleton_no_enforced_relationship
source_813253f10843a900c881258da7903715c10a75e589a27cf75afe42a30fbbc21f,Black spot,1,train,singleton_no_enforced_relationship
source_814e08252709497b7c86fe3c0d568ecf7262fdca0199813f75167a977c63fe63,Black spot,1,train,singleton_no_enforced_relationship
source_81e0964f7581b90ae209b079ec86faabde9b9959971f67a41627d08690cbe340,Algal leaf spot,1,train,singleton_no_enforced_relationship
source_81f755fb78f104700f2db4d389faa4b757676bdd5a4193e8e9c5686b77576b1d,Healthy leaf,1,train,singleton_no_enforced_relationship
source_81fb991edcf39cb9ffacb0f024e822da2bbdf9387737bcac401c986d443acca6,Algal leaf spot,1,train,singleton_no_enforced_relationship
source_8243a8d20844b362d170b6f3a82589ef62caad8c6111066f4ec8a73ec232af36,Black spot,1,train,singleton_no_enforced_relationship
source_826ddce26d34a59d047876742d5bf09bef69f56ad43e33810ad5a647c52a3724,Algal leaf spot,1,train,singleton_no_enforced_relationship
source_82982f2dbbe61a51548e2b27c025636d2288c649f47ba459263c90d91db2235b,Citrus canker,1,train,singleton_no_enforced_relationship
source_829cc3f576c7a7c8bdbbede3c17a102eb41e338fcbaf606ec858ff45c1f2d023,Black spot,1,test,singleton_no_enforced_relationship
source_829f62b13323515f5d7f0edaf270873cf6528ca25224e1bc04f65add22d475a6,Citrus pest,1,train,singleton_no_enforced_relationship
source_82be12ca7ac5ebdfcddc2285e4a46d4692b72d08b13d9909e51807c6e81a0b6c,Healthy leaf,1,train,singleton_no_enforced_relationship
source_82dff3fe74098c23cec123069ada85d863b75fdb1039b31a77b50a9e3f90064d,Healthy leaf,1,val,singleton_no_enforced_relationship
source_82e9dd88f7677f5af01c10470357661e7feee6f245a48b22c05ec9981c773214,Greening,1,train,singleton_no_enforced_relationship
source_83040fd0741876c6836b79d7b2c2d5d58fe1e0adb2c9232c7a325d83fb903e15,Healthy leaf,1,val,singleton_no_enforced_relationship
source_83072c2f31f9851f55ae8d563e9ac70c2df395124a0907c11244f294ec144abd,Algal leaf spot,1,train,singleton_no_enforced_relationship
source_8326b6be1ecbae3cbdc1a99e7399865e74646b7384edb7f5a339047f07d8eab9,Citrus pest,1,train,singleton_no_enforced_relationship
source_832c3f274e562a61505a7d21a57f073d32b83368496d2b9ddfa9eae563fcf5c8,Black spot,1,train,singleton_no_enforced_relationship
source_8377e6e4c595bb39d986d4ca4d2f061e9dde4d8b8b1b94be988051b65f8e8281,Citrus pest,1,test,singleton_no_enforced_relationship
source_83cc22b44a81183e4ec67198738fe04a708c24b30d8fac287026f782ee36097f,Greening,1,train,singleton_no_enforced_relationship
source_83eca8cb45abac754b6782b78a6deefba1279b03b7efbfd8ff3a5117342a6e07,Healthy leaf,1,train,singleton_no_enforced_relationship
source_840050b98e5c4a503ea682404d37ac37e81537c39a21476ebfc561b2497a9eb9,Citrus pest,1,train,singleton_no_enforced_relationship
source_840321788c19fc2a6ac7246f5256b8af02dd5e9c8ad1261b3a7305628aaaf85f,Citrus canker,1,test,singleton_no_enforced_relationship
source_8439e207c414e9ba18b1f63201d915b1629d05b929ba7ccb4cf22db3e9933aee,Algal leaf spot,1,test,singleton_no_enforced_relationship
source_8469d10cfbfe802576c6f25e13a7ef33aa62bb6616ab0860193ef752b4dc339a,Citrus pest,1,train,singleton_no_enforced_relationship
source_8480cc5913a8a9594306898a1e9a3d0414a9beebe96add5901e553aa67d7a789,Greening,1,train,singleton_no_enforced_relationship
source_8499588fc821673f2446ffa2b53ae1d1263a4b8b40d32cc16d6aa6ba3788b311,Algal leaf spot,1,train,singleton_no_enforced_relationship
source_84a13deb488cbce0032380278d8157fb3b7cff7bcb6a05e7292b64a5d31f5013,Algal leaf spot,1,train,singleton_no_enforced_relationship
source_85227346943a2bc8c2dac5c0c22e92d69accab65c08144366cfcdb7cf4dbffc6,Citrus pest,1,train,singleton_no_enforced_relationship
source_85b763f627821220579d40f2e86e98ff4b3011109ab50de3815477202666550b,Healthy leaf,1,test,singleton_no_enforced_relationship
source_85bb7101633f9742c14afeea67b3f7212d88bae73c90ac477340c8bc40f7d7b7,Citrus canker,1,train,singleton_no_enforced_relationship
source_85fd810023f8ad02ba4de2e4f6531a2b702e9592675caad0113aef4bb86c7806,Healthy leaf,1,train,singleton_no_enforced_relationship
source_8655a16b8230d137a648bd7e5ac5b79f44b7878ab50b0ec27bde27e73d2b6dfe,Greening,1,train,singleton_no_enforced_relationship
source_8674d1bae95e6b34e4d14d0727099656be2b3690eaa7de2170abee389956fd8a,Citrus pest,1,train,singleton_no_enforced_relationship
source_867b8d3e7bb5dee600f5a2bf18db612c54e439ff0764d8f4be7ce071b8537684,Black spot,1,train,singleton_no_enforced_relationship
source_87008824528799a645ea7c2290b606916711277546f7a7137e43edad9565d8ea,Citrus pest,1,train,singleton_no_enforced_relationship
source_87099e03d45433d8e7a3c1c2db5a51e1d2c37a37907c8cfffd29bb3ceee77fbd,Healthy leaf,1,train,singleton_no_enforced_relationship
source_8711bc0985a0b825c9751859df5b97dc275ea9bfc64bd9bec15c08ff73ac61dd,Citrus pest,1,train,singleton_no_enforced_relationship
source_872365bbaf52b88ce9ddbdccfdcbffd297ef2affdd0564ec3ed4538daa4e16ea,Algal leaf spot,1,train,singleton_no_enforced_relationship
source_872b96fc1d20ea6f88674266ad46228dbfde37c4038ca115c665b5740a19e82c,Greening,1,val,singleton_no_enforced_relationship
source_87751357cc77a05dd4ecbaa14b2018efeed1fc39ced71eea9f39f58d88d555f8,Black spot,1,train,singleton_no_enforced_relationship
source_879bb372ef5d5b734e932577dce657d9e97b9d91baf26f3cc12afe53ae547a60,Black spot,1,train,singleton_no_enforced_relationship
source_87a08465a49467a59ded5cb349e84bebfc656f82810823e249c4f5cdc3ec9e33,Citrus pest,1,test,singleton_no_enforced_relationship
source_87a0b8eff6c040dec93f2eadc207e7a9b60212d1177174a95cdef10762e6e188,Algal leaf spot,1,train,singleton_no_enforced_relationship
source_87b684c03b3d2cf6bdb6212d8c8dadd6bd24d5b04cd2c6f478657e7dd4666cc7,Citrus pest,1,train,singleton_no_enforced_relationship
source_87d5bde76d3f7d923cf51553e7f3e816d5ad4c2ab637a78bcb1c0a5931ea9c73,Greening,1,train,singleton_no_enforced_relationship
source_87dda044bf417ea1d6f9765636b8267e4a5517e186af56e8cabcca90d44db6c6,Citrus canker,1,train,singleton_no_enforced_relationship
source_87e2c74f1621f780434008db7df15e0b420f37265417a9fb792f00531958c3b8,Greening,1,val,singleton_no_enforced_relationship
source_87e9fa07067d06faa0ed3a6cf56071b8c58e7b8a772c70cb53600a7fc7c16cbf,Algal leaf spot,1,train,singleton_no_enforced_relationship
source_88299106e1ff38b02f7737e94577758b5e3196a6808c0047d178a58c86044e00,Healthy leaf,1,train,singleton_no_enforced_relationship
source_882aa79fa211018eabbe877e503924c3a137c9892153dc5ff024a6fd5ff86021,Healthy leaf,1,train,singleton_no_enforced_relationship
source_887e430f127ee75dade346010dbfcdd054c5d6ffb21432b93a0dc2e03ac88089,Greening,1,train,singleton_no_enforced_relationship
source_8882eb893d44db5dfed34e49cea5c8675ace79a9d52b66307d09fd0b2f3d1156,Greening,1,test,singleton_no_enforced_relationship
source_889961cc07b35e95285393b04f5f263ceca1e78b54ea6f047abbf39fca215809,Greening,1,train,singleton_no_enforced_relationship
source_890ae56017b68955446f06e3c33165c619f04e293de8055ebd19095010402445,Black spot,1,val,singleton_no_enforced_relationship
source_891a976ee9822a4144e18a6721d293a37106417b27bf16e7840be06740a3ae2a,Algal leaf spot,1,train,singleton_no_enforced_relationship
source_891c0264cce162e694e52e5b8308bd7292902427d8368d34de0d4352554c3ae3,Citrus pest,1,train,singleton_no_enforced_relationship
source_892b57edcd510068d10f54076533fdfebd0c2064f42169e2ed58e104180a4836,Black spot,1,train,singleton_no_enforced_relationship
source_8946cf70a59a54aed062aef46910198917877279a9a9c1b239f2e2dd0802c84a,Greening,1,train,singleton_no_enforced_relationship
source_8a020faef997a5c52e43ee1cc08cd4ead4ee8d56df5f346f27265ec2788c0048,Greening,1,train,singleton_no_enforced_relationship
source_8a132609ae4d415dde15c5f87ed55c15410dbcc1e90e05789c9dac9eb7e89bb5,Algal leaf spot,1,test,singleton_no_enforced_relationship
source_8a3023d95cfefac8df62614701bdfcc45007f97e6cb56b42455393b679497b62,Black spot,1,train,singleton_no_enforced_relationship
source_8a5deaa9e06bf3e88ae2a306e77c611ad6cee73d0b9f3d03522e2c372bc93f8f,Greening,1,val,singleton_no_enforced_relationship
source_8a7564b0b4ae9752e9bbb001351d215884b0a3091c84200017b48b75bf0ad73b,Healthy leaf,1,train,singleton_no_enforced_relationship
source_8aa1c9d4af55d6722eb5b6af2efd60d065369e6c0172d60c6e5cf7b0a9a8e464,Citrus pest,1,train,singleton_no_enforced_relationship
source_8afa9fb5344f6bcd6f94f1dc9be7ad54736e1009d92507a7cabbfeecb20598e1,Algal leaf spot,1,train,singleton_no_enforced_relationship
source_8b7f588fe1582de3e467f7190d2b4f67f5686370763fde5a6bd989b982a705ca,Greening,1,val,singleton_no_enforced_relationship
source_8bb1d2a17d6efd70d20b40fd671f6cc29bde086429149e8483d99b7738257f1e,Healthy leaf,1,train,singleton_no_enforced_relationship
source_8bca4ba5da101cd19b50a9ee869bf31bbc05dad43b71d02cb7e03af8d9d953ff,Greening,1,train,singleton_no_enforced_relationship
source_8bd2fd8cc609c6db1e2d9ec0ef80ed10731da6268ad708b5655e71f8503fb18d,Citrus canker,1,train,singleton_no_enforced_relationship
source_8c042eabe2b50c163c9fe058b1f16e62933fba15eb3f65c89575a9434760ed6c,Greening,1,train,singleton_no_enforced_relationship
source_8c51add521ab4932098a4f4ce584309664500f4fb6418ac63fc04209a8c32f2a,Greening,1,train,singleton_no_enforced_relationship
source_8c7f98b8fa45223dea5808df9b4d1143f2e337e9477973afb5410c2155747ec6,Citrus canker,1,train,singleton_no_enforced_relationship
source_8cb8e18f3613efc6972d27d449ddc4a95c9ccdc65dfcf09200ff103cd88a8f83,Algal leaf spot,1,test,singleton_no_enforced_relationship
source_8ce49f26b74eebe265acbe099e38a1c747ef973990e67aa4db62ea2d503b74a3,Citrus pest,1,train,singleton_no_enforced_relationship
source_8ce9edf53fba1bb184e5e5067e64e642243e6ac305b81d52b1184b3e3e527df3,Greening,1,val,singleton_no_enforced_relationship
source_8cf80b1c739b16d17eb11b13a66b4cb11fcc35d290b6135ba674594b4d385e8f,Algal leaf spot,1,val,singleton_no_enforced_relationship
source_8d095fb267d6647c7e296c212742b730b07ef59e13727ba7df99143a31f55533,Algal leaf spot,1,train,singleton_no_enforced_relationship
source_8d490a0555ef62ad3176b409c4a5878b3a70300a06351c909bc3252072a0f193,Healthy leaf,1,val,singleton_no_enforced_relationship
source_8d61831d7ade1c02f88c0bd374576db1597c5cf5c3ae4fc481915ccff17b08a1,Healthy leaf,1,val,singleton_no_enforced_relationship
source_8d9feb7b07f3fa5df96e5916b81b863f8bc868f74cd7cff2ed1090ed24fb2aa3,Algal leaf spot,1,val,singleton_no_enforced_relationship
source_8dcf42cf476b38ea49f5b4e8ac73670c726d92ce69ac047f06802284fc332b5c,Black spot,1,train,singleton_no_enforced_relationship
source_8e0538f1c4592ef8d51442598a0404cb000c2842b5a39fff8c1ce8bb933dd1d0,Citrus canker,1,train,singleton_no_enforced_relationship
source_8e2bd2251bf2e863b352699ee186b55f6436a0781337662653f613117e88bb82,Healthy leaf,1,train,singleton_no_enforced_relationship
source_8e4581092ada09dff8f66b3e6ede698afd952e12da73e6528e358ec927a8b0ac,Citrus canker,1,val,singleton_no_enforced_relationship
source_8e568b796b4d22f16e9c3f14d7c5886940d7a532c93682c2fa208f3442c2c11d,Algal leaf spot,1,val,singleton_no_enforced_relationship
source_8e7782d3ae6cb8544d7c2935ba08cb81976b7ea6cbd803d9a832d2ad54fda656,Citrus pest,1,train,singleton_no_enforced_relationship
source_8e7fc6248b812eeff2885bdf599f0274cda75dead974fa6b902f58f8114b41e3,Greening,1,train,singleton_no_enforced_relationship
source_8e990d5a9aabaf772acd6b02ef25b1608b6690ffdd89dd77f52d8195b532286f,Healthy leaf,1,val,singleton_no_enforced_relationship
source_8e99b6230b35e00298f080d8ce601e4222b94e228f9338710689747f939d39c1,Healthy leaf,1,test,singleton_no_enforced_relationship
source_8ea03114bd1db924709313ef81a61342bd596a20aad7cc0a4dc90a1b37673101,Citrus canker,1,train,singleton_no_enforced_relationship
source_8ec47fa7d2b590f22b0d76f51e60bb70354f2f374e5c02c75540700658bc74a3,Healthy leaf,1,test,singleton_no_enforced_relationship
source_8f0a0cf5b77d465fe9c89266bd6c0fb07cf0986ab456b43b1ce7197d7826e8d2,Citrus pest,1,val,singleton_no_enforced_relationship
source_8f179652d0de8cd3d4ec2616d72eb4a988cc274d1e81d0a87612e79ac04d7dd5,Citrus pest,1,train,singleton_no_enforced_relationship
source_8f73629995ea8ddcf8c5d15cbbf910f7d33dd0ca48f6edbcd7592c8802bf0cb2,Healthy leaf,1,train,singleton_no_enforced_relationship
source_8f7d24a2e513df2c6d80a15041ce5ce302d54862567c9aad8cd9820d481e66cf,Citrus pest,1,test,singleton_no_enforced_relationship
source_8f8335685cf110283f02477aa03eae9146b6b9fecd5a3224bb8b0cfd2856d243,Black spot,1,test,singleton_no_enforced_relationship
source_8fb56e8e2494315d4c443454405ae2e10d8e97224fab480f80fca53cf9d20b4d,Healthy leaf,1,test,singleton_no_enforced_relationship
source_8fc950943e7c565f9bb427761f72933382ed9ebd2ad3c1ff715dd262a50777a5,Citrus canker,1,train,singleton_no_enforced_relationship
source_8fe01b376946d92e482a6bd97b9265bd2b7e0370fa2a3e14562eb887d597275b,Citrus canker,1,train,singleton_no_enforced_relationship
source_904cf5eb36c26d489cd510557d12944f620c2e1cc6ad81facf3eb465b9a8bcca,Citrus pest,1,train,singleton_no_enforced_relationship
source_9060db7fc991b4213c826750496448a0d81a1f0b5919042c3619cccd29576a44,Black spot,1,val,singleton_no_enforced_relationship
source_907dc601e22b71b08d582e57f3f0d13a00ea42496c97824fd22cf945e3f8f2ae,Black spot,1,train,singleton_no_enforced_relationship
source_907e7bbf9b9c583519bbd3606cfec9eb41154f6cd205a6fa9a7e522b623ad98d,Healthy leaf,1,train,singleton_no_enforced_relationship
source_9098ec6cebc01583277db2abbb64c5fa44026f7f7ee0bc5ab9013b9588f0efb8,Algal leaf spot,1,train,singleton_no_enforced_relationship
source_90dd9b0d4d6177232d9f4c6a6367426289e260d8aaa2ea875b75f76e6f7ab32b,Citrus pest,1,train,singleton_no_enforced_relationship
source_90e918f888e0d4ebdef6ffd0168547142ce3367d960dedc8d8cf666b32d11874,Healthy leaf,1,val,singleton_no_enforced_relationship
source_90f7bf00693dd3561b14db13c942f8264f2420ba37ff344a729bdeac6ec7f43e,Greening,1,train,singleton_no_enforced_relationship
source_90fd13a5a98b9a3a71f01bd75dd0bd9bdb6228a9043ef903e75f23f4e515aeb9,Citrus pest,1,train,singleton_no_enforced_relationship
source_911b4157d40bffec50507271897f0d0833331d948c393c83c58ad6a100b4e406,Citrus pest,1,train,singleton_no_enforced_relationship
source_915614273016cb420026ebe3ab4006abbc0465f88b9abccb2398ecac0ed74cb1,Citrus pest,1,train,singleton_no_enforced_relationship
source_916797b0d648017b276df087c0218efad013797ddfb82ba26def867ea5dd8a92,Citrus canker,1,train,singleton_no_enforced_relationship
source_916f8ce3b0c934480ea7a8290bf51c4be9130075d330095c930caa25cbb5f396,Black spot,1,test,singleton_no_enforced_relationship
source_9173d411d720e99b444046885981055da7cbd1befce6b9650f19a813c121a238,Citrus canker,1,test,singleton_no_enforced_relationship
source_91b098dd16e17b83935b0c8ef31068b3112273c1013b8f4e64674349f66ec06a,Citrus canker,1,train,singleton_no_enforced_relationship
source_91b182e118d66153227698e423d98970eb93fd8791b804d5428dc960d8369d5a,Black spot,1,train,singleton_no_enforced_relationship
source_91b666ec6f32a6ab48f9154162c7cf15ed04f03c69f6dad5ca4524357d51b29c,Greening,1,train,singleton_no_enforced_relationship
source_91bc54315d89ba6213431e130849ddd95af091ef14f6731153772f4544349339,Citrus canker,1,test,singleton_no_enforced_relationship
source_91bf1ecf2de89b45d2fec66c7520b4f8ff5eb11d3d89befee0ae78f0803c3580,Citrus canker,1,train,singleton_no_enforced_relationship
source_91f017f02f4ab1a42d390776690a045c93694396fa0984f1f2cdbbf432ca29fa,Citrus pest,1,train,singleton_no_enforced_relationship
source_91f66a4dc9a9ae141b04980acb5f5fcc35c79dbebda860dc49573628a4514d8e,Healthy leaf,1,test,singleton_no_enforced_relationship
source_921e23b603a60bd835e3b85f8bb14e54b58d15b64dcf6f856c8136ba299e37e0,Algal leaf spot,1,train,singleton_no_enforced_relationship
source_9229144f182c0a5a8a1809bb4304e79d5d3bcfdfd77c9286fac62ac8e9f270ec,Black spot,1,train,singleton_no_enforced_relationship
source_923d29b6e5e3a83b185a424c174b318ca03356ef4ff97580963a628026b6d3ba,Healthy leaf,1,test,singleton_no_enforced_relationship
source_925869ae1bcc40074926fee31c907b0a949e3563a610db5bade3204a0a3d0453,Healthy leaf,1,train,singleton_no_enforced_relationship
source_9258c4a31e1854026b40f5e9a2e437069563d2ad027930954e0943a2075ea4f4,Algal leaf spot,1,train,singleton_no_enforced_relationship
source_926028713aec796f1307838982dd75bd846102995957f2d5058d3cb17ca09e6a,Citrus canker,1,train,singleton_no_enforced_relationship
source_928b32c2906056256efa6623c3d46a8b76a87833c7f2f8bc6b0ada340fc00954,Healthy leaf,1,test,singleton_no_enforced_relationship
source_92939365b9d1fd25e263fd37ed9107b1a61fa65f7b68880a7cfeddf3749fbdee,Black spot,1,train,singleton_no_enforced_relationship
source_929b85c60dfc7547ffef6b22c1a60a8272ec2e483da6709e6c3d27e5e62bd491,Citrus pest,1,train,singleton_no_enforced_relationship
source_929f1c102b8da40c8b3744eff10479f477069731084a663914b6b5a701d0a073,Citrus pest,1,train,singleton_no_enforced_relationship
source_92dbf4db22882c0ded53dbc5bf64cec29134a0ed48ddd89fc12cb8255d6684f4,Citrus pest,1,train,singleton_no_enforced_relationship
source_92f891151cb787d8b46307261a3c12ba210c9afc8d4f744aae683671c2fb1165,Algal leaf spot,1,train,singleton_no_enforced_relationship
source_930dc776d75ff7faa4f63cf4f218a6b3acc2101a160ab176fafb91374132e3bb,Black spot,1,test,singleton_no_enforced_relationship
source_9312b570c731f4504944a25578f52ba50bbf769399fd4584c02a56ec2980590a,Citrus canker,1,train,singleton_no_enforced_relationship
source_931e78eda45e5bebd7aa7de6afb29f982a61dd6e6d25460e4fd940cd283111ce,Black spot,1,train,singleton_no_enforced_relationship
source_933e95aed0cde01233d68b9cd2ec5129a26821ce3dd12d02c9b05cce5dbdc509,Black spot,1,val,singleton_no_enforced_relationship
source_934cb45bb7c9f15e5f70d1f3fe264ce34219f1b3e72ff5c0b8d68bfb8a216b5e,Black spot,1,train,singleton_no_enforced_relationship
source_93711b287144a08cefab60bcb955cf9f14d1de0bfb1030edd6e1c324fe929e01,Citrus pest,1,test,singleton_no_enforced_relationship
source_93a1e941c3002ec639790b3b3b16ea539c6f83db822ec334a8e2ca1a1d756949,Citrus canker,1,test,singleton_no_enforced_relationship
source_93c1cec81029299c4ed64ba99fb01ccd00ff94ee59cf7f9c1e3e1f8fe1e1d195,Black spot,1,val,singleton_no_enforced_relationship
source_93cca9123563685add11313a874712b109e4168c22b6900853171ce401f8f962,Citrus pest,1,test,singleton_no_enforced_relationship
source_94134dcc0c3a5cf1613ada5592b392376223ec8b34cfce489e418c40d368f89b,Healthy leaf,1,train,singleton_no_enforced_relationship
source_94382fec138c972ea4b74fed828598e9b7497f154e845ef01ea44051d460149d,Black spot,1,train,singleton_no_enforced_relationship
source_943cacc3dab9fd8a9acebc3f8d15f09edbd52c2d0c93085e66087032f9c88076,Greening,1,train,singleton_no_enforced_relationship
source_9447b459268b582ce48de8529cdeda4f4b19065496ac6aaed4c34cdc36f57144,Citrus canker,1,train,singleton_no_enforced_relationship
source_9448448efe1f194bbb3bd92ed5cf8e4884815168a43bbdbef8b9f353712773a9,Healthy leaf,1,train,singleton_no_enforced_relationship
source_949f0ef31e5cefd1e800024e2edd715b5867568bb3c40a461db6d08251759e3c,Healthy leaf,1,train,singleton_no_enforced_relationship
source_94ad3ebbd03212baf1c1512c0a09222da1ef72d7bab78c366b9ca54f1e4be468,Algal leaf spot,1,test,singleton_no_enforced_relationship
source_94bc19ae8e89ee939a285403f879e568e2b6c9356ef8fbe4f88717ec03a12818,Citrus canker,1,train,singleton_no_enforced_relationship
source_94fa5d25f732ec80454b0b64a5fc35409b3e319cc3f169152dbb10e79887ea6c,Black spot,1,train,singleton_no_enforced_relationship
source_94fdc00ac2500dc326e67a0908e8dbc5e7b67158b17ce7a25262ff9299b9b51e,Citrus pest,1,test,singleton_no_enforced_relationship
source_9500950fc12d822d8002f9b9687695e08d016ee02e72422191fc0f45b64202db,Greening,1,test,singleton_no_enforced_relationship
source_953485e86328fe44a507fed9d666c8d8ebca45314ca51cce68693736d94b346f,Algal leaf spot,1,train,singleton_no_enforced_relationship
source_958fe10aff6fbae0917c0dd4775689da77f4ba89c0765f31a677f29f19ff5822,Healthy leaf,1,train,singleton_no_enforced_relationship
source_958ffc945de37dcf5065284f699b03c374a6751d4a590a07669628b97957ec31,Algal leaf spot,1,train,singleton_no_enforced_relationship
source_95964b31d65c59db1bf3450a52d78308d2416be713b795a32d7ecc8e26cb64bc,Black spot,1,train,singleton_no_enforced_relationship
source_95a5ba4dcfd0946095201b52c0d1b14630beb1b40d32ab54bf229ac5b02a0f88,Algal leaf spot,1,train,singleton_no_enforced_relationship
source_95b52649e281f1488e1389d84f049f1372da882beccf23282539993fec3fb13d,Citrus pest,1,train,singleton_no_enforced_relationship
source_95ca0a370c9171daea9094ae39a5e1862e39c7253c55722f76384b60dda0accd,Citrus pest,1,train,singleton_no_enforced_relationship
source_96179f4aa7aa67082c9b6dd53cbfdb3e565d8811014dd850374dbb4066e10091,Citrus canker,1,train,singleton_no_enforced_relationship
source_9648897d5fa4b96c336d5484751a2d4b1abcfae2bc06cf86a450737f6f29d5fd,Algal leaf spot,1,train,singleton_no_enforced_relationship
source_969fa878b6dcb5236b3040867146717d2717271f2b42a57d5696f66ff592b2d8,Citrus pest,1,train,singleton_no_enforced_relationship
source_96a131b6d8be9ac7e30b524813b8353aadd585506c557e90897410f35e6a9c8d,Algal leaf spot,1,train,singleton_no_enforced_relationship
source_96b52b8993feaa9f55c2b710e2bf7609ea5826959186f5319ec7b46477175520,Citrus canker,1,train,singleton_no_enforced_relationship
source_977567241532a6bb767ee7e4796397e409504eaae792130a02dedfbfbcd93cd6,Healthy leaf,1,val,singleton_no_enforced_relationship
source_9788755f0b6db7402bf95c88e1cff6e3532b7448f59fb242a599146e145e0397,Greening,1,test,singleton_no_enforced_relationship
source_978e18103f6dad007559b44c8230319815a8ce9709343690a3580a23d07b749b,Algal leaf spot,1,train,singleton_no_enforced_relationship
source_97db8c55f981d8d686ad15c7efb575c69bcc0677dee91740dc44740b9ddc9f16,Greening,1,train,singleton_no_enforced_relationship
source_97e4a4cf4f302ef74485a2dac178a82fe00de237ba5519aad6aa1bb22ac423a5,Greening,1,train,singleton_no_enforced_relationship
source_97ec42366ff8b17a7da1baf1c44a2d04f25c4d20be5b6fd619918b810f29b7f0,Greening,1,train,singleton_no_enforced_relationship
source_97fcecb6fe54e36d3e3eefe6bd61d88c24032e9c9d15a099980beb75fedd7c89,Greening,1,train,singleton_no_enforced_relationship
source_98047e14d7b639b520d2797f98c41104fec18a12db3e339bfd0001f6cf27e6fb,Healthy leaf,1,train,singleton_no_enforced_relationship
source_982fd4116d07678f35dd4e1c64861e3c55ef2efdfd268f47114ed7e21fba4a3f,Citrus pest,1,train,singleton_no_enforced_relationship
source_9883c0a48a2de04a6a9a175bb35f6260182d588489596afb8a339af68fb30873,Healthy leaf,1,train,singleton_no_enforced_relationship
source_988b9cf4cf8fcfcb768edf4285bf3e68f6a32370188313eb42830582504cd68f,Algal leaf spot,1,val,singleton_no_enforced_relationship
source_988e1eef59c89e49e7238583af25147787bd3a887df2a79569e463f39f38a2de,Black spot,1,test,singleton_no_enforced_relationship
source_98ba2d7425572f4f9b069ca61bdc389a155f16f27b309b0bef235f62bcbd54e4,Healthy leaf,1,val,singleton_no_enforced_relationship
source_98d22a4019d395f27aa99cd0e201129d17420418895b6320154bdec8e9d91fcc,Greening,1,val,singleton_no_enforced_relationship
source_98d982d34fa344caacf989864c1e1381740cb04b84ebcda8f567c0e7d0b7bbc3,Greening,1,train,singleton_no_enforced_relationship
source_98e5a0172707cc5b1ecd9dcd63ab6e7f393db15ec76b02d6feb1e74e246bb0ce,Black spot,1,train,singleton_no_enforced_relationship
source_98e6036a3036a0c7d8356fe69a22612725662a1377930e388c2d7be6b1df05f1,Healthy leaf,1,train,singleton_no_enforced_relationship
source_98f221ecf7bd2a447ebd02f6377d06edebb3a69b0f7ebf7e841293236ad67299,Citrus canker,1,train,singleton_no_enforced_relationship
source_998ce89445f563f7bbc0af96e18d2aac15a8d54e616aa997e8218b0f49f70c1c,Citrus pest,1,test,singleton_no_enforced_relationship
source_99bb6c7238848596371174a659d7d9552b07c22d577d770d2278ecb972f97437,Citrus pest,1,train,singleton_no_enforced_relationship
source_99bf5ec7d3b0ed6c94b9f7a9ea2d2e63937d53937ce9632f821b28c73691f38e,Citrus pest,1,train,singleton_no_enforced_relationship
source_99c271d193a3e3166eaa76eed1950f5d6c25c0a8d8f86cb0002b367ecd2defbe,Algal leaf spot,1,train,singleton_no_enforced_relationship
source_99d5e6dee67a4ef198c0287f5f0a0ccda5ec6132c17c2cccfe6c88e8ef7e83d4,Greening,1,train,singleton_no_enforced_relationship
source_99ee6f30977f2c1f7c6d06c2a679a202273887712be4c940c6fd2747edb8efd8,Citrus pest,1,train,singleton_no_enforced_relationship
source_9a1e73f17b1a6ebc0ff8bd72a083dd32b55219a0d422623a12341d420369f36f,Greening,1,train,singleton_no_enforced_relationship
source_9a3036050dd3203309fcc4227251f023d1facda7aed0416c938c8470f1de28b0,Black spot,1,train,singleton_no_enforced_relationship
source_9a386fa20f832dc42b4d1cfa5d4611da9d672518b7f7b55bb94dc41412955aa6,Citrus canker,1,train,singleton_no_enforced_relationship
source_9a4505731f769079473defd53ddb039cbc641a723fc9e6a4ac2bcd310e7a6ebb,Healthy leaf,1,test,singleton_no_enforced_relationship
source_9a4c6808f60fcbde9afbbb76fc4fea7112e1dc5e7168bc2468ffcb366d1741c8,Citrus canker,1,train,singleton_no_enforced_relationship
source_9ac7f6135d31e0d79edc8d2293b6dbcb36d158d833e87cac9a06256d2146e11d,Greening,1,train,singleton_no_enforced_relationship
source_9ae130a4e882b5c356c47f02c6208e610dc20f0ee9d4bdca76f71bbea9f8db06,Citrus pest,1,test,singleton_no_enforced_relationship
source_9af7a4a80eb90309c4d5fcf6bb9f8954d231a6a1e54629f6d2cfb011447038e7,Black spot,1,train,singleton_no_enforced_relationship
source_9afd9535f309ef9983bce3dcc5e2fc4b4f7e74052fac9f939d367375cbf47b9b,Healthy leaf,1,train,singleton_no_enforced_relationship
source_9b136db7dafea0c4f55ffe4a60971271d01e468cfb19b0480ffe5264afa7af67,Citrus canker,1,train,singleton_no_enforced_relationship
source_9b285691357cb2d01a2c5bd97c334c3231d51a2c41ad8c3f3106a2c3b9d15bbf,Healthy leaf,1,train,singleton_no_enforced_relationship
source_9b4b0f5b6ae1918554663588752e9a603f18f5cf0a155ed51cf89f318be41949,Citrus pest,1,train,singleton_no_enforced_relationship
source_9b5e5e37795f4c8fa55b80dad3c05391efce5a2a9b5951dfec61f5044bb53368,Citrus pest,1,val,singleton_no_enforced_relationship
source_9b7bbcd20cefb6da8b81577b21e5b5710515f6a32f0e1e361dfb1fbb1158fa68,Citrus pest,2,train,human_SAME_SOURCE
source_9b8a909413fb081bd976ad8faf113e67f705300a489ba7144c9dca307034b276,Greening,1,train,singleton_no_enforced_relationship
source_9bbe23058bd33bfd3e324e67f451003753682d634cd700b3934a7bf29fbd322f,Citrus canker,1,test,singleton_no_enforced_relationship
source_9bdf60b1c4fcba7001bfc495db66f91f63cf24191f2152201b74d59c9cfbf289,Citrus pest,1,val,singleton_no_enforced_relationship
source_9bff55ff4a955f0eb101bce13ea30b4e2e9fc9e33893ee35eb1a4ddf7ccb40ba,Greening,1,train,singleton_no_enforced_relationship
source_9c08557d7b0e7364c929d5855a7b2db54abe1461e12d09bffecad213d8757786,Citrus canker,1,train,singleton_no_enforced_relationship
source_9c323f4d9be2fc16b17ad93d73df3a3e97df1057391840636bd1f57880cc8742,Black spot,1,train,singleton_no_enforced_relationship
source_9c442653fe7f5d5791564ee0b45987ee9fdda724566f73ba71177f1b943d161f,Healthy leaf,1,train,singleton_no_enforced_relationship
source_9c48a6ab295c44b880963f6e9d6475f37060da58485c5ceb097fcc37f397ecc4,Black spot,1,train,singleton_no_enforced_relationship
source_9c4a103a6523d180f734fc658a0c7e73ccd9751a5dbaa5c8f42c58616bd2da26,Greening,1,train,singleton_no_enforced_relationship
source_9c66efec7da5b383aada6a2c4995f613102ec9cfb85bad7030d94b7c61c24ab5,Algal leaf spot,1,train,singleton_no_enforced_relationship
source_9c8609bbb17a1faf0585745ed6aed3d58e2531ff478192b65588f379b045fca7,Algal leaf spot,1,train,singleton_no_enforced_relationship
source_9ce2dcab4750e3d747660aa8568ec55abbdeb3afcbf7194b3da1058a7bf28c33,Algal leaf spot,1,test,singleton_no_enforced_relationship
source_9ce7501f510e4dd17f50982283e2c2e3660b025cbef27e03e182dde0877c9880,Black spot,1,train,singleton_no_enforced_relationship
source_9d9a44ef1c3aff85db8888b454dbbb2c89396a5e46649f6dd548b9268989f1ef,Black spot,1,train,singleton_no_enforced_relationship
source_9d9b05931567c79dac94f369aee81825c3ab2734d54e45d59f87825d90317565,Algal leaf spot,1,train,singleton_no_enforced_relationship
source_9dac9ab130dd340cbed2b511bbba565c9b741ea0181db0155e5426756935112b,Citrus canker,1,train,singleton_no_enforced_relationship
source_9dc07a48511bef92deef3cb5628a424522a0c6ed02dee96584d2e2316a350373,Algal leaf spot,1,test,singleton_no_enforced_relationship
source_9df4175d8201af70c3c4505d7638037cf06b7db235e6155d7c6a95510551e4a7,Black spot,1,train,singleton_no_enforced_relationship
source_9e21d659d5b16abe6a06dd159eed9ce709ac5e03fbd65c38adb3e15feeb874f4,Greening,1,train,singleton_no_enforced_relationship
source_9e4b5058af45aa1d60e49d1230355dca7d66e4dc79d73a6e8bb2bd467d646d53,Black spot,1,train,singleton_no_enforced_relationship
source_9e50e6fb6d57920570de342af367dd31cfdb7d3e1af4bbef283ffc1f6042d2e7,Citrus canker,1,val,singleton_no_enforced_relationship
source_9e7bac1bca40ac95c303c0d1d8565a0eb02665897992d51683122b8790d48a28,Healthy leaf,1,train,singleton_no_enforced_relationship
source_9e83178fd2b8142ab85cdeede99c384ca803dcef4a4eb708b64ccf28fe652222,Citrus pest,1,train,singleton_no_enforced_relationship
source_9e84d0b3262c1090d3413f8a5646e600d20b15d82c1e3635124d496884b82be7,Citrus pest,1,train,singleton_no_enforced_relationship
source_9e9098254c2e81a920a83ea9a118e90880a72f93dc793ff1a3f47d217d802dd9,Healthy leaf,1,test,singleton_no_enforced_relationship
source_9ea8d7f390e796269fa5025b272a38b4bdc7c78113a4a089c5d60756e3df36e2,Citrus canker,1,train,singleton_no_enforced_relationship
source_9eba0c310ef1bb8435a381130e342df3f3d2125c78df5ef6a218b5833c7a5a5c,Citrus canker,1,test,singleton_no_enforced_relationship
source_9efe73a8181e5db0d103658234c24f8e8a1b23e29d76018d32bce449ccf1df0d,Healthy leaf,1,train,singleton_no_enforced_relationship
source_9f13e40e954332caacc588480ddecaa043a0daa1854c486723af3381a6dbfcd8,Greening,1,train,singleton_no_enforced_relationship
source_9f2656580fb46dec9c5731eeb145ef392b42ef381cac29d61c2db4b543e3d0ca,Algal leaf spot,1,train,singleton_no_enforced_relationship
source_9f8428736efec73da6862376a7a55e0ab4c6187ec54bc49ac930803f651750d2,Algal leaf spot,2,train,human_SAME_SOURCE
source_a077eb134c57d003d7ccfeb528e30b5c1d3d7afef3ffc4d154a1c70350e8b377,Citrus pest,1,train,singleton_no_enforced_relationship
source_a0a2dbf67a3b6fd0e483f282954a3b7777a971818f45356f0d7c50ae7a3659b9,Citrus canker,1,test,singleton_no_enforced_relationship
source_a0bd70af72301664f7389fcc83a49213e34416f84fa52659e0a1b9fef8e831b8,Black spot,1,train,singleton_no_enforced_relationship
source_a0cad90b2b1e5231416fd1ffe0022dd6ed9fc42f0a71450230de08429d9f855b,Citrus pest,1,train,singleton_no_enforced_relationship
source_a0ddd9be0f50e1292603aa6dc5e69489cc806b39b4f449bb7434cd36ce0d37b5,Citrus pest,1,train,singleton_no_enforced_relationship
source_a0e96a24b02002a0b87d950de7875293a1f6d812c033213011ec733fce97ba1c,Black spot,1,train,singleton_no_enforced_relationship
source_a0ee5a527937a7dac6231975c7a8ebed359ae0cf791c7750c7647dd53320b999,Citrus pest,1,val,singleton_no_enforced_relationship
source_a1051d933ea80f3dd39afdc3aef0cf7ff71ec52f80e8affd3b0d193969a98cef,Citrus canker,1,train,singleton_no_enforced_relationship
source_a141711caa7dcee9c0108a80bb70c7fbe8142dadb98f3c4a80fdb9b1e7256b1b,Citrus pest,1,train,singleton_no_enforced_relationship
source_a16e4c7521d75b73baac31576587b569b4985851dbfb527d36abef013f207b48,Healthy leaf,1,val,singleton_no_enforced_relationship
source_a19342728d3249d241443085776b73b6f4a3ec9daa2274174cd58c8febac9c02,Greening,1,train,singleton_no_enforced_relationship
source_a19564e9baf7bf77c1644ece2a230c56347626592774536a063515122df25883,Citrus pest,1,train,singleton_no_enforced_relationship
source_a1ad57f46ce8e8f29e4233f885a1850984aa6c7e3c68953126f7f150cf0aecb2,Citrus canker,1,train,singleton_no_enforced_relationship
source_a1ad93cfeadb40610ec6ef618f68323b8f1aedc5bbc0fd7bd4fc0ef6f463edd0,Algal leaf spot,1,train,singleton_no_enforced_relationship
source_a1e25d227df3a2e1afdc63d7dff3d6735ebbd509cc171bcc712559405392f5bc,Healthy leaf,1,train,singleton_no_enforced_relationship
source_a211c642e365d7b60864f307198e456c1f4eb07817cbfb502a8df197fa249d01,Citrus canker,1,train,singleton_no_enforced_relationship
source_a2836558f311cb9b5a4c453d5bcf5b445ced83e4a5eb6cae1b3d86dd1ffacefb,Algal leaf spot,1,test,singleton_no_enforced_relationship
source_a2a014efb1edf19dba834e828c600977630294fe720b75e84b9a8a09def1c586,Citrus pest,1,val,singleton_no_enforced_relationship
source_a2fb2ba0067a72469d0ffbaf87bf50b693f0ee9785b07142a65643009e52e87c,Citrus pest,1,train,singleton_no_enforced_relationship
source_a33549f23ba1d4aa04bf94eebe5713f3905eef2a44bae06e5fca70d6d3954a03,Greening,1,train,singleton_no_enforced_relationship
source_a37bf56a9d9440a781afbab65031361a4f8acede0e3ca197d5e3ab913b2c8b44,Citrus canker,1,train,singleton_no_enforced_relationship
source_a3c3cf0576116ab4653cd3d4d4da3d632601735ea12b804e0f93a4cbb1adf66f,Citrus canker,1,train,singleton_no_enforced_relationship
source_a3cee3700e33f1bf8d93ebe87599cf099d0c32cf36f684cc8656160e66ecfcde,Black spot,2,val,human_SAME_SOURCE
source_a408bc7b2f12b50745138a3e2b4aaeef633ffb2e87733bf4d903c2bd3267975c,Greening,1,test,singleton_no_enforced_relationship
source_a45605488197bc578f557e1518779757562e8503db0f85966bd85d035ea4bd39,Black spot,1,train,singleton_no_enforced_relationship
source_a4a09223acb3e0893cfc43143228756d28383ec0d5a0d555e6232ed5b88c988b,Greening,1,val,singleton_no_enforced_relationship
source_a4aa44212932a73b37a04e8f95a4075499efd2d27925a5be934e758d40714928,Citrus pest,1,val,singleton_no_enforced_relationship
source_a4d71b83fcdc145fdc2f88f11ab2ba9251cb3889123585418f986d820c09a1f6,Greening,1,train,singleton_no_enforced_relationship
source_a4e1e9e23ad973fcdfb9c555ae8522a5bfb87665ff32bfe9e5ba6a775af9dbc2,Citrus pest,1,train,singleton_no_enforced_relationship
source_a50bc3ff211f9951c5d32361fd701714e218df13236321f2e7e0978ce62d8b26,Greening,1,train,singleton_no_enforced_relationship
source_a5a40ef30b27cd0dc3a7b0a189189eabfa84c0f21db3349414b6eb391d5c646b,Healthy leaf,1,test,singleton_no_enforced_relationship
source_a5b0c92a193fcbc6186e8246449c17e6c8e1f36763f3b0be056133b237072fe4,Citrus pest,1,train,singleton_no_enforced_relationship
source_a5b10a618792a4791aa1d5bf2066ffcdd15b4c1e2e17d814032f0a9fe6a67b27,Citrus canker,1,train,singleton_no_enforced_relationship
source_a5c3fe0f9a5c266d0ebf8591c3e8954f9ac6b70aefd6cde0511f00c795c0fd68,Black spot,1,train,singleton_no_enforced_relationship
source_a5c9535c36b0142c9e899bde1ae7ce159a907fbdcc57cb36dbeaf13c3774537a,Citrus canker,1,train,singleton_no_enforced_relationship
source_a6045b7f8c56f3c89863bd36855a01505578d7a40e1ad024c3c773070e6c06ec,Citrus canker,1,train,singleton_no_enforced_relationship
source_a60cac81c613cd81765038c00342de724adbf667ef7a2df4a4b0bcdb60e1855d,Healthy leaf,1,train,singleton_no_enforced_relationship
source_a65a7b216aa2e1684be5b004b6f16ed8d802b9a062fc8dc12353291f8d75c8a6,Healthy leaf,1,train,singleton_no_enforced_relationship
source_a664512982e29679feb9abd47ffdca2f71cf12be04b5f53552fd3ab4e823aabc,Greening,1,train,singleton_no_enforced_relationship
source_a6698c3cfb6d312d163c8711c555c8b939bd54bac880332f44d9e5ee3928a390,Citrus canker,1,train,singleton_no_enforced_relationship
source_a6a99802bfbee800dbf0b054bf66ad98c74b67cfc23f739ad8f7b68b369aae49,Algal leaf spot,1,val,singleton_no_enforced_relationship
source_a6ac9fe5b60b014b377ece88a95ed20cdbbe036ad9f733f849140dcd1ed372a0,Citrus pest,1,train,singleton_no_enforced_relationship
source_a6af861be2447a13e55bf534dd18b96ee4b9603d27f1bc803f7aa0f0d3bd1a34,Algal leaf spot,1,val,singleton_no_enforced_relationship
source_a6c6720bd6d504ad03ae104eb6df7f4c471f82cd47f572a04d4a717f2d2fd75a,Citrus pest,1,train,singleton_no_enforced_relationship
source_a733c9d7dc55086cac4f1d089a6c0c25d83ccb35bd92a600f2a3b52933f1bb44,Citrus pest,1,train,singleton_no_enforced_relationship
source_a77bd8350a2017f1b7d83643814758c31be349cce942ebdfd9f0cb87e52ff187,Citrus pest,1,train,singleton_no_enforced_relationship
source_a78696debe9824d7d79d9d64b9f580c4bd4d815247d653c4c095d00bd491444b,Citrus pest,1,train,singleton_no_enforced_relationship
source_a7897eeb975e84a0870e84c7038980aff4b53d4c90e8e6048f7c6a0c5e66418c,Algal leaf spot,1,train,singleton_no_enforced_relationship
source_a7a8301d2f5cc7e7a55d9f8cfc3042082be4b7bbb9a907661b10e70d0e3119de,Black spot,1,train,singleton_no_enforced_relationship
source_a7b701e51296208f976daae60b839dfdb1f1a9887a74f40d0ed7817a379b958d,Algal leaf spot,1,train,singleton_no_enforced_relationship
source_a7b9c1c77e3eab2f89762d2c1c0289b7b61fdbd64f07a873a632a0666065539b,Citrus pest,1,train,singleton_no_enforced_relationship
source_a7bab946010d3cfc89d19e62a98364ca8c0293b13ddc8c8a5c1e25ac1bac4c43,Citrus pest,1,train,singleton_no_enforced_relationship
source_a7c8394c92d1ce5985c94bb379b0faadfe658723dd8347f15b6e1830dc6d6d1d,Black spot,1,val,singleton_no_enforced_relationship
source_a7dadf68371adb1a36fcac051565883edd0c7b2e151282c33bd078dbbc51f455,Citrus pest,1,test,singleton_no_enforced_relationship
source_a7eb39293f913d2250640c3713933a63625ea44c05c7331b5c3881d7802dc7e3,Black spot,1,train,singleton_no_enforced_relationship
source_a7eec08239e4dfb1f89f521d7d80c09017e4cd8c85667ea5a42c125f5cdaafc6,Citrus pest,1,train,singleton_no_enforced_relationship
source_a803d8aeae6a7520d0de9cc637c429ed3ce20a330169d28c6c43988b399f9a01,Citrus canker,1,val,singleton_no_enforced_relationship
source_a8146dcb02d8565edd2584dc1b0aafe075c6d2b3d4c80931ae17ecd5750a21e9,Algal leaf spot,1,val,singleton_no_enforced_relationship
source_a8238b383fc331fe23b3c9103ae34651466bf7583b3c42a55572a6562e994f7d,Healthy leaf,1,test,singleton_no_enforced_relationship
source_a8272c44d7879b1dedab921619dee0c0cc5acfd50a6d3d0cad2134dd191fbcee,Citrus canker,1,train,singleton_no_enforced_relationship
source_a829b65115fddb8c8eeb884e6d7ad89e386d18adf9ebcfd14db347f0ab1116ea,Algal leaf spot,1,test,singleton_no_enforced_relationship
source_a8419268c349ff908d3ea83748505c7cad26d77bc59c12d16fcd43f0f0dc97e8,Healthy leaf,1,val,singleton_no_enforced_relationship
source_a8958a102168cfd3203484a219550a00ca3e1cb69165d1f680a524a9e570623f,Citrus canker,1,train,singleton_no_enforced_relationship
source_a896333703bdad9a240ca940b749eec94b73853c072ece470795776d4d05dd5d,Black spot,1,train,singleton_no_enforced_relationship
source_a8e2c496dc932e9481229bbcf9ae0b9183142d528169e2987289c8d537281b99,Black spot,1,val,singleton_no_enforced_relationship
source_a8f35b241d1eb75c873b1a99b971f1dd661455aa9783991e71fdd1c53dcfbbd6,Citrus canker,1,val,singleton_no_enforced_relationship
source_a8fb5c559d5a37a638994b7990ea69a200be8be48d9d708f486f374f9b5b2a76,Black spot,1,val,singleton_no_enforced_relationship
source_a92012b9e39567c7bedea6e70d2393f24cbfedf7cb4b57ec0dde32aeabad20e4,Citrus canker,1,val,singleton_no_enforced_relationship
source_a93a780fbee8602e6dc624240d7e68fdd7a83c4e0d5d5858a5a904810467a305,Algal leaf spot,1,val,singleton_no_enforced_relationship
source_a95ee02190a8abea3927754cbde0ff5f9699d4fd48f9b8ec166e8355476fd669,Black spot,1,val,singleton_no_enforced_relationship
source_a97012b7d330a8f212f13f2fe585d64b39df949c357e2cfc6e5299eb432b7c0e,Citrus canker,1,val,singleton_no_enforced_relationship
source_a976b7005a35a4c4c3d7a16152c48557dc4850cab225051753166c7fd6964ba0,Citrus canker,1,train,singleton_no_enforced_relationship
source_a9935a5fc9ac9609ad513c2437664fe5553656452a23635c8ef61d7cc36d316a,Healthy leaf,1,train,singleton_no_enforced_relationship
source_a9e0d3a624a817a03969948134e749cd4bbd37db576dd36fa0699a64b30e1fff,Greening,1,train,singleton_no_enforced_relationship
source_a9f0c57689b51623dc20419df0d1b2265b56fbf3f35920579b24ecbdcf1cd51d,Citrus canker,1,train,singleton_no_enforced_relationship
source_a9f1f20ef05e3b06a0131e4f3989c98a6300593fcc1563f2c1e73331fb32f1b1,Greening,1,train,singleton_no_enforced_relationship
source_aa124929a32ae45c3a62342e5e8e69875126471607592fa6338bea5289e22aa2,Healthy leaf,1,val,singleton_no_enforced_relationship
source_aa2133a1f768c73212f0de855d81f618deee421f01137b6c15a1dd9a6cb0a295,Citrus pest,1,train,singleton_no_enforced_relationship
source_aa52c34a73dcaac8e5954eaa1d73a0fbdb1506a05f2cac4042b766c10652fa0b,Algal leaf spot,1,test,singleton_no_enforced_relationship
source_aa543ae6bed656938ba808cf05d2517e099f5192b57d03191df77fd14086e2d9,Citrus pest,1,train,singleton_no_enforced_relationship
source_aa80c7f682016e96f969e1fde8c275692daa02c5448b00b8135a835b0fd8c4f8,Greening,1,train,singleton_no_enforced_relationship
source_aa90271a0dcc60a747e42bb1e8f0cbc12fc98949dbe7e76d90dbf39f609c2970,Black spot,1,val,singleton_no_enforced_relationship
source_aaa2174082275e61bebde7ed4df3601f9527bc54d56f6a2a3956eb879b410ddc,Black spot,1,train,singleton_no_enforced_relationship
source_aacdb6ce24d83fbc8daae27831e7186a6b036beb8a5cf84f95eb7f6afa582eb6,Citrus pest,1,train,singleton_no_enforced_relationship
source_aaf52c66f0f17d84d13871755c111d903e4c34cfd4040da1cbcc554ab80437d9,Citrus pest,1,train,singleton_no_enforced_relationship
source_ab1dcf7a5b24b7bc4a7a4e0c9d4ff3e7dc3f45b59e44626b4888942dbda9be75,Black spot,1,train,singleton_no_enforced_relationship
source_ab256e8eaf8e432e672ee8d28af87c9474c15466fd88e7a53ea9491a13d6be0f,Citrus canker,1,train,singleton_no_enforced_relationship
source_ab28f692074de66bcb8035eb4a7b0aa5a7a91b4f98810435fb58f2cd351d72b9,Greening,1,test,singleton_no_enforced_relationship
source_ab2988b200e99ee11b4322c5eb5912ce9f48e282dfad978d15e5647bfb531934,Algal leaf spot,1,val,singleton_no_enforced_relationship
source_ab4956329d421832435aaab64362a7a88f4b5ffa9b364bca01e14671d9336bb4,Citrus canker,1,train,singleton_no_enforced_relationship
source_ab72b7a74a32e2282e8b29152caaceb27eca46dda64ed7fc0e6328970201888d,Algal leaf spot,1,val,singleton_no_enforced_relationship
source_aba812bb1bcb7d2021f0d01a8ad8c2b9ea18f594bb60fafe5eff080f7cb84de7,Algal leaf spot,1,val,singleton_no_enforced_relationship
source_abd64e31b8ebd3b0dc5cae95f4d1038748046202fa8613c7cbbeede7016d6afa,Healthy leaf,1,train,singleton_no_enforced_relationship
source_ac435b7d401e85e21125cd3f9614d8e63db50e79d76289b4ebc75f56e19da167,Greening,1,train,singleton_no_enforced_relationship
source_ac518ce45f04af0f0264931a4d681370e8d29a0425a319aa26317e3658c81fcb,Citrus canker,1,train,singleton_no_enforced_relationship
source_ac5205996043ae640bf956529f1eb734c50e486afb53b78b066c4a4f7f5aa4d0,Algal leaf spot,1,train,singleton_no_enforced_relationship
source_acb60376c6f51db259da349b205cd2e3c06491708701bcf20c8c641e1b0c7834,Black spot,1,train,singleton_no_enforced_relationship
source_acc6f150e683b330649824fc2b4bb366c21e1bd5bc313676e988ed260615567c,Citrus canker,1,train,singleton_no_enforced_relationship
source_acc9d05f800ffe8b4ae77b45fe59ae7479fa8d7f774e4c1a9a756ad600644017,Algal leaf spot,1,train,singleton_no_enforced_relationship
source_ace9ba6b3ba2f74666ebab1829c982bd9920d297f4f8c73b645b057290ea7904,Citrus pest,1,train,singleton_no_enforced_relationship
source_ad060395abe8fdacc7ec584f1a00aa9b2303143a830136c96dea7e7909fb2c37,Citrus pest,1,train,singleton_no_enforced_relationship
source_ad0d468aae008c5d034682801f1ca8cc3f0eb64d360e80c5cf918b384dddb944,Greening,1,train,singleton_no_enforced_relationship
source_ad5165eb21faf69eab92fb5a680a47cf7ae7e3b5ea7caef21862bcf9957655c3,Healthy leaf,1,train,singleton_no_enforced_relationship
source_ad6513357e8d193f445139f2cd0859a48b59b2a288f5fa51e693106ad51e0a5a,Citrus pest,1,val,singleton_no_enforced_relationship
source_adb02089a337127bc407c9e864a234ad6b89bbfe0361913f00b6730fd326264d,Algal leaf spot,1,train,singleton_no_enforced_relationship
source_addc04775e0162cacc76b2a010b808f5cce9841a3d6b040607b0184d959dcc0a,Healthy leaf,1,test,singleton_no_enforced_relationship
source_ae49dc9191964d3d2e4bfe7752314cc62ae29c67d97f8b643262bdf5988d7fe6,Black spot,1,train,singleton_no_enforced_relationship
source_ae5c49578d214bff1399950e5eca13d333618ebfbad7662012830a9a28ee8c5b,Healthy leaf,1,test,singleton_no_enforced_relationship
source_ae8c4aaa702f1bf5841bb6136a003f5556363833047023395dddb7fbeff50e25,Citrus pest,1,val,singleton_no_enforced_relationship
source_aebb277eddaa2a7c3344795de9f430e525e48fd95151ac222c896293fbdc10e9,Black spot,1,test,singleton_no_enforced_relationship
source_aebd872dd1b988f5e5de0a7bb226b83a812e8be718be9a06fdb1fc734e72bd06,Healthy leaf,1,val,singleton_no_enforced_relationship
source_aef5c525184e7e9d3c8d4703263516180a6a4883d53c3cd8d122d719600b422e,Black spot,1,train,singleton_no_enforced_relationship
source_af0a06e918758877a4c625d75ffc1a9d561134ee2db185629d6f669071af9cf6,Citrus pest,1,train,singleton_no_enforced_relationship
source_af0de211a0fc4d49ed132180b9ab8a0558c1044d5138201bd4b862d538779d96,Greening,1,test,singleton_no_enforced_relationship
source_af5ac6f70dbec65d2e9a1e2ee50056e4cffdc166808b6e887b9ad1eb7e5b7554,Black spot,1,train,singleton_no_enforced_relationship
source_afa93858328d0f24389955e5eba1bcee877c378a027ba58f595463a758336123,Algal leaf spot,1,train,singleton_no_enforced_relationship
source_afac83ce4c66e5edc8e873b95930ce437172d801fa14701255246ff24ac33ba8,Citrus pest,1,train,singleton_no_enforced_relationship
source_afba8da9f8c0b4d9fc1741537108f5d65cf4a01aaad5bdef20b544724fe17f15,Greening,1,train,singleton_no_enforced_relationship
source_afc568863e3853a09ea275084ef0f635e6168e7acfc9689ff906bad6dcf358b4,Citrus pest,1,train,singleton_no_enforced_relationship
source_afd05871de98e391ad37a01e954cc93dfb04abb9ef816f378eb41f96e593246c,Algal leaf spot,1,test,singleton_no_enforced_relationship
source_afdfeb3ed3997f0ad8ddb8959528b83bede49fe8451cb04fa0b1ac881bd7927e,Algal leaf spot,1,train,singleton_no_enforced_relationship
source_afe483cb3248d303d0d181102096019cd33d20797c6347e075591e4fa508d0cf,Healthy leaf,1,test,singleton_no_enforced_relationship
source_affb8751ae54ba4cf6ead3e9875e6c1302c7512d8c74490b550c698af8a6b997,Citrus canker,1,train,singleton_no_enforced_relationship
source_b01189241a1ee048bb9547624822bdfdaa72fd3b84716374933f1650cd0b3632,Citrus canker,1,test,singleton_no_enforced_relationship
source_b0124ac6f7330dc45636d6403619ffb71b6b7f4a13e95e0fbfe3b6e16f0d8790,Healthy leaf,1,train,singleton_no_enforced_relationship
source_b03578e0d91e9821eab475c6d5a5c178a8359e9438662b437e58622304231335,Healthy leaf,1,train,singleton_no_enforced_relationship
source_b03b796f1ef30f95cef64c12773d6dd15970cb3bc459e1f26c6e2b4654d6729d,Greening,1,test,singleton_no_enforced_relationship
source_b07f4b2429176a1a9609f35330d8408fab20bb24731ad7017a5cac8c084b204f,Healthy leaf,1,train,singleton_no_enforced_relationship
source_b0eb6848da692a5f2d0d7ccf4c2b3fc776bb71d3272bbe9d0c87a927b9efee91,Citrus canker,1,val,singleton_no_enforced_relationship
source_b106c34322dc1ef767730bdb1d3be7edfc88d10f472602d5d95f47e13b930cfe,Algal leaf spot,1,test,singleton_no_enforced_relationship
source_b15781510a47326bd9b4562d5ad09e3d2ca3fb2d675d05395826407dfdcb1910,Citrus pest,1,train,singleton_no_enforced_relationship
source_b16b82590e0748119441d429d67a53bc371830d5be9720b29d3fa2fb019d91f0,Greening,1,train,singleton_no_enforced_relationship
source_b172b8ae353265b3567460703c5810c472388165620515ad3be64692b9e32048,Black spot,1,train,singleton_no_enforced_relationship
source_b178a39fd56f3094db86da9eafa93c92626892125b38624b3872194c57bcde22,Greening,1,train,singleton_no_enforced_relationship
source_b1c04a4e5cab5bb984d6a8286af24faacb3ddb23f900dfef1be43a83fa71f3ce,Black spot,1,train,singleton_no_enforced_relationship
source_b2426e9d0fd50ff73812757c303a6bad4efa6b8e8f916ed68295c357df828f12,Black spot,1,val,singleton_no_enforced_relationship
source_b247aeeeedafa5f1d6dd5b3e60feb85b2fa510ab160fc7bcff8ebd1598f8c4c7,Citrus pest,1,val,singleton_no_enforced_relationship
source_b2522655f59de370ff5a853030c27a8868def75d1de6fa582f3be187d76d75ec,Citrus pest,1,val,singleton_no_enforced_relationship
source_b2619fedf79fede9e05a0eae06ec14b1135ac7f3e81aa7c37bb76a9ce9d29830,Citrus canker,1,test,singleton_no_enforced_relationship
source_b2626ad022772761b1adbbc9b59705fe65b0c750392c67016a584b868c052f11,Black spot,1,train,singleton_no_enforced_relationship
source_b27e4eff60203385bcb8a71027b18bac7add309d695b7917f6809894b6d00da7,Citrus canker,1,train,singleton_no_enforced_relationship
source_b27ebcee938a83b12fc28301ef084e3cd2c74427c26d99af73bebbdfc600c601,Greening,1,train,singleton_no_enforced_relationship
source_b29a5f40c03c214521276c9d6eeac72899d4b43343fb8a14ece1a1cb01076bd0,Greening,1,train,singleton_no_enforced_relationship
source_b29e9938b7f70c4a79abde6e31c5f693fdda6ad6a166e9307ad7880fde591d55,Citrus pest,1,val,singleton_no_enforced_relationship
source_b2b402f5a9383206284611c65174926de5a58438ce8dd26408f31b0e6a1274af,Black spot,1,train,singleton_no_enforced_relationship
source_b2c038cfc84b4de68dd01b3857691fe46f73dc0ba3dc2d657661c971183a7e5f,Greening,1,val,singleton_no_enforced_relationship
source_b2c8365245f22946d1d5424fdc190af5597daff3c62f16358a8434f7f4c01b04,Algal leaf spot,1,test,singleton_no_enforced_relationship
source_b2da0b31785b01c721102e43ab97f6737e1d1513fc1d08e8b8bffa5e702a173d,Citrus pest,1,train,singleton_no_enforced_relationship
source_b2df455216d1f27c9b06d4ca0a31de8bd4276e97203040787e264e68f56d62c1,Citrus canker,1,test,singleton_no_enforced_relationship
source_b3065fefa2f3a1a339f12583a9f6b37a14b18c998287f9f2d62b27e8d1f046da,Algal leaf spot,1,train,singleton_no_enforced_relationship
source_b32439a2772f4aa71bc686ffa3a109f14bc6e44c2e510ccf8a7e2e86d45ae7c4,Citrus canker,1,train,singleton_no_enforced_relationship
source_b34fd5b207256cda9b57bc0fc2524b7e5ba61b7e1a2493ef4da20f42f88a86f4,Greening,1,train,singleton_no_enforced_relationship
source_b352b4b9ffbd07f656cbe1c9331a3e784c6b506a1beb6af9874f4a93422221d2,Algal leaf spot,1,val,singleton_no_enforced_relationship
source_b3762daf9ba72dd1fce3cbd1bba1b018ca9cf2124c4f1ff65d5f57385a182233,Citrus canker,1,train,singleton_no_enforced_relationship
source_b38a15f22a078940afc98a8a67d7b98d3aedf8c273da28480dc0354b361b3971,Citrus canker,1,train,singleton_no_enforced_relationship
source_b3c409f4651c989e35b4c8cf07e66afe3be54b065ad8e94c512ba5feb918044c,Healthy leaf,1,val,singleton_no_enforced_relationship
source_b3cb0a008b783e4ff380d24b1cd80d2b4109f12b506e3f850cdf20e64ad06232,Citrus canker,1,val,singleton_no_enforced_relationship
source_b4013b9f34dcb808e6fda8d5f8917dc2894cb72e4453a79d8457dfea7494bb3f,Algal leaf spot,1,test,singleton_no_enforced_relationship
source_b4094656470a363b27aea70e380fb4a0cadd760b74024dfd436baeb1906d528b,Citrus pest,1,train,singleton_no_enforced_relationship
source_b40d351eee97f7ef80f1af4f436ee1cc8c3f743bee6fc16dfdd9ab23ae98db16,Algal leaf spot,1,train,singleton_no_enforced_relationship
source_b421c6fcf3285a71ca9fc712ee3e577616659838dc2e7f26eb2f51eb07dc4d7a,Healthy leaf,1,train,singleton_no_enforced_relationship
source_b43371e5778965a99ab456b83437291bc84b61630279a28cb62d9aa55412c6d4,Greening,1,train,singleton_no_enforced_relationship
source_b4afa0b64477f9ddb78ad05d2523e9991b2f13e95ac71fe43a943412087b148e,Algal leaf spot,1,train,singleton_no_enforced_relationship
source_b4b9c6f55816bca81646a274af81bbe9951e5bf5a53ef2946cfbdaa9b84817b1,Greening,1,train,singleton_no_enforced_relationship
source_b4c19fb772680a2b435e3e219aa16fcac366f630f6aac3d5eb82c7115e71d3fd,Algal leaf spot,1,train,singleton_no_enforced_relationship
source_b4c281b077db9841fdc4f0f07426c771c1fc65766936ec337cf267eade4ad32e,Greening,1,val,singleton_no_enforced_relationship
source_b4cc00df4f88e77640314ceeff7eb083632403d6034a456840c1b4a123c0954c,Citrus canker,1,train,singleton_no_enforced_relationship
source_b4e4373c6fbc60ed4ae8cba900fa90ca4582fa6fb6e91f44583213ea403e40f0,Algal leaf spot,1,val,singleton_no_enforced_relationship
source_b4f97e6778f68246af83b4c46b5bd11d415a5c7d2f1cb6ef9471600e08d003a1,Citrus pest,1,train,singleton_no_enforced_relationship
source_b5225a8d3bab589b30f72c94818283657a8615294215dbf689db54561ca7b271,Citrus canker,1,test,singleton_no_enforced_relationship
source_b5295c0c3cf4d75a7445551a58de1028e9921fb0f98c05de0bfe03bc37edfc3f,Citrus pest,1,train,singleton_no_enforced_relationship
source_b5519506fc7f1207b50d55cf3ac1d4197ef4d2dacb2be48a26099d0eb2719d0b,Algal leaf spot,1,train,singleton_no_enforced_relationship
source_b5557aa6bdc52c92f44e08f1b98be681bebc1a34ac9e1bb5037ba3f67bffbfc8,Greening,1,test,singleton_no_enforced_relationship
source_b55c4260a955442a3c4c84f4b910d1e33767afd3266d8dc2915258591a2d3c35,Citrus canker,1,train,singleton_no_enforced_relationship
source_b581261b19b221b6fdeed656d52ed27af67abb2baeca1eef3334421f6f82911e,Greening,1,train,singleton_no_enforced_relationship
source_b5a4898526ea171e05f5474d841f9d5fcf8ef6e3b10e161968ed820a58ec385d,Citrus pest,1,train,singleton_no_enforced_relationship
source_b5d7684f816f9e65705816087a6a95858c59d6f814481ae5182016a0d09239c2,Greening,1,train,singleton_no_enforced_relationship
source_b5e6bf99f003869566583b31872426b5d4bab591e8c3d678e9740b946627ccae,Algal leaf spot,1,train,singleton_no_enforced_relationship
source_b60506d576f4972233e0609459d053470e66182788aed8f581d34f0bb292ecc0,Algal leaf spot,1,train,singleton_no_enforced_relationship
source_b63b03d3a61cad0bb9a13cbab570f7324b001e263693776e7af8e31767ba20e9,Algal leaf spot,1,train,singleton_no_enforced_relationship
source_b63bca658544901008ceae04acc2e5ea702ffaa2601e0315e554165f992303cd,Citrus pest,1,train,singleton_no_enforced_relationship
source_b66fd5dd36c48b18625b6168382bc13f38f1a78ed8e6e73dd5bfd0f6cf2c1e63,Citrus pest,1,train,singleton_no_enforced_relationship
source_b69eadb01ff6801011abeb4f8fde38f62d60ab0d50eadd72b5701495cdf4192f,Healthy leaf,1,train,singleton_no_enforced_relationship
source_b6a83559317c2591e0d272e035c48455bb7c4bff13b5503fdb9a9ded035d3850,Citrus pest,1,train,singleton_no_enforced_relationship
source_b6f8dfb9bc5f430e4b606260428c243818be16029cbea0c97efe53ab7694aee0,Citrus pest,1,train,singleton_no_enforced_relationship
source_b70aaa8ee2f098f7de1160e4795e996ab5a2040d67945a4e4f5e98c467d10ce5,Citrus pest,1,train,singleton_no_enforced_relationship
source_b7117461f0f8b7ec7f5242464ddabd16b22ba869a7387dee7d2cb4497aa7a637,Black spot,1,train,singleton_no_enforced_relationship
source_b735b3f727c46764bf279268fd12a4cacf68fa8fa0c5a328d7c3f245880fcf39,Black spot,1,train,singleton_no_enforced_relationship
source_b73655ee3873d24d804cc178b2e4b1b6e5b49628ac2bb86491ad5c80a5237fdd,Healthy leaf,1,train,singleton_no_enforced_relationship
source_b73f2b4eb3f8d2bb39beb2e698d275b8cd158e1c2f828c68ddb59a05334beec8,Algal leaf spot,1,train,singleton_no_enforced_relationship
source_b75184631d6bb72f0047e11b5392f3d4c1a146783d5e1618ac727b5e3783c722,Algal leaf spot,1,val,singleton_no_enforced_relationship
source_b76e1e0e55e3eabb6a871122592ecbe4524e84240c72685a59c1c0216684866c,Citrus pest,1,train,singleton_no_enforced_relationship
source_b77ddaf330e44b2a97bca33e9e21154f42b16bed7a5c5a55312def1f80aba263,Greening,1,test,singleton_no_enforced_relationship
source_b78746282684d3f661266603332682cc7dcd93bdacf3f05b9a82f5804f275b03,Algal leaf spot,1,train,singleton_no_enforced_relationship
source_b7998c74e7e0e2ae1e48cc3158a37192e907756770b7d67c6a0fd38328d78354,Black spot,1,train,singleton_no_enforced_relationship
source_b7bac55bf1f3a3409ed6b67302bd0e7c7dfbaadb60564aeec5e68bcafc6c486d,Greening,1,train,singleton_no_enforced_relationship
source_b843910d78c2b337f2334c81e08d9fd8b8369f44be618392542e54ac76a48aea,Citrus canker,1,val,singleton_no_enforced_relationship
source_b85309bfa556a902c4ad92d80645db0865fbd556881ef87a828b37f4c24d6da4,Algal leaf spot,1,train,singleton_no_enforced_relationship
source_b861d866cd7aff6a6a05bb63dee9fb801b90220239795461d90dca5680d16220,Citrus pest,1,train,singleton_no_enforced_relationship
source_b8aaa3b7d3bab93c9f9e90db8767ec0519b3459a59b039768244ecdd13526e3e,Citrus canker,1,test,singleton_no_enforced_relationship
source_b8d443d2c6acf922c31e6a7b028e8a6fbb0e05a251c15b74faa09e2c2a6e5422,Citrus canker,1,train,singleton_no_enforced_relationship
source_b8d99807a07756c5892f449b20ccaf5be5ee175065172897b583cfd816171ba2,Citrus pest,1,train,singleton_no_enforced_relationship
source_b8daa1a5fddc5d092fd43e36b35dcaccda3b59da7b6f403b16a223ee98382e57,Citrus pest,1,train,singleton_no_enforced_relationship
source_b8e277023f434e46eb106a6ee2c657d666b6cf75de9284ece46d1d9f3495d2bb,Black spot,1,val,singleton_no_enforced_relationship
source_b92212671f72aa7a0456b2f30c137bc363ed087e77e7c824d7b37617dc0a2dc1,Greening,1,val,singleton_no_enforced_relationship
source_b9561d6f58a42a15b571eab511187cd28ac69bfb0a35ef194035a8e9c0d92bf4,Greening,1,train,singleton_no_enforced_relationship
source_b964f5708d99ca56ba5b6f0d732b3c6bf55d7a64cf521bfa69a865344e542621,Citrus pest,1,train,singleton_no_enforced_relationship
source_b971cd2cfa0ebfaf341eb3af8ffae2df0182beb727e74f78df63dc072d695e8c,Black spot,1,train,singleton_no_enforced_relationship
source_b99f186d45768bf5e520314ad023673bf63689632d352f8beb314417b67e59ce,Citrus pest,1,test,singleton_no_enforced_relationship
source_b9a9bd5b64ad9d2c72b0316d8aea9a6db0f65d3b62f1af4c9384d044f281ceb4,Citrus canker,2,train,AB_pair_evidence;existing_AB_cluster;existing_AB_manifest
source_b9bc863702e76b1abf561b10627742556057a22585746b33889b919500d67832,Algal leaf spot,1,train,singleton_no_enforced_relationship
source_b9bfc2d5a858e37dd35e149fcf8e123e82c5c05edcdf5a8674ba5d5bd3248d97,Citrus pest,1,train,singleton_no_enforced_relationship
source_b9db2a1710893243811ca6c192d199f42f55dc889d0cebdfde6b6b25d5119917,Black spot,1,train,singleton_no_enforced_relationship
source_ba0118ea19fd7d027dd2140f35590b402f8618be546ed31896a42ddf56047964,Citrus canker,1,train,singleton_no_enforced_relationship
source_ba0e2caad06ba19cb97a66c372160e42cfe252a9f2a495e12c6fe8f244fef800,Black spot,1,train,singleton_no_enforced_relationship
source_ba3d6776d72a3241b94a0ac0855c27aa266dd1a1d4d0f660d44d4d0af1359833,Greening,1,test,singleton_no_enforced_relationship
source_ba6a38d731dbda95d7b88fb904b014b97bb08a2db721850ba3bcfe4744cc7f0b,Black spot,1,val,singleton_no_enforced_relationship
source_baa10a70767fe8c52980b1169582b808dc8661ec1a5aaf446caac8a709929080,Black spot,1,val,singleton_no_enforced_relationship
source_bb06901e6220fb32d3f82544bbd1bf0a688e0cb915b8084473446aba959b2759,Algal leaf spot,1,train,singleton_no_enforced_relationship
source_bb083e2ecb73611654f51ecb36feb77cf320b0487b0892176f7bf1396000f71e,Healthy leaf,1,train,singleton_no_enforced_relationship
source_bb1841325de745e3dd23e73dd3e282dd03a85c4a25078eb84ab57fce3f770ff8,Algal leaf spot,1,train,singleton_no_enforced_relationship
source_bb1afd3e5e5f1c7b4efadd43685b804169482f1b6e670c66e9cc6d5568c646a8,Citrus pest,1,train,singleton_no_enforced_relationship
source_bb6c84d9e5476a2cf4c2266a9707a5e4c97d31e6a872685cc99faec0ba88581c,Citrus pest,1,train,singleton_no_enforced_relationship
source_bb9342b65c62ff5c3422f34f78ad407a09bd81247da92c56e48be54fe3c19426,Black spot,1,val,singleton_no_enforced_relationship
source_bbc0f99cde83df96a920a2423e55f7b5f6a275e1ce0b69fbc549b457c0e2f011,Black spot,1,train,singleton_no_enforced_relationship
source_bbe10c86740ec7c18384b075261f88db8abc46430684b88dcb65319cb24915c9,Black spot,1,train,singleton_no_enforced_relationship
source_bc066c95faabd18564efd51d825bf907577baf9bae1d18ced4f6cfd434396574,Algal leaf spot,1,train,singleton_no_enforced_relationship
source_bc5335914d946a200f69e325cc4b0c80b58089fb9ca3b25eb6de9eee90ef15cf,Citrus pest,1,train,singleton_no_enforced_relationship
source_bc585664c2b7d084c24b694d0d759b3585c8123643639aad71f47569174bca08,Greening,1,train,singleton_no_enforced_relationship
source_bc6ac3a8ad1234922011b0226fb093157fa8eb3c5223f68dfa6532f6cd0acf31,Citrus pest,1,test,singleton_no_enforced_relationship
source_bc7abb361ff53b14bc45377bd98240cd5afc73a151fc8aad9fad6df5249c1eb5,Black spot,1,train,singleton_no_enforced_relationship
source_bc993d3473a12d7b463c0d9ed9b4a26931b174dd24c759efb7227af1756d0869,Black spot,1,train,singleton_no_enforced_relationship
source_bcaf039e20711b9c9622e2e5421f14bd793ac9880e686bcb6257de3cf7dff3bf,Greening,1,train,singleton_no_enforced_relationship
source_bcce76e2a128417d7485a9fcf9dde29a383a46c635bf451594a8fdaf8acae97a,Algal leaf spot,1,train,singleton_no_enforced_relationship
source_bd0f7b9cdad3fa597ee069b5dc41bf3881661d814c3aa6dfc1e03e62939dc957,Algal leaf spot,1,val,singleton_no_enforced_relationship
source_bd2ec78ff2074f6d73e03741cc9eb338fa8eb0e523cc06ad447337e405761b29,Citrus canker,1,train,singleton_no_enforced_relationship
source_bd6b44da5f6f148b4ec352fb8385328be793b31c260b1c2f0ef06ffed9416df9,Greening,1,train,singleton_no_enforced_relationship
source_bda4af429641f8ced67832beb5da0ca87d648d4cd6c0e52a0974d63de3107716,Citrus canker,1,train,singleton_no_enforced_relationship
source_bdba18aa710f348f6455ca76f147cbd9dd616af4e9f6f3f0a9e937d94c579059,Black spot,1,train,singleton_no_enforced_relationship
source_be263228a28e8c49bc8687a86a201c3375abe17d68331b72ee2f8391a742c09a,Greening,1,val,singleton_no_enforced_relationship
source_be4630394c4ff810d873752efc906904e30b29f6e1942bb17d5f7398756ede50,Black spot,1,train,singleton_no_enforced_relationship
source_be56fdfff119e26616feddcec77ca77b3b9492f0204b9a886092090439bcc315,Black spot,1,train,singleton_no_enforced_relationship
source_be6548b70e796a19637c09a486ed287295cc912afc879ac04b042c1bc72e5ce6,Algal leaf spot,1,val,singleton_no_enforced_relationship
source_be6ffbfb040abe2f0689bac444281707a8f4dae631e08ed0814014e77e6f0b1c,Algal leaf spot,1,val,singleton_no_enforced_relationship
source_bea20633b71ecb838c155d37fa12d978fa9c7c121cda3f5fcbd4912085b8c929,Greening,1,val,singleton_no_enforced_relationship
source_beb867279b176757d1f411c233041a7d52baacbe5c489f629b17931492e593fe,Greening,1,train,singleton_no_enforced_relationship
source_bed6cbc50f34517d1a8922daad57ae982542626fa5e27ab26e03805d68a7493a,Greening,1,train,singleton_no_enforced_relationship
source_bf1465e7272b229a830d3267dc504ddc04b1a361e26deb5b3c3b00b566d1f358,Greening,1,train,singleton_no_enforced_relationship
source_bf1ae5de96364fcf21ace380777e58ad3c9cb4b6205ac6992b8f66716cf83a06,Healthy leaf,1,train,singleton_no_enforced_relationship
source_bf622602e744716c28af2d699f7681b249c41ba8ceac446d2dca385351412bc6,Black spot,1,train,singleton_no_enforced_relationship
source_bf7901a0e8c09bd6b2dc60a64f0050cc7494f626719d8ec27ed60f2b4ae9bc09,Citrus pest,1,train,singleton_no_enforced_relationship
source_bf9f83a2158716cca6f84d4d4730689053f9935b2233b4d3e0641afffd363712,Healthy leaf,1,train,singleton_no_enforced_relationship
source_bfafec919d65f50b590258e96e153188c8079b7dc6610da2cae16fa46bed5000,Citrus pest,1,train,singleton_no_enforced_relationship
source_bfc40a2c11bfab4015ae5bc634141779c3091420cea2357d507b2dad4ea47cda,Citrus canker,1,test,singleton_no_enforced_relationship
source_bfe579401d3182dbc84aa35f722711d4fb63b4ecfa4b832eb4cb1a63bba3df8b,Greening,1,val,singleton_no_enforced_relationship
source_bff1e1731b4ac514d572d3de62fa140f7d1b6ff429110052c68070805801bc9b,Citrus pest,1,train,singleton_no_enforced_relationship
source_bff3c36af226296b5077f688ec41852bc5b990a2a6bfaa18b5dacb13a4c41801,Greening,1,train,singleton_no_enforced_relationship
source_c0019c6b30df30842eca9447849980b40fc59e78fcf799d6feb25d3654fee000,Greening,1,train,singleton_no_enforced_relationship
source_c0178d9ce0a169ee6d13adfad735238a5fd18462038125ef80ceeb1ba908408a,Greening,1,test,singleton_no_enforced_relationship
source_c040c4e603bda1fc69a39e32ac39db12476b08545d5f03749d0352de79987eee,Citrus canker,1,test,singleton_no_enforced_relationship
source_c07f1d42c91d8992f9f782d21704a9d04b8c080222c15767450631c4ff7026e3,Greening,1,train,singleton_no_enforced_relationship
source_c0a3a10cdc72e575aca628c242b1cbbd467a4961f188d7fd93076abb537360be,Black spot,1,test,singleton_no_enforced_relationship
source_c0f56bdce03fb16db317f02926016c5e408f2a73b74e06ec234f18368e8f6601,Algal leaf spot,1,val,singleton_no_enforced_relationship
source_c114f20273b0ea616d6804341bff433ad97d2902f72930de7fafbb22091a6d5b,Healthy leaf,1,val,singleton_no_enforced_relationship
source_c124c9bd07fba5fd44036690d1027c68380a582c1415c078ae91afb07250a7c9,Citrus canker,1,test,singleton_no_enforced_relationship
source_c1536133136e110b43f08294371c43c06238e184be31c1c34b867991d4097d8e,Citrus pest,1,train,singleton_no_enforced_relationship
source_c168d8bc18f141d7af29fcc252022c5e8505288adcde9672644f367321a91203,Citrus pest,1,train,singleton_no_enforced_relationship
source_c180ad8d845374e2d82676d0bb10b087c1bbe64fc1bcc28ce808904e785a82e6,Citrus canker,1,train,singleton_no_enforced_relationship
source_c1ab95b4da7fb0a1040c5d5f10474c3f297959729771b5f6c3305da674663fb1,Black spot,1,test,singleton_no_enforced_relationship
source_c1d489667b344b2cf196b229ceb339011eacfbd8e20ea6ebbd62408dde7138b1,Citrus canker,1,train,singleton_no_enforced_relationship
source_c20312110d335754683e40066e69170694ea4d065b447d439fa32b1f9e2b2480,Citrus pest,1,train,singleton_no_enforced_relationship
source_c25cd2b53772946d4669304cb086fe7164081996484246782b436b7249d870c7,Algal leaf spot,1,test,singleton_no_enforced_relationship
source_c2a48c3f3dacfb5c043a0da88408143016f8ae3b06e098231ac8c3fdb61552c6,Citrus canker,1,train,singleton_no_enforced_relationship
source_c2c4ba99e2590e01dbd21549ae176b0a7618a101d1826d2aac40277ca07d1968,Black spot,1,train,singleton_no_enforced_relationship
source_c2f7ee19f23f3fa80527ad58cadd590ffbd7f72ec79702489d486d6ae91d73b5,Black spot,1,train,singleton_no_enforced_relationship
source_c33651c43e38b5d2066bfc1add477c6ddc08d87fcd498e02c03fd28d9b783c16,Citrus pest,1,train,singleton_no_enforced_relationship
source_c33a24b3aeeb6a64a5473727dce266621aa9f2920ed32b32cb1a0b4213a1a5ef,Algal leaf spot,1,test,singleton_no_enforced_relationship
source_c33f0daca22076b4b8725982579e86a272631672fdebdc15e2d2f7b80acab5e9,Greening,1,train,singleton_no_enforced_relationship
source_c351b99f9aa2c87588a6470d1b59bf64a5a2090b5d4a484f3da708ad7a50df12,Black spot,1,train,singleton_no_enforced_relationship
source_c3556ccfb36a32a033b8f79f8637b6e0adc2b8c4910295a47bbc5feeed82e99f,Greening,1,train,singleton_no_enforced_relationship
source_c358375667b756893deddc5096f2b1c6b40c50c4596fd98397ffd0fd29afaf93,Algal leaf spot,1,train,singleton_no_enforced_relationship
source_c38c51e914318d290d3b974cad1bb926b3b9a77b89751c7c0e5468d5342be4c1,Black spot,1,val,singleton_no_enforced_relationship
source_c3a6f7f04e2194001856d7ad5fbeb6d2cbc36d05f47b0feb9f9376d8b2e7b788,Black spot,1,train,singleton_no_enforced_relationship
source_c3d05eba3392db2258c6f44e637b95df7d8860a47e34f1b728292aa7b3a33ea4,Citrus pest,1,test,singleton_no_enforced_relationship
source_c3e69bdccc7e84243cabbf00cd7b93003f73d55b62fcf25cbd684c668f846351,Healthy leaf,1,train,singleton_no_enforced_relationship
source_c3e938402715b61f9b75dd62ff8dd6b18e779766892f56f2c3e90f98fcba6c49,Citrus canker,1,train,singleton_no_enforced_relationship
source_c3efe2311e41ca4f3888f66f3aec6e3942a2afa86e131dd9879dce816f4c73a5,Citrus pest,1,test,singleton_no_enforced_relationship
source_c3fae9b01b98417d9b0cedb192e2b542cf835244ddff7126a5b9a44657ba8685,Healthy leaf,1,train,singleton_no_enforced_relationship
source_c4225a44028c121e5f7d96b2e1719b60eebd7e570e48b58ac07fd31ed5af78b6,Citrus canker,1,train,singleton_no_enforced_relationship
source_c42299f7988194863619287a03289be2ae618f00abf808f028b8d8aea56d77fa,Citrus canker,1,train,singleton_no_enforced_relationship
source_c461f3d91a1f7dc34140e52e9c36e75af5b7ee8d8502d345aa51c1a77b1f69ea,Citrus canker,1,train,singleton_no_enforced_relationship
source_c4b646f7bbe5e9dfa33340be3c0d139c339bcc61cd26060d629390e506d3e2a5,Citrus pest,1,val,singleton_no_enforced_relationship
source_c5003a74ffcd7f920c2f32a9f8672d85621953b30a441b19e154d194827cb1e3,Citrus canker,1,train,singleton_no_enforced_relationship
source_c51a6f4b002751a60b28cfa6602acda3c5c759c4d27d37cb44f7229b571895b1,Algal leaf spot,1,train,singleton_no_enforced_relationship
source_c5662984c26e339d6ecd840694c9367280787362f46a6e6344beb7555e25eb47,Algal leaf spot,1,train,singleton_no_enforced_relationship
source_c579a2a3627e4a3d6dba227941327512517be660bdc79c2f222e7765c313e0c5,Citrus canker,1,train,singleton_no_enforced_relationship
source_c581c2d9ad72e395f24bbe48f186726148c54a10c30035bf4615cb1a0982ac28,Black spot,1,train,singleton_no_enforced_relationship
source_c593a8ac06f8ef028b5b99c9e4fbb677ba141334b8b9b73e8809290276f2fa87,Citrus pest,1,val,singleton_no_enforced_relationship
source_c5c7f2785a45c772e5e08252c13b438ad3343fd9b63cfc64d8352c2e524b8f0e,Algal leaf spot,1,train,singleton_no_enforced_relationship
source_c5cfb3352827c3fe92bc8312c2fd340143016fac657d38e35c3d9d040a6cf22f,Citrus canker,1,train,singleton_no_enforced_relationship
source_c5e1984e27942856f20c3acddcb07428edbdc33a11cf22a16b1509b3c95e99f1,Healthy leaf,1,val,singleton_no_enforced_relationship
source_c61dd6505a913e68e77ed52b0f38ea61153de8defacfddab4599e2f12d06b359,Healthy leaf,1,val,singleton_no_enforced_relationship
source_c643db0673fc6aa35009e2f00dcb051eb3f454997cd482e35865f4f2dba9c218,Black spot,1,val,singleton_no_enforced_relationship
source_c675a18ac664f80146874d136518305abe8d705d38fbc96f48850a84cd3a21c6,Algal leaf spot,2,train,human_SAME_SOURCE
source_c6857f07b7b5156a7054332e29f2852f2abd8caada5b08968ff28624b38bcbdf,Greening,1,val,singleton_no_enforced_relationship
source_c6889edbd0d823d66bcff04493fc6b00de248c086b37da9816ff13e4828142f8,Black spot,1,train,singleton_no_enforced_relationship
source_c691dd829750ea1a1413397174a17bf888ce5c2cc790fe24f7dff0acef208adb,Black spot,1,train,singleton_no_enforced_relationship
source_c6a1159e545699cf186937be1355a8599ffff9abef7c53dbd9fa8b47277ffa58,Healthy leaf,1,train,singleton_no_enforced_relationship
source_c6c1d4938690c513802a524f71556b56ddf3258656b979e9cbc92792f45f87ed,Black spot,1,train,singleton_no_enforced_relationship
source_c6ca8cc3fc2266a5dffd430bf35253a9ec8f9c311b3b2690ddcc074fc8ef1f19,Healthy leaf,1,train,singleton_no_enforced_relationship
source_c6cf3735a7826fd9f5a608ac99967c417e32eae88d92f312a583b0d7813a82e5,Citrus canker,1,train,singleton_no_enforced_relationship
source_c6d02a270df87a2af6a81b8d95aede83641ea55811c0ddd1f985e764d35a88da,Healthy leaf,2,train,AB_pair_evidence;autofilled_SAME_SOURCE;existing_AB_cluster;existing_AB_manifest;refined_capture_strong_link;strict_multimetric
source_c6d47bf54c6f5749e620e3c95cbf16a357fc10f9eab3588c78d43e1da0519d54,Citrus canker,1,val,singleton_no_enforced_relationship
source_c6e6a37ec76302c01294dbd9843b09829af84df2081e5ef4a8a024cc5acd7ba2,Black spot,1,train,singleton_no_enforced_relationship
source_c70851ec7dbfa80caac6d88323aeb4ca6c8b7c43e4f4d04bfaa87a8b0cef5986,Citrus pest,1,val,singleton_no_enforced_relationship
source_c7245bd9b0754dc7fe24489641686caf55e0246986d841e37d7c8b7a9247591f,Citrus pest,1,train,singleton_no_enforced_relationship
source_c73dd1f063775f33957e56a5ead6e60f46bbd4120d61bc7da416680afbb3751b,Algal leaf spot,1,val,singleton_no_enforced_relationship
source_c7b0ef8e65aca3691dada50b3852d8151ed354df9f303f4994ff19e06b2c559a,Citrus canker,1,train,singleton_no_enforced_relationship
source_c7bd10a0e8085bab2f0974a08aa03a64a14b5266c4c63d1c86f0e853fdf2da2b,Citrus canker,1,train,singleton_no_enforced_relationship
source_c7bd805ec50368423129a83fd3190072c8c9872262a2eddc63729c5c1b89d939,Black spot,1,train,singleton_no_enforced_relationship
source_c7bef2fef8e769bb16b9e96e85e6c0ea927f6a92c89a774caf6b69994a746a63,Citrus canker,1,train,singleton_no_enforced_relationship
source_c7d8401e6937d7119704fe0a03aa2b218ca7749e4fb4f77f4c478a20157cd74d,Algal leaf spot,1,train,singleton_no_enforced_relationship
source_c838fa103875f2cc9caba5dafa4530fb0dab4cd54703103170b5602630438c52,Healthy leaf,1,val,singleton_no_enforced_relationship
source_c839517d5e50c2f3c40925db448820919b36f93397d9749f5fe073c5e6980756,Greening,1,train,singleton_no_enforced_relationship
source_c84ad86f78468af4d030cc409c7b7ce42cd9d3bef9b311d05e7188682b2e679d,Algal leaf spot,1,train,singleton_no_enforced_relationship
source_c859611c2610453cfca3c4df51c718afe3cab5e6835e9597cce3be55eb466e47,Black spot,1,train,singleton_no_enforced_relationship
source_c872b674c208cdc91561cfa5bbecc526ebaf547914dd047e953f1a19dd44ccb4,Healthy leaf,1,train,singleton_no_enforced_relationship
source_c8a32d3510c3828cab62ccdb7c16e4f0acdf6754d713f6bae9f362f0e0baac16,Algal leaf spot,1,train,singleton_no_enforced_relationship
source_c8b488c4b58480e9bf32a6220906f64aff727f612dd8b201b995840a9eda5432,Greening,1,train,singleton_no_enforced_relationship
source_c8e4e28f37e7d18423c34fbdf6c16b7560deefcb44054386f0696a80f18ede21,Greening,1,train,singleton_no_enforced_relationship
source_c8e8b6f6f3b7bf35bd6834657cbd5b42d092e6029482493db94256ab97dba29a,Citrus pest,1,test,singleton_no_enforced_relationship
source_c90bf8c392884658e25b0434b5297bd4bc43f3af255a180415415c4e1f1a0bb5,Algal leaf spot,1,test,singleton_no_enforced_relationship
source_c932a0d267621f10cc24097f3899a6e705b3124ee12ed6311ff73c5804ed6a9a,Citrus pest,1,val,singleton_no_enforced_relationship
source_c96437a834cb05df5587412c7c47baf17dcdb798b6c9ce238227333b323c3cdb,Citrus canker,1,test,singleton_no_enforced_relationship
source_c9bf0ec46435860eee73e55ab5b9e1b3afdec15462ebb3d6e5a1f0e0d6f09fac,Citrus canker,1,train,singleton_no_enforced_relationship
source_c9f0179f2637efe1f15f3f56f031eb982744e3b8256377dc8a4c2ab864131331,Healthy leaf,1,train,singleton_no_enforced_relationship
source_c9ffa7cd6097dfd1265ad9b8c5f6cf0c46122b98162c8b1abc0540ca6dd99ebc,Algal leaf spot,1,test,singleton_no_enforced_relationship
source_ca11fe73a70dfdb862da91aded9c28ff555a4e5bbcaff0cf23087ee137985510,Black spot,1,train,singleton_no_enforced_relationship
source_ca384de1cc588c55672be5c776e6ed80a02897c2cfb2f3146ad4ea260de8436a,Healthy leaf,1,test,singleton_no_enforced_relationship
source_ca430712cac276c1641ecf51ad678b2b119a6aa9814d176dae2a68ebcaacbfbc,Greening,1,train,singleton_no_enforced_relationship
source_ca92673b1865d637507ab93768779f5c52aee8a724fe9676479e517b08f3b8d9,Greening,1,train,singleton_no_enforced_relationship
source_cab600b33a1c05ca6a71a0bc9f74b5b604f56c8e0a725e3bd8a667783633cbff,Citrus pest,1,train,singleton_no_enforced_relationship
source_cae977b14930f7264c1094789a032939f26ad7547e95ae5e6a0dea457b2ccd9b,Healthy leaf,1,train,singleton_no_enforced_relationship
source_caefa653ac61181277283cf25c2baa1935fbc10d18a1d9f8c6c5921a28d6e76a,Healthy leaf,1,train,singleton_no_enforced_relationship
source_caf9fabd2dfa91632c5eb3fb5f03ae2028946e3c6c5c1974477bd06eefaf44ef,Citrus canker,1,train,singleton_no_enforced_relationship
source_cb019ccc88914361298ff14f91ee86abbc7488f9c75c4e0ae331bcfeaf8e0672,Citrus pest,1,val,singleton_no_enforced_relationship
source_cb2157a1c10980bc61bc762e8498448dec829393b88759d6b246ad4aba85b309,Citrus pest,1,train,singleton_no_enforced_relationship
source_cb2d444970eabdf0aee1cc72271e57c68bc8e73cdbf17c30327cda3f9c160ed3,Algal leaf spot,1,train,singleton_no_enforced_relationship
source_cb3200af1571f1ddb3aac84d4408e80f1f3f08e51ecdd6980a7106690944549d,Greening,1,train,singleton_no_enforced_relationship
source_cb4b3df9554978306a6cb617de893b1744b62c8694d9cfaf856f52e1b93544b0,Greening,1,train,singleton_no_enforced_relationship
source_cb4e3bf446ca79b5915aea1a651f547f8cff3cff5f690a34aa43e2d2d63ebe98,Healthy leaf,1,train,singleton_no_enforced_relationship
source_cb5ad8da6b739b94849694082c83370a041bb68382df105abadeb05f7b6684d0,Healthy leaf,1,train,singleton_no_enforced_relationship
source_cb7cb51a04d446fd97620a454625db00a4d84cbb39bb5524e9ca66b608aa2c3d,Citrus canker,1,train,singleton_no_enforced_relationship
source_cb849f44e3e38d756d4104ed1a9411fe6b1893dd71edf79b489785dd439c8c6b,Algal leaf spot,1,train,singleton_no_enforced_relationship
source_cb967499fb45fc480740a840f5fb8d292a2f3284af0a71dc0260be070f0703ea,Algal leaf spot,1,train,singleton_no_enforced_relationship
source_cbaff58218289a4f3702175c5a9bdd7f979893eaabe179e4688c4a24be2d19ca,Citrus pest,1,test,singleton_no_enforced_relationship
source_cbe90bba229b4a5f337952a5829ae2626b5c07ef4c5e50756c2e5b60d62ed14d,Healthy leaf,1,train,singleton_no_enforced_relationship
source_cbf696e95831277da3a0c50f95eceee7db1a3047871f1a689312d6dfe97e0934,Algal leaf spot,1,train,singleton_no_enforced_relationship
source_cc07bd356c5fbc825cd8203eb1c119e2387bd7edb291f4aa5b517bf672579d27,Greening,1,train,singleton_no_enforced_relationship
source_cc172c907b846339596279a31a471e2d310e9cea59f9da9223096e3714f8511e,Citrus canker,1,train,singleton_no_enforced_relationship
source_cc2f59786ea09e269ecda25c942c3a71b7cf259f98c47af203420486ab5eaf21,Algal leaf spot,1,train,singleton_no_enforced_relationship
source_cc490c6c49fa68cd207f0fbdfed7785820cc6c655ae5a5df491f33eb09348871,Greening,1,val,singleton_no_enforced_relationship
source_cc5d443930b4aefd681d8472f9f4d56eb15b74fdc09cf2f298bf175bf4b78f95,Citrus pest,1,train,singleton_no_enforced_relationship
source_cc9d011344980cefff7a0eb39e81677f51f9abc7cf06f3bc3f1a7f5a8f6a7e74,Black spot,1,train,singleton_no_enforced_relationship
source_ccf65b02b1bb6d2c1900bc490e352a0bfabfa261a0837352ac04db4be05def15,Citrus canker,1,train,singleton_no_enforced_relationship
source_cd01e321cbbe9b2a86975343627fa56ad935ce2fe24aab893dd5af3ce163e533,Black spot,1,train,singleton_no_enforced_relationship
source_cd260dcc1fddf7a3962b57edfd66383eca21ecbe279c3dbb4fc8d849211d32d5,Black spot,1,test,singleton_no_enforced_relationship
source_cd28f010a098c2e48a1c3187abecebf3543d6bf29af3b8e5e3c03ac4bf82e537,Citrus canker,1,train,singleton_no_enforced_relationship
source_cd4d37989ea610622d0b848581966ec7d232f0e0899b7dd9be16046bf6840bf9,Healthy leaf,1,train,singleton_no_enforced_relationship
source_cd707911d01ec573db3f7cd2a6b09b2446fdb37c138fc96c832891b3c3e4c823,Greening,1,train,singleton_no_enforced_relationship
source_cda2a2b1edc37ab9cfdb0223cf58d9bbc76759a73e0cddea713ec90a46f23336,Citrus pest,1,train,singleton_no_enforced_relationship
source_cdca8c9f384b7cfa506e26c724306d1bf0cc674cc163d1b15cf66124c83e3aa8,Citrus canker,1,val,singleton_no_enforced_relationship
source_ce16f92c72cf04fca422662f40c966ceda96edf42c30b7a3e47b3ad77f0931d5,Healthy leaf,1,test,singleton_no_enforced_relationship
source_ce2aad196a548f87ca1f8b6a0e46b054a496977de34ceb7eab31f5672cbdf457,Citrus canker,1,test,singleton_no_enforced_relationship
source_ce3ebe6536602e0b933aef3026946c2e4c8d59e10c09bcddc42406946b8c2b67,Citrus pest,1,train,singleton_no_enforced_relationship
source_ce49a5d10e0c3053613629e3cc4783b12b5a5ee5bea8e1e64c5bf50eb99f6fc2,Black spot,1,train,singleton_no_enforced_relationship
source_ce512df847bcaf0c4ac830416c511937bcb5500aa9489e31361abbebd7274ed6,Citrus pest,1,train,singleton_no_enforced_relationship
source_ce5a3cd483d6c4a0b4d41795839caba954cdba580f2ab04b4aea1efccc75688c,Citrus pest,1,train,singleton_no_enforced_relationship
source_ce647974703fdcc025c127227e58112a8f9364814f646d5140137efd25a7e415,Algal leaf spot,1,train,singleton_no_enforced_relationship
source_ce6614d699ea4fca2f2ed3bd53649094b6998183c064cfdbaaa4a7eb481cb508,Greening,1,test,singleton_no_enforced_relationship
source_cea8e58b091461a34cbded38cc0a876a79d4dca86ad3c59ac277f728a6c3ed30,Citrus canker,1,test,singleton_no_enforced_relationship
source_cf13dbbdb83f50c87936938ee5b83cb414f3ee7737226e54be765169d18a8d41,Healthy leaf,1,train,singleton_no_enforced_relationship
source_cf228d0fcda9f454aaa104f332ad807c447d230b1766dbb763c6df9c178c6cce,Greening,1,test,singleton_no_enforced_relationship
source_cf32041311042f4102f462847d9938ec40f7eb1e8b58ebfec9b3f55a20ce2ec8,Citrus pest,1,train,singleton_no_enforced_relationship
source_cf7653371d15a12f4899ca556e31535d65c060c4e555004a34d576a1f58e9dab,Citrus pest,1,test,singleton_no_enforced_relationship
source_cf8495ddf936414801aa78bd29bdd4fbf3321e40b9794ab6c9fbeae766cb395e,Algal leaf spot,1,train,singleton_no_enforced_relationship
source_cfc61f747821231d4afec2f4862b5fa99689b3a19321b5250d1b8a8d85f04414,Healthy leaf,1,train,singleton_no_enforced_relationship
source_cffddad7c67afe414a77aeee55d29e3199c3063a41df6347f4f59821b418faa6,Black spot,1,train,singleton_no_enforced_relationship
source_d00879e6f344623de4487dca0e0ffc5328a79cb2a932f499b93681dae14583a6,Greening,1,val,singleton_no_enforced_relationship
source_d00a2b9196fc2fd6c30e2ee030ce3198bd1a68356929c3cc0210193d22c79786,Citrus canker,1,test,singleton_no_enforced_relationship
source_d0ab330c1918c812dec64be22e97952afdea2f0eb5befa6b383c9fbade883379,Algal leaf spot,1,train,singleton_no_enforced_relationship
source_d0b2e8285ccbc880f24b79fe714b206cd05943b0a0c3f28cee8cf629ac2c7404,Citrus pest,1,train,singleton_no_enforced_relationship
source_d0bd6a3afff75995d1d9fa94253ac746b8f70bc556ed2022dea2efb612c3847c,Citrus canker,1,train,singleton_no_enforced_relationship
source_d0c6a2e1b3950e81b8820c6e65d4689c20abb69d7d90c92002d4d728c3c83832,Black spot,1,train,singleton_no_enforced_relationship
source_d11cf59651da99f84a2ec3b202871527817581cdb719a20d81279a4d0242d5a3,Greening,1,val,singleton_no_enforced_relationship
source_d149328302dd07ddf9a91c247fa39623da1a85638a58ba12ae4fd9069e0d130b,Algal leaf spot,1,train,singleton_no_enforced_relationship
source_d1684dfbffbbb987646f2acb997c7056a68d2bdc3474ed056670c99bc38da610,Citrus canker,1,test,singleton_no_enforced_relationship
source_d1d160aa4e0a5f462d1f4193f9f3395dd167dfcfa3a8c48f723839f4ccff3d88,Citrus pest,1,test,singleton_no_enforced_relationship
source_d1db7fdf3bf11f2dbff66ae51e7a94f2f43bb2a550b152ee778dacb1c6da0beb,Algal leaf spot,1,test,singleton_no_enforced_relationship
source_d1f93fc6168adcc000248fbcdc6a73d2ffd77219503f4115e926831ac60d38d0,Citrus pest,1,train,singleton_no_enforced_relationship
source_d222865942c831ccc8355fc60bbe8b160f3b9a834361542001b4b2f4b50620c7,Healthy leaf,1,train,singleton_no_enforced_relationship
source_d2cdcce5dfde8506c4ed9dc39c20ebe0d6ce13b53dad09eb555d754d9b1879b9,Black spot,1,train,singleton_no_enforced_relationship
source_d317070824dc599d27b6b1223d421f7ee08daaea1bc04e0a443dcb6c3fcaa93d,Citrus pest,1,train,singleton_no_enforced_relationship
source_d3372ccdabdc5a09316e4f719cffc88be5896de85e53cdc994eb2135f99d63fa,Healthy leaf,1,train,singleton_no_enforced_relationship
source_d356e2c6f8345e291680a128989edf1616ee4c47d620e6b87e92d58c33e4cdbf,Citrus pest,1,train,singleton_no_enforced_relationship
source_d374d85a46e587239d212f65e1d51470ae5ee40e71fad0f60246d88ead0411a3,Greening,1,train,singleton_no_enforced_relationship
source_d37632dffaaec0d4bf42c93f9530048b2d125a8199752b74b5330fde66f1914c,Algal leaf spot,1,train,singleton_no_enforced_relationship
source_d38fddac7c697e82e6c60c92195da2caece6f1d5ba7c3c6bf3dabe48d54a4f19,Citrus canker,1,train,singleton_no_enforced_relationship
source_d39e65c6ca58e76d5332cc267476f461d05490efb7d1e6edc304391bc9f1c598,Algal leaf spot,1,val,singleton_no_enforced_relationship
source_d3a847cd4c4ed59b9db5cea0a5180e52465c9c03d061908df6db244769b748cc,Greening,1,test,singleton_no_enforced_relationship
source_d3e6e46c44be916ff304bed3637faefbe7eba1b523255424c7e3fbdd3f122677,Healthy leaf,1,train,singleton_no_enforced_relationship
source_d3eec6f3f0e6f2c8d584ee3d177ff17818ed53f93ec7533a8e72e1bce28f4cb0,Algal leaf spot,1,train,singleton_no_enforced_relationship
source_d413802d725d70782cc34463539a19681a08ffe756db76369a8e3b27c1ace317,Citrus pest,1,train,singleton_no_enforced_relationship
source_d42e41f903cff96fdeadeab16bbe87fd5019cc23deed6c021ac32283afc4f243,Algal leaf spot,1,train,singleton_no_enforced_relationship
source_d47f959ceff92621b1f4bbd9dd5c3a3a7a446a1d25c8e2bc1a84744e9d7ddb45,Citrus pest,1,val,singleton_no_enforced_relationship
source_d48d898c1d7b0329aa978fcd5a51bd123eec593120674b8b9f1b6ded4cf74bd1,Greening,1,train,singleton_no_enforced_relationship
source_d4ca1292d9b5edd9a7fd684409cfe9af4d7fb8a06f90df0e09b5e1d9f81d10af,Healthy leaf,1,train,singleton_no_enforced_relationship
source_d4d56f948bc77addbd85ec28fc9df1f0ffae07c14ec9695672d76d23dcdfdc07,Greening,1,train,singleton_no_enforced_relationship
source_d4eb3b39f78cbf6bc7db6bf16790ff4186811011295677418845f72a30bcb961,Citrus pest,1,val,singleton_no_enforced_relationship
source_d523edd666f96cb371e48810c458ff0b29365a6d0285d9c9228326164e8b7c2d,Citrus pest,1,val,singleton_no_enforced_relationship
source_d52fa85c450e7023e02edd47ff06d3ffc7a0e0a74f0e190937c4b53c5da36afc,Black spot,1,test,singleton_no_enforced_relationship
source_d5482bceab8dfc38bf265fb5f8c08cba4d56fa6e69e1f9b55ecaaa8dee6d2457,Black spot,1,train,singleton_no_enforced_relationship
source_d57ae9d5461639328d2e2bc6d2ed3beb5a2cfa6b3bd6641209172bddbc6297b5,Citrus canker,1,train,singleton_no_enforced_relationship
source_d5abac8f42efe9e6eb7c34a8a02bcf4a911fa594e46e9f0a51d1c22e73e9d74f,Citrus pest,1,test,singleton_no_enforced_relationship
source_d5c4da0c1a2dbd0a471b239b8d74062f361175a50e6b70a741e466d857a5fec2,Greening,1,train,singleton_no_enforced_relationship
source_d5d61fa2611793b88d518cbb14e8ea2d5a3e998fd6c4512954dae07e37aa3caa,Citrus canker,1,train,singleton_no_enforced_relationship
source_d62ede143d8d41c44e3e84ef4fc4c6854a4e55d0776b3f475f806945eb03e368,Healthy leaf,1,val,singleton_no_enforced_relationship
source_d6408c7ce39b292f5726020fe7f9fc17d52b932de7ebbfe3c99873e6098936bf,Algal leaf spot,1,train,singleton_no_enforced_relationship
source_d6974ff23c6f8d1dde72d359d89be32c30266386ca074432771c034cbf1927ac,Citrus pest,1,train,singleton_no_enforced_relationship
source_d69bd9c5e399b30285427e3581fb4c131c289613f86b85fbf3e7b135f7f85599,Healthy leaf,1,train,singleton_no_enforced_relationship
source_d6a1230a27fff9b86bfda7a28ddee35ed4a3a73d94f36e814b37948729bba3e1,Greening,1,train,singleton_no_enforced_relationship
source_d6abc3b9f0b33af31d691d680224404052cc0fad9a87892784a4f95fa03f04de,Citrus pest,1,train,singleton_no_enforced_relationship
source_d6ba556f49765bf14682134960d427a7b18f0e8bedd5a7c2a1cfc6bd27135c2d,Healthy leaf,1,train,singleton_no_enforced_relationship
source_d704574667fffd341639ec74d639f65aadd1b2a6809be9f822e74adc608092f3,Citrus pest,1,train,singleton_no_enforced_relationship
source_d70bf184e848d9f0b3c4de4a1813f1dbbf5d87f3c9f0aafe112e52632ac9df3a,Greening,1,val,singleton_no_enforced_relationship
source_d72a745fce0c83a63a6e779f1c58e72ef308522176772fdd771241340b51842f,Citrus pest,1,test,singleton_no_enforced_relationship
source_d746cd3c4997593310507a2b76d7b2841fe3f51fa01cae59aebeb8d5efe69164,Citrus canker,1,train,singleton_no_enforced_relationship
source_d76671d16556c8485a5ef1f3f3cd4a0e5cdb9062577e52f2cfaec20480e0b87d,Greening,1,test,singleton_no_enforced_relationship
source_d78a6c8c1d2cc258c018502787519e56149aad478897f7d14332ba968fdba4f3,Citrus pest,1,train,singleton_no_enforced_relationship
source_d7ad5ab6860d040e3bdda8e5236ae60f56227bd46b26acd5f352f96ada5d76ff,Citrus canker,1,val,singleton_no_enforced_relationship
source_d7ae840c53095b059cba4279a5da9adda71fe83bf0292e9002f30f16fde9bd41,Black spot,1,train,singleton_no_enforced_relationship
source_d8079163bf982e2cf83cf9c4e2c6704a2ac24d8e6d91fdfbbc2039338577a056,Black spot,1,train,singleton_no_enforced_relationship
source_d869c13bbee6cc928ddfc8c26882a347bf1f0f7df54cffe9b96974cc00cb09d1,Algal leaf spot,1,train,singleton_no_enforced_relationship
source_d877b6cca8495c9ea17aefa5df7b700ce332fb5f6e4dce988c649679dea46799,Healthy leaf,1,train,singleton_no_enforced_relationship
source_d88364049d93e25d8012b8eba5b6bd584e17c8f42775ffc140fc8b12050e671d,Citrus pest,1,train,singleton_no_enforced_relationship
source_d8883f143a143125e136fecb613a186ff00ddbdf77e6b4b45e3e56d9e6d481e5,Healthy leaf,1,train,singleton_no_enforced_relationship
source_d8b0c569147065f6f9e28f10ecf908347bfe13823b6e89564116ec72838d6a65,Citrus canker,1,train,singleton_no_enforced_relationship
source_d8c8c981fbf03e62aa3c2500394dc0f3fdca643965531569426d7d840c51584e,Greening,1,train,singleton_no_enforced_relationship
source_d8cd34a03daeffd66d0238663e8cb307f85fbab416da1d4b1bb1aaea8a8295dc,Healthy leaf,1,val,singleton_no_enforced_relationship
source_d8ee227e81bd757d8f1a84dc66dd294ebbd41d378dc830faa26ced1f1072ebb1,Citrus pest,1,train,singleton_no_enforced_relationship
source_d98e245ecffd23d23c6662b67870becc653a1dcb4b32e71368a672022d83f536,Healthy leaf,1,test,singleton_no_enforced_relationship
source_d9a3cc9e74fc93c5d87fd6dc5c9e94757908da862ab599d59ec78c15907a2de4,Healthy leaf,1,train,singleton_no_enforced_relationship
source_d9c12c206cc075279dab543f82f1bc4621f9b8e962781084d66b04279afb7888,Citrus canker,1,val,singleton_no_enforced_relationship
source_d9cce708966999cb3c5872f98ff601e54884c742f5f9795b07470903f2905bfd,Citrus pest,1,train,singleton_no_enforced_relationship
source_d9d5e650ddfcf33a17c2bdbe98c8d59d1cac3ff1870b6a737d28e2fbacf9b601,Healthy leaf,1,train,singleton_no_enforced_relationship
source_d9dfb79e191332e1f441e5b415f40c5b0dc9e540d87296c421736c4a4c2b57e9,Algal leaf spot,1,test,singleton_no_enforced_relationship
source_d9e54720191ef8e44166e9e3b1fe2322940de6f37f8360773c05a2eedefccec5,Greening,1,train,singleton_no_enforced_relationship
source_da22178a71de5eb8cdd1fc97c396c0741013d7b23e1a3b312b992ec3e488840f,Black spot,1,val,singleton_no_enforced_relationship
source_da78bd733b8aa67aca21582c75e9894394d770e81cdef7bc76863ea74d0af608,Algal leaf spot,1,train,singleton_no_enforced_relationship
source_da91a68c26f170de0d680fe0ca3df6244b36f439323021201d4d81ad0266b751,Citrus canker,1,test,singleton_no_enforced_relationship
source_da983f3e36b5959a0a95d615127748a1518c42371a8fcee6b87123e0882b17f2,Citrus canker,1,train,singleton_no_enforced_relationship
source_daa73a21c1ab4e56624f3d0deb841b97cc7283af08c29fff662cf040517b5270,Citrus canker,1,train,singleton_no_enforced_relationship
source_daa8857a0b3982eab2810fef088b3ffc049f936e945c3e6421df94a9e94167e2,Citrus canker,1,train,singleton_no_enforced_relationship
source_daba43a8bace82e066b5108ac94894739134e5b642f883c81842afba620157b6,Greening,1,train,singleton_no_enforced_relationship
source_dad2455869361f4d29bd00be4fab8ba935be0c38dd47578194a6a5e6e8e3eaf5,Citrus pest,1,train,singleton_no_enforced_relationship
source_db5c800bdcf59acf585d586238809454b07359715899d42875f2ee1b82f5f892,Healthy leaf,1,train,singleton_no_enforced_relationship
source_db5c93dde42eb79625a4d60db9aef4db52f9787fbd6044f7100ceb777df37c5e,Black spot,1,train,singleton_no_enforced_relationship
source_dbb4738c8a7cfa46b250768bf6998f6784c273504881959bcdb240c458902786,Citrus canker,1,val,singleton_no_enforced_relationship
source_dbb4c5195b7bdc10a82b174e754b6a96b8958f0c3afc349eed6f785540fe42d5,Black spot,1,test,singleton_no_enforced_relationship
source_dbc2edd431e9eaca742d19b37b7f21ceaecb52dd287564bdf9453caa37c28769,Citrus pest,1,train,singleton_no_enforced_relationship
source_dbc61a3802a5e174ceeea06c4cb1daf130a9f1931c843f61317114c71a84fced,Citrus canker,1,train,singleton_no_enforced_relationship
source_dbdb723e8e93169387a75b88fd71bf4f9c10c04b91adcf4b1c53f5f8dde9a64b,Healthy leaf,1,val,singleton_no_enforced_relationship
source_dbea4ca5b9b18ada3912910b58a8d10be6cd795ea8993f962960e8e4d5d34ef1,Healthy leaf,1,val,singleton_no_enforced_relationship
source_dbeeb6f97bf9f298b86693b375317ce8ef74a63ec6b6b1f99d393ef53dec78fe,Citrus canker,1,train,singleton_no_enforced_relationship
source_dc3144a20158aabc22fe7d4a622ee1a3fadedb07ca24581d1edf186cd0cc2771,Citrus pest,1,train,singleton_no_enforced_relationship
source_dc749eaf889d5af219c393b5a9936de7c0576c1ccc1f38a9cd28c22a2ef440f2,Greening,1,test,singleton_no_enforced_relationship
source_dc88f590800b01030ab38670733874792f1884ae7acb328e0dd964a2985edae6,Greening,1,val,singleton_no_enforced_relationship
source_dc9864c656d8ddfd04cbb6eaa675e411da561c07080468a6fc8b407dcc9f7aa7,Healthy leaf,1,test,singleton_no_enforced_relationship
source_dcaf73c369a219a54a5de02ee4a6fb1b5e86c1b4bd49742e59e0c1e7b694441b,Greening,1,train,singleton_no_enforced_relationship
source_dcc61a2f060a36b21ebc1b95390cb80d201b2bd8c95e15b65f93a3f04591b1d8,Black spot,1,train,singleton_no_enforced_relationship
source_dd0690f3ef19df880d386caddf8eb829ea32f182d254f4610cfa350c1bdfd130,Algal leaf spot,1,val,singleton_no_enforced_relationship
source_dd0959b3a901f4b3800d9037d16e5807b4583b4ee6f377fdfa914e6ca73a512a,Healthy leaf,1,test,singleton_no_enforced_relationship
source_dd1ff23ec1d6f1b3b0f9b5c6ba54faa298d2d91cab811e4ab7c4b1aeaf6933ec,Black spot,1,train,singleton_no_enforced_relationship
source_dd67bb31b1bff83ff9ed89ea686ab7ba265854d0fbe560defe0deba864d984a7,Citrus canker,1,train,singleton_no_enforced_relationship
source_dd7263f7b2d8b418941e6f84adea783822540302295913be631b37200538c3b0,Citrus pest,1,train,singleton_no_enforced_relationship
source_dd74c3f66dc7716997ee23cbb4a6578c8f599898dcce8e09ac1391d2377e2dbc,Black spot,1,train,singleton_no_enforced_relationship
source_dd7b52ea6a30d4a824b69e3e1cd4731c553db9063f15083e7fe7a3f04cacc75b,Algal leaf spot,1,train,singleton_no_enforced_relationship
source_dd853cf1a08be35b0d4dea036cef3217347f3d99c57da731dc3d4484782d8e48,Algal leaf spot,1,test,singleton_no_enforced_relationship
source_ddd602100c9b1bdbf35d728c5094e9d042c91e469e104dce6c5a75a083ba5809,Citrus canker,1,train,singleton_no_enforced_relationship
source_ddddeaebfe264c5b0a579b56a0aa92718db6d5f42185e8c033bbcd5c741d9b97,Citrus canker,1,test,singleton_no_enforced_relationship
source_dde1ead399b6a5bd1f05d9db5473de0c48275445772641f7fd9c9d349d756911,Greening,1,train,singleton_no_enforced_relationship
source_dde91b8d45d4045ecd699c987ea5c6aeb4d2ac468cd4404b8b8efffd6d62059e,Greening,1,train,singleton_no_enforced_relationship
source_de08fac8128593301dade8e7565f3487e1b9f5d29d6ef0102d94047aefeb6ecc,Healthy leaf,1,train,singleton_no_enforced_relationship
source_de234d352f4b11780ef5ddcf8dca8a52e4f04f1ee7d5b1367e35a85c723612e6,Citrus pest,1,train,singleton_no_enforced_relationship
source_dea8b1ac1e67ffc04600a47aedd119c47f345ecf83cdd5b90f48077861ea0162,Black spot,1,train,singleton_no_enforced_relationship
source_deb7ca7a83cbff8a05baa8e9b7f040c4bf9809af6038f9883338617687c60687,Greening,1,val,singleton_no_enforced_relationship
source_deda57923960e28f3206d70aaf44d2b497ba1794a6788093bbe960d50939bb6b,Citrus canker,1,train,singleton_no_enforced_relationship
source_deea722305855d7e5d8ad394023e128c31621729c243f17cda1a4da9735198cd,Citrus canker,1,train,singleton_no_enforced_relationship
source_deff6ed43e7ac3f6955a333ea7e3add12a2192eb8a9c66c771f9de2449d9876e,Citrus canker,1,train,singleton_no_enforced_relationship
source_df025308ee0e7b0163fe2e3a391923411b481df31caeb25cf0f2329fbdd57f2f,Greening,1,train,singleton_no_enforced_relationship
source_df045ace4c898fb3e39d397672c98a5d5a8265fbc5f2a757e81714b971a000dc,Citrus canker,1,train,singleton_no_enforced_relationship
source_df08c8669e916d6db8b09013f48ead63214af9b21489caa4ea9fb21641555717,Greening,1,val,singleton_no_enforced_relationship
source_df263535c35bfb80bcbdd50ab73f88fd255efffadab9bbcc92b3584923084ce6,Greening,1,val,singleton_no_enforced_relationship
source_df318259343111bbb58e917c1b0310f794d589c56592f4081cdee02c6d119cf1,Black spot,1,train,singleton_no_enforced_relationship
source_df3cbfca21c8faa7c338a101d12a69b229dc0dabdfd4e520354f352b9cff507c,Citrus canker,1,train,singleton_no_enforced_relationship
source_df7e14a81fd475371f1df30a391a55509f7145bd58acbf806a509df0eaa065db,Greening,1,train,singleton_no_enforced_relationship
source_df8150f49b6c0679db872b6f7790a8995a7f78468f6794c311a0e60deac9cecc,Greening,1,train,singleton_no_enforced_relationship
source_df89282be8c4e9fe22ea55fd3f4a1a783f093b7169ffd3cb81dfc26968274401,Black spot,1,train,singleton_no_enforced_relationship
source_e00db71df19046447e524aa3d0dc2d16f04b25fc406412947e4fdda97b57a243,Citrus pest,1,train,singleton_no_enforced_relationship
source_e0447f430cde10f93ce709103e48fe2626f99131a50707fcf39073a0cfcccb85,Citrus pest,1,train,singleton_no_enforced_relationship
source_e0839d88fe70f2897aa393a0c18398027cb9bfdae1cf99909efaa90d393c44be,Black spot,1,train,singleton_no_enforced_relationship
source_e09a5f13ee40ea7e7fb1a19c98a2221a578c3a4ade1a63141b65c2a8449963a8,Healthy leaf,1,train,singleton_no_enforced_relationship
source_e0b6958cd7cadf7b8d38fbd6dc6c678a71c581dac2a2398e21694a6ad33821c9,Black spot,1,train,singleton_no_enforced_relationship
source_e0e1eda76babec65bd94b8eb403cf80b5ed21b11f9943048649b866d6ae99ff8,Algal leaf spot,1,train,singleton_no_enforced_relationship
source_e10eb960ab35718e186e503e1a8879072869e1133febb214876cfba9f9c1ae62,Greening,1,train,singleton_no_enforced_relationship
source_e1624caab325af5b1473141bdb33c6abf97c75b47a29069654116ea1e88367ed,Citrus canker,1,val,singleton_no_enforced_relationship
source_e16b5f582ed4cf5ce5c8ef720c0058300e20922c105f111657e5cd95d07b72af,Greening,1,train,singleton_no_enforced_relationship
source_e179d0d5872b60f340bc09dc7879aac2914b2a5f487c7bf9179345a1693b710a,Algal leaf spot,1,train,singleton_no_enforced_relationship
source_e18a8325fabb3307d7f2bbfa8dce87117a7f223fa7f41111845851fb20073005,Algal leaf spot,1,train,singleton_no_enforced_relationship
source_e22338ba4dc70ace1500f215e923ee53af846a90d1deae802a5dedbd237afc5e,Black spot,1,train,singleton_no_enforced_relationship
source_e2403f0d4855c2c306cbb073d69ba8fe641b4e021d6852a5f3e43f327c890ff7,Greening,1,val,singleton_no_enforced_relationship
source_e2428dae8cd79570efc1026b51354286c4c3a0d798f3325e351cf80a05985485,Greening,1,test,singleton_no_enforced_relationship
source_e24c951532dd6960a07439026f93ac91adc3ad3fa5325f297f116130413ecc07,Citrus pest,1,train,singleton_no_enforced_relationship
source_e25ee7cb21a98e23eec147f249a920ff0463aec0114c0d97d156e5baa709a1fb,Citrus canker,1,val,singleton_no_enforced_relationship
source_e265c5a140f6c240dae5c59b5cd223dd2ba0231c26be98f2b8b549049a922078,Citrus canker,1,train,singleton_no_enforced_relationship
source_e2777bc3f1b37e6a3d85544f507b928b7faa70d252c00cee5101f1884a3ba944,Black spot,1,test,singleton_no_enforced_relationship
source_e287b87fcd19a716ca788ea1ef98196c8c3a63361b79249a6122a31053f09e84,Citrus pest,1,test,singleton_no_enforced_relationship
source_e28f78d8514d2fe64d9592b7d62e13c4d3fca3c8865828935745c109907d6615,Black spot,1,train,singleton_no_enforced_relationship
source_e2a1b60397d599e8c78dc743528e98ed5cfa46e7c4abeee09faa6ee359bc1e97,Healthy leaf,1,train,singleton_no_enforced_relationship
source_e2aaba18515a080673bd778155fc4ba2e53a04beaca1b7ccccc9603f8a17f435,Citrus pest,1,train,singleton_no_enforced_relationship
source_e2ae63e0e7f7bb5fe12efca07b441e2a504776ffa05a5c7e5ca7abdb5838deac,Black spot,1,train,singleton_no_enforced_relationship
source_e2cda3d42088f337c8897046ea14813f38723e057b300960c2b4a2913fa0918f,Black spot,1,train,singleton_no_enforced_relationship
source_e2d815b624beab7d563d8deda81fdd13c66244a670dbe55ce239fa748f013722,Greening,1,val,singleton_no_enforced_relationship
source_e2e624124fe911f6613be2f789678f448dc9b11683702492581f3b4e61867dae,Black spot,1,train,singleton_no_enforced_relationship
source_e2f1b30fb7cb7109169102de6b65823e7a4d0f3815aceb3718beda48b2fc7892,Black spot,1,val,singleton_no_enforced_relationship
source_e2f2e3d15022eb9acadf39b56b9e50fe0c1bff3f8887d48feab1bf4823852a2e,Citrus canker,1,train,singleton_no_enforced_relationship
source_e31b863a35026a35fd41c7daa57042024a63cf3a4ed3e1a7bac96f871cae2c0c,Citrus canker,1,val,singleton_no_enforced_relationship
source_e37eee46b4e45ae4055c04aaf7ed5ff91a2aa2f7a55b40e04a971f386e3c9d0a,Healthy leaf,1,train,singleton_no_enforced_relationship
source_e3bdd96725372bddc0db38e3a1899636e73ffd636f83ad525cee39815e02a1f2,Citrus canker,1,train,singleton_no_enforced_relationship
source_e3fe82c23e201b09772f3a528342d73fc0b767603fdc79952d65600159c1d3d5,Citrus pest,1,train,singleton_no_enforced_relationship
source_e402f8304a17e5f603e2fb8482028f8ca8e38b912acae732359d95fb09025c5b,Citrus canker,1,train,singleton_no_enforced_relationship
source_e41d5adc9660d24c17285c3869f1ebaf7ef6e0de02e18610aa949d64ca6d28eb,Citrus pest,1,train,singleton_no_enforced_relationship
source_e421827d181c7574bb3c7ff132d33b812c0542a7f6e051e8faec8a159029a7d0,Citrus pest,1,train,singleton_no_enforced_relationship
source_e427b90788ac67d371c150064b960caac48b16d40b51477508140d023eee12ec,Citrus pest,1,train,singleton_no_enforced_relationship
source_e47aac5d3444540a284747e1626e739a100286d72b31880a7a0cfd65ea0b6fc9,Algal leaf spot,1,train,singleton_no_enforced_relationship
source_e47edb70ce69eb589b36d88c75568244e1dc1cd0c5ef3266a5a7bd36f1e69459,Citrus pest,1,test,singleton_no_enforced_relationship
source_e4f028f1a6bddddab8975b01e9755d75d54a80841f3b85a6bce4b11cb0027698,Citrus canker,1,train,singleton_no_enforced_relationship
source_e53133a7f2fbd5c0111a3c60d7574f2718625e34f1ce69693a2d07d4d49c2bb8,Healthy leaf,1,test,singleton_no_enforced_relationship
source_e5360e0619f3931691adf7431f92bab82733046b14804f2cb5786ac72bf032dd,Algal leaf spot,1,train,singleton_no_enforced_relationship
source_e5392609766791d9ae8de429cc0b40ebb101c39779df59ff8c00355a17986ad5,Greening,1,train,singleton_no_enforced_relationship
source_e53961a8321edf3030828d539eab7cca469d7358a1a667a7176b3fbdbaea26ff,Citrus pest,1,train,singleton_no_enforced_relationship
source_e572a9acbead76f98bbdeb2c4a301f388c1424443f62cc2ce3bccd57f4d04db5,Greening,1,train,singleton_no_enforced_relationship
source_e58c7eb2139c6a48d9b8fd291ade583d04251ecce72221e6038b142ab0501424,Algal leaf spot,1,test,singleton_no_enforced_relationship
source_e5a5b72238276f0b58ce465c530a25917936dcd4ce60ef28910b591896730309,Citrus pest,1,train,singleton_no_enforced_relationship
source_e5b3e50b27d87d7506a14a5c78f364a012e21322f83d0cd622d9cd86aa5b0341,Citrus pest,1,train,singleton_no_enforced_relationship
source_e5c5f0f3427b759007dd4c9bd78e59b60114bb80a69da5c01a027671b73f25ca,Citrus pest,1,train,singleton_no_enforced_relationship
source_e5fe10f4e07177a8f85979289910677903995f3dfeb13a68f43aa05b036f145a,Black spot,1,train,singleton_no_enforced_relationship
source_e6418e9b9863a0a915026a5939ba5d9448d17642aad102f95ef3b313b930930e,Citrus pest,1,train,singleton_no_enforced_relationship
source_e6530bc7d6854907140d6bdab3676f675efed240a6fbe81f4dc75221ef85d94a,Citrus pest,1,val,singleton_no_enforced_relationship
source_e65a991695572a9787a81899bd4fb45b9aba98630dbbae7dd345017b19f763bf,Citrus pest,1,train,singleton_no_enforced_relationship
source_e69d20eb14b5394691b29a2b1ab15fd6a5656f8646b57321cb15b3a030919095,Citrus canker,1,test,singleton_no_enforced_relationship
source_e6b5312713e27112d0fd015ba880445722d1e50b3d5313a8e1ea5af8a8358d29,Greening,1,train,singleton_no_enforced_relationship
source_e6cae82fc41c5c80bae9f9b1eba942d85c4ec1cfb82c4c51bd343fff567a4afe,Greening,1,val,singleton_no_enforced_relationship
source_e6d7565d5d25d0ec6af3583a0fee42b65130857762d5dff2a72c45dc14a093fb,Black spot,1,test,singleton_no_enforced_relationship
source_e6ebb7082db1e544bc5213eb104f1bce05ce65f00bb33249428dbfd42ed3a946,Healthy leaf,1,train,singleton_no_enforced_relationship
source_e6ef25c3357bfab21fccc589f450026c3731e1f58f60f55b0d708ef6ed2c57d8,Black spot,1,train,singleton_no_enforced_relationship
source_e6f1016410a9c8a8b9c07b1e4e0843af09435d21ee623e28c55b86cab8b04082,Black spot,1,test,singleton_no_enforced_relationship
source_e6f25a362095dfd236a6d9966329dfe143b42625eada6297b7c72d3d20c07d47,Greening,1,train,singleton_no_enforced_relationship
source_e70efc5e421ce2dc7ad254a33d6f526e5280735d19045480445b6a20a245a714,Algal leaf spot,1,train,singleton_no_enforced_relationship
source_e72c125d5ca2017ddf359143e21302ed62cf7e0341fb188903bd7863da04d60f,Greening,1,train,singleton_no_enforced_relationship
source_e75dcde94d88ccdd2ee749b9d7ffb18097f1556774f9fd5a7e824b29095d74ea,Healthy leaf,1,train,singleton_no_enforced_relationship
source_e767075d4fb0ede3c206260b08ba721db3ab2855a468e36b907c888174126794,Greening,1,train,singleton_no_enforced_relationship
source_e772912c00a16a9c3c08b8c316bce6b5f396f2813b52e697bb7461b4b9f74774,Citrus canker,1,train,singleton_no_enforced_relationship
source_e787e971bd3df2f95a630d93342c651373ea2031a7decf7ab1fa0e5ac98d1d23,Greening,1,test,singleton_no_enforced_relationship
source_e7de124b4085372f18e437ac3daf5ab93f25985feeeaa09e36218c13cc4bab20,Algal leaf spot,1,test,singleton_no_enforced_relationship
source_e7e26ef07f358f3a0c425ca00f27261533242e3329d4e6d9cabb1a9274be58e7,Citrus canker,1,train,singleton_no_enforced_relationship
source_e82b4b76421820c6db9147bfa93380e8843b7ecfc548432c837d4727cd32b0a9,Citrus canker,1,train,singleton_no_enforced_relationship
source_e866863edd440ea271e0258665fe62b9c5580bfe720caa2e1ceacfd8824cd778,Citrus canker,1,train,singleton_no_enforced_relationship
source_e8863d2ac5a6343e7a0f79eace2dc2e7eb10ab30c6cdb12c5af40da28af9cc67,Citrus canker,1,train,singleton_no_enforced_relationship
source_e887ae75d6cf2b0c28f576a795205c69fd32bd1144e598ff274348990cfa3001,Citrus pest,1,train,singleton_no_enforced_relationship
source_e88a7affd2620e5626a29e9c6f20edd497d955e85827cf88713a5ced2b239d16,Healthy leaf,1,test,singleton_no_enforced_relationship
source_e8936e6e762854e743c8766dcec848b7bff6d9d06c102dbeb48f1c657efa9ac1,Algal leaf spot,1,train,singleton_no_enforced_relationship
source_e8f35c851daceeb2b788a1f1b61094f09629b81a8b9ca79313557e173d9bcdc7,Citrus canker,1,train,singleton_no_enforced_relationship
source_e93b95a5ab2fa201cb7072203fdfcbe1f3571da425b013d9f5869e315f3bd3d2,Greening,1,val,singleton_no_enforced_relationship
source_e96304b710bf91d676df9c15e46b0af7e8641c3bc1f6aa990897d33dcb63088e,Greening,1,train,singleton_no_enforced_relationship
source_e99333c092b1fe4ab75132a76f3411dfb27b1ae7fabcea0225fd521b23ec51f0,Citrus pest,1,test,singleton_no_enforced_relationship
source_e9ae1e7056a0f580677473af745d9aebb40529fe78fc9f469bde40d24e006dfa,Black spot,1,test,singleton_no_enforced_relationship
source_e9af15d618f265a83c9a6eda69b9385f399b63ccd9c37ac9ebabf42e74164766,Greening,1,train,singleton_no_enforced_relationship
source_e9bb73387f153a522c3629ab836dfb3f39a250dec9aa6efffa1d1372908eeada,Greening,1,train,singleton_no_enforced_relationship
source_eaa74d2793a4f72a44356462a05166e52eb9732e04fcf6f5bcbc1bd83a59ed0c,Greening,1,train,singleton_no_enforced_relationship
source_eb0b588ff354a9ab0f3f95fab84cf1ca1cedd1f209eda7f4b86a241dc28d8516,Greening,1,train,singleton_no_enforced_relationship
source_eb0dc6da7df095a7a2dc07d67b4532bd21343d916212e91b951038f50bf9b2cc,Citrus canker,1,train,singleton_no_enforced_relationship
source_eb43f2dbd38c94e04a5041ebbde13ed9150b61e8ece958b6df95d3c04c295312,Healthy leaf,1,train,singleton_no_enforced_relationship
source_eb94e30a8736a9f59a344f47d7ea782bda1e704f216cb1e45ade5bfd60a17813,Algal leaf spot,1,train,singleton_no_enforced_relationship
source_ec19c1592fcb960ffbb4c9afa87ca63eefbfa88e1aedcc222fceabb294ca3f52,Citrus pest,1,val,singleton_no_enforced_relationship
source_ec440242f2914c7d2bad5ce8892c56e442282a26d3fde22b08632f8de735318d,Greening,1,train,singleton_no_enforced_relationship
source_ec4ae4ad8ad804a6853239ba084d724b59761d3e67a73d70561ccd77a2e7248d,Citrus pest,1,train,singleton_no_enforced_relationship
source_ec4bc5f3f4c29abd9bff02d244234a74699a611f355420eb8191961dc94ffa5d,Greening,1,train,singleton_no_enforced_relationship
source_ecbaf32d6bb1f18a979d696768d398a96cd0c26cb3c5baa9b46317201e7db916,Black spot,1,test,singleton_no_enforced_relationship
source_ecd8ca1cf3314c8fa7ee2e8e328d0fe927fa3069769000a43dd2ad6f993bce5f,Citrus pest,1,train,singleton_no_enforced_relationship
source_ece9b82e253d723017eb2936e83cbc9e20abb098d00159a98a9bd74a3e9245dd,Citrus canker,1,train,singleton_no_enforced_relationship
source_ece9ef45771e5b02159e370f63526c2047b929ffde511d474dea3d461c03682b,Citrus pest,1,test,singleton_no_enforced_relationship
source_eceeceab467e86c15966e3b8359502a2d7cb0a316f8179a3f8003d78efec703b,Citrus canker,1,val,singleton_no_enforced_relationship
source_ecf2072c3cec6ee1fc66de208353b8d99f1c9deb7e3d5d76f9e55a42632793b3,Citrus canker,1,train,singleton_no_enforced_relationship
source_ed0d46f03a9b16f716eb54e5782266f8efab5c9adaf3c0b33b9a72e7310f3072,Healthy leaf,1,train,singleton_no_enforced_relationship
source_ed7e74341253c84fe150af4b0771b7a6e139e2ce2aac74b7a6f7f320d97b2d86,Citrus canker,1,test,singleton_no_enforced_relationship
source_ed93ab4fef82684e124441ffacfe841439a6f5f31c6098f775fa25663e9c118d,Healthy leaf,1,train,singleton_no_enforced_relationship
source_ed994c840fc01c5195bdd6fa995390061d31ce2a28aab4a2f9a8610b195fd378,Black spot,1,train,singleton_no_enforced_relationship
source_eda705661977ce13f05ff730bbc3a470c41a662da95fb47dd0d767fc8d85c4c8,Citrus canker,1,train,singleton_no_enforced_relationship
source_edd64be594fcf976c15dc02ac8adadd27e4d64f8a9eebfafd5128a428a9ac75f,Healthy leaf,1,train,singleton_no_enforced_relationship
source_ee1025995af1b912b7041a2d46fa59c896f1d2470ed125ca3f5b3b9f896c963a,Healthy leaf,1,train,singleton_no_enforced_relationship
source_ee1194b68553fdd8946e5cc3fc615a049d58367580641637c53912a19ff5638b,Black spot,1,train,singleton_no_enforced_relationship
source_ee35b09d7feb1e718ed98f9d1085a15e855137d4067c731a176825cd406f6f05,Black spot,1,train,singleton_no_enforced_relationship
source_ee40b680bf5287eb119406842f847be15256240ed9ce27e9b1312c80f0389a8a,Algal leaf spot,1,train,singleton_no_enforced_relationship
source_ee4d45c13c97f18a443ad5221e90130baec52dcf30c7edbf9c0cb9e6e084599d,Healthy leaf,1,train,singleton_no_enforced_relationship
source_ee50712fab8b3c791c39138130993b07ddca7f730cbfb55f7e02a9be7447388d,Citrus pest,1,train,singleton_no_enforced_relationship
source_ee7751e107f43b590e243f5318738dac2989a620c49b6c3878385b461f10e1c3,Greening,1,test,singleton_no_enforced_relationship
source_ee81e6b6478389a1ed8d490d55db93d5d7b2eadb539e042bd0653a4e155076f0,Citrus pest,1,train,singleton_no_enforced_relationship
source_ee8ab1aa99707b88dd3b6935b02c998f660a6ce5dd621a409abe9f5332a66262,Citrus pest,1,val,singleton_no_enforced_relationship
source_eea288e2664b6cbf87d1d97c7bee2e6292a4d6c00ab94a2acbf920f116856c57,Citrus pest,1,val,singleton_no_enforced_relationship
source_eeb08eb0e83c574dd3ba31efb292131f724233ee6b8737c8adc94b22255cc931,Healthy leaf,1,val,singleton_no_enforced_relationship
source_eecba46fb2d74056499e0cc856cda47eb6f6bad2252407f8ea593860738e6834,Citrus canker,1,train,singleton_no_enforced_relationship
source_eed8e07c9747971159709a70e5282e19206e36ed678780d15d75d20f083e7251,Healthy leaf,2,train,AB_pair_evidence;autofilled_SAME_SOURCE;existing_AB_cluster;existing_AB_manifest;refined_capture_strong_link;strict_multimetric
source_eee52e001c3163a75ce508387c5959ddf9f3339b7bf7d452f0f66e2a4d74c580,Citrus canker,1,train,singleton_no_enforced_relationship
source_ef0ee47dd86681727757a9f8418b844e015d4e7f0adea4850150e775637e8268,Citrus canker,1,train,singleton_no_enforced_relationship
source_ef298ff53dea299ff334fd3c6c46dd01aef988c970b05fd1aefd7503119dc528,Black spot,1,train,singleton_no_enforced_relationship
source_ef2aa3b58f0a2b3146583e1001055e1ac18a230fa9ea775044d3791b34319ed2,Citrus pest,1,train,singleton_no_enforced_relationship
source_ef399da718aecd09542d8eb55f27dc43fb578da825a598cc3867c93ce9a60790,Greening,1,train,singleton_no_enforced_relationship
source_ef4d8f68bc74858353ad2cb7eec94a112f0847645b575fe796d21685c5e8091d,Citrus pest,1,train,singleton_no_enforced_relationship
source_ef6d5470ce1253af597524a5505e1eed613360fb4d5a4c6d29f8573627539c39,Algal leaf spot,1,train,singleton_no_enforced_relationship
source_ef780dbc4f05ff213c3798127e3f1ab9cd5046cd5bf55ae64c1437c9b243a32e,Black spot,1,train,singleton_no_enforced_relationship
source_efb869bfec076000c12061ceb2c57c3437573a485fad53b884e54735bd1dd949,Greening,1,train,singleton_no_enforced_relationship
source_efc715ff96d97e8d1258bd6ba80a1fe5a96c11ac1c7a44c7e983b060ef4a11b8,Greening,1,test,singleton_no_enforced_relationship
source_efd9459e75b55e1f696a943230c10476be92ecdd0c047200f1c7fb31ec5b227d,Citrus canker,1,val,singleton_no_enforced_relationship
source_eff7d7206e7aa48a11bd3319929ccb18b22c668132f7e62665f6e9f1d8669cef,Citrus canker,1,val,singleton_no_enforced_relationship
source_f022836ea8360bef609f1fc432338c0157cd03f0ecad00cb2d911a7a2971a530,Citrus pest,1,train,singleton_no_enforced_relationship
source_f05e5940253e473bfcc67a4683a3dc17ca17f64ffc362a3bb2305ca51ea9de3d,Citrus pest,1,train,singleton_no_enforced_relationship
source_f06781a314f8d15503192b7ac0f159120acf33c72d8cc94876eafb4ad8cfd4fc,Citrus pest,1,train,singleton_no_enforced_relationship
source_f06cad6d4dd867b0a02c2c73131469f58bcd39147a31a603c06e60da3e7280ba,Healthy leaf,1,train,singleton_no_enforced_relationship
source_f07ae83225eb2c3669eb90dec01f2d8b170b11d74403766a7ea94a096d5ec918,Greening,1,train,singleton_no_enforced_relationship
source_f08f0ae1d7b6a3c4b60d1f14063e48a80482b1318d8cdf1bbb84fbff874147f4,Citrus canker,1,val,singleton_no_enforced_relationship
source_f0b49960dbd8be406dfa36820e53707076993b2376fe51fc9f6fedaa7dddc24c,Citrus pest,1,test,singleton_no_enforced_relationship
source_f0e665a9ae7bcdd1efa3864dd8e54664735872d3598fc6faa9157b7c13e6074a,Healthy leaf,1,train,singleton_no_enforced_relationship
source_f152960a0d3bfe468f53c1fcbda6dc753e2e72cb93fba3206b5453ea1e2a33a0,Healthy leaf,1,val,singleton_no_enforced_relationship
source_f17f7d36070932e04c9524b1945886b59f61fdf05b522eccb8b2dfd8dca47aa2,Algal leaf spot,1,train,singleton_no_enforced_relationship
source_f1806cd74dcde15a9cc1ee8a589b0826d9c66d5ef54dc73e3cc3672339835a24,Citrus pest,1,train,singleton_no_enforced_relationship
source_f1a5e61008a52b488e366d7e6871631e40de294737575172058800eb836079c1,Citrus canker,1,train,singleton_no_enforced_relationship
source_f1af965d637c6f78fe94fb3dcd7e25207c8ac9ac70cb1c84532a3527bac1b84d,Citrus canker,1,train,singleton_no_enforced_relationship
source_f1b9c0b45f89a53bc23bc7d4bae959f089ff4fb4e97ca0d3941ab849515a9127,Citrus canker,1,train,singleton_no_enforced_relationship
source_f1cda6b7cc7ebedaa3e0fff66db3dd133ec2c02d8bfef57cd286a68e8cc1f7b6,Algal leaf spot,1,test,singleton_no_enforced_relationship
source_f1e164e1f6ffefd63566761d9c04ecdab774001f7d422d03154bd9965e3d0c09,Black spot,1,train,singleton_no_enforced_relationship
source_f20337feb7771563f940b63fa92512aff4fc34ab28d80da4b5b5af129a9f6a43,Greening,1,train,singleton_no_enforced_relationship
source_f21c37a867878b7d18aad9dd23fc100f1520f7085297131c87cef1ced98fe848,Black spot,1,train,singleton_no_enforced_relationship
source_f232f9df98a7f9390a278f8527dd9598c7080bf5ebdd18d5861bc50a7339d247,Citrus pest,1,train,singleton_no_enforced_relationship
source_f24ee03ff8f15c0a8053e82bd7b2be6bd5214ce087ccc3ebd83728fd0dc1d674,Algal leaf spot,1,train,singleton_no_enforced_relationship
source_f27afccecdcb3fcaeefbdf31a7b3643e20c6f04b5ab1979651648c6dfce8e9fa,Black spot,1,train,singleton_no_enforced_relationship
source_f2c2a17d7c92374a93830137e62de1b102046063ef7c69e3580ea2be4d73a96a,Greening,1,test,singleton_no_enforced_relationship
source_f2fa5b88cbdb4d7fc277ca4a5d9151f124c9d8e97a668a4b20df632564583a1f,Black spot,1,test,singleton_no_enforced_relationship
source_f308f077331d477de7341176aae1d8d9a0f4ed9f2481b79780e671c7c7a3f354,Algal leaf spot,1,train,singleton_no_enforced_relationship
source_f3144b7da70719ff76d2dc0d0bb31695120de416e28e262d360b622a4094a5db,Greening,1,test,singleton_no_enforced_relationship
source_f3464e488fffb598507db29df8c347cade00449ddd35d989e04323ca23eba4e1,Citrus canker,1,test,singleton_no_enforced_relationship
source_f34a689ebc2e855bc6485ccc3aaacefce7e39ebc2ee3c814c566457dcfb5e615,Algal leaf spot,1,train,singleton_no_enforced_relationship
source_f34ae1f4f27aaf095d0026229e9560a9cc4072bdaf786deccffc481b4888399d,Greening,1,train,singleton_no_enforced_relationship
source_f36ef2a4ea0dc40856d0ef20a2b882ffd13fe62189badc585ff29e4bce56383b,Citrus pest,1,test,singleton_no_enforced_relationship
source_f39a48abe850bbb8a0c5d9346f18dad71556f54650dbc387cd9d3ef59e8c92f0,Citrus canker,1,val,singleton_no_enforced_relationship
source_f3b5b01fcaee6fe211757f45e94c6337ac2cde3173bacd06418a7bf36930743e,Greening,1,train,singleton_no_enforced_relationship
source_f3c2b0c8b9162c996368c2181a2db1b2cd51b2109a53fa5c2f34bbe27ea02a13,Greening,1,train,singleton_no_enforced_relationship
source_f3e063c464c9e18c2fd050d3625361237541e55877519cf5f5c943bd78df7605,Healthy leaf,1,train,singleton_no_enforced_relationship
source_f3e67583655df2edcd3d66f3caaa79aa7b681853b1e6339dd8fa175ed4f38352,Healthy leaf,1,train,singleton_no_enforced_relationship
source_f3f3e8454f4e282c39fcfaed52af2052e4c5871f488efd4c1f94633d0aac387c,Citrus pest,1,train,singleton_no_enforced_relationship
source_f42e3eeb1ddc0af2252228d58fb5ea117fd999af0a71cf4659754aba9b22b2a1,Citrus canker,1,test,singleton_no_enforced_relationship
source_f45ad48ff5ad359aee008da2d38649c17fe3cfd7815e77d339f646b3193d9f4c,Healthy leaf,1,train,singleton_no_enforced_relationship
source_f46139c17341aca16fff3a5b898dca7ad1fd6e7206b31d72c6ddcd3875732bb7,Black spot,1,test,singleton_no_enforced_relationship
source_f4a568312850eb8c6b834f5a0b12b581ce18230efec6cf36d7ca2cafa8c8f1ad,Citrus pest,1,train,singleton_no_enforced_relationship
source_f5324c06f6685788647b2e92a4bf379cd8c5032850b485f7edde5c4cc19cef86,Algal leaf spot,1,val,singleton_no_enforced_relationship
source_f538eaddd71072598595ad66001b2329638526c4365b8ab54690facd1a0b80e9,Citrus canker,1,train,singleton_no_enforced_relationship
source_f55f11859c4486c8d71e58f7c54a34be2f76314501d4aa3696e440d0f3379d83,Algal leaf spot,1,train,singleton_no_enforced_relationship
source_f56be5d5e7e940a39635d2a49c833b28f8604d8ad0bd437e2ff3b9fb94cdf2e1,Citrus canker,1,val,singleton_no_enforced_relationship
source_f605cf472db5c768bcad8b4bf10b9464927266d4aea49d0969a020cb2ad13103,Black spot,1,train,singleton_no_enforced_relationship
source_f621384b86074281a773e9aed7f0994b9d58dccf6b0c3dd3bcc63650720df341,Greening,1,train,singleton_no_enforced_relationship
source_f640a42ba94995d813089f322572a576020a0f8039f14ce9400a974e2b6f611c,Black spot,1,val,singleton_no_enforced_relationship
source_f65ca0a22e494c9150ce82eaa8e212f3906f8a275294b05be3a356da2f6fb561,Greening,1,train,singleton_no_enforced_relationship
source_f672fdf551e7373b09ac831c72a8bd061cbc37a77546912bd08699760a84c0e3,Citrus canker,1,train,singleton_no_enforced_relationship
source_f6858af0c05ebb03c80e248c2f2279f739d6a20eff8309dbde7cb2be601af43a,Citrus pest,1,train,singleton_no_enforced_relationship
source_f6920cbc10494eca6d93e6220759e3b07563f7b4053b63c77edc320ede7961d9,Greening,1,train,singleton_no_enforced_relationship
source_f6e5505ed3b86fd4b82a2dc0e60f9fb16392e451785378d02d1936ba1f592b83,Algal leaf spot,1,train,singleton_no_enforced_relationship
source_f71861f8b3018eeee96813dc358222ac484b57ea87a92114d95ebfc260665758,Citrus pest,1,train,singleton_no_enforced_relationship
source_f724a6ccec9a2c1403c587c020a25904ba54ce80374010bdd81ddf250cb62f36,Algal leaf spot,1,train,singleton_no_enforced_relationship
source_f7392d63d1f26c602e18cde8122f4f02d19706130e0208cba4819440da2aaa66,Citrus pest,1,train,singleton_no_enforced_relationship
source_f753f756df751c37b446ac0f78d4075a4df87811848f4cca1c6b0c71ddaf1a27,Black spot,1,train,singleton_no_enforced_relationship
source_f767af38d077071b4f8f03b9457f9b4659f41e3c11eb4343c28279468c85751b,Citrus pest,1,val,singleton_no_enforced_relationship
source_f77adc4b193d1edbc3a394661ef366f85c3f5ebf1c122c036a5b4845f0cb18cf,Greening,1,val,singleton_no_enforced_relationship
source_f79117c453508fb5d334edec654eca0bcbee8911c6537ba9335639879ef0a2c9,Citrus canker,1,train,singleton_no_enforced_relationship
source_f7b1121ede1b84e993bb9fb534198485659e6cb41eb5fb9a9697336440141ff7,Citrus pest,1,train,singleton_no_enforced_relationship
source_f7d02c0b64275c6f10186ee596741c005e7240ec9b238b7f2831531f4e021bbc,Healthy leaf,1,train,singleton_no_enforced_relationship
source_f7da4907a2f993e1121936c955a4866fded2d33930b4715a8377786d58ef588d,Black spot,1,train,singleton_no_enforced_relationship
source_f7e0028ff5fba8592555112e166ddebd711f1650d24118ee084258aca2b5dfee,Citrus canker,1,train,singleton_no_enforced_relationship
source_f7fb744c77d006e68d8fda63a1a22df30a408ec6c8e659635cf0b7f96097647a,Black spot,1,train,singleton_no_enforced_relationship
source_f81bc1fd043706eabbd11a1ffe67b9240341c9ad5cae8f313de7e5225f5f398f,Citrus pest,1,train,singleton_no_enforced_relationship
source_f8264ee0cbc90d86910405bdc48e8927147e76bb15e5a63c9e31c47bb12eff3f,Citrus canker,1,train,singleton_no_enforced_relationship
source_f845f69d53ec594dfff79d89ce3e0a4faa9a8761951b38cbf8a9fbb0a2193512,Citrus pest,1,test,singleton_no_enforced_relationship
source_f85430db3afb27277af90099fd1aaf8982d12dbe549b4bb176956e7c40f6948d,Citrus canker,1,train,singleton_no_enforced_relationship
source_f87ba744d46459f05bdb0d2c67f6f76bc1803458fab684699d39132e7f9ced7e,Algal leaf spot,1,train,singleton_no_enforced_relationship
source_f882e4940e692cfb0ee3de324843edfab87477ac53c7f3ddd50e4c91bbe2675b,Algal leaf spot,1,test,singleton_no_enforced_relationship
source_f88ebc5c36346fdd8d6f54e27ac298167f4e52cec115b46881c10c281baadd72,Citrus pest,1,train,singleton_no_enforced_relationship
source_f89f88298ec7872cf1152102be7e8616cd92a23d55a0d4d3a653dee9e7d76404,Healthy leaf,1,train,singleton_no_enforced_relationship
source_f8af1bc92e5662f3c268d6406ed56a78a2b7d843751ab5d4b70602be665acdf1,Citrus pest,1,train,singleton_no_enforced_relationship
source_f8dc72af9379c1899d3c7272f9522f269fb659f5fc300eead4b3caad10c95051,Algal leaf spot,1,val,singleton_no_enforced_relationship
source_f9171ed8531b03b991a8d8e94c308879bf37a74a0064de61ff6a6dc5c07330b3,Citrus canker,1,test,singleton_no_enforced_relationship
source_f926189ae441a42beb3e17a04b314c4ef2273d92edf6be38af592cf04fc4feb4,Citrus canker,1,train,singleton_no_enforced_relationship
source_f971e4fed99b1deacb2794353bc54a7718d00d869ac48e7050eebc35affda5de,Algal leaf spot,1,train,singleton_no_enforced_relationship
source_f97c8d7f1f6040b45007e73c4ee22f6afd4d519f33c2c2d862c649ee1ce3a5fb,Greening,1,train,singleton_no_enforced_relationship
source_f97fe91cfe5bfd9715c15cea07cd3a80cbef50a1f81f13985b48f1672476df85,Algal leaf spot,1,train,singleton_no_enforced_relationship
source_f98939f04cd8fd49b538d6303c6fe4cfa0877d26007b15bbbe43e6c387140597,Algal leaf spot,1,train,singleton_no_enforced_relationship
source_f9894ed91d927ab3d6113f630b102189ff0ce676ab236474cfbe5a8498c2ba37,Healthy leaf,1,train,singleton_no_enforced_relationship
source_f9eac325f0b8cee291e6ca2ffa0c80f2c673f2f0509f5d5dcf4319d4549c6759,Black spot,1,train,singleton_no_enforced_relationship
source_fa2816d6d3bbe46232d7d309910e8f41bc720e3dd42ca4d918f8a42f6cc5eb4b,Citrus canker,2,train,AB_pair_evidence;existing_AB_cluster;existing_AB_manifest
source_fa28694163b478b7ac70dff5c72c4fd671fa3ea7ca9db3789b27ba527ef79b96,Healthy leaf,1,train,singleton_no_enforced_relationship
source_fa2e5c48cf967af8c4e8e656571591aa259ee0291d4007779b9837e7fc604628,Citrus canker,1,train,singleton_no_enforced_relationship
source_fa70ec9ce2656d51db21abb426795bb865959fcc5803e25b6d994565df43963c,Healthy leaf,1,train,singleton_no_enforced_relationship
source_fa719bf1cb56ba187f67785c92bb107a6b68de5863ad9007f436e4b04a5c8aa5,Citrus pest,1,val,singleton_no_enforced_relationship
source_fa769825796ea19c402725c18de335721b329eecfd9b14c77596d777037bac9a,Black spot,1,train,singleton_no_enforced_relationship
source_fa7ec61253c5fbe2e27f28620709f3318cc1a188647e9490d51ad510c977614a,Citrus pest,1,train,singleton_no_enforced_relationship
source_fae02ef06675984783f5aa7eba22fabdea339068f0a9b26e799609cdb7da58ad,Citrus canker,1,train,singleton_no_enforced_relationship
source_fae256f1de2fe1f7b0664c366b8f55d13ea79cfab24cc8a6305bf68dbfb609f3,Greening,1,train,singleton_no_enforced_relationship
source_faeb477040f0ed60abfef7ebf1028150d0416455ab2f13d074fe87f972578449,Citrus pest,1,val,singleton_no_enforced_relationship
source_fb3ff58d30f020d480d70b9864cc22ef2a8763ccfced15233eb1e9222a4f7c48,Black spot,1,train,singleton_no_enforced_relationship
source_fb7168625180ab1466a974761adbf7aaa7b33d33cbfb989f2fd9fe6084542989,Healthy leaf,1,train,singleton_no_enforced_relationship
source_fb97765c4ff0eb49c51da03f2d9b5870ddeb9ec1e0bc93f1c99c5857c7fee79b,Citrus pest,1,test,singleton_no_enforced_relationship
source_fbace02294a29c0f07e8b8b7e12b0ef6ac86a19cec1c9da7f2b9827c70a2710a,Black spot,1,train,singleton_no_enforced_relationship
source_fbadfec3dca3d6d75e542879103a2a2f2c17f85f3008d89c237fbf0a417f3aea,Citrus canker,1,train,singleton_no_enforced_relationship
source_fbcb605dbe9d3dee935e457a17e61e311f71d09606d234617a3579c02d25f7dd,Algal leaf spot,1,train,singleton_no_enforced_relationship
source_fbcb6b3f9db29d5b118deb34dee3adcb2c5c7911d71c2180f8d7949c9f316c86,Greening,1,val,singleton_no_enforced_relationship
source_fc0ba1bb29a54dfab5e97ed08fb67aadab3e384c4ba4de8d3ab0e40b184e43b5,Black spot,1,train,singleton_no_enforced_relationship
source_fc23023c4f4b7709bb2d974460103cb903e49f53e4659fe3901370e19fc62ab0,Citrus canker,1,val,singleton_no_enforced_relationship
source_fc2b6b154d09c3c58bda46102223b84d06301d8b14e4bd5d1ecf1573aa76c29a,Black spot,1,train,singleton_no_enforced_relationship
source_fc4c30335551ea48159a47b38cd7f278a92ac63bd442277ca14aabb322332b69,Algal leaf spot,1,test,singleton_no_enforced_relationship
source_fcb23dfec6792c3666bcad0ce2b0328d7f0d9ce0441f18019d7f00741174d340,Healthy leaf,1,test,singleton_no_enforced_relationship
source_fcd5b03efe336a2d212dd5e77093f252aa9fb6b8e739733d94fe272232d80512,Citrus pest,1,train,singleton_no_enforced_relationship
source_fd0458c91d103afe35d08135c47fc1dd30018611b1b84cd5411a5915bda71e2f,Greening,1,train,singleton_no_enforced_relationship
source_fd0b6bca03198b888a2d707f9a7d10ac48d25b6f8b9f2a57b5ee43553d8f5242,Citrus pest,1,train,singleton_no_enforced_relationship
source_fd126f24f03c5de9fff7527eccf7fb836d8045e52695577ef8b9aed4a34a5421,Citrus canker,1,train,singleton_no_enforced_relationship
source_fd205d62181b383b54fdd424690695a173fc6cf1689687a9ce148934bc1281c7,Black spot,1,train,singleton_no_enforced_relationship
source_fd4f4f8b1a61fe1984b3ba45aa9d8e5018b6a0760240f88cedab9ba7d6f6cdd5,Greening,1,test,singleton_no_enforced_relationship
source_fd883c33c03714d9debf33374333eee8814b2d299e53e738cfdf7d8f235c74d0,Greening,1,train,singleton_no_enforced_relationship
source_fd9d2851560edccb05c36192782a883835a81cff77ffbdbc5f5e13dfac015722,Citrus canker,1,train,singleton_no_enforced_relationship
source_fd9f754e130af5a5e6c66e115c23c9886217cf5f006ca4c65f73bb56260af7ed,Citrus pest,1,test,singleton_no_enforced_relationship
source_fdb133c06a22f4ed499cb4a1808e35b1a25a4b1f778d42ecbfa76f348ed7c315,Healthy leaf,1,train,singleton_no_enforced_relationship
source_fdfd89c49657896b9bdf9667d7ad9f9099e4f88e8a942242eeb176e8c3b01d6e,Citrus pest,1,val,singleton_no_enforced_relationship
source_fe3215a7742cdc113940b0aba1bdb2268ee9b2a8c7b9335eb355805eb96112b9,Greening,1,train,singleton_no_enforced_relationship
source_fe57c3654604583ae5eeff5db75caa7c07d87251676e8ff53dceacabc7c7b876,Citrus canker,1,test,singleton_no_enforced_relationship
source_fe5b9b0b921d302a85f2c66c5be25cf31cf4694b78091ae59396d5a8801e9a8a,Healthy leaf,1,train,singleton_no_enforced_relationship
source_fe695137805bfcac362f9c0871e0938f9f04d1ae660c9a145df8b6d883d7dea9,Citrus pest,1,test,singleton_no_enforced_relationship
source_fe707e072611ef4259b7096ed76045bd728b47546799b11bab7efda791134d7e,Citrus pest,1,train,singleton_no_enforced_relationship
source_fe87d7f2cde8aa00c6bd6afe3a979d47ae0b4af755e918365488ad0536de557f,Algal leaf spot,1,test,singleton_no_enforced_relationship
source_feb334882e4d13f2e0d4f20ac13b83bd03fdcd22af2b5f916b05558b2eaed205,Citrus canker,1,train,singleton_no_enforced_relationship
source_fed9310e600abe5496d8f63c4a12b873418f262aaee50a82b2778d1088819c07,Black spot,2,test,AB_pair_evidence;existing_AB_cluster;existing_AB_manifest
source_fef42e3202c57fb618440cabc8f10d64e741750accbb4855827b7ae22e248524,Healthy leaf,1,train,singleton_no_enforced_relationship
source_ff0f0951ccad5511430e59a59fa5ad509caaa1028be90be2a69103ef2d7fe5f3,Algal leaf spot,1,test,singleton_no_enforced_relationship
source_ff5d22dea7293f7f7cb4894927bdbe42d348669e69ca0fd674bc54eae1a5e504,Citrus canker,1,val,singleton_no_enforced_relationship
source_ff873c19f790e1b0e7861112e072a3990e34c71d763f67788c949d002c88bdc7,Citrus pest,1,test,singleton_no_enforced_relationship
source_ffdc3e70141812b2efefd2330ba2944c6c1520a727fc57ed48e35549e6539320,Black spot,1,train,singleton_no_enforced_relationship
source_ffe9425defac933749d7c76a8f4c37c9a61d7c550dff8dbe104a2d82508e78fc,Citrus pest,1,test,singleton_no_enforced_relationship
