filepath_a,filepath_b,sources,is_audit_near_candidate,is_filename_neighbor,existing_dhash_distance,dhash_distance,phash_a,phash_b,phash_distance,normalized_pixel_mae,color_histogram_intersection,category,category_label,review_status,filename_a,class_a,split_a,sha256_a,filename_b,class_b,split_b,sha256_b,cross_split,split_combination,class_comparison,same_class_date,filename_number_gap,saved_decision,new_split_a,new_split_b
dataset/test/Algal leaf spot/2025_12_21_IMG (119).JPG,dataset/train/Algal leaf spot/2025_12_21_IMG (118).JPG,audit_near_candidate|filename_neighbor,True,True,2.0,2,6a359c469bcc83c9,6a359c469bcc83c9,0,0.0238699316978454,0.9026692708333334,D,visually similar but uncertain,requires human verification,2025_12_21_IMG (119).JPG,Algal leaf spot,test,5f85c280d4ddfe68e5eae343584b3d6e8a94b6192b4180ab42ddba48cd131c96,2025_12_21_IMG (118).JPG,Algal leaf spot,train,6cf305dd9b11191de88311b7639279879c06e1949cc57aaa6c2d3e932019421e,True,train-test,Algal leaf spot,True,1.0,,val,train
dataset/test/Algal leaf spot/2025_12_21_IMG (119).JPG,dataset/train/Algal leaf spot/2025_12_21_IMG (120).JPG,audit_near_candidate|filename_neighbor,True,True,5.0,5,6a359c469bcc83c9,6b359c4693cc92c9,4,0.0175567418336868,0.9706217447916666,C,probable near duplicate,requires human verification,2025_12_21_IMG (119).JPG,Algal leaf spot,test,5f85c280d4ddfe68e5eae343584b3d6e8a94b6192b4180ab42ddba48cd131c96,2025_12_21_IMG (120).JPG,Algal leaf spot,train,fbe880fb61b35acadc63df2a8e3ac6abbb43b6e2b57e9023fb754710b2d5b18a,True,train-test,Algal leaf spot,True,1.0,,val,train
dataset/test/Algal leaf spot/2025_12_21_IMG (135).JPG,dataset/train/Algal leaf spot/2025_12_21_IMG (137).JPG,audit_near_candidate,True,False,1.0,1,219bc6398ec99c2d,319bc6398ec99c64,4,0.0134063521400094,0.9121907552083334,D,visually similar but uncertain,requires human verification,2025_12_21_IMG (135).JPG,Algal leaf spot,test,49fad4da16ea394ece9e4998fb33ea064c16e63b376e644cc5f9b76db9740777,2025_12_21_IMG (137).JPG,Algal leaf spot,train,c7baf52722a1e247c7cb2a7386d3a27cb82a9764352ac3a9ed306af726f5a0bd,True,train-test,Algal leaf spot,True,2.0,,test,train
dataset/test/Algal leaf spot/2025_12_21_IMG (135).JPG,dataset/val/Algal leaf spot/2025_12_21_IMG (136).JPG,audit_near_candidate|filename_neighbor,True,True,1.0,1,219bc6398ec99c2d,219bc6398ec98c6d,2,0.0149465128779411,0.9208170572916666,D,visually similar but uncertain,requires human verification,2025_12_21_IMG (135).JPG,Algal leaf spot,test,49fad4da16ea394ece9e4998fb33ea064c16e63b376e644cc5f9b76db9740777,2025_12_21_IMG (136).JPG,Algal leaf spot,val,0acdd2d557512de522a3ee1ce5337d70d53a9a189a1e0e6876012133e7889dd7,True,val-test,Algal leaf spot,True,1.0,,test,train
dataset/test/Algal leaf spot/2025_12_21_IMG (139).JPG,dataset/train/Algal leaf spot/2025_12_21_IMG (140).JPG,filename_neighbor,False,True,,8,2fc0948dda3e29e1,2fc09485da1e99f8,8,0.0515842027962207,0.8683268229166666,D,visually similar but uncertain,requires human verification,2025_12_21_IMG (139).JPG,Algal leaf spot,test,3f261f6ec0a49ee866eedfa6563dd0d33eb5eb0c564156af592d19ee78ea3ae9,2025_12_21_IMG (140).JPG,Algal leaf spot,train,00f9e6ede44cfb4e3f83d37a293cdee9f86f3e86696f6e368e2dd4502c9b5c87,True,train-test,Algal leaf spot,True,1.0,,train,val
dataset/test/Algal leaf spot/2025_12_21_IMG (141).JPG,dataset/train/Algal leaf spot/2025_12_21_IMG (142).JPG,audit_near_candidate|filename_neighbor,True,True,3.0,3,32bcc331ccc3ccc6,32bcc331ccc3ccc6,0,0.0085388580337166,0.9608561197916666,C,probable near duplicate,requires human verification,2025_12_21_IMG (141).JPG,Algal leaf spot,test,fa8c66ed153648b5f1e283b07c016110feca94f3c08f9ac965bc1a23413b5896,2025_12_21_IMG (142).JPG,Algal leaf spot,train,e002ddd5a2a886a74d6d51e45c525c3d129bd59a5b263d2bb4a4e1358f4ba9e3,True,train-test,Algal leaf spot,True,1.0,,val,train
dataset/test/Algal leaf spot/2025_12_21_IMG (170).JPG,dataset/train/Algal leaf spot/2025_12_21_IMG (168).JPG,audit_near_candidate,True,False,6.0,6,343cc370cfc38c93,346cc3628fc79c92,8,0.0387424044311046,0.7584635416666666,D,visually similar but uncertain,requires human verification,2025_12_21_IMG (170).JPG,Algal leaf spot,test,6c90f7b612c70542dbf57f65176a27acab6119765f62804d668acc64554cb19b,2025_12_21_IMG (168).JPG,Algal leaf spot,train,8080324ac1052599ef6caefa62fb43584f047b99f5ed210625d33dc7662896a2,True,train-test,Algal leaf spot,True,2.0,,train,test
dataset/test/Algal leaf spot/2025_12_21_IMG (188).JPG,dataset/val/Algal leaf spot/2025_12_21_IMG (187).JPG,audit_near_candidate|filename_neighbor,True,True,5.0,5,3464d036c336cbf2,3664d036c332cb73,4,0.0197204984724521,0.9403483072916666,C,probable near duplicate,requires human verification,2025_12_21_IMG (188).JPG,Algal leaf spot,test,e3c746768774f126a389923b363ee1766e2b0d975761efacf1e7d41a87c416cf,2025_12_21_IMG (187).JPG,Algal leaf spot,val,b2becd318e0f768b22717514f02ce73597d209ec195b0c02bdd34c7f4f76904b,True,val-test,Algal leaf spot,True,1.0,,train,test
dataset/test/Algal leaf spot/2025_12_21_IMG (2).JPG,dataset/train/Algal leaf spot/2025_12_21_IMG (3).JPG,audit_near_candidate|filename_neighbor,True,True,5.0,5,3465cb36cc38ce19,3465cf36cc38ce18,2,0.0223055183887481,0.9711100260416666,C,probable near duplicate,requires human verification,2025_12_21_IMG (2).JPG,Algal leaf spot,test,e8979abdcf2b95baf706c39b395524ef4998bf1c50b725c98d383ca0398fcee1,2025_12_21_IMG (3).JPG,Algal leaf spot,train,cb20b8bfb8ad70988eb874eba26985e0a66d2a883697ae3a1200d2d8c805062e,True,train-test,Algal leaf spot,True,1.0,,val,train
dataset/test/Algal leaf spot/2025_12_21_IMG (20).JPG,dataset/train/Algal leaf spot/2025_12_21_IMG (19).JPG,audit_near_candidate|filename_neighbor,True,True,2.0,2,3d61cb16cc39cc19,3d61cb16cc39cc19,0,0.0070165693759918,0.962646484375,C,probable near duplicate,requires human verification,2025_12_21_IMG (20).JPG,Algal leaf spot,test,8ab4687b01f5f79fec9fe001797d98fa5b2d05a3e2079f66a8bed773a245b6af,2025_12_21_IMG (19).JPG,Algal leaf spot,train,85e2ae7b13a4bc6d3ada1b23b19c941f46c24cb0a432a8fa05425309186cc0f2,True,train-test,Algal leaf spot,True,1.0,,train,val
dataset/test/Algal leaf spot/2025_12_21_IMG (225).JPG,dataset/train/Algal leaf spot/2025_12_21_IMG (226).JPG,audit_near_candidate|filename_neighbor,True,True,5.0,5,2b95c06aad65b07a,2b95c06aad60b27b,4,0.0306647028774023,0.9484049479166666,C,probable near duplicate,requires human verification,2025_12_21_IMG (225).JPG,Algal leaf spot,test,df07bc41b1f36ff8b4db42e32c58b375f4a6f2d7fcc34726dbdb57a5ba5b10f2,2025_12_21_IMG (226).JPG,Algal leaf spot,train,def4dbabd4654d37f312e9a644f49711499b8c1065c95975486c681435adf2b1,True,train-test,Algal leaf spot,True,1.0,,val,test
dataset/test/Algal leaf spot/2025_12_21_IMG (227).JPG,dataset/train/Algal leaf spot/2025_12_21_IMG (226).JPG,audit_near_candidate|filename_neighbor,True,True,5.0,5,2b95c06aad60b27b,2b95c06aad60b27b,0,0.0199505984783172,0.9742024739583334,C,probable near duplicate,requires human verification,2025_12_21_IMG (227).JPG,Algal leaf spot,test,27aeba3496125835fb5695a641c8dbc398432b10b51eeabc7f50dd92041193e2,2025_12_21_IMG (226).JPG,Algal leaf spot,train,def4dbabd4654d37f312e9a644f49711499b8c1065c95975486c681435adf2b1,True,train-test,Algal leaf spot,True,1.0,,train,test
dataset/test/Algal leaf spot/2025_12_21_IMG (256).JPG,dataset/train/Algal leaf spot/2025_12_21_IMG (255).JPG,audit_near_candidate|filename_neighbor,True,True,4.0,4,7d42c0ad8f9c8d1c,7dc2c0ad8f9c9838,6,0.0305277910083532,0.953125,C,probable near duplicate,requires human verification,2025_12_21_IMG (256).JPG,Algal leaf spot,test,cfa719d20153f6d53aaffb87f78d9133ab9aa668e020dc25d7a284dc879e1495,2025_12_21_IMG (255).JPG,Algal leaf spot,train,b2d5d5ccb7b5be2c971528c984ed505e58eb6ce3ca9ec60b0247f347098f890b,True,train-test,Algal leaf spot,True,1.0,,val,train
dataset/test/Algal leaf spot/2025_12_21_IMG (256).JPG,dataset/val/Algal leaf spot/2025_12_21_IMG (257).JPG,audit_near_candidate|filename_neighbor,True,True,2.0,2,7d42c0ad8f9c8d1c,7dc2c0ad8f9c9918,4,0.0125826569274067,0.9762369791666666,C,probable near duplicate,requires human verification,2025_12_21_IMG (256).JPG,Algal leaf spot,test,cfa719d20153f6d53aaffb87f78d9133ab9aa668e020dc25d7a284dc879e1495,2025_12_21_IMG (257).JPG,Algal leaf spot,val,54e28fffed692fd2873946aabf5b5eae441e9f649cd46d6605db4e117c238e44,True,val-test,Algal leaf spot,True,1.0,,val,train
dataset/test/Algal leaf spot/2025_12_21_IMG (264).JPG,dataset/train/Algal leaf spot/2025_12_21_IMG (263).JPG,audit_near_candidate|filename_neighbor,True,True,3.0,3,78ce8724dab49932,78ce970e9a9c9b10,10,0.033936183899641,0.9662272135416666,D,visually similar but uncertain,requires human verification,2025_12_21_IMG (264).JPG,Algal leaf spot,test,f960ee4e1dc290e44bb076cc1a5397d4edff5c56540617543ff55c049a229746,2025_12_21_IMG (263).JPG,Algal leaf spot,train,830f09500f36116a254bf1041fa9d6767f2ffe4902ce534b3fe42032b26f5a9b,True,train-test,Algal leaf spot,True,1.0,,train,val
dataset/test/Algal leaf spot/2025_12_21_IMG (273).JPG,dataset/train/Algal leaf spot/2025_12_21_IMG (275).JPG,audit_near_candidate,True,False,2.0,2,3d1ec379cc678046,3d1ec369cc679046,2,0.0228764563798904,0.9038899739583334,D,visually similar but uncertain,requires human verification,2025_12_21_IMG (273).JPG,Algal leaf spot,test,cdc6fe33d8512d2fbb5ab1a218a8c43b7aee8369cd1d9b4edb45ed35435dccd1,2025_12_21_IMG (275).JPG,Algal leaf spot,train,bcdee8c20ce5939b40485008b2657ba4e23cc433c110dc2a01e99dd7195be631,True,train-test,Algal leaf spot,True,2.0,,train,val
dataset/test/Algal leaf spot/2025_12_21_IMG (274).JPG,dataset/train/Algal leaf spot/2025_12_21_IMG (275).JPG,audit_near_candidate|filename_neighbor,True,True,3.0,3,3d1ec369cc679046,3d1ec369cc679046,0,0.0088321454823017,0.9712727864583334,C,probable near duplicate,requires human verification,2025_12_21_IMG (274).JPG,Algal leaf spot,test,66bdd20206cf0d942cbbda14c3a4dd028ecfb942b26aa7bb1c63fb68e86b310d,2025_12_21_IMG (275).JPG,Algal leaf spot,train,bcdee8c20ce5939b40485008b2657ba4e23cc433c110dc2a01e99dd7195be631,True,train-test,Algal leaf spot,True,1.0,,train,val
dataset/test/Algal leaf spot/2025_12_21_IMG (292).JPG,dataset/val/Algal leaf spot/2025_12_21_IMG (293).JPG,audit_near_candidate|filename_neighbor,True,True,4.0,4,3038cb61d967c963,3038cb61d967c9c6,4,0.0183316096663475,0.91357421875,D,visually similar but uncertain,requires human verification,2025_12_21_IMG (292).JPG,Algal leaf spot,test,6c3c072a6df0036dd44ef4e87bb1d064a87aaa71231e964fea330677b3adaf48,2025_12_21_IMG (293).JPG,Algal leaf spot,val,906c0e7f361bd44528875c5a2f3d13d3606cd752bb0b8cf6f41205599e6e8e17,True,val-test,Algal leaf spot,True,1.0,,test,train
dataset/test/Algal leaf spot/2025_12_21_IMG (294).JPG,dataset/train/Algal leaf spot/2025_12_21_IMG (295).JPG,audit_near_candidate|filename_neighbor,True,True,3.0,3,3b2bc5b41e823a1b,3b2bc5b45e823a1a,2,0.0168418735265731,0.9456380208333334,C,probable near duplicate,requires human verification,2025_12_21_IMG (294).JPG,Algal leaf spot,test,2d208b7e2425faf4be63b8be488081789c8beecef8a4836fae8a177d7f7d2cc1,2025_12_21_IMG (295).JPG,Algal leaf spot,train,aa283a5db744e6e0d719669a4512af8e416b5f20d7869a9b1c02a451c6d31160,True,train-test,Algal leaf spot,True,1.0,,val,test
dataset/test/Algal leaf spot/2025_12_21_IMG (294).JPG,dataset/train/Algal leaf spot/2025_12_21_IMG (297).JPG,audit_near_candidate,True,False,5.0,5,3b2bc5b41e823a1b,3a2b85b45e833a5a,6,0.0216133072972297,0.9545084635416666,C,probable near duplicate,requires human verification,2025_12_21_IMG (294).JPG,Algal leaf spot,test,2d208b7e2425faf4be63b8be488081789c8beecef8a4836fae8a177d7f7d2cc1,2025_12_21_IMG (297).JPG,Algal leaf spot,train,8046c723c3e58e92e5076d56f8dfa8c2a4d13765132a663e9f52793528589362,True,train-test,Algal leaf spot,True,3.0,,val,train
dataset/test/Algal leaf spot/2025_12_21_IMG (305).JPG,dataset/train/Algal leaf spot/2025_12_21_IMG (304).JPG,audit_near_candidate|filename_neighbor,True,True,2.0,2,3f68c227cd1bc419,3f68c227cd1bc419,0,0.0141560062766075,0.9437662760416666,C,probable near duplicate,requires human verification,2025_12_21_IMG (305).JPG,Algal leaf spot,test,2a64a8e287d21b4ad3fd827a00cea3ef25eef54533b46806a658eb5240e4a02a,2025_12_21_IMG (304).JPG,Algal leaf spot,train,cf8c484dd9d9ef93914a1b47a81c2760f7083ee5ad7c1b60ca6c818e4196b4ca,True,train-test,Algal leaf spot,True,1.0,,train,val
dataset/test/Algal leaf spot/2025_12_21_IMG (310).JPG,dataset/train/Algal leaf spot/2025_12_21_IMG (1).JPG,audit_near_candidate,True,False,0.0,0,2f1f84729c4f90cc,2f1d84729c4fd0cc,2,0.0095996735617518,0.9678548177083334,C,probable near duplicate,requires human verification,2025_12_21_IMG (310).JPG,Algal leaf spot,test,9638616d327a23abf1cf531407eb6f4401e588579e7d9af022f1d84155a30d05,2025_12_21_IMG (1).JPG,Algal leaf spot,train,e8deabec6be8f185cff4875552617d9a3c5b3ec613356cec28a22aa4d6e8ee98,True,train-test,Algal leaf spot,True,309.0,,val,train
dataset/test/Algal leaf spot/2025_12_21_IMG (78).JPG,dataset/train/Algal leaf spot/2025_12_21_IMG (77).JPG,audit_near_candidate|filename_neighbor,True,True,0.0,0,614c9e3c9b319b32,614d9e1c93799332,6,0.0234614368528127,0.9698079427083334,C,probable near duplicate,requires human verification,2025_12_21_IMG (78).JPG,Algal leaf spot,test,5b217c5ce61699d7b21fe4305151582f1b614fe1f07d2e4c6a1041e2d7ad490f,2025_12_21_IMG (77).JPG,Algal leaf spot,train,35466c507d8883f7fbfe3cfd487a9d1e686cb6cc52eeb8c640b1ed229265f762,True,train-test,Algal leaf spot,True,1.0,,train,test
dataset/test/Algal leaf spot/2025_12_21_IMG (78).JPG,dataset/train/Algal leaf spot/2025_12_21_IMG (80).JPG,audit_near_candidate,True,False,0.0,0,614c9e3c9b319b32,614d9e3c93319b32,2,0.0141381351277232,0.973388671875,C,probable near duplicate,requires human verification,2025_12_21_IMG (78).JPG,Algal leaf spot,test,5b217c5ce61699d7b21fe4305151582f1b614fe1f07d2e4c6a1041e2d7ad490f,2025_12_21_IMG (80).JPG,Algal leaf spot,train,e5e9bb7e00efa7178071b7c63110a5ee1f70848792de8713edae187587690b83,True,train-test,Algal leaf spot,True,2.0,,train,val
dataset/test/Algal leaf spot/2025_12_21_IMG (79).JPG,dataset/train/Algal leaf spot/2025_12_21_IMG (77).JPG,audit_near_candidate,True,False,1.0,1,614c9e3c9b319b32,614d9e1c93799332,6,0.022175945341587,0.9646809895833334,C,probable near duplicate,requires human verification,2025_12_21_IMG (79).JPG,Algal leaf spot,test,62a76e17025c2ed450ec9e99b14a151522d1e753ee2a2f26dfed944b17685dea,2025_12_21_IMG (77).JPG,Algal leaf spot,train,35466c507d8883f7fbfe3cfd487a9d1e686cb6cc52eeb8c640b1ed229265f762,True,train-test,Algal leaf spot,True,2.0,,train,test
dataset/test/Algal leaf spot/2025_12_21_IMG (79).JPG,dataset/train/Algal leaf spot/2025_12_21_IMG (80).JPG,audit_near_candidate|filename_neighbor,True,True,1.0,1,614c9e3c9b319b32,614d9e3c93319b32,2,0.0123024536296725,0.9725748697916666,C,probable near duplicate,requires human verification,2025_12_21_IMG (79).JPG,Algal leaf spot,test,62a76e17025c2ed450ec9e99b14a151522d1e753ee2a2f26dfed944b17685dea,2025_12_21_IMG (80).JPG,Algal leaf spot,train,e5e9bb7e00efa7178071b7c63110a5ee1f70848792de8713edae187587690b83,True,train-test,Algal leaf spot,True,1.0,,train,val
dataset/test/Algal leaf spot/2025_12_21_IMG (92).JPG,dataset/test/Algal leaf spot/2025_12_21_IMG (93).JPG,filename_neighbor,False,True,,15,65309ac39969cdc6,653398ca9b498dcc,10,0.0573073029518127,0.830810546875,D,visually similar but uncertain,requires human verification,2025_12_21_IMG (92).JPG,Algal leaf spot,test,25c0fb07d30533362bb93aec790979fbb0511c4d90d3894db3ea510fddcb5284,2025_12_21_IMG (93).JPG,Algal leaf spot,test,ed32a9e1185f7352136fb223e1b3dbe875230baa3dd2e833cda536d4c0c5880b,False,test,Algal leaf spot,True,1.0,,val,train
dataset/test/Algal leaf spot/2025_12_21_IMG (92).JPG,dataset/train/Algal leaf spot/2025_12_21_IMG (91).JPG,audit_near_candidate|filename_neighbor,True,True,6.0,6,65309ac39969cdc6,65109ecbc94dccc6,8,0.0565700940787792,0.827392578125,D,visually similar but uncertain,requires human verification,2025_12_21_IMG (92).JPG,Algal leaf spot,test,25c0fb07d30533362bb93aec790979fbb0511c4d90d3894db3ea510fddcb5284,2025_12_21_IMG (91).JPG,Algal leaf spot,train,297ed7ceeae14bc9d5fec3f663b3749326e836081d20438c177b5429353ae817,True,train-test,Algal leaf spot,True,1.0,,val,train
dataset/test/Black spot/2025_12_20_IMG (110).JPG,dataset/val/Black spot/2025_12_20_IMG (111).JPG,audit_near_candidate|filename_neighbor,True,True,3.0,3,34658f96c6989a9c,30658f96c698ba9c,2,0.0123962806537747,0.97119140625,C,probable near duplicate,requires human verification,2025_12_20_IMG (110).JPG,Black spot,test,0c00fb4869a82f0b8e19992e87b826aba402cdc254374049b1e59f2ea099a7fc,2025_12_20_IMG (111).JPG,Black spot,val,d3e903a4290ea34394f0eb370bfe97a791f6a9194f95c96e0cb195300216f37c,True,val-test,Black spot,True,1.0,,train,test
dataset/test/Black spot/2025_12_20_IMG (112).JPG,dataset/test/Black spot/2025_12_20_IMG (113).JPG,filename_neighbor,False,True,,8,30658f96c698ba9c,206f97b6c698929c,8,0.0259369909763336,0.9515787760416666,D,visually similar but uncertain,requires human verification,2025_12_20_IMG (112).JPG,Black spot,test,9e4bd51aee5a16c42212871f6d0235ea4dc4f1c84e645028c86509dda031dcfe,2025_12_20_IMG (113).JPG,Black spot,test,e4eaad41dea685273c0551d858ca859857c829425dd87ae6ceb4f931055b86c8,False,test,Black spot,True,1.0,,train,test
dataset/test/Black spot/2025_12_20_IMG (112).JPG,dataset/val/Black spot/2025_12_20_IMG (111).JPG,audit_near_candidate|filename_neighbor,True,True,1.0,1,30658f96c698ba9c,30658f96c698ba9c,0,0.0130926379933953,0.9686686197916666,C,probable near duplicate,requires human verification,2025_12_20_IMG (112).JPG,Black spot,test,9e4bd51aee5a16c42212871f6d0235ea4dc4f1c84e645028c86509dda031dcfe,2025_12_20_IMG (111).JPG,Black spot,val,d3e903a4290ea34394f0eb370bfe97a791f6a9194f95c96e0cb195300216f37c,True,val-test,Black spot,True,1.0,,train,test
dataset/test/Black spot/2025_12_20_IMG (119).JPG,dataset/train/Black spot/2025_12_20_IMG (118).JPG,audit_near_candidate|filename_neighbor,True,True,3.0,3,2d3791e098cdc3cc,2d3791e098cdc3cc,0,0.0167557056993246,0.9204915364583334,D,visually similar but uncertain,requires human verification,2025_12_20_IMG (119).JPG,Black spot,test,25ff18baab4fbcb7ae65c0985527ec19d47472844cf63acc8842259616f7c50c,2025_12_20_IMG (118).JPG,Black spot,train,1d53fc16cf6836ec730bebf8e18ca2dd7d1befb36025dba2961c63b507fa7e03,True,train-test,Black spot,True,1.0,,train,test
dataset/test/Black spot/2025_12_20_IMG (135).JPG,dataset/train/Black spot/2025_12_20_IMG (134).JPG,audit_near_candidate|filename_neighbor,True,True,4.0,4,3d96d098c1c9c7cc,3d96d099c1c9c7c4,2,0.0166851785033941,0.9715983072916666,C,probable near duplicate,requires human verification,2025_12_20_IMG (135).JPG,Black spot,test,5055c769ff98329634c515aa697cc13baba436fea51864e33bdfd2334b5c0ee7,2025_12_20_IMG (134).JPG,Black spot,train,5d3794211779f9d0749b314bde2b825a1d4721914ad0fa5b2ec6a8e6b0c61528,True,train-test,Black spot,True,1.0,,val,train
dataset/test/Black spot/2025_12_20_IMG (139).JPG,dataset/train/Black spot/2025_12_20_IMG (140).JPG,audit_near_candidate|filename_neighbor,True,True,1.0,1,68c78596cc9c9c9c,68c7859ecc989c9c,2,0.0111596202477812,0.9759928385416666,C,probable near duplicate,requires human verification,2025_12_20_IMG (139).JPG,Black spot,test,8c82381b22432171b434dac5d889ab84f1155a668ef4edfb32afe5d208ed812e,2025_12_20_IMG (140).JPG,Black spot,train,e19cee0308f7722d2a11c8cdb766b5f2f89ae10d9d0ab3b4cde180c41e436934,True,train-test,Black spot,True,1.0,,train,test
dataset/test/Black spot/2025_12_20_IMG (141).JPG,dataset/train/Black spot/2025_12_20_IMG (140).JPG,audit_near_candidate|filename_neighbor,True,True,6.0,6,68c7859cdc989c9c,68c7859ecc989c9c,2,0.0118770422413945,0.9750162760416666,C,probable near duplicate,requires human verification,2025_12_20_IMG (141).JPG,Black spot,test,ec5de52ec5bfd2dab5ddd9612cf608109aad475ea9fa28be36dd850a23af8bec,2025_12_20_IMG (140).JPG,Black spot,train,e19cee0308f7722d2a11c8cdb766b5f2f89ae10d9d0ab3b4cde180c41e436934,True,train-test,Black spot,True,1.0,,train,test
dataset/test/Black spot/2025_12_20_IMG (146).JPG,dataset/train/Black spot/2025_12_20_IMG (144).JPG,audit_near_candidate,True,False,1.0,1,2a95d57a8f65340a,2a95d57a8f65340a,0,0.0321139059960842,0.8414713541666666,D,visually similar but uncertain,requires human verification,2025_12_20_IMG (146).JPG,Black spot,test,64d34fdd0bb698c51ea4619905803082f5e6360f3a90c7e544788f8d7b416e8f,2025_12_20_IMG (144).JPG,Black spot,train,af5dd8deafc27f0a2fb50c420b79bb0ff569b278097f28d379cc015c3cbb22bb,True,train-test,Black spot,True,2.0,,train,val
dataset/test/Black spot/2025_12_20_IMG (146).JPG,dataset/train/Citrus canker/2025_12_21_IMG (208).JPG,audit_near_candidate,True,False,0.0,0,2a95d57a8f65340a,2a95d57a8f65340a,0,0.0369829945266246,0.8776041666666666,D,visually similar but uncertain,requires human verification,2025_12_20_IMG (146).JPG,Black spot,test,64d34fdd0bb698c51ea4619905803082f5e6360f3a90c7e544788f8d7b416e8f,2025_12_21_IMG (208).JPG,Citrus canker,train,358fad59f381819cca1076bdaf55e482aa7a34ce2ab3db5f65e00e235babd90a,True,train-test,Black spot <> Citrus canker,False,62.0,,train,test
dataset/test/Black spot/2025_12_20_IMG (170).JPG,dataset/val/Black spot/2025_12_20_IMG (171).JPG,audit_near_candidate|filename_neighbor,True,True,6.0,6,6a62859f3cd0216f,2a62859f3ed0216f,2,0.0247954335063695,0.9348958333333334,D,visually similar but uncertain,requires human verification,2025_12_20_IMG (170).JPG,Black spot,test,8bc53293bc889268389eecc77d19d02fc61c0f5c08af248ce3245cc87528d27a,2025_12_20_IMG (171).JPG,Black spot,val,7d1ac3e9a90fa128e9d1f4f617867c0e8519b8c5cd99417d3776d2ddd3b79482,True,val-test,Black spot,True,1.0,,val,train
dataset/test/Black spot/2025_12_20_IMG (172).JPG,dataset/train/Black spot/2025_12_20_IMG (173).JPG,audit_near_candidate|filename_neighbor,True,True,4.0,4,25d392cbcbc9890d,35d392cbcb49890d,2,0.0228407103568315,0.9359537760416666,D,visually similar but uncertain,requires human verification,2025_12_20_IMG (172).JPG,Black spot,test,090b951a61d716d4ec7a106688a894f2fceaf0a9b2efba72cc8cc8eb8c951bf0,2025_12_20_IMG (173).JPG,Black spot,train,9828cfa7f62916027b3bdbc9f93b3d6d9e9948c3a26af4e2e2e9b243f00aa790,True,train-test,Black spot,True,1.0,,train,test
dataset/test/Black spot/2025_12_20_IMG (199).JPG,dataset/train/Black spot/2025_12_20_IMG (198).JPG,audit_near_candidate|filename_neighbor,True,True,3.0,3,37cec3f08d83cc0c,35cec3f08d83cc2c,2,0.0209453497081995,0.974853515625,C,probable near duplicate,requires human verification,2025_12_20_IMG (199).JPG,Black spot,test,813ac2526f4310a452460256630048ba57da1218b948819933627a8d4da529fc,2025_12_20_IMG (198).JPG,Black spot,train,701a3c16bfa2e7ae450f6d331f8c829f71fd93e108fe2a5deadeb016b845b226,True,train-test,Black spot,True,1.0,,train,val
dataset/test/Black spot/2025_12_20_IMG (2).JPG,dataset/train/Black spot/2025_12_20_IMG (4).JPG,audit_near_candidate,True,False,4.0,4,7f3ac04b1fa4311a,7f3ac06b0fa4311a,2,0.0273466203361749,0.9236653645833334,D,visually similar but uncertain,requires human verification,2025_12_20_IMG (2).JPG,Black spot,test,dc7bddc03502ca42e56a1be05841727ae068e2dea0e8c826d1f63ef5a78b4f88,2025_12_20_IMG (4).JPG,Black spot,train,ef7ef5ba7ffb586040d33c1a2a2dc5089cfc1246ac4bbc36518b66140443a9cc,True,train-test,Black spot,True,2.0,,train,test
dataset/test/Black spot/2025_12_20_IMG (20).JPG,dataset/train/Black spot/2025_12_20_IMG (21).JPG,audit_near_candidate|filename_neighbor,True,True,6.0,6,61ec9687989e8d19,61ec96c3989e8d19,2,0.0184321384876966,0.9717610677083334,C,probable near duplicate,requires human verification,2025_12_20_IMG (20).JPG,Black spot,test,bbd3ff12f78ec64ac86a13a91576620daffee9d68bc6822cd4ca274eec0ffa48,2025_12_20_IMG (21).JPG,Black spot,train,b6de34df42df5656a825b9d0e4eaddfbd3c2edc20ca7c593d2a72cdbd81a5d85,True,train-test,Black spot,True,1.0,,train,val
dataset/test/Black spot/2025_12_20_IMG (201).JPG,dataset/train/Black spot/2025_12_20_IMG (200).JPG,audit_near_candidate|filename_neighbor,True,True,0.0,0,716c97c7889a8cc9,716c93e38c9a8cc9,4,0.012891262769699,0.9322102864583334,D,visually similar but uncertain,requires human verification,2025_12_20_IMG (201).JPG,Black spot,test,29979d78c6ff53b1a680b0babc4c7d460068f98cedd2666dcfe979a77a4364dd,2025_12_20_IMG (200).JPG,Black spot,train,2703b9ce1b13a1ea0fd132d8bd182c7fa6fb4dcba44681557599fc2ae7001dbd,True,train-test,Black spot,True,1.0,,val,train
dataset/test/Black spot/2025_12_20_IMG (227).JPG,dataset/train/Black spot/2025_12_20_IMG (228).JPG,audit_near_candidate|filename_neighbor,True,True,4.0,4,65ed9e9238196364,65cd9e92390b6364,4,0.0127805219963192,0.907470703125,D,visually similar but uncertain,requires human verification,2025_12_20_IMG (227).JPG,Black spot,test,ff0c634b9f35b692a28a0aa1355ab6878142c9c16e001c772bb42c5e432674f5,2025_12_20_IMG (228).JPG,Black spot,train,d9501f031ca2d24022e49a992e111cb66af835309ba708a9f2c66e9d3103944b,True,train-test,Black spot,True,1.0,,test,train
dataset/test/Black spot/2025_12_20_IMG (234).JPG,dataset/train/Black spot/2025_12_20_IMG (233).JPG,filename_neighbor,False,True,,7,616f9e348d931299,616a9e359d931299,4,0.0240595024079084,0.9457194010416666,C,probable near duplicate,requires human verification,2025_12_20_IMG (234).JPG,Black spot,test,f22857cbbf405a2a05b5adc3e04a4baad217cd3f9004300ee6662a7d7593de70,2025_12_20_IMG (233).JPG,Black spot,train,284616e103f92ee472bcd00c83c21ac9a1d5613089611a073f8484de5bd83850,True,train-test,Black spot,True,1.0,,val,train
dataset/test/Black spot/2025_12_20_IMG (254).JPG,dataset/train/Black spot/2025_12_20_IMG (255).JPG,audit_near_candidate|filename_neighbor,True,True,2.0,2,3dc1928fd832d133,3dc1928fd832d133,0,0.0078517543151974,0.9757486979166666,C,probable near duplicate,requires human verification,2025_12_20_IMG (254).JPG,Black spot,test,dfa7393c4f2e55ac229702e7db8a83e46b0b8cd2a1c23a23cdcd38a7c24202cd,2025_12_20_IMG (255).JPG,Black spot,train,ef37aed89e46389255147603b45380b8712f24fd53f2bcd1fe9a0dabb4767e3b,True,train-test,Black spot,True,1.0,,test,train
dataset/test/Black spot/2025_12_20_IMG (256).JPG,dataset/val/Black spot/2025_12_20_IMG (257).JPG,audit_near_candidate|filename_neighbor,True,True,0.0,0,306cc3b2ce9b388d,3064c3b2ce9b3c8d,2,0.0141684534028172,0.8912760416666666,D,visually similar but uncertain,requires human verification,2025_12_20_IMG (256).JPG,Black spot,test,44db27c6c71d91fd8f053afa855e621dcd1af2f81b209b94f1dae96d964a8d57,2025_12_20_IMG (257).JPG,Black spot,val,fe7ee857ff75362f901e84ea43bb201091d26d38251f66ee37e06d6282579208,True,val-test,Black spot,True,1.0,,train,val
dataset/test/Black spot/2025_12_20_IMG (266).JPG,dataset/train/Black spot/2025_12_20_IMG (265).JPG,audit_near_candidate|filename_neighbor,True,True,3.0,3,6a83953e6ac0951f,6b82943f6bc0950f,6,0.0117098139598965,0.9341634114583334,D,visually similar but uncertain,requires human verification,2025_12_20_IMG (266).JPG,Black spot,test,9fc591c18c0fdd5bde4e14c2d49770df30aa316cbc5d269fc5663036e1736edf,2025_12_20_IMG (265).JPG,Black spot,train,29baee385863044c5112be270af8c8e2fb88fc4fd058f09d925677e137421f57,True,train-test,Black spot,True,1.0,,test,train
dataset/test/Black spot/2025_12_20_IMG (266).JPG,dataset/val/Black spot/2025_12_20_IMG (267).JPG,audit_near_candidate|filename_neighbor,True,True,4.0,4,6a83953e6ac0951f,6a87953a6a85955a,8,0.0243473630398511,0.9690755208333334,D,visually similar but uncertain,requires human verification,2025_12_20_IMG (266).JPG,Black spot,test,9fc591c18c0fdd5bde4e14c2d49770df30aa316cbc5d269fc5663036e1736edf,2025_12_20_IMG (267).JPG,Black spot,val,f930dc1c43c294e94dfa45a0b6bf968065120933eb2cebf74b9e1cc69eed35de,True,val-test,Black spot,True,1.0,,test,val
dataset/test/Black spot/2025_12_20_IMG (8).JPG,dataset/test/Black spot/2025_12_20_IMG (9).JPG,filename_neighbor,False,True,,1,31d3d20cc9f0cce3,71e3c22ccdb0ccc3,8,0.0243578944355249,0.8926595052083334,D,visually similar but uncertain,requires human verification,2025_12_20_IMG (8).JPG,Black spot,test,aea9c5120688c9c7390f2695cbef2620f3d83cd292c70d56af1279074773323f,2025_12_20_IMG (9).JPG,Black spot,test,7ccd3d04f40059af4e559bf53d21ed5e6d8888964a686d4e8708f994e93d42d3,False,test,Black spot,True,1.0,,train,test
dataset/test/Black spot/2025_12_20_IMG (86).JPG,dataset/train/Black spot/2025_12_20_IMG (87).JPG,filename_neighbor,False,True,,27,2f93c06abf47209a,6b97c0683f87609a,8,0.0708087608218193,0.849609375,D,visually similar but uncertain,requires human verification,2025_12_20_IMG (86).JPG,Black spot,test,0b515892eac1fdd344c8949aa3935c6fc40446895d8c5ab7842685307505d448,2025_12_20_IMG (87).JPG,Black spot,train,d970186102d3a0690d4c59291191af4eff446f47964c43a5d778fd1817a44d03,True,train-test,Black spot,True,1.0,,test,val
dataset/test/Citrus canker/2025_12_21_IMG (281).JPG,dataset/train/Greening/2025_12_21_IMG (85).JPG,audit_near_candidate,True,False,5.0,5,3cc3c370c336c70e,3cc7c3e0c1b2c70b,8,0.0579969696700573,0.8101399739583334,D,visually similar but uncertain,requires human verification,2025_12_21_IMG (281).JPG,Citrus canker,test,3793b93a1d8f734e6df20b63f1998181fe0ccf3692f01808f4d8b2f21adc4656,2025_12_21_IMG (85).JPG,Greening,train,cf99c432380dda9e6a16feb36ce288284dfd1cc0651a9f6f1920839f4c34934e,True,train-test,Citrus canker <> Greening,False,196.0,,train,test
dataset/test/Citrus canker/2025_12_21_IMG (344).JPG,dataset/train/Citrus canker/2025_12_21_IMG (341).JPG,audit_near_candidate,True,False,3.0,3,7b3f84e058874378,7b3f84e058874378,0,0.0193518940359354,0.9537760416666666,C,probable near duplicate,requires human verification,2025_12_21_IMG (344).JPG,Citrus canker,test,c2998315fc872f3350091f7fe20149fc201270e07d1491d7431c1af283f64ef4,2025_12_21_IMG (341).JPG,Citrus canker,train,a23e6608a84edbc4ec3e1c8ada9ed8cb7a35cf7e6e16dfcb874adca45554b6e5,True,train-test,Citrus canker,True,3.0,,test,train
dataset/test/Citrus canker/2025_12_21_IMG (344).JPG,dataset/train/Citrus canker/2025_12_21_IMG (343).JPG,audit_near_candidate|filename_neighbor,True,True,1.0,1,7b3f84e058874378,7b3f80e05c874378,2,0.0135691119357943,0.9788411458333334,C,probable near duplicate,requires human verification,2025_12_21_IMG (344).JPG,Citrus canker,test,c2998315fc872f3350091f7fe20149fc201270e07d1491d7431c1af283f64ef4,2025_12_21_IMG (343).JPG,Citrus canker,train,10e5f478f697d5a171536e6563228a3c27b97eeeb760fb4784f28845bd89f6fb,True,train-test,Citrus canker,True,1.0,,test,train
dataset/test/Citrus canker/2025_12_21_IMG (344).JPG,dataset/val/Citrus canker/2025_12_21_IMG (340).JPG,audit_near_candidate,True,False,6.0,6,7b3f84e058874378,7a3f80f05c87427a,6,0.0333307795226573,0.8951009114583334,D,visually similar but uncertain,requires human verification,2025_12_21_IMG (344).JPG,Citrus canker,test,c2998315fc872f3350091f7fe20149fc201270e07d1491d7431c1af283f64ef4,2025_12_21_IMG (340).JPG,Citrus canker,val,27a216cbeb05fbb9f8b0d278936188c5c66f768e9a284fb74be6c3d7546801ac,True,val-test,Citrus canker,True,4.0,,test,train
dataset/test/Citrus canker/2025_12_21_IMG (376).JPG,dataset/train/Citrus canker/2025_12_21_IMG (377).JPG,audit_near_candidate|filename_neighbor,True,True,4.0,4,2a97d5ead0540f2a,2a97d5ead0540f2a,0,0.0178417339920997,0.9601236979166666,C,probable near duplicate,requires human verification,2025_12_21_IMG (376).JPG,Citrus canker,test,37970cfb000c25fa49afe3437602816a90b5bbfa506c2cd9a80047592a339d6d,2025_12_21_IMG (377).JPG,Citrus canker,train,18105485d15f6a7bd372b0de5c967847c881c8f2264f7ba80342d4de67be675e,True,train-test,Citrus canker,True,1.0,,train,val
dataset/test/Citrus canker/2025_12_21_IMG (385).JPG,dataset/train/Citrus canker/2025_12_21_IMG (384).JPG,audit_near_candidate|filename_neighbor,True,True,5.0,5,7e95c058c9c1cce6,7eb5c050c9c1cce6,2,0.0130594484508037,0.9755859375,C,probable near duplicate,requires human verification,2025_12_21_IMG (385).JPG,Citrus canker,test,159b19255ff22108b39cb37e20f2edc864836eafd74d41cac62511ad235e488d,2025_12_21_IMG (384).JPG,Citrus canker,train,40305921ac0c5877d1031350988e4584706d0d336aac38d5d7748052e47edfea,True,train-test,Citrus canker,True,1.0,,train,val
dataset/test/Citrus canker/2025_12_21_IMG (387).JPG,dataset/train/Citrus canker/2025_12_21_IMG (386).JPG,audit_near_candidate|filename_neighbor,True,True,5.0,5,3d3ef0f6c2389320,3d3ef0f4c2389b20,2,0.0231882538646459,0.9545084635416666,C,probable near duplicate,requires human verification,2025_12_21_IMG (387).JPG,Citrus canker,test,1a38343d1f2d499e6a9bccc46c229e70396fe2bfb906599697d8d9f2cd871927,2025_12_21_IMG (386).JPG,Citrus canker,train,4ffd268059adabaed0a5689432e23694a5d4f774191db5e838ccbd474bd5df6e,True,train-test,Citrus canker,True,1.0,,test,train
dataset/test/Citrus canker/2025_12_21_IMG (416).JPG,dataset/train/Citrus canker/2025_12_21_IMG (415).JPG,audit_near_candidate|filename_neighbor,True,True,3.0,3,2ae0859f6efab021,2ae8d5952a7ab521,10,0.0107150599360466,0.9742024739583334,D,visually similar but uncertain,requires human verification,2025_12_21_IMG (416).JPG,Citrus canker,test,ee308d51e6da793e6130a26c8614101eb051940fdca0844745812df6f0e5c928,2025_12_21_IMG (415).JPG,Citrus canker,train,e512197b282b092e475384e3ddd084cac570103084d00b2179ba14adfcf8c0a2,True,train-test,Citrus canker,True,1.0,,train,test
dataset/test/Citrus canker/2025_12_21_IMG (418).JPG,dataset/train/Citrus canker/2025_12_21_IMG (415).JPG,audit_near_candidate,True,False,2.0,2,2be0859f6ef8b021,2ae8d5952a7ab521,12,0.0115138636901974,0.978759765625,D,visually similar but uncertain,requires human verification,2025_12_21_IMG (418).JPG,Citrus canker,test,d42419c632e8b0803922846e3571e806d92bb5eb7b682d6e4df5c4f75baacfe6,2025_12_21_IMG (415).JPG,Citrus canker,train,e512197b282b092e475384e3ddd084cac570103084d00b2179ba14adfcf8c0a2,True,train-test,Citrus canker,True,3.0,,val,test
dataset/test/Citrus canker/2025_12_21_IMG (418).JPG,dataset/train/Citrus canker/2025_12_21_IMG (417).JPG,audit_near_candidate|filename_neighbor,True,True,1.0,1,2be0859f6ef8b021,2ae0d5956afab421,8,0.0066275405697524,0.9734700520833334,D,visually similar but uncertain,requires human verification,2025_12_21_IMG (418).JPG,Citrus canker,test,d42419c632e8b0803922846e3571e806d92bb5eb7b682d6e4df5c4f75baacfe6,2025_12_21_IMG (417).JPG,Citrus canker,train,90a3a5fbfa14b3ba134086027b5a4143dce797ad3956087a81378a276771ae15,True,train-test,Citrus canker,True,1.0,,val,train
dataset/test/Citrus canker/2025_12_21_IMG (431).JPG,dataset/train/Citrus canker/2025_12_21_IMG (429).JPG,audit_near_candidate,True,False,3.0,3,2d3ef238d3e089c1,2d3ef238c3e189c1,2,0.0090951165184378,0.974609375,C,probable near duplicate,requires human verification,2025_12_21_IMG (431).JPG,Citrus canker,test,d0cc201666cca0004e9e0a0faec18c598e19623a5b106b37597ce8ceef5728c2,2025_12_21_IMG (429).JPG,Citrus canker,train,79e27bec83deba10843b560f6b721f10fb7d263fc7bc4e54b6e63c7f551e37d6,True,train-test,Citrus canker,True,2.0,,val,train
dataset/test/Citrus canker/2025_12_21_IMG (431).JPG,dataset/train/Citrus canker/2025_12_21_IMG (430).JPG,audit_near_candidate|filename_neighbor,True,True,2.0,2,2d3ef238d3e089c1,2d3ef238d3e089c1,0,0.0059895832091569,0.9737955729166666,C,probable near duplicate,requires human verification,2025_12_21_IMG (431).JPG,Citrus canker,test,d0cc201666cca0004e9e0a0faec18c598e19623a5b106b37597ce8ceef5728c2,2025_12_21_IMG (430).JPG,Citrus canker,train,724fe2ad0c4ac03d39988f18a86b3287c9ba9edaf9b9c9f38ef3575bd020efce,True,train-test,Citrus canker,True,1.0,,val,train
dataset/test/Citrus canker/2025_12_21_IMG (431).JPG,dataset/train/Citrus canker/2025_12_21_IMG (432).JPG,audit_near_candidate|filename_neighbor,True,True,6.0,6,2d3ef238d3e089c1,2d3ef238d3c189c1,2,0.0179633256047964,0.9602864583333334,C,probable near duplicate,requires human verification,2025_12_21_IMG (431).JPG,Citrus canker,test,d0cc201666cca0004e9e0a0faec18c598e19623a5b106b37597ce8ceef5728c2,2025_12_21_IMG (432).JPG,Citrus canker,train,84e04fba877de67f5c0ea32b9af9e4bc040013975c326b48c1aa26a1fedcd00c,True,train-test,Citrus canker,True,1.0,,val,train
dataset/test/Citrus canker/2025_12_21_IMG (481).JPG,dataset/train/Citrus canker/2025_12_21_IMG (482).JPG,filename_neighbor,False,True,,7,2d96c3698c658c67,2996c3499d678c66,6,0.0361321754753589,0.926025390625,D,visually similar but uncertain,requires human verification,2025_12_21_IMG (481).JPG,Citrus canker,test,a3e0169e0b1c4df5729e0af074789c6c3ce4ce956938a920baa099db33d2aa26,2025_12_21_IMG (482).JPG,Citrus canker,train,ba64cef7b37418a3568abce176b884fb946a84f87ccc15e49391783e6bf3d416,True,train-test,Citrus canker,True,1.0,,train,test
dataset/test/Citrus canker/2025_12_21_IMG (511).JPG,dataset/train/Citrus canker/2025_12_21_IMG (512).JPG,audit_near_candidate|filename_neighbor,True,True,6.0,6,3e48c0b7ad9a36e0,2e6ac097ad9ab2a1,8,0.0246961805969476,0.9502766927083334,D,visually similar but uncertain,requires human verification,2025_12_21_IMG (511).JPG,Citrus canker,test,6c330d3b02803339852b7446bb50d3482c1583eb80fc80619bef1df238675d34,2025_12_21_IMG (512).JPG,Citrus canker,train,6c537974384d5ffb28ae40dd27d237c1127e78ac956a7a8f7081284fb41073c6,True,train-test,Citrus canker,True,1.0,,train,val
dataset/test/Citrus canker/2025_12_21_IMG (529).JPG,dataset/train/Citrus canker/2025_12_21_IMG (527).JPG,audit_near_candidate,True,False,6.0,6,2a35927a9c4db4cc,2b95925a8d6cb4c6,10,0.0429333262145519,0.9415690104166666,D,visually similar but uncertain,requires human verification,2025_12_21_IMG (529).JPG,Citrus canker,test,3785fbd4604d5478cd386d8671a6e427ad7b7938561ecb8da52c3e99c2ada64d,2025_12_21_IMG (527).JPG,Citrus canker,train,4bd80394e15be22d32e13f55837aa76f540a150758d9fb51b1aa311155b8322c,True,train-test,Citrus canker,True,2.0,,test,train
dataset/test/Citrus canker/2025_12_21_IMG (559).JPG,dataset/train/Citrus canker/2025_12_21_IMG (560).JPG,filename_neighbor,False,True,,8,6ac0953fca648d96,6a81953ec2658fb4,8,0.0380607284605503,0.94873046875,D,visually similar but uncertain,requires human verification,2025_12_21_IMG (559).JPG,Citrus canker,test,f5bda7b8c49b757d4cc8412273db56c2f81b24a82d41f9500ca789c2a74453ac,2025_12_21_IMG (560).JPG,Citrus canker,train,8b34b70b460cefae18103c67e999fe64e70d5ee631607b52c22e9b2c240b9908,True,train-test,Citrus canker,True,1.0,,test,train
dataset/test/Citrus canker/2025_12_21_IMG (562).JPG,dataset/train/Citrus canker/2025_12_21_IMG (561).JPG,audit_near_candidate|filename_neighbor,True,True,4.0,4,7a2785d05a8f6839,7a3785c05a8f6839,2,0.0111768543720245,0.9795735677083334,C,probable near duplicate,requires human verification,2025_12_21_IMG (562).JPG,Citrus canker,test,f11b92bf5c622c33af818385c2043710a8f9307ce98e4ab0d422c60705dd0a72,2025_12_21_IMG (561).JPG,Citrus canker,train,3ebd1e04f2fb176de07bc75f650994b7d5e2638187f78a8149c2f7ca60a6ac2b,True,train-test,Citrus canker,True,1.0,,train,test
dataset/test/Citrus canker/2025_12_21_IMG (564).JPG,dataset/val/Citrus canker/2025_12_21_IMG (565).JPG,filename_neighbor,False,True,,7,666c92949936d936,646d929d9b169b12,10,0.0313907414674758,0.9535319010416666,D,visually similar but uncertain,requires human verification,2025_12_21_IMG (564).JPG,Citrus canker,test,38f115f4b4bb8a1817d427e692eb772cffbadf491f975b163719f779cbe561a8,2025_12_21_IMG (565).JPG,Citrus canker,val,ddb1910241ac7129e5d7dbd896c2d9a19c26a93fc819a38b26139cf163d20055,True,val-test,Citrus canker,True,1.0,,train,val
dataset/test/Citrus pest/2025_12_20_IMG (207).JPG,dataset/test/Citrus pest/2025_12_20_IMG (208).JPG,filename_neighbor,False,True,,1,7f4184af1eb07143,7b4180af1fb07147,4,0.0066029666922986,0.957763671875,C,probable near duplicate,requires human verification,2025_12_20_IMG (207).JPG,Citrus pest,test,ed46f4938f6f9342d6b9c6e0021861da13b1811493c0971fbef8f455285098d2,2025_12_20_IMG (208).JPG,Citrus pest,test,5bfa99daf03100d0062a58aee578f072f5d8dcffd5ff8a75171ab101baae681e,False,test,Citrus pest,True,1.0,,val,train
dataset/test/Citrus pest/2025_12_20_IMG (207).JPG,dataset/train/Citrus pest/2025_12_20_IMG (206).JPG,audit_near_candidate|filename_neighbor,True,True,2.0,2,7f4184af1eb07143,7b4184af1fb07143,2,0.0127345668151974,0.9440104166666666,C,probable near duplicate,requires human verification,2025_12_20_IMG (207).JPG,Citrus pest,test,ed46f4938f6f9342d6b9c6e0021861da13b1811493c0971fbef8f455285098d2,2025_12_20_IMG (206).JPG,Citrus pest,train,45082f76a1884c9bbd1ac63ee539b964aa1346e637045add314489dd561e4550,True,train-test,Citrus pest,True,1.0,,val,test
dataset/test/Citrus pest/2025_12_20_IMG (208).JPG,dataset/train/Citrus pest/2025_12_20_IMG (206).JPG,audit_near_candidate,True,False,1.0,1,7b4180af1fb07147,7b4184af1fb07143,2,0.0157938245683908,0.9278971354166666,D,visually similar but uncertain,requires human verification,2025_12_20_IMG (208).JPG,Citrus pest,test,5bfa99daf03100d0062a58aee578f072f5d8dcffd5ff8a75171ab101baae681e,2025_12_20_IMG (206).JPG,Citrus pest,train,45082f76a1884c9bbd1ac63ee539b964aa1346e637045add314489dd561e4550,True,train-test,Citrus pest,True,2.0,,train,test
dataset/test/Citrus pest/2025_12_20_IMG (243).JPG,dataset/train/Citrus pest/2025_12_20_IMG (244).JPG,audit_near_candidate|filename_neighbor,True,True,6.0,6,2ac895357a7264cb,2bc894355f7264ca,6,0.0179202407598495,0.959716796875,C,probable near duplicate,requires human verification,2025_12_20_IMG (243).JPG,Citrus pest,test,819a085a79c59ab6eb926bc2942842246a04d4c1fcc44157b3e607afffc8178e,2025_12_20_IMG (244).JPG,Citrus pest,train,1e8d24ce938de9aa72fd5659dd500271b16b69acb096fc12d557df08d924ffbf,True,train-test,Citrus pest,True,1.0,,val,test
dataset/test/Citrus pest/2025_12_20_IMG (267).JPG,dataset/train/Citrus pest/2025_12_20_IMG (268).JPG,filename_neighbor,False,True,,7,2b15c5cadbc9603c,2b14c1ead9c9743c,6,0.0439992435276508,0.9281412760416666,D,visually similar but uncertain,requires human verification,2025_12_20_IMG (267).JPG,Citrus pest,test,53ab3589b940ec6b4c8067fc6362df46448b11a15b886b267be2080415037f01,2025_12_20_IMG (268).JPG,Citrus pest,train,39341f903c7712a53c3413b1b91703e359ea171cff441c24bed6b55c502c66db,True,train-test,Citrus pest,True,1.0,,train,val
dataset/test/Citrus pest/2025_12_20_IMG (273).JPG,dataset/train/Citrus pest/2025_12_20_IMG (274).JPG,filename_neighbor,False,True,,8,2f1996ec9a86c998,2f1896cc9ac4d9cc,8,0.0554227940738201,0.9064127604166666,D,visually similar but uncertain,requires human verification,2025_12_20_IMG (273).JPG,Citrus pest,test,e272ccb38d40ac3bae1b7f2e31dca6db5fccb86d1de8f92a564c48407ddb287f,2025_12_20_IMG (274).JPG,Citrus pest,train,330aa1f9e33b08c2cf45d7c4253d2622543a1d0c2b4f424991e9ec3f1a30e674,True,train-test,Citrus pest,True,1.0,,test,train
dataset/test/Citrus pest/2025_12_20_IMG (303).JPG,dataset/train/Citrus pest/2025_12_20_IMG (193).JPG,audit_near_candidate,True,False,1.0,1,2ee2d0157b5a6067,2ee2d0157b5a6067,0,0.0059860725887119,0.965576171875,C,probable near duplicate,requires human verification,2025_12_20_IMG (303).JPG,Citrus pest,test,687dad7a393062817f1890102092e6072bd3533d78e0a604e7bf604df91f435e,2025_12_20_IMG (193).JPG,Citrus pest,train,7409257c14c8565b51b1cb81c43a4405d776ee868a7ef2e2e8146bc622eff095,True,train-test,Citrus pest,True,110.0,,val,train
dataset/test/Citrus pest/2025_12_20_IMG (303).JPG,dataset/train/Citrus pest/2025_12_20_IMG (302).JPG,audit_near_candidate|filename_neighbor,True,True,2.0,2,2ee2d0157b5a6067,2ee2d0156f5a6067,2,0.0147186471149325,0.9486490885416666,C,probable near duplicate,requires human verification,2025_12_20_IMG (303).JPG,Citrus pest,test,687dad7a393062817f1890102092e6072bd3533d78e0a604e7bf604df91f435e,2025_12_20_IMG (302).JPG,Citrus pest,train,e6dc6b950416d390e405a801ef047c3111d74c95c7f3da05b039e397b5bc897e,True,train-test,Citrus pest,True,1.0,,val,train
dataset/test/Citrus pest/2025_12_20_IMG (315).JPG,dataset/train/Citrus pest/2025_12_20_IMG (316).JPG,audit_near_candidate|filename_neighbor,True,True,3.0,3,65ba9ac9cbc4e260,65b29ac9cbc5e260,2,0.0077177160419523,0.9761555989583334,C,probable near duplicate,requires human verification,2025_12_20_IMG (315).JPG,Citrus pest,test,aa921e62067adc9bf60a07bc4707a12679389f93b7b76950a69ff27877eb8f4f,2025_12_20_IMG (316).JPG,Citrus pest,train,08f5760fd76fadf8aa4dd9b32d90e03f461d901b830b97d1accbcc59a0a5a2a5,True,train-test,Citrus pest,True,1.0,,test,train
dataset/test/Citrus pest/2025_12_20_IMG (380).JPG,dataset/train/Citrus pest/2025_12_20_IMG (379).JPG,audit_near_candidate|filename_neighbor,True,True,1.0,1,716c9236c992cd99,712c9236cb92cd99,2,0.0102679478004574,0.9657389322916666,C,probable near duplicate,requires human verification,2025_12_20_IMG (380).JPG,Citrus pest,test,6bdd4a4643e563556998deee2d1363a44cc18c6772a07678a76c23cf40a9d170,2025_12_20_IMG (379).JPG,Citrus pest,train,5ee69ca1be7b5b58800b24137a395f6be785f64b9f085f58c0d5aff47df274e3,True,train-test,Citrus pest,True,1.0,,train,val
dataset/test/Citrus pest/2025_12_20_IMG (387).JPG,dataset/test/Citrus pest/2025_12_20_IMG (388).JPG,filename_neighbor,False,True,,0,61cbceb196339426,61cbceb892339626,4,0.0164024215191602,0.9475911458333334,C,probable near duplicate,requires human verification,2025_12_20_IMG (387).JPG,Citrus pest,test,3f75ca285cb9369e9bb47ee40fea1792c43c49cfbd4b5c97bbad88cfa060150a,2025_12_20_IMG (388).JPG,Citrus pest,test,9e11f758242cc11829e7b71867fddde247081f1a4988446ca5c13891b2ba8ab1,False,test,Citrus pest,True,1.0,,test,train
dataset/test/Citrus pest/2025_12_20_IMG (388).JPG,dataset/train/Citrus pest/2025_12_20_IMG (389).JPG,audit_near_candidate|filename_neighbor,True,True,0.0,0,61cbceb892339626,61cbceb892339436,2,0.0149056641384959,0.9324544270833334,D,visually similar but uncertain,requires human verification,2025_12_20_IMG (388).JPG,Citrus pest,test,9e11f758242cc11829e7b71867fddde247081f1a4988446ca5c13891b2ba8ab1,2025_12_20_IMG (389).JPG,Citrus pest,train,fc6b7b8b78b415b16d10e3d0d262e654377872b5811a051d691c281757109ff5,True,train-test,Citrus pest,True,1.0,,train,test
dataset/test/Citrus pest/2025_12_20_IMG (394).JPG,dataset/train/Citrus pest/2025_12_20_IMG (393).JPG,audit_near_candidate|filename_neighbor,True,True,0.0,0,34cdc19e8e1c9b38,34cdc19e9e189b38,2,0.0133840115740895,0.91455078125,D,visually similar but uncertain,requires human verification,2025_12_20_IMG (394).JPG,Citrus pest,test,17ca0e9deccc8fbf70ec005db0e42118813869dd9e7d531399f8cb591519cab9,2025_12_20_IMG (393).JPG,Citrus pest,train,861b29878fd99923920ef7ddd244862c8a2cc2969227e889ae17ca300a7dac99,True,train-test,Citrus pest,True,1.0,,train,test
dataset/test/Citrus pest/2025_12_20_IMG (399).JPG,dataset/train/Citrus pest/2025_12_20_IMG (396).JPG,audit_near_candidate,True,False,3.0,3,7534c2e0ce97980f,753dc260de879886,8,0.0311236213892698,0.9563802083333334,D,visually similar but uncertain,requires human verification,2025_12_20_IMG (399).JPG,Citrus pest,test,b78d210bac87b5a356c0c6714f52a3b6ed2040a132be8d3c0141cab9611f30cd,2025_12_20_IMG (396).JPG,Citrus pest,train,e79342e52f2c82c7c1843746abcb548aef80d34020a28b0e62a98cd4539597a8,True,train-test,Citrus pest,True,3.0,,train,test
dataset/test/Citrus pest/2025_12_20_IMG (42).JPG,dataset/train/Citrus pest/2025_12_20_IMG (43).JPG,filename_neighbor,False,True,,7,6483971ed939e161,66c1871eca399969,12,0.0415533743798732,0.9446614583333334,D,visually similar but uncertain,requires human verification,2025_12_20_IMG (42).JPG,Citrus pest,test,63d65c1cdd7b809b1c1e34578b216df1e1b45565b2c796a8a6ff16f3184cb58e,2025_12_20_IMG (43).JPG,Citrus pest,train,a2452d92631f1048249f8af4c9f054e47dbe06afeb6504a1d1f7a395eec8ce14,True,train-test,Citrus pest,True,1.0,,train,test
dataset/test/Citrus pest/2025_12_20_IMG (42).JPG,dataset/val/Citrus pest/2025_12_20_IMG (41).JPG,filename_neighbor,False,True,,8,6483971ed939e161,6c81979e99396127,8,0.0375947803258895,0.93017578125,D,visually similar but uncertain,requires human verification,2025_12_20_IMG (42).JPG,Citrus pest,test,63d65c1cdd7b809b1c1e34578b216df1e1b45565b2c796a8a6ff16f3184cb58e,2025_12_20_IMG (41).JPG,Citrus pest,val,588a2fdc146f3596d33bbc70570365dadbf1807d14511f54ae072c408e496567,True,val-test,Citrus pest,True,1.0,,train,val
dataset/test/Greening/2025_12_21_IMG (2).JPG,dataset/train/Greening/2025_12_21_IMG (3).JPG,audit_near_candidate|filename_neighbor,True,True,4.0,4,2b95c0daed60b632,2b95c0dacf60b472,4,0.0332615263760089,0.9740397135416666,C,probable near duplicate,requires human verification,2025_12_21_IMG (2).JPG,Greening,test,fca33e30cb7b634b217df1361b21897e57da45c0ed068cdceffd0a2728038777,2025_12_21_IMG (3).JPG,Greening,train,0c7843a4381a88aaf263b91cd2782f3c8a8b8425b5be6fca9dbe61b98e01735f,True,train-test,Greening,True,1.0,,train,test
dataset/test/Greening/2025_12_21_IMG (220).JPG,dataset/train/Greening/2025_12_21_IMG (116).JPG,audit_near_candidate,True,False,6.0,6,3f2df2f6c1708181,3785d2fec1f0c1c0,10,0.0492682158946991,0.716552734375,D,visually similar but uncertain,requires human verification,2025_12_21_IMG (220).JPG,Greening,test,809761ebc992a95de1201b9231fb3bbe2b1f5b01b951d7a72d70ed42680e764b,2025_12_21_IMG (116).JPG,Greening,train,0d8ae30fb739f496c188df76ae3e052284cf760fb6cf056a122b3d1d60db141e,True,train-test,Greening,True,104.0,,train,test
dataset/test/Greening/2025_12_21_IMG (254).JPG,dataset/train/Greening/2025_12_21_IMG (259).JPG,audit_near_candidate,True,False,4.0,4,3ae2818fde90a51d,2aea858fde906519,6,0.0328830294311046,0.951171875,C,probable near duplicate,requires human verification,2025_12_21_IMG (254).JPG,Greening,test,cb4290667656a86c6df35d56a4210a8608e1b7b49cae0911de73c4967973b536,2025_12_21_IMG (259).JPG,Greening,train,7b857c5ca5905dfd6ccfc11ad181c9fc90ba832a4b8ee01ac685d19f38ceaf79,True,train-test,Greening,True,5.0,,train,val
dataset/test/Greening/2025_12_21_IMG (254).JPG,dataset/train/Greening/2025_12_21_IMG (260).JPG,audit_near_candidate,True,False,4.0,4,3ae2818fde90a51d,2aea85afdc906519,8,0.0398836396634578,0.9641927083333334,D,visually similar but uncertain,requires human verification,2025_12_21_IMG (254).JPG,Greening,test,cb4290667656a86c6df35d56a4210a8608e1b7b49cae0911de73c4967973b536,2025_12_21_IMG (260).JPG,Greening,train,9e705ce976a276395597e8aac57259a413c560f39570c38d30129734955e59fd,True,train-test,Greening,True,6.0,,train,val
dataset/test/Greening/2025_12_21_IMG (256).JPG,dataset/train/Greening/2025_12_21_IMG (253).JPG,audit_near_candidate,True,False,1.0,1,2aea8187df90e41d,3aea8187de90b41d,4,0.0272588599473238,0.9785970052083334,C,probable near duplicate,requires human verification,2025_12_21_IMG (256).JPG,Greening,test,ea9f06dcdff942c66ca2f2eec3058acf01e0683f26c92b180852e35c971c8a5b,2025_12_21_IMG (253).JPG,Greening,train,4f63f87a400bd53b4ed3124acfd78ab814a9da67aef9202214a90c4289c80c1b,True,train-test,Greening,True,3.0,,val,train
dataset/test/Greening/2025_12_21_IMG (256).JPG,dataset/train/Greening/2025_12_21_IMG (255).JPG,audit_near_candidate|filename_neighbor,True,True,1.0,1,2aea8187df90e41d,2aea8187df90b41d,2,0.0174191948026418,0.9786783854166666,C,probable near duplicate,requires human verification,2025_12_21_IMG (256).JPG,Greening,test,ea9f06dcdff942c66ca2f2eec3058acf01e0683f26c92b180852e35c971c8a5b,2025_12_21_IMG (255).JPG,Greening,train,a51cfd698448418d7dd8bd9eeb283073a81993706a167594b7237b78d0f4bb72,True,train-test,Greening,True,1.0,,val,train
dataset/test/Greening/2025_12_21_IMG (256).JPG,dataset/train/Greening/2025_12_21_IMG (257).JPG,audit_near_candidate|filename_neighbor,True,True,2.0,2,2aea8187df90e41d,2aea8187de90e51d,2,0.0199027266353368,0.9749348958333334,C,probable near duplicate,requires human verification,2025_12_21_IMG (256).JPG,Greening,test,ea9f06dcdff942c66ca2f2eec3058acf01e0683f26c92b180852e35c971c8a5b,2025_12_21_IMG (257).JPG,Greening,train,d1b2f527cda638f284b78a3b93884c9899a52e45a458bcf7787cfc6a53f826e6,True,train-test,Greening,True,1.0,,val,train
dataset/test/Greening/2025_12_21_IMG (258).JPG,dataset/train/Greening/2025_12_21_IMG (259).JPG,audit_near_candidate|filename_neighbor,True,True,1.0,1,3aea8187de90e519,2aea858fde906519,4,0.0101613560691475,0.95068359375,C,probable near duplicate,requires human verification,2025_12_21_IMG (258).JPG,Greening,test,c99dac9d2bc3784446dbb8513c21edfc1d73ed8371dd7eb001d0f38d67d93ebb,2025_12_21_IMG (259).JPG,Greening,train,7b857c5ca5905dfd6ccfc11ad181c9fc90ba832a4b8ee01ac685d19f38ceaf79,True,train-test,Greening,True,1.0,,train,val
dataset/test/Greening/2025_12_21_IMG (258).JPG,dataset/train/Greening/2025_12_21_IMG (260).JPG,audit_near_candidate,True,False,1.0,1,3aea8187de90e519,2aea85afdc906519,6,0.0192791316658258,0.9599609375,C,probable near duplicate,requires human verification,2025_12_21_IMG (258).JPG,Greening,test,c99dac9d2bc3784446dbb8513c21edfc1d73ed8371dd7eb001d0f38d67d93ebb,2025_12_21_IMG (260).JPG,Greening,train,9e705ce976a276395597e8aac57259a413c560f39570c38d30129734955e59fd,True,train-test,Greening,True,2.0,,train,val
dataset/test/Greening/2025_12_21_IMG (38).JPG,dataset/train/Greening/2025_12_21_IMG (39).JPG,audit_near_candidate|filename_neighbor,True,True,6.0,6,2b95d1da8b60b526,2a95d1dacf60b426,4,0.0335490740835666,0.9427083333333334,C,probable near duplicate,requires human verification,2025_12_21_IMG (38).JPG,Greening,test,e7ca5e853b3b73cccefe1e0d1235792fee5c6fa447efb1a553ae9727bfc18497,2025_12_21_IMG (39).JPG,Greening,train,f85b42e35549605998e64211987734b3fd67cbd9408467dc052048151466d4ce,True,train-test,Greening,True,1.0,,train,test
dataset/test/Greening/2025_12_21_IMG (5).JPG,dataset/train/Greening/2025_12_21_IMG (6).JPG,audit_near_candidate|filename_neighbor,True,True,2.0,2,2ad4957a1e61e097,2ad4957a1e61e097,0,0.0118853403255343,0.96435546875,C,probable near duplicate,requires human verification,2025_12_21_IMG (5).JPG,Greening,test,e357d522d982d63999703bf706c759d352a9544ce997aac24e2a78d9a57dfc73,2025_12_21_IMG (6).JPG,Greening,train,dbfeb3b18f059c087d3de67ecf51e2b6bc1176565d2a53e8f9f1146bb4dcd678,True,train-test,Greening,True,1.0,,train,val
dataset/test/Greening/2025_12_21_IMG (56).JPG,dataset/val/Greening/2025_12_21_IMG (57).JPG,audit_near_candidate|filename_neighbor,True,True,3.0,3,2a05d49f8ad9cd45,2a05d49fcad9cd44,2,0.0124061740934848,0.9732259114583334,C,probable near duplicate,requires human verification,2025_12_21_IMG (56).JPG,Greening,test,82bedd7e31623e3f1f766b07bce1a792dc32c7e3a9d288f20725a0dbab9b0f94,2025_12_21_IMG (57).JPG,Greening,val,bafe95fdf18f3cb6e6cedb37d04d13b7a21ec4867ac3f1176b72edcd1fa4283d,True,val-test,Greening,True,1.0,,test,train
dataset/test/Healthy leaf/2025_11_21_IMG (11).JPG,dataset/train/Healthy leaf/2025_11_21_IMG (10).JPG,audit_near_candidate|filename_neighbor,True,True,5.0,5,32e6cb9ccc99ccc0,32e6cb98cc99ccc4,2,0.00739506771788,0.9791666666666666,C,probable near duplicate,requires human verification,2025_11_21_IMG (11).JPG,Healthy leaf,test,89363d179977541dc1d5fb78a31eb723e51aa17ad3f845d1f1e324760841b933,2025_11_21_IMG (10).JPG,Healthy leaf,train,38efd3bea164db8d27a31f96f7c3097179da6543cece97a358d62d3783ac1a63,True,train-test,Healthy leaf,True,1.0,,train,val
dataset/test/Healthy leaf/2025_11_21_IMG (110).JPG,dataset/val/Healthy leaf/2025_11_21_IMG (109).JPG,audit_near_candidate|filename_neighbor,True,True,2.0,2,63cb9ca599943392,63e98ea599943193,6,0.0223431754857301,0.9507649739583334,C,probable near duplicate,requires human verification,2025_11_21_IMG (110).JPG,Healthy leaf,test,04f974da5af0b76f15b8b14cc4b63b527e89b381c99440040aac758358a99892,2025_11_21_IMG (109).JPG,Healthy leaf,val,c0c57a22a00522dee52aca32407cf33440f91be5075c1bc2f9b466056aa729d4,True,val-test,Healthy leaf,True,1.0,,test,val
dataset/test/Healthy leaf/2025_11_21_IMG (112).JPG,dataset/train/Algal leaf spot/2025_12_21_IMG (231).JPG,audit_near_candidate,True,False,6.0,6,369bc0ecce623833,3d9fc2e8c462b063,12,0.0773747041821479,0.701416015625,D,visually similar but uncertain,requires human verification,2025_11_21_IMG (112).JPG,Healthy leaf,test,dbcd9e9d4c5eef2e208bda2600d5896319089e98ab72f9dda43085634ab19b15,2025_12_21_IMG (231).JPG,Algal leaf spot,train,b72291c8164317cc461076b27c49c9fb82e5a0426903891533d4a7cfa0023e07,True,train-test,Algal leaf spot <> Healthy leaf,False,119.0,,train,test
dataset/test/Healthy leaf/2025_11_21_IMG (143).JPG,dataset/train/Healthy leaf/2025_11_21_IMG (142).JPG,filename_neighbor,False,True,,7,6894874a9c6eb26d,6892874b8c67ba65,8,0.0341378785669803,0.9698893229166666,D,visually similar but uncertain,requires human verification,2025_11_21_IMG (143).JPG,Healthy leaf,test,86852b7d207a92eda1e97f94f290acd53e727b6c10f46498b52f4ade1bd060ae,2025_11_21_IMG (142).JPG,Healthy leaf,train,a001fc1d4a22f4f1363183028396ff2778ed1602f1b102363d85843df57c2328,True,train-test,Healthy leaf,True,1.0,,test,train
dataset/test/Healthy leaf/2025_11_21_IMG (2).JPG,dataset/train/Healthy leaf/2025_11_21_IMG (1).JPG,audit_near_candidate|filename_neighbor,True,True,2.0,2,3ce5c396cc1a8c39,3ce5c396cc18ce38,4,0.0146736502647399,0.9781087239583334,C,probable near duplicate,requires human verification,2025_11_21_IMG (2).JPG,Healthy leaf,test,4b49ac1adaf783b534f721918c246dbc47b500d52e72121dee40b69bb332db67,2025_11_21_IMG (1).JPG,Healthy leaf,train,b404eea755364002751f37f3d67ade6e1e45f682cbf3d12f3f60db121bbb39da,True,train-test,Healthy leaf,True,1.0,,val,train
dataset/test/Healthy leaf/2025_11_21_IMG (2).JPG,dataset/train/Healthy leaf/2025_11_21_IMG (300).JPG,audit_near_candidate,True,False,5.0,5,3ce5c396cc1a8c39,3c65c336cc19ce98,10,0.0288430601358413,0.9694010416666666,D,visually similar but uncertain,requires human verification,2025_11_21_IMG (2).JPG,Healthy leaf,test,4b49ac1adaf783b534f721918c246dbc47b500d52e72121dee40b69bb332db67,2025_11_21_IMG (300).JPG,Healthy leaf,train,c25a3995c945f94b5e1d21c1a4b2c27f014d45cab4d6847eec49e4de272744de,True,train-test,Healthy leaf,True,298.0,,val,train
dataset/test/Healthy leaf/2025_11_21_IMG (254).JPG,dataset/val/Healthy leaf/2025_11_21_IMG (251).JPG,audit_near_candidate,True,False,5.0,5,31d19369cb0dcd1c,31d99379cb21cd18,6,0.0236210022121667,0.9584147135416666,C,probable near duplicate,requires human verification,2025_11_21_IMG (254).JPG,Healthy leaf,test,3b1bbe09bbe445b0f3e2452939c7e952a00a1929ae9997cecab53a536682f787,2025_11_21_IMG (251).JPG,Healthy leaf,val,5ea4e56804e64ca4691dca4f2508c2069c6990a6d7bc9c7215128fe2b064dbfd,True,val-test,Healthy leaf,True,3.0,,train,test
dataset/test/Healthy leaf/2025_11_21_IMG (256).JPG,dataset/val/Healthy leaf/2025_11_21_IMG (251).JPG,audit_near_candidate,True,False,3.0,3,31d99369cb29cd18,31d99379cb21cd18,2,0.0237301494926214,0.94677734375,C,probable near duplicate,requires human verification,2025_11_21_IMG (256).JPG,Healthy leaf,test,c54caabd780fa0e39df9cf2719738aaeb7cfd6b09f8a669ba51eca661cbb96b3,2025_11_21_IMG (251).JPG,Healthy leaf,val,5ea4e56804e64ca4691dca4f2508c2069c6990a6d7bc9c7215128fe2b064dbfd,True,val-test,Healthy leaf,True,5.0,,train,test
dataset/test/Healthy leaf/2025_11_21_IMG (258).JPG,dataset/train/Healthy leaf/2025_11_21_IMG (252).JPG,audit_near_candidate,True,False,4.0,4,31d99369cb29cd18,35d19369cb29cd18,2,0.0164317805320024,0.9641927083333334,C,probable near duplicate,requires human verification,2025_11_21_IMG (258).JPG,Healthy leaf,test,15193e7e5237424415b64345aeba6d17c896674e1683ea99a650922651501519,2025_11_21_IMG (252).JPG,Healthy leaf,train,c82a0e5c492fd3af73c4c9fa7ea7bd1908d19e49d44d9593f8665f19bf2c6cb0,True,train-test,Healthy leaf,True,6.0,,val,train
dataset/test/Healthy leaf/2025_11_21_IMG (258).JPG,dataset/train/Healthy leaf/2025_11_21_IMG (255).JPG,audit_near_candidate,True,False,6.0,6,31d99369cb29cd18,31d19349cb2dcd1c,4,0.0176304634660482,0.9707845052083334,C,probable near duplicate,requires human verification,2025_11_21_IMG (258).JPG,Healthy leaf,test,15193e7e5237424415b64345aeba6d17c896674e1683ea99a650922651501519,2025_11_21_IMG (255).JPG,Healthy leaf,train,7d8320aa3a1275949bbd0114adb3cb7ab6b964760062f3cab4d39d387209b06c,True,train-test,Healthy leaf,True,3.0,,val,train
dataset/test/Healthy leaf/2025_11_21_IMG (258).JPG,dataset/val/Healthy leaf/2025_11_21_IMG (251).JPG,audit_near_candidate,True,False,2.0,2,31d99369cb29cd18,31d99379cb21cd18,2,0.0190356280654668,0.9624837239583334,C,probable near duplicate,requires human verification,2025_11_21_IMG (258).JPG,Healthy leaf,test,15193e7e5237424415b64345aeba6d17c896674e1683ea99a650922651501519,2025_11_21_IMG (251).JPG,Healthy leaf,val,5ea4e56804e64ca4691dca4f2508c2069c6990a6d7bc9c7215128fe2b064dbfd,True,val-test,Healthy leaf,True,7.0,,val,test
dataset/test/Healthy leaf/2025_11_21_IMG (258).JPG,dataset/val/Healthy leaf/2025_11_21_IMG (253).JPG,audit_near_candidate,True,False,5.0,5,31d99369cb29cd18,31d19369cb0dcd1c,4,0.01639667712152,0.9768880208333334,C,probable near duplicate,requires human verification,2025_11_21_IMG (258).JPG,Healthy leaf,test,15193e7e5237424415b64345aeba6d17c896674e1683ea99a650922651501519,2025_11_21_IMG (253).JPG,Healthy leaf,val,9e922534eb2c946446440c694db7928c1a50379edc9600fc91d502dce03cef84,True,val-test,Healthy leaf,True,5.0,,val,train
dataset/test/Healthy leaf/2025_11_21_IMG (258).JPG,dataset/val/Healthy leaf/2025_11_21_IMG (257).JPG,audit_near_candidate|filename_neighbor,True,True,1.0,1,31d99369cb29cd18,31d99369cb29cd18,0,0.0095029743388295,0.9689127604166666,C,probable near duplicate,requires human verification,2025_11_21_IMG (258).JPG,Healthy leaf,test,15193e7e5237424415b64345aeba6d17c896674e1683ea99a650922651501519,2025_11_21_IMG (257).JPG,Healthy leaf,val,559fb5b9d0befd64f7a20533803d03b5cd81150dd1d69c51e02f32325ea82e7f,True,val-test,Healthy leaf,True,1.0,,val,train
dataset/test/Healthy leaf/2025_11_21_IMG (264).JPG,dataset/train/Healthy leaf/2025_11_21_IMG (265).JPG,audit_near_candidate|filename_neighbor,True,True,1.0,1,3c98d2f9c341cb45,3c98d2d9cb49cb44,4,0.0235641971230506,0.9490559895833334,C,probable near duplicate,requires human verification,2025_11_21_IMG (264).JPG,Healthy leaf,test,7dc50afaebfac31bd4f302f44a1bba42c80f2c9d98999e5ec42bf5842100f7f7,2025_11_21_IMG (265).JPG,Healthy leaf,train,1db96eab7012622ecf9d02715cc7839a84d04c38aecd9faec30b7002170f19d8,True,train-test,Healthy leaf,True,1.0,,train,val
dataset/test/Healthy leaf/2025_11_21_IMG (266).JPG,dataset/train/Healthy leaf/2025_11_21_IMG (269).JPG,audit_near_candidate,True,False,6.0,6,34e4d3d6cb888bc2,24c7d2cec38c8bcc,12,0.031275849789381,0.9613444010416666,D,visually similar but uncertain,requires human verification,2025_11_21_IMG (266).JPG,Healthy leaf,test,a1415871c8390fc4c08074a0ff161323637c9eb9ed089afe488dd2547d115878,2025_11_21_IMG (269).JPG,Healthy leaf,train,6f453ab9491d312a0e875b5cb8478f1c102b61f62d205d25ba2c84fdf28a8c5c,True,train-test,Healthy leaf,True,3.0,,val,train
dataset/test/Healthy leaf/2025_11_21_IMG (266).JPG,dataset/train/Healthy leaf/2025_11_21_IMG (285).JPG,audit_near_candidate,True,False,6.0,6,34e4d3d6cb888bc2,34e5d2e6c38e8386,10,0.0373286195099353,0.838134765625,D,visually similar but uncertain,requires human verification,2025_11_21_IMG (266).JPG,Healthy leaf,test,a1415871c8390fc4c08074a0ff161323637c9eb9ed089afe488dd2547d115878,2025_11_21_IMG (285).JPG,Healthy leaf,train,de1f23f8b80e3bc8ae974a91c8d9a91ea7eee0c9434f21cc5976fcedcc2fc58f,True,train-test,Healthy leaf,True,19.0,,val,train
dataset/test/Healthy leaf/2025_11_21_IMG (266).JPG,dataset/val/Healthy leaf/2025_11_21_IMG (267).JPG,audit_near_candidate|filename_neighbor,True,True,0.0,0,34e4d3d6cb888bc2,34c4d3decb888bc2,2,0.0079557923600077,0.9768880208333334,C,probable near duplicate,requires human verification,2025_11_21_IMG (266).JPG,Healthy leaf,test,a1415871c8390fc4c08074a0ff161323637c9eb9ed089afe488dd2547d115878,2025_11_21_IMG (267).JPG,Healthy leaf,val,a92caefc9e8e5bcf54e4b6de16c793ddd30e9b2827701c010d27b0e515da3527,True,val-test,Healthy leaf,True,1.0,,val,train
dataset/test/Healthy leaf/2025_11_21_IMG (273).JPG,dataset/test/Healthy leaf/2025_11_21_IMG (274).JPG,filename_neighbor,False,True,,5,34c3d3cccb8c89cc,34c6d3cccb8c89cc,2,0.0242621526122093,0.9673665364583334,C,probable near duplicate,requires human verification,2025_11_21_IMG (273).JPG,Healthy leaf,test,79d63a45fc3841650513ade9fb5f6c5a0cdc644e89f4fb521c22dea603bbd6cf,2025_11_21_IMG (274).JPG,Healthy leaf,test,a8e56a386cf203736ed972ac360d5277a3f15e462f81f00aa611aa3933a99224,False,test,Healthy leaf,True,1.0,,val,train
dataset/test/Healthy leaf/2025_11_21_IMG (273).JPG,dataset/train/Healthy leaf/2025_11_21_IMG (272).JPG,audit_near_candidate|filename_neighbor,True,True,4.0,4,34c3d3cccb8c89cc,34c3d3cdcb8c898c,2,0.0205633416771888,0.9547526041666666,C,probable near duplicate,requires human verification,2025_11_21_IMG (273).JPG,Healthy leaf,test,79d63a45fc3841650513ade9fb5f6c5a0cdc644e89f4fb521c22dea603bbd6cf,2025_11_21_IMG (272).JPG,Healthy leaf,train,d216b59f2ccec9ae9f38581518dcb389aae378ac5b35675b96d117d52b839d70,True,train-test,Healthy leaf,True,1.0,,val,train
dataset/test/Healthy leaf/2025_11_21_IMG (274).JPG,dataset/train/Healthy leaf/2025_11_21_IMG (270).JPG,audit_near_candidate,True,False,5.0,5,34c6d3cccb8c89cc,34c2d3cecb8c89cc,2,0.0200897417962551,0.943115234375,C,probable near duplicate,requires human verification,2025_11_21_IMG (274).JPG,Healthy leaf,test,a8e56a386cf203736ed972ac360d5277a3f15e462f81f00aa611aa3933a99224,2025_11_21_IMG (270).JPG,Healthy leaf,train,9e625cd4ba8b70b7a0d66339f3518e9391e5c8c141f4b385d48e4718b420e172,True,train-test,Healthy leaf,True,4.0,,train,val
dataset/test/Healthy leaf/2025_11_21_IMG (294).JPG,dataset/train/Healthy leaf/2025_11_21_IMG (297).JPG,audit_near_candidate,True,False,2.0,2,2f96cae9cc629063,2f96cae9cc629063,0,0.0125392535701394,0.9669596354166666,C,probable near duplicate,requires human verification,2025_11_21_IMG (294).JPG,Healthy leaf,test,07ff31e48021fb6edae2b45d9403889a6382d48b83ccaa74a8690c98f946e1c2,2025_11_21_IMG (297).JPG,Healthy leaf,train,db470d62a84d0be171fd8922daeb6a1b4a7e7db26756d73035c7b7e0355d7e50,True,train-test,Healthy leaf,True,3.0,,test,train
dataset/test/Healthy leaf/2025_11_21_IMG (294).JPG,dataset/train/Healthy leaf/2025_11_21_IMG (298).JPG,audit_near_candidate,True,False,4.0,4,2f96cae9cc629063,2f97cae8cc62b062,4,0.0312308520078659,0.9359537760416666,D,visually similar but uncertain,requires human verification,2025_11_21_IMG (294).JPG,Healthy leaf,test,07ff31e48021fb6edae2b45d9403889a6382d48b83ccaa74a8690c98f946e1c2,2025_11_21_IMG (298).JPG,Healthy leaf,train,8210d6e9567ab31f2d8ba5cebe48b2c281cf1f1d62b13f4b91c504c9a2d1ccb0,True,train-test,Healthy leaf,True,4.0,,test,train
dataset/test/Healthy leaf/2025_11_21_IMG (35).JPG,dataset/train/Healthy leaf/2025_11_21_IMG (34).JPG,filename_neighbor,False,True,,9,37e6d1b3c1398720,37e6d9b3c1198720,2,0.0205649379640817,0.9795735677083334,C,probable near duplicate,requires human verification,2025_11_21_IMG (35).JPG,Healthy leaf,test,3795fd3b5f6a6f41eb77ee321fd76c9035ffb5baed29880bdeae952d702e19fe,2025_11_21_IMG (34).JPG,Healthy leaf,train,3ec9a1a0d1416e09f41af442dd5af0b37563903da6f08bb9cea474d444d1873b,True,train-test,Healthy leaf,True,1.0,,train,val
dataset/test/Healthy leaf/2025_11_21_IMG (40).JPG,dataset/train/Healthy leaf/2025_11_21_IMG (41).JPG,filename_neighbor,False,True,,13,3f96c06896709e2b,3592c06cc670bf1b,10,0.049956277012825,0.9175618489583334,D,visually similar but uncertain,requires human verification,2025_11_21_IMG (40).JPG,Healthy leaf,test,9069f2079dc35a124e798901a35c39943b5cca19c806930c3017917f903c58d2,2025_11_21_IMG (41).JPG,Healthy leaf,train,571f1d0c3ace50344970bd8c8518ac40fb44a5f77f46e1f34b69ca619ad29aa0,True,train-test,Healthy leaf,True,1.0,,val,train
dataset/test/Healthy leaf/2025_11_21_IMG (61).JPG,dataset/train/Healthy leaf/2025_11_21_IMG (62).JPG,audit_near_candidate|filename_neighbor,True,True,4.0,4,2ac4c13ed5f10a75,2ac0d12ef5b50a75,6,0.0219589322805404,0.8790690104166666,D,visually similar but uncertain,requires human verification,2025_11_21_IMG (61).JPG,Healthy leaf,test,c4315a4c839fb77dc0a5eee05ba299aece94824ca68d0db5c07b0596d34679fc,2025_11_21_IMG (62).JPG,Healthy leaf,train,50c3cebeddc14f679ddd617173dede0af32e9dfa74fe504ab93d4ec475a765fc,True,train-test,Healthy leaf,True,1.0,,train,val
dataset/test/Healthy leaf/2025_11_21_IMG (79).JPG,dataset/train/Healthy leaf/2025_11_21_IMG (76).JPG,audit_near_candidate,True,False,1.0,1,6ac2953d4a634dd8,6ac2953d4a634dd8,0,0.0127390334382653,0.9278971354166666,D,visually similar but uncertain,requires human verification,2025_11_21_IMG (79).JPG,Healthy leaf,test,cdaf67ab85626f5885fb11ed5225d7e97eb925aca5a831d44881581583feee16,2025_11_21_IMG (76).JPG,Healthy leaf,train,5ad6a440c21228e0a8cda8749c60d0317a1a36bb7690fb0ad5bfc48fb56edfa4,True,train-test,Healthy leaf,True,3.0,,test,train
dataset/test/Healthy leaf/2025_11_21_IMG (79).JPG,dataset/train/Healthy leaf/2025_11_21_IMG (77).JPG,audit_near_candidate,True,False,2.0,2,6ac2953d4a634dd8,6ac2953d48634fd8,2,0.0126774413511157,0.9595540364583334,C,probable near duplicate,requires human verification,2025_11_21_IMG (79).JPG,Healthy leaf,test,cdaf67ab85626f5885fb11ed5225d7e97eb925aca5a831d44881581583feee16,2025_11_21_IMG (77).JPG,Healthy leaf,train,49b2739d65cab0b52cc2e08d73e0ce1c11f4613f092402f26e7ec869fa0f555d,True,train-test,Healthy leaf,True,2.0,,test,train
dataset/test/Healthy leaf/2025_11_21_IMG (79).JPG,dataset/train/Healthy leaf/2025_11_21_IMG (78).JPG,audit_near_candidate|filename_neighbor,True,True,3.0,3,6ac2953d4a634dd8,6ac2953d48634fd8,2,0.0077036744914948,0.9705403645833334,C,probable near duplicate,requires human verification,2025_11_21_IMG (79).JPG,Healthy leaf,test,cdaf67ab85626f5885fb11ed5225d7e97eb925aca5a831d44881581583feee16,2025_11_21_IMG (78).JPG,Healthy leaf,train,0b19bd1bdc155f9951e329859505a9cf3cca76f8b4068f8fe94a9d5b534c2672,True,train-test,Healthy leaf,True,1.0,,test,val
dataset/test/Healthy leaf/2025_11_21_IMG (88).JPG,dataset/train/Healthy leaf/2025_11_21_IMG (87).JPG,audit_near_candidate|filename_neighbor,True,True,6.0,6,69e9d39634c37244,6d69c39634c13366,8,0.0403821356594562,0.7227376302083334,D,visually similar but uncertain,requires human verification,2025_11_21_IMG (88).JPG,Healthy leaf,test,f53ebc9dfcbd3cf710f5d77e37494fddf95ca16c5a397323fdcedd6788f1ac6a,2025_11_21_IMG (87).JPG,Healthy leaf,train,d81e185517f2f93619abe310b4aee354b7ecc94e340630b0c0e62d20fa67c350,True,train-test,Healthy leaf,True,1.0,,val,train
dataset/test/Healthy leaf/2025_11_21_IMG (90).JPG,dataset/train/Healthy leaf/2025_11_21_IMG (89).JPG,audit_near_candidate|filename_neighbor,True,True,3.0,3,7ac095ad9a34e136,7bc095ad9a30e133,4,0.0479527302086353,0.9034016927083334,D,visually similar but uncertain,requires human verification,2025_11_21_IMG (90).JPG,Healthy leaf,test,2453ad9c58efc86ef6b3de0e743b0cf9e99827c393d8a112a209f08c7d4d8015,2025_11_21_IMG (89).JPG,Healthy leaf,train,c50eb6b257b4636258671b513abd521a2d80db75e26a99629f863ae729309d43,True,train-test,Healthy leaf,True,1.0,,val,test
dataset/test/Healthy leaf/2025_11_21_IMG (92).JPG,dataset/train/Healthy leaf/2025_11_21_IMG (91).JPG,audit_near_candidate|filename_neighbor,True,True,6.0,6,61b2c66399c7998c,61b2c7739983998c,4,0.0275885295122861,0.796630859375,D,visually similar but uncertain,requires human verification,2025_11_21_IMG (92).JPG,Healthy leaf,test,a448f73db41de949e14abf77e36c7b9a6835c721a2f722b9facfea7f478298b6,2025_11_21_IMG (91).JPG,Healthy leaf,train,0e4bf6fee8fa3a4eb77b6ff253c201a33ef161e9273d500aadc785a7bdefaea1,True,train-test,Healthy leaf,True,1.0,,test,train
dataset/train/Algal leaf spot/2025_12_21_IMG (103).JPG,dataset/train/Algal leaf spot/2025_12_21_IMG (104).JPG,filename_neighbor,False,True,,4,2e1dd4f296804a5f,2e1cc0f09e836a5f,8,0.0284808371216058,0.8704427083333334,D,visually similar but uncertain,requires human verification,2025_12_21_IMG (103).JPG,Algal leaf spot,train,3f17f7c68aad7b5f290f3c18d93badba926f0115aef92880028e0a55b5db9795,2025_12_21_IMG (104).JPG,Algal leaf spot,train,3621ab506529d1409d01c264dad7927ef0b30bdcd17b5b774915680358889208,False,train,Algal leaf spot,True,1.0,,train,test
dataset/train/Algal leaf spot/2025_12_21_IMG (106).JPG,dataset/train/Algal leaf spot/2025_12_21_IMG (107).JPG,filename_neighbor,False,True,,0,7a1d81e097874a5e,7e1981e097874a5e,2,0.0088302306830883,0.9736328125,C,probable near duplicate,requires human verification,2025_12_21_IMG (106).JPG,Algal leaf spot,train,e8f60dd7b62fbba4fb7da215b2e73809ce29ef2e0c0aa380b930bb78b6c9f322,2025_12_21_IMG (107).JPG,Algal leaf spot,train,b6e12bbac3989dd2097d4837d48a6914a848547d9b1aa60780d510b91d3fa785,False,train,Algal leaf spot,True,1.0,,test,train
dataset/train/Algal leaf spot/2025_12_21_IMG (108).JPG,dataset/train/Algal leaf spot/2025_12_21_IMG (109).JPG,filename_neighbor,False,True,,4,7a72f4a942c44f8a,7b72d0b942c445ce,8,0.0483947284519672,0.9331868489583334,D,visually similar but uncertain,requires human verification,2025_12_21_IMG (108).JPG,Algal leaf spot,train,7d2d8da62a68f4bdff38821d4aa8c66cdb7397916cebfb0c8ad06546948982aa,2025_12_21_IMG (109).JPG,Algal leaf spot,train,31febe4292d8c8c61863f3301da4ca8ac69877f8dd58bd081d64ad35f949ae9c,False,train,Algal leaf spot,True,1.0,,val,train
dataset/train/Algal leaf spot/2025_12_21_IMG (121).JPG,dataset/train/Algal leaf spot/2025_12_21_IMG (122).JPG,filename_neighbor,False,True,,2,6a359c46924a96db,6b35944692ca96cb,4,0.0092527708038687,0.972900390625,C,probable near duplicate,requires human verification,2025_12_21_IMG (121).JPG,Algal leaf spot,train,7f7140d0cf6392a9e656af36dab5e28fdb4df74f9426a21a144cae24b03628c5,2025_12_21_IMG (122).JPG,Algal leaf spot,train,a15b9ca989133ed6866bc0a99d42b75a9907774df9d2800c6911f927f20deaa4,False,train,Algal leaf spot,True,1.0,,train,val
dataset/train/Algal leaf spot/2025_12_21_IMG (122).JPG,dataset/train/Algal leaf spot/2025_12_21_IMG (123).JPG,filename_neighbor,False,True,,2,6b35944692ca96cb,6b359c4692ca96c9,2,0.025479981675744,0.9666341145833334,C,probable near duplicate,requires human verification,2025_12_21_IMG (122).JPG,Algal leaf spot,train,a15b9ca989133ed6866bc0a99d42b75a9907774df9d2800c6911f927f20deaa4,2025_12_21_IMG (123).JPG,Algal leaf spot,train,68dcf82c1409e524cae731ccef8de6e2a39f3e4a082deb4eec90ae11decd6aae,False,train,Algal leaf spot,True,1.0,,val,test
dataset/train/Algal leaf spot/2025_12_21_IMG (133).JPG,dataset/train/Algal leaf spot/2025_12_21_IMG (134).JPG,filename_neighbor,False,True,,11,6a4a91a587965cda,6ac295a59394d8da,8,0.0462048053741455,0.9351399739583334,D,visually similar but uncertain,requires human verification,2025_12_21_IMG (133).JPG,Algal leaf spot,train,58905c0b3c16655d6832ece7750bec1f260a64cf6c6d1ebe92fd03a420859f0a,2025_12_21_IMG (134).JPG,Algal leaf spot,train,66a506d32f483333bdf9d1f7a04a1440dd536a307e658e2603ab71b18ea7b297,False,train,Algal leaf spot,True,1.0,,val,train
dataset/train/Algal leaf spot/2025_12_21_IMG (137).JPG,dataset/val/Algal leaf spot/2025_12_21_IMG (138).JPG,audit_near_candidate|filename_neighbor,True,True,1.0,1,319bc6398ec99c64,319bc7398ec98c2c,4,0.0066067962907254,0.9689127604166666,C,probable near duplicate,requires human verification,2025_12_21_IMG (137).JPG,Algal leaf spot,train,c7baf52722a1e247c7cb2a7386d3a27cb82a9764352ac3a9ed306af726f5a0bd,2025_12_21_IMG (138).JPG,Algal leaf spot,val,c1e63022e03c2c8a08dc713e62f157bc441f0d952f918c0183e8e6437a10b746,True,train-val,Algal leaf spot,True,1.0,,train,test
dataset/train/Algal leaf spot/2025_12_21_IMG (14).JPG,dataset/val/Algal leaf spot/2025_12_21_IMG (15).JPG,filename_neighbor,False,True,,10,2a3f95f0d6c0689a,7b3f84e0d683429a,12,0.0370477847754955,0.9342447916666666,D,visually similar but uncertain,requires human verification,2025_12_21_IMG (14).JPG,Algal leaf spot,train,9ff7f8d122991cb5e2d3a09169db1178906d0631f52debd1451a8c96ba59f983,2025_12_21_IMG (15).JPG,Algal leaf spot,val,dc5437123e135a4b1709b04c21f89b885490b7057ac44271ef637e8882e03dd8,True,train-val,Algal leaf spot,True,1.0,,train,val
dataset/train/Algal leaf spot/2025_12_21_IMG (148).JPG,dataset/val/Algal leaf spot/2025_12_21_IMG (147).JPG,audit_near_candidate|filename_neighbor,True,True,4.0,4,7895845ecb783865,6895851ecb703c67,6,0.0192995574325323,0.9725748697916666,C,probable near duplicate,requires human verification,2025_12_21_IMG (148).JPG,Algal leaf spot,train,b4b305ba4869d2cb6245250a41db6122738a3ae17b887320967d19835dc9882c,2025_12_21_IMG (147).JPG,Algal leaf spot,val,1f619b0fb4f19daf7cae35b8f9fec7a44537e761983a1cb0b7e1c674076f56dc,True,train-val,Algal leaf spot,True,1.0,,train,test
dataset/train/Algal leaf spot/2025_12_21_IMG (152).JPG,dataset/train/Algal leaf spot/2025_12_21_IMG (153).JPG,filename_neighbor,False,True,,0,79c1861e9c789273,79c9861e8c789a72,4,0.01927593909204,0.9624837239583334,C,probable near duplicate,requires human verification,2025_12_21_IMG (152).JPG,Algal leaf spot,train,2cb92e847345505ac5f193a60db399469dd2cc8e3c18760a33bc7170b73644f8,2025_12_21_IMG (153).JPG,Algal leaf spot,train,0f0a0f8bfb8f50ceba1c3937e10559e324098efb43267096dd33b6da6ad9b802,False,train,Algal leaf spot,True,1.0,,val,train
dataset/train/Algal leaf spot/2025_12_21_IMG (152).JPG,dataset/val/Algal leaf spot/2025_12_21_IMG (151).JPG,filename_neighbor,False,True,,8,79c1861e9c789273,79c1821e9e58d371,6,0.0353222042322158,0.94482421875,C,probable near duplicate,requires human verification,2025_12_21_IMG (152).JPG,Algal leaf spot,train,2cb92e847345505ac5f193a60db399469dd2cc8e3c18760a33bc7170b73644f8,2025_12_21_IMG (151).JPG,Algal leaf spot,val,b680727bf0042841591e7898807f4c45d74f5f1730d197bf2e060fe52b31d8e3,True,train-val,Algal leaf spot,True,1.0,,val,train
dataset/train/Algal leaf spot/2025_12_21_IMG (165).JPG,dataset/train/Algal leaf spot/2025_12_21_IMG (166).JPG,filename_neighbor,False,True,,6,2a4ad5352a5a7569,2a4ad5952ada7561,4,0.0304071549326181,0.7793782552083334,D,visually similar but uncertain,requires human verification,2025_12_21_IMG (165).JPG,Algal leaf spot,train,b36e7b4c510eda0495fb587ef008ba9936347cc2846917567c1513a7f4d21b65,2025_12_21_IMG (166).JPG,Algal leaf spot,train,144f1c4e9b731a4e07dcdce934bb725883bf6536fde60e67493ba8c10c9d2b20,False,train,Algal leaf spot,True,1.0,,train,test
dataset/train/Algal leaf spot/2025_12_21_IMG (168).JPG,dataset/train/Algal leaf spot/2025_12_21_IMG (169).JPG,filename_neighbor,False,True,,5,346cc3628fc79c92,342cc330cfc39cd3,8,0.0238482300192117,0.7996419270833334,D,visually similar but uncertain,requires human verification,2025_12_21_IMG (168).JPG,Algal leaf spot,train,8080324ac1052599ef6caefa62fb43584f047b99f5ed210625d33dc7662896a2,2025_12_21_IMG (169).JPG,Algal leaf spot,train,f5ef2f60090e0806750d3ac3c58b5cf460e67ef92d936e18a98d1fd3e1b15bfd,False,train,Algal leaf spot,True,1.0,,test,train
dataset/train/Algal leaf spot/2025_12_21_IMG (18).JPG,dataset/train/Algal leaf spot/2025_12_21_IMG (19).JPG,filename_neighbor,False,True,,1,3d61cb07cc39cc19,3d61cb16cc39cc19,2,0.0077263326384127,0.9674479166666666,C,probable near duplicate,requires human verification,2025_12_21_IMG (18).JPG,Algal leaf spot,train,2d908f45928fb83d519094ccc5c6a3a54330524bba35e42d2bde12e1e8972a5e,2025_12_21_IMG (19).JPG,Algal leaf spot,train,85e2ae7b13a4bc6d3ada1b23b19c941f46c24cb0a432a8fa05425309186cc0f2,False,train,Algal leaf spot,True,1.0,,train,val
dataset/train/Algal leaf spot/2025_12_21_IMG (186).JPG,dataset/val/Algal leaf spot/2025_12_21_IMG (187).JPG,audit_near_candidate|filename_neighbor,True,True,0.0,0,3664d036c332cb73,3664d036c332cb73,0,0.0081214243546128,0.8911946614583334,D,visually similar but uncertain,requires human verification,2025_12_21_IMG (186).JPG,Algal leaf spot,train,5cece352ce25f335ac9a43d2dd136f79f82b7e5fc2ad8295b063e9c416f3a79f,2025_12_21_IMG (187).JPG,Algal leaf spot,val,b2becd318e0f768b22717514f02ce73597d209ec195b0c02bdd34c7f4f76904b,True,train-val,Algal leaf spot,True,1.0,,train,test
dataset/train/Algal leaf spot/2025_12_21_IMG (191).JPG,dataset/train/Algal leaf spot/2025_12_21_IMG (192).JPG,filename_neighbor,False,True,,10,34c1d28fcb9cc94c,3c45d286839e9bcc,12,0.0633249655365943,0.8133951822916666,D,visually similar but uncertain,requires human verification,2025_12_21_IMG (191).JPG,Algal leaf spot,train,edac13c4c14427b5e9f28cb6953ec7191d1faac803fc8766f1e3c9a90bc08817,2025_12_21_IMG (192).JPG,Algal leaf spot,train,4ada017e790b63290a842524c3c3d29b7cdca772505f7dcb5335f673bbc84b64,False,train,Algal leaf spot,True,1.0,,val,train
dataset/train/Algal leaf spot/2025_12_21_IMG (194).JPG,dataset/train/Algal leaf spot/2025_12_21_IMG (195).JPG,filename_neighbor,False,True,,8,3d41d026c396937e,3dc1d087c38fc30e,12,0.0528403259813785,0.654296875,D,visually similar but uncertain,requires human verification,2025_12_21_IMG (194).JPG,Algal leaf spot,train,95885d159159afef4989278a615d7bcaa905fdf03d5161bab5134a5ae4a81467,2025_12_21_IMG (195).JPG,Algal leaf spot,train,bbd0f0a312f26bd97a226d31839d21284c05023166be78effc9599e83683b999,False,train,Algal leaf spot,True,1.0,,val,train
dataset/train/Algal leaf spot/2025_12_21_IMG (209).JPG,dataset/train/Algal leaf spot/2025_12_21_IMG (210).JPG,filename_neighbor,False,True,,5,2a6ad4952f5a7825,2a6ed0952f5af025,4,0.0155104296281933,0.9261067708333334,D,visually similar but uncertain,requires human verification,2025_12_21_IMG (209).JPG,Algal leaf spot,train,5d7472868557a9b1b9005eb042593664f4a92269166a5166dcf17579943f379a,2025_12_21_IMG (210).JPG,Algal leaf spot,train,d719615734a8cd2d592a2e31583d60f08a45d61f5020b382a78c39ba8c2c8c08,False,train,Algal leaf spot,True,1.0,,train,test
dataset/train/Algal leaf spot/2025_12_21_IMG (21).JPG,dataset/train/Algal leaf spot/2025_12_21_IMG (22).JPG,filename_neighbor,False,True,,2,3dc5c286831e9f98,3de5c28683969f90,4,0.0101501867175102,0.962890625,C,probable near duplicate,requires human verification,2025_12_21_IMG (21).JPG,Algal leaf spot,train,2fac19cbb6c59e3b61be968051b099bbc3bc36c41cf9b39394278c200b29cbd1,2025_12_21_IMG (22).JPG,Algal leaf spot,train,927414f25236332118e2cb6440d3a5c29ab8615e49c7aac40c29e955154e9a9b,False,train,Algal leaf spot,True,1.0,,val,test
dataset/train/Algal leaf spot/2025_12_21_IMG (223).JPG,dataset/train/Algal leaf spot/2025_12_21_IMG (224).JPG,filename_neighbor,False,True,,6,2ac095bd2ad0f52b,2ac0953f6ad0b50f,6,0.0179652404040098,0.9383138020833334,D,visually similar but uncertain,requires human verification,2025_12_21_IMG (223).JPG,Algal leaf spot,train,f6a3bd91b5069e3a13b1b6d5fd87ba9f8d0a80906fb221d26af31ac7f41a3f33,2025_12_21_IMG (224).JPG,Algal leaf spot,train,c116ea81bd80d86c272f9bc1de55076606e763913e5e2e7808c8fde1e6af5804,False,train,Algal leaf spot,True,1.0,,train,test
dataset/train/Algal leaf spot/2025_12_21_IMG (23).JPG,dataset/train/Algal leaf spot/2025_12_21_IMG (24).JPG,filename_neighbor,False,True,,2,2b15d47a8f498c66,2b15947a8f4b8c66,2,0.0180328954011201,0.9764811197916666,C,probable near duplicate,requires human verification,2025_12_21_IMG (23).JPG,Algal leaf spot,train,74ca8e657ef60cfb17a9349c2be991e2662fb54c739ecffd9e418a4153973d50,2025_12_21_IMG (24).JPG,Algal leaf spot,train,679f2cb258748a49c6f05f6d916f6c5d9fcbc5fec808bec30ca3275690e40132,False,train,Algal leaf spot,True,1.0,,val,train
dataset/train/Algal leaf spot/2025_12_21_IMG (230).JPG,dataset/train/Algal leaf spot/2025_12_21_IMG (231).JPG,filename_neighbor,False,True,,4,3d9ec269c466b063,3d9fc2e8c462b063,4,0.0234687775373458,0.954833984375,C,probable near duplicate,requires human verification,2025_12_21_IMG (230).JPG,Algal leaf spot,train,cd5e2b4366585cdb2966980550a5d8f92e3a5e992cbf46fc428452693cb3561d,2025_12_21_IMG (231).JPG,Algal leaf spot,train,b72291c8164317cc461076b27c49c9fb82e5a0426903891533d4a7cfa0023e07,False,train,Algal leaf spot,True,1.0,,train,test
dataset/train/Algal leaf spot/2025_12_21_IMG (240).JPG,dataset/train/Algal leaf spot/2025_12_21_IMG (241).JPG,filename_neighbor,False,True,,3,6c1c8ec3c9cd8566,681c9ec3d9cd8564,4,0.0134025225415825,0.973876953125,C,probable near duplicate,requires human verification,2025_12_21_IMG (240).JPG,Algal leaf spot,train,da1d9ff9e4e61a39f39071825a3100d41a278a0e6b188d80a40aa93af74115ef,2025_12_21_IMG (241).JPG,Algal leaf spot,train,fe7305d21cef89df98aed8530949f2eb883aec21f3c89ab207e2eb5d2090ba8b,False,train,Algal leaf spot,True,1.0,,train,val
dataset/train/Algal leaf spot/2025_12_21_IMG (241).JPG,dataset/val/Algal leaf spot/2025_12_21_IMG (239).JPG,audit_near_candidate,True,False,4.0,4,681c9ec3d9cd8564,68349ec3d9cd854c,4,0.0369383171200752,0.9466959635416666,C,probable near duplicate,requires human verification,2025_12_21_IMG (241).JPG,Algal leaf spot,train,fe7305d21cef89df98aed8530949f2eb883aec21f3c89ab207e2eb5d2090ba8b,2025_12_21_IMG (239).JPG,Algal leaf spot,val,e94cdb25b37e44a831771557535691dc34bbe3d7b8679d93667f3aa592d87ca8,True,train-val,Algal leaf spot,True,2.0,,val,train
dataset/train/Algal leaf spot/2025_12_21_IMG (243).JPG,dataset/train/Algal leaf spot/2025_12_21_IMG (244).JPG,filename_neighbor,False,True,,8,7f4b95a8c0354b52,7f4b95acc0940fc2,8,0.0487767420709133,0.9305013020833334,D,visually similar but uncertain,requires human verification,2025_12_21_IMG (243).JPG,Algal leaf spot,train,666b47a82c9092fa9a93a357742a8836c2180b4cc9176a0844e958447fa29bbc,2025_12_21_IMG (244).JPG,Algal leaf spot,train,fc42fd216d20bcf1a09fa05b6fb51e9f26f6ce00d4e691d6c5bb184f40e86610,False,train,Algal leaf spot,True,1.0,,val,train
dataset/train/Algal leaf spot/2025_12_21_IMG (249).JPG,dataset/train/Algal leaf spot/2025_12_21_IMG (250).JPG,filename_neighbor,False,True,,6,788fa14497add234,7889a54597ab9235,8,0.042078673839569,0.951904296875,D,visually similar but uncertain,requires human verification,2025_12_21_IMG (249).JPG,Algal leaf spot,train,44e1bfdf2d43c2cf796026cf4fa0d4ea7d1b59e367fe35da5b5207f972d1c44e,2025_12_21_IMG (250).JPG,Algal leaf spot,train,4048d561471fc854581a1ae6f83607fc468db93ef8afc15e697e4b7cff3ecf96,False,train,Algal leaf spot,True,1.0,,train,test
dataset/train/Algal leaf spot/2025_12_21_IMG (251).JPG,dataset/train/Algal leaf spot/2025_12_21_IMG (252).JPG,filename_neighbor,False,True,,3,7bc0941f7a70218f,7bc0843f7a70218f,2,0.0190225429832935,0.9335123697916666,D,visually similar but uncertain,requires human verification,2025_12_21_IMG (251).JPG,Algal leaf spot,train,c0db14a7d529326ca00b8a9bfa64944a42535577ac2eee5d4a900af56953d463,2025_12_21_IMG (252).JPG,Algal leaf spot,train,75674693e287912e5071162b826319dba75e8d99e0600c38018d96b14881d6d8,False,train,Algal leaf spot,True,1.0,,test,train
dataset/train/Algal leaf spot/2025_12_21_IMG (277).JPG,dataset/val/Algal leaf spot/2025_12_21_IMG (276).JPG,filename_neighbor,False,True,,7,301cc970cd73cd33,301ccb70cd33cd33,2,0.0316562615334987,0.7593587239583334,D,visually similar but uncertain,requires human verification,2025_12_21_IMG (277).JPG,Algal leaf spot,train,6b7b4c2dc5651f6a679113042809e52e4894508eaf9d6ab9b28ead712e6c5e52,2025_12_21_IMG (276).JPG,Algal leaf spot,val,25bda3bc208574b84e9a368c5240aca35d18dffafd9ff4cd267ab9a70e7499cf,True,train-val,Algal leaf spot,True,1.0,,train,val
dataset/train/Algal leaf spot/2025_12_21_IMG (279).JPG,dataset/val/Algal leaf spot/2025_12_21_IMG (278).JPG,audit_near_candidate|filename_neighbor,True,True,0.0,0,796bc334c91acc19,786bc334cd1acc19,2,0.0087529998272657,0.9632161458333334,C,probable near duplicate,requires human verification,2025_12_21_IMG (279).JPG,Algal leaf spot,train,41a59a92a0fa13111c7a28aba6cc8ec2871b6b2b061b4df4bf2aaf2ccec6ba06,2025_12_21_IMG (278).JPG,Algal leaf spot,val,6e07fc337aa1029521d80b1ab96f19347c2b372cf62b38ec740c974c510d1f8e,True,train-val,Algal leaf spot,True,1.0,,train,test
dataset/train/Algal leaf spot/2025_12_21_IMG (280).JPG,dataset/train/Algal leaf spot/2025_12_21_IMG (281).JPG,filename_neighbor,False,True,,5,796bc334c91acc19,7d61c336cd1ac419,6,0.0168377235531806,0.962646484375,C,probable near duplicate,requires human verification,2025_12_21_IMG (280).JPG,Algal leaf spot,train,46086fcb464471de3112cd80003f5e67db866d52cfa380a29ed20d4a5949e0e8,2025_12_21_IMG (281).JPG,Algal leaf spot,train,2e60afbd37c9257f8217e17c8cfd03077228d4dc8480be66bdb22a8999a6e170,False,train,Algal leaf spot,True,1.0,,train,val
dataset/train/Algal leaf spot/2025_12_21_IMG (280).JPG,dataset/val/Algal leaf spot/2025_12_21_IMG (278).JPG,audit_near_candidate,True,False,0.0,0,796bc334c91acc19,786bc334cd1acc19,2,0.0099315764382481,0.962890625,C,probable near duplicate,requires human verification,2025_12_21_IMG (280).JPG,Algal leaf spot,train,46086fcb464471de3112cd80003f5e67db866d52cfa380a29ed20d4a5949e0e8,2025_12_21_IMG (278).JPG,Algal leaf spot,val,6e07fc337aa1029521d80b1ab96f19347c2b372cf62b38ec740c974c510d1f8e,True,train-val,Algal leaf spot,True,2.0,,train,test
dataset/train/Algal leaf spot/2025_12_21_IMG (281).JPG,dataset/train/Algal leaf spot/2025_12_21_IMG (282).JPG,filename_neighbor,False,True,,4,7d61c336cd1ac419,7d61c336cd1ac419,0,0.0218587238341569,0.9684244791666666,C,probable near duplicate,requires human verification,2025_12_21_IMG (281).JPG,Algal leaf spot,train,2e60afbd37c9257f8217e17c8cfd03077228d4dc8480be66bdb22a8999a6e170,2025_12_21_IMG (282).JPG,Algal leaf spot,train,ca6548f90a5e04c393778055ab549288202af73334e1f305b6a76345afc95492,False,train,Algal leaf spot,True,1.0,,val,train
dataset/train/Algal leaf spot/2025_12_21_IMG (281).JPG,dataset/val/Algal leaf spot/2025_12_21_IMG (278).JPG,audit_near_candidate,True,False,5.0,5,7d61c336cd1ac419,786bc334cd1acc19,6,0.0213714018464088,0.9559733072916666,C,probable near duplicate,requires human verification,2025_12_21_IMG (281).JPG,Algal leaf spot,train,2e60afbd37c9257f8217e17c8cfd03077228d4dc8480be66bdb22a8999a6e170,2025_12_21_IMG (278).JPG,Algal leaf spot,val,6e07fc337aa1029521d80b1ab96f19347c2b372cf62b38ec740c974c510d1f8e,True,train-val,Algal leaf spot,True,3.0,,val,test
dataset/train/Algal leaf spot/2025_12_21_IMG (284).JPG,dataset/train/Algal leaf spot/2025_12_21_IMG (285).JPG,filename_neighbor,False,True,,3,3a3f85e05a96c34a,3a3f85e05a96c34a,0,0.0164822041988372,0.956787109375,C,probable near duplicate,requires human verification,2025_12_21_IMG (284).JPG,Algal leaf spot,train,d9cf39691af0beb8ca277a31e0bcc4578c10e024f54a72391e76acc373c5ff59,2025_12_21_IMG (285).JPG,Algal leaf spot,train,f6a7832c86b1a7c7cbe9a163993e8ff1c9d09af2cb805f6471a992a056bd1988,False,train,Algal leaf spot,True,1.0,,train,test
dataset/train/Algal leaf spot/2025_12_21_IMG (288).JPG,dataset/val/Algal leaf spot/2025_12_21_IMG (291).JPG,audit_near_candidate,True,False,4.0,4,6e42913d4f923e4a,7e43913d5f902a4a,6,0.0230838954448699,0.8445638020833334,D,visually similar but uncertain,requires human verification,2025_12_21_IMG (288).JPG,Algal leaf spot,train,7918fc1518b6f4b32bc7cc9baeb74bea5614df14e185ad9eb9ad49025b25c3d2,2025_12_21_IMG (291).JPG,Algal leaf spot,val,fb1522bb055c1aef02b5de22425238955eb45957e37f918d0f096c334b02171d,True,train-val,Algal leaf spot,True,3.0,,train,val
dataset/train/Algal leaf spot/2025_12_21_IMG (290).JPG,dataset/val/Algal leaf spot/2025_12_21_IMG (289).JPG,audit_near_candidate|filename_neighbor,True,True,4.0,4,6e43913d4f922e4a,7e43913d4f922a4a,2,0.012091502547264,0.86669921875,D,visually similar but uncertain,requires human verification,2025_12_21_IMG (290).JPG,Algal leaf spot,train,c464293038a9631f935ae00251b29cdae3654d5881bc6c9edab12369f212ff63,2025_12_21_IMG (289).JPG,Algal leaf spot,val,82b4e23b3746443cd1a07d4ca6c1f3608d9c07d2dfb8688637865257358ce54b,True,train-val,Algal leaf spot,True,1.0,,test,train
dataset/train/Algal leaf spot/2025_12_21_IMG (290).JPG,dataset/val/Algal leaf spot/2025_12_21_IMG (291).JPG,audit_near_candidate|filename_neighbor,True,True,3.0,3,6e43913d4f922e4a,7e43913d5f902a4a,4,0.0138033600524067,0.9254557291666666,D,visually similar but uncertain,requires human verification,2025_12_21_IMG (290).JPG,Algal leaf spot,train,c464293038a9631f935ae00251b29cdae3654d5881bc6c9edab12369f212ff63,2025_12_21_IMG (291).JPG,Algal leaf spot,val,fb1522bb055c1aef02b5de22425238955eb45957e37f918d0f096c334b02171d,True,train-val,Algal leaf spot,True,1.0,,test,val
dataset/train/Algal leaf spot/2025_12_21_IMG (295).JPG,dataset/train/Algal leaf spot/2025_12_21_IMG (296).JPG,filename_neighbor,False,True,,3,3b2bc5b45e823a1a,3b2b85b45e823a1b,2,0.0132413571700453,0.9034830729166666,D,visually similar but uncertain,requires human verification,2025_12_21_IMG (295).JPG,Algal leaf spot,train,aa283a5db744e6e0d719669a4512af8e416b5f20d7869a9b1c02a451c6d31160,2025_12_21_IMG (296).JPG,Algal leaf spot,train,73ddb283bcef391ae39105d42b1b7f370161a10ece0b023fb7afd3a961205352,False,train,Algal leaf spot,True,1.0,,test,val
dataset/train/Algal leaf spot/2025_12_21_IMG (296).JPG,dataset/train/Algal leaf spot/2025_12_21_IMG (297).JPG,filename_neighbor,False,True,,1,3b2b85b45e823a1b,3a2b85b45e833a5a,4,0.0179202407598495,0.8980305989583334,D,visually similar but uncertain,requires human verification,2025_12_21_IMG (296).JPG,Algal leaf spot,train,73ddb283bcef391ae39105d42b1b7f370161a10ece0b023fb7afd3a961205352,2025_12_21_IMG (297).JPG,Algal leaf spot,train,8046c723c3e58e92e5076d56f8dfa8c2a4d13765132a663e9f52793528589362,False,train,Algal leaf spot,True,1.0,,val,train
dataset/train/Algal leaf spot/2025_12_21_IMG (298).JPG,dataset/train/Algal leaf spot/2025_12_21_IMG (299).JPG,filename_neighbor,False,True,,3,6f40952dc91699b3,6f409525c91ecc3b,8,0.022991344332695,0.9619954427083334,D,visually similar but uncertain,requires human verification,2025_12_21_IMG (298).JPG,Algal leaf spot,train,b092ed22528c994a4a4889350afa18b31aa75d0805560d422300ed4483fa4b67,2025_12_21_IMG (299).JPG,Algal leaf spot,train,5dd3348eb49665fa61eabe2a44d68269c28cc98c6a89e87f514118afef51f728,False,train,Algal leaf spot,True,1.0,,val,train
dataset/train/Algal leaf spot/2025_12_21_IMG (39).JPG,dataset/train/Algal leaf spot/2025_12_21_IMG (40).JPG,filename_neighbor,False,True,,0,79ce9064c3368f92,79ce9064c3368f92,0,0.0098093468695878,0.96240234375,C,probable near duplicate,requires human verification,2025_12_21_IMG (39).JPG,Algal leaf spot,train,90a92fdf2b8a84710a5f04c99f1ea1585309ac513c784779992ba03484cc4fd7,2025_12_21_IMG (40).JPG,Algal leaf spot,train,8b56f3359dae0cb0b73542331110cdf0dca3aeecbbbe6e2b759ff71d61604515,False,train,Algal leaf spot,True,1.0,,train,test
dataset/train/Algal leaf spot/2025_12_21_IMG (45).JPG,dataset/train/Algal leaf spot/2025_12_21_IMG (46).JPG,filename_neighbor,False,True,,3,7a86c5ce86589e68,7a86c5ce86589a69,2,0.0134034799411892,0.9696451822916666,C,probable near duplicate,requires human verification,2025_12_21_IMG (45).JPG,Algal leaf spot,train,29ae06bb78a3897f5dd27f227d44a86fc981787d8fc159a4b121bb90adf93f75,2025_12_21_IMG (46).JPG,Algal leaf spot,train,d98e238f0385375200b2559b102ac3b425c2302f8cf13322dfc19fe2ff955c71,False,train,Algal leaf spot,True,1.0,,train,test
dataset/train/Algal leaf spot/2025_12_21_IMG (45).JPG,dataset/val/Algal leaf spot/2025_12_21_IMG (44).JPG,audit_near_candidate|filename_neighbor,True,True,2.0,2,7a86c5ce86589e68,7a86c4ce86dc8e68,4,0.0234805848449468,0.972900390625,C,probable near duplicate,requires human verification,2025_12_21_IMG (45).JPG,Algal leaf spot,train,29ae06bb78a3897f5dd27f227d44a86fc981787d8fc159a4b121bb90adf93f75,2025_12_21_IMG (44).JPG,Algal leaf spot,val,3bfbf0f58a3c1846b45457550310d14a2a210e138f90259d836db90489823f5e,True,train-val,Algal leaf spot,True,1.0,,train,test
dataset/train/Algal leaf spot/2025_12_21_IMG (45).JPG,dataset/val/Algal leaf spot/2025_12_21_IMG (47).JPG,audit_near_candidate,True,False,3.0,3,7a86c5ce86589e68,7a86c5ce86589a69,2,0.0149835320189595,0.9685872395833334,C,probable near duplicate,requires human verification,2025_12_21_IMG (45).JPG,Algal leaf spot,train,29ae06bb78a3897f5dd27f227d44a86fc981787d8fc159a4b121bb90adf93f75,2025_12_21_IMG (47).JPG,Algal leaf spot,val,23e218ea154aae71b740976cc95d10aee1570b20f3d63c63fc2b3ebd9a30167d,True,train-val,Algal leaf spot,True,2.0,,train,test
dataset/train/Algal leaf spot/2025_12_21_IMG (48).JPG,dataset/train/Algal leaf spot/2025_12_21_IMG (49).JPG,filename_neighbor,False,True,,2,7e81817a1fa0f895,7e81817a1fa0f895,0,0.0135668776929378,0.9597981770833334,C,probable near duplicate,requires human verification,2025_12_21_IMG (48).JPG,Algal leaf spot,train,eccf32c380d1f3c8a35ea6e0142708dc3c0774a544e8c1d9c4a7d1b8721effae,2025_12_21_IMG (49).JPG,Algal leaf spot,train,fec51b24eb98a734478cc63c11d49bcf0f248cdc0439ed84715b6edd21e0265b,False,train,Algal leaf spot,True,1.0,,train,test
dataset/train/Algal leaf spot/2025_12_21_IMG (5).JPG,dataset/val/Algal leaf spot/2025_12_21_IMG (6).JPG,audit_near_candidate|filename_neighbor,True,True,3.0,3,7e6ac0a58fda1485,3e6ac0a58fda1685,2,0.0246036294847726,0.904052734375,D,visually similar but uncertain,requires human verification,2025_12_21_IMG (5).JPG,Algal leaf spot,train,381a0a90a894fe351c494ee588b04a3712d39726538beee3fefcf46dc2165953,2025_12_21_IMG (6).JPG,Algal leaf spot,val,839ddd945650534027df94e7920f311f8384429f005a7defedc42cb5e24485cd,True,train-val,Algal leaf spot,True,1.0,,val,train
dataset/train/Algal leaf spot/2025_12_21_IMG (55).JPG,dataset/val/Algal leaf spot/2025_12_21_IMG (54).JPG,audit_near_candidate|filename_neighbor,True,True,6.0,6,6b95d06a3d07361a,7fb5d0483b0f241a,10,0.0379806198179721,0.9408365885416666,D,visually similar but uncertain,requires human verification,2025_12_21_IMG (55).JPG,Algal leaf spot,train,3daf9ef6497b8b3e8355f1ec2a4c0450769ec31e8e88d05e0c7fdb65c7c02c7a,2025_12_21_IMG (54).JPG,Algal leaf spot,val,54d4c7c26dea478f3a3df9a75c221afeb014c4e94b9986d4cf610ea29334273e,True,train-val,Algal leaf spot,True,1.0,,test,train
dataset/train/Algal leaf spot/2025_12_21_IMG (56).JPG,dataset/train/Algal leaf spot/2025_12_21_IMG (57).JPG,filename_neighbor,False,True,,3,7f80847fe0a09774,7f80847fe0a19770,2,0.0134966671466827,0.9228515625,D,visually similar but uncertain,requires human verification,2025_12_21_IMG (56).JPG,Algal leaf spot,train,905bf30b681be11b8a5abcbc3f5dd18f0ad7b26a324a1cf5bfc809f80850a529,2025_12_21_IMG (57).JPG,Algal leaf spot,train,221acf9f8047cc00299ed65768f0ff17e6b923e23e4d846d518130baeffdaa0b,False,train,Algal leaf spot,True,1.0,,val,train
dataset/train/Algal leaf spot/2025_12_21_IMG (66).JPG,dataset/val/Algal leaf spot/2025_12_21_IMG (65).JPG,filename_neighbor,False,True,,15,7b7ba0e84684a0d7,7b7ba0e86a84a0f8,8,0.0635617673397064,0.8445638020833334,D,visually similar but uncertain,requires human verification,2025_12_21_IMG (66).JPG,Algal leaf spot,train,f10db19f737e4c7d98d31a186e35cd30dfdf914a6ce1d1c4bc2619a052738c37,2025_12_21_IMG (65).JPG,Algal leaf spot,val,a70e591b5d1c59e935ce819f4527416a613851ebe38d66701714a0d5acf45965,True,train-val,Algal leaf spot,True,1.0,,test,train
dataset/train/Algal leaf spot/2025_12_21_IMG (69).JPG,dataset/train/Algal leaf spot/2025_12_21_IMG (70).JPG,filename_neighbor,False,True,,6,69359266924ab6cb,69309a66936f9349,12,0.0519674830138683,0.8875325520833334,D,visually similar but uncertain,requires human verification,2025_12_21_IMG (69).JPG,Algal leaf spot,train,4aa65e6892cfb736373b1e51816ed8ea92cac90944a7ebae21bec5667de4a642,2025_12_21_IMG (70).JPG,Algal leaf spot,train,ccc7a1fbd7202b581bcaa6c3f8652b3137516016d6d9a23935879c54fb1986df,False,train,Algal leaf spot,True,1.0,,train,test
dataset/train/Algal leaf spot/2025_12_21_IMG (7).JPG,dataset/val/Algal leaf spot/2025_12_21_IMG (6).JPG,audit_near_candidate|filename_neighbor,True,True,1.0,1,3e6ac0a58fda1685,3e6ac0a58fda1685,0,0.0088487416505813,0.9677734375,C,probable near duplicate,requires human verification,2025_12_21_IMG (7).JPG,Algal leaf spot,train,825d7aa644e1e395c925f3613db9ce75215776501bafa347865be50dc8de94ee,2025_12_21_IMG (6).JPG,Algal leaf spot,val,839ddd945650534027df94e7920f311f8384429f005a7defedc42cb5e24485cd,True,train-val,Algal leaf spot,True,1.0,,val,train
dataset/train/Algal leaf spot/2025_12_21_IMG (75).JPG,dataset/train/Algal leaf spot/2025_12_21_IMG (76).JPG,filename_neighbor,False,True,,10,7a3d8763984a914e,7a3c8f67914a9348,8,0.0444323159754276,0.9200846354166666,D,visually similar but uncertain,requires human verification,2025_12_21_IMG (75).JPG,Algal leaf spot,train,dee120eb20e48916d8d26a29e03ff5dd206c8d3c03dc5c1435908b6327cd2d31,2025_12_21_IMG (76).JPG,Algal leaf spot,train,125bca07014ea39655cb4d578f86cf8ded25db5b4232832e7ee174b624a06789,False,train,Algal leaf spot,True,1.0,,test,train
dataset/train/Algal leaf spot/2025_12_21_IMG (75).JPG,dataset/val/Algal leaf spot/2025_12_21_IMG (73).JPG,audit_near_candidate,True,False,6.0,6,7a3d8763984a914e,7a3dc77398439144,6,0.0508699715137481,0.895263671875,D,visually similar but uncertain,requires human verification,2025_12_21_IMG (75).JPG,Algal leaf spot,train,dee120eb20e48916d8d26a29e03ff5dd206c8d3c03dc5c1435908b6327cd2d31,2025_12_21_IMG (73).JPG,Algal leaf spot,val,44a7b6d08b01fd08a4ebe318309900b6feaf04cbec1ffd1120b2dc6bee1112f8,True,train-val,Algal leaf spot,True,2.0,,test,train
dataset/train/Algal leaf spot/2025_12_21_IMG (75).JPG,dataset/val/Algal leaf spot/2025_12_21_IMG (74).JPG,audit_near_candidate|filename_neighbor,True,True,6.0,6,7a3d8763984a914e,7a3dc73298239946,10,0.0512708090245723,0.9197591145833334,D,visually similar but uncertain,requires human verification,2025_12_21_IMG (75).JPG,Algal leaf spot,train,dee120eb20e48916d8d26a29e03ff5dd206c8d3c03dc5c1435908b6327cd2d31,2025_12_21_IMG (74).JPG,Algal leaf spot,val,e4acb6e1a6568123844aa0a3ab1c0f7d9c1252ba4aaab60cfc2da6f5e77703e9,True,train-val,Algal leaf spot,True,1.0,,test,train
dataset/train/Algal leaf spot/2025_12_21_IMG (8).JPG,dataset/train/Algal leaf spot/2025_12_21_IMG (9).JPG,filename_neighbor,False,True,,0,7a3f9570984ab1c8,7a3f9170984bb1c8,2,0.0234148409217596,0.97119140625,C,probable near duplicate,requires human verification,2025_12_21_IMG (8).JPG,Algal leaf spot,train,142b02953c342be654a4d84f8e3ee97155c073cd909de7119318179639a5753a,2025_12_21_IMG (9).JPG,Algal leaf spot,train,3d6bb341ccc703d4ad6e1f80a5da7d207fc3f8f4fab7af78b33fc9b6044e9067,False,train,Algal leaf spot,True,1.0,,test,train
dataset/train/Algal leaf spot/2025_12_21_IMG (81).JPG,dataset/train/Algal leaf spot/2025_12_21_IMG (82).JPG,filename_neighbor,False,True,,0,7f70a02a87b58f14,7f70a02a87b58f14,0,0.0090622454881668,0.9634602864583334,C,probable near duplicate,requires human verification,2025_12_21_IMG (81).JPG,Algal leaf spot,train,35a0cecbfc5a0e478db8fa17b722915517bdcc029ad990475524f7dc2fb5d2f6,2025_12_21_IMG (82).JPG,Algal leaf spot,train,c8aedff3504feec20e49ed8b03852f03899498644c0b0a5e7a2d318b3291c003,False,train,Algal leaf spot,True,1.0,,val,test
dataset/train/Algal leaf spot/2025_12_21_IMG (82).JPG,dataset/train/Algal leaf spot/2025_12_21_IMG (83).JPG,filename_neighbor,False,True,,3,7f70a02a87b58f14,7b70a02a87b58f16,2,0.0161739159375429,0.9785970052083334,C,probable near duplicate,requires human verification,2025_12_21_IMG (82).JPG,Algal leaf spot,train,c8aedff3504feec20e49ed8b03852f03899498644c0b0a5e7a2d318b3291c003,2025_12_21_IMG (83).JPG,Algal leaf spot,train,7621138cdb1426bf495844ac176dc57b6e160cc518c54ddd0380bc3bcbf87a2e,False,train,Algal leaf spot,True,1.0,,test,train
dataset/train/Algal leaf spot/2025_12_21_IMG (95).JPG,dataset/train/Algal leaf spot/2025_12_21_IMG (96).JPG,filename_neighbor,False,True,,8,2f37d4d8c2800b5f,2f36d4d882882b5f,4,0.0414378456771373,0.955322265625,D,visually similar but uncertain,requires human verification,2025_12_21_IMG (95).JPG,Algal leaf spot,train,9a0ed174a82c354748598096108d18301d3b1305e25cc511ad2f4f971b20f363,2025_12_21_IMG (96).JPG,Algal leaf spot,train,8d938fd089aa43b231b48a09909628cb12cf3e205e47f7d85d070c17aca2b713,False,train,Algal leaf spot,True,1.0,,val,test
dataset/train/Algal leaf spot/2025_12_21_IMG (95).JPG,dataset/val/Algal leaf spot/2025_12_21_IMG (94).JPG,audit_near_candidate|filename_neighbor,True,True,5.0,5,2f37d4d8c2800b5f,2f36d4d8c2880b5f,2,0.0274264067411422,0.94921875,C,probable near duplicate,requires human verification,2025_12_21_IMG (95).JPG,Algal leaf spot,train,9a0ed174a82c354748598096108d18301d3b1305e25cc511ad2f4f971b20f363,2025_12_21_IMG (94).JPG,Algal leaf spot,val,1543fca14b0948cec92559a72b6c0a7762f6aae3dce03856bdcc3218eab8cc8b,True,train-val,Algal leaf spot,True,1.0,,val,test
dataset/train/Black spot/2025_12_20_IMG (120).JPG,dataset/train/Black spot/2025_12_20_IMG (121).JPG,filename_neighbor,False,True,,3,3f6093b7c41e8499,3fe09297c61a8699,6,0.0156728699803352,0.9717610677083334,C,probable near duplicate,requires human verification,2025_12_20_IMG (120).JPG,Black spot,train,b227df6499c846e581e20008e4559cdb23a10dabff2c888a279d1150b4dd7a37,2025_12_20_IMG (121).JPG,Black spot,train,c8742438dfc1bb83df43ce9b4380f5ff2cb6230db5761a31eeeef5b9e06d8432,False,train,Black spot,True,1.0,,train,test
dataset/train/Black spot/2025_12_20_IMG (122).JPG,dataset/train/Black spot/2025_12_20_IMG (123).JPG,filename_neighbor,False,True,,2,25e1928bcbcfc90c,25e1d283cb8fc91c,4,0.0226843357086181,0.9744466145833334,C,probable near duplicate,requires human verification,2025_12_20_IMG (122).JPG,Black spot,train,3b6eb65110812e3f2e710472f49727358a9168cdafc57d7fd7ada730469ce9cc,2025_12_20_IMG (123).JPG,Black spot,train,5dea4d4b7371716f1416ff84046d426e5380aba31ae4fe80851a9d5b92795f83,False,train,Black spot,True,1.0,,train,val
dataset/train/Black spot/2025_12_20_IMG (126).JPG,dataset/train/Black spot/2025_12_20_IMG (127).JPG,filename_neighbor,False,True,,2,3dc1928e9a9e9992,3dc1928e9a9e9992,0,0.0167719833552837,0.9751790364583334,C,probable near duplicate,requires human verification,2025_12_20_IMG (126).JPG,Black spot,train,a78de55aa35649037b972b2ce416689eadabb920f88c11da562342da9e0e94a3,2025_12_20_IMG (127).JPG,Black spot,train,3775cbf4cb0f42aa810bfd8ba3463aaeae1a4175ee84cbf0e801272a9a497194,False,train,Black spot,True,1.0,,val,train
dataset/train/Black spot/2025_12_20_IMG (129).JPG,dataset/val/Black spot/2025_12_20_IMG (130).JPG,audit_near_candidate|filename_neighbor,True,True,4.0,4,658796989ad99a89,658792989ac99b8d,4,0.0222298800945281,0.9615071614583334,C,probable near duplicate,requires human verification,2025_12_20_IMG (129).JPG,Black spot,train,48a5abc6fbdf7525c210950c10c1e7cbf53bf3a4a4d7cf9220053e99cb4179a3,2025_12_20_IMG (130).JPG,Black spot,val,12a1596c4291376654bdb87c4a3b8f27a35ad2fce37fc9e60ff81280e6cc1ced,True,train-val,Black spot,True,1.0,,val,train
dataset/train/Black spot/2025_12_20_IMG (13).JPG,dataset/train/Black spot/2025_12_20_IMG (14).JPG,filename_neighbor,False,True,,1,302c83b39c9fcc69,302cc3b39c9fcc68,2,0.0163673162460327,0.909912109375,D,visually similar but uncertain,requires human verification,2025_12_20_IMG (13).JPG,Black spot,train,fde84a24f4fe258a48b0344d9da9ccd6ebbb5ab66cae883823e9d36b4a4c2f10,2025_12_20_IMG (14).JPG,Black spot,train,8d0ff8ec5b34abb5b48e8ecc837ff2cd53b02dc81e94ffb9ba018da2abc8ab7a,False,train,Black spot,True,1.0,,test,train
dataset/train/Black spot/2025_12_20_IMG (13).JPG,dataset/val/Black spot/2025_12_20_IMG (15).JPG,audit_near_candidate,True,False,4.0,4,302c83b39c9fcc69,302cc3b38c9fcc6c,4,0.0213615074753761,0.89990234375,D,visually similar but uncertain,requires human verification,2025_12_20_IMG (13).JPG,Black spot,train,fde84a24f4fe258a48b0344d9da9ccd6ebbb5ab66cae883823e9d36b4a4c2f10,2025_12_20_IMG (15).JPG,Black spot,val,4d1f477242fee0983df85fbabb7a39a3a9325ccff9797a25c5e82b5f4077de6e,True,train-val,Black spot,True,2.0,,test,train
dataset/train/Black spot/2025_12_20_IMG (144).JPG,dataset/val/Black spot/2025_12_20_IMG (145).JPG,audit_near_candidate|filename_neighbor,True,True,1.0,1,2a95d57a8f65340a,2a95d57a8f65340a,0,0.0259937942028045,0.8851725260416666,D,visually similar but uncertain,requires human verification,2025_12_20_IMG (144).JPG,Black spot,train,af5dd8deafc27f0a2fb50c420b79bb0ff569b278097f28d379cc015c3cbb22bb,2025_12_20_IMG (145).JPG,Black spot,val,f751170374792bccb48a353d9b0d756af574b2ef4e89628577e57425ae36ab42,True,train-val,Black spot,True,1.0,,val,train
dataset/train/Black spot/2025_12_20_IMG (165).JPG,dataset/train/Black spot/2025_12_20_IMG (166).JPG,filename_neighbor,False,True,,6,308fcb3c4c3372c9,308fcb2c4c3372cb,2,0.0118435323238372,0.96630859375,C,probable near duplicate,requires human verification,2025_12_20_IMG (165).JPG,Black spot,train,2b31d6083adaa8efa7ad467db3c67e9de2fdb20e4acaf9e6b4c7977fc6cd15ab,2025_12_20_IMG (166).JPG,Black spot,train,1fb093b2292cfa71e1a70b781d0bd533f98901a9ca5f9cd97bde11a3321128b0,False,train,Black spot,True,1.0,,train,val
dataset/train/Black spot/2025_12_20_IMG (173).JPG,dataset/val/Black spot/2025_12_20_IMG (174).JPG,audit_near_candidate|filename_neighbor,True,True,3.0,3,35d392cbcb49890d,35d392cbcb49890d,0,0.0120739517733454,0.9640299479166666,C,probable near duplicate,requires human verification,2025_12_20_IMG (173).JPG,Black spot,train,9828cfa7f62916027b3bdbc9f93b3d6d9e9948c3a26af4e2e2e9b243f00aa790,2025_12_20_IMG (174).JPG,Black spot,val,981c60cfc3143d71b5eae2caa7aabb591e82479d3c08f0278e63d2bb743aab9e,True,train-val,Black spot,True,1.0,,test,train
dataset/train/Black spot/2025_12_20_IMG (173).JPG,dataset/val/Black spot/2025_12_20_IMG (191).JPG,audit_near_candidate,True,False,5.0,5,35d392cbcb49890d,3d939093d3498bc9,12,0.050562959164381,0.887939453125,D,visually similar but uncertain,requires human verification,2025_12_20_IMG (173).JPG,Black spot,train,9828cfa7f62916027b3bdbc9f93b3d6d9e9948c3a26af4e2e2e9b243f00aa790,2025_12_20_IMG (191).JPG,Black spot,val,b164904769c250f68cbac08327b6b40f2b4c86e1feb2c5edf36d7404a0b28511,True,train-val,Black spot,True,18.0,,test,train
dataset/train/Black spot/2025_12_20_IMG (175).JPG,dataset/train/Black spot/2025_12_20_IMG (176).JPG,filename_neighbor,False,True,,4,2ffac085ed9b3060,2f7ac085ad9f3860,4,0.0271953493356704,0.9735514322916666,C,probable near duplicate,requires human verification,2025_12_20_IMG (175).JPG,Black spot,train,10ddca5600ab50f80a03f273028f65dee2f5e2167c02655ff16a164f84655210,2025_12_20_IMG (176).JPG,Black spot,train,dd9632a474db4eec0f89f2e625a36d20dcbbc4783dd5e44e5120263ac8f6f855,False,train,Black spot,True,1.0,,test,train
dataset/train/Black spot/2025_12_20_IMG (176).JPG,dataset/train/Black spot/2025_12_20_IMG (177).JPG,filename_neighbor,False,True,,10,2f7ac085ad9f3860,2f6ac085fd9a30e1,8,0.0375031903386116,0.96484375,D,visually similar but uncertain,requires human verification,2025_12_20_IMG (176).JPG,Black spot,train,dd9632a474db4eec0f89f2e625a36d20dcbbc4783dd5e44e5120263ac8f6f855,2025_12_20_IMG (177).JPG,Black spot,train,a622781cecaeff14cd9ac75b15ca821215f688a75b6ef89760a3e439669174ae,False,train,Black spot,True,1.0,,train,test
dataset/train/Black spot/2025_12_20_IMG (177).JPG,dataset/val/Black spot/2025_12_20_IMG (178).JPG,filename_neighbor,False,True,,8,2f6ac085fd9a30e1,3fe0c09ff8983065,12,0.0497347973287105,0.9431966145833334,D,visually similar but uncertain,requires human verification,2025_12_20_IMG (177).JPG,Black spot,train,a622781cecaeff14cd9ac75b15ca821215f688a75b6ef89760a3e439669174ae,2025_12_20_IMG (178).JPG,Black spot,val,db6ca85fe5087b10b2446f9439fc5574194cd84c9e7b7257cf69ee63fcf8fd20,True,train-val,Black spot,True,1.0,,test,train
dataset/train/Black spot/2025_12_20_IMG (179).JPG,dataset/train/Black spot/2025_12_20_IMG (180).JPG,filename_neighbor,False,True,,6,2b95d0ea25309e57,2f95d0eb25309e43,4,0.0271075870841741,0.97021484375,C,probable near duplicate,requires human verification,2025_12_20_IMG (179).JPG,Black spot,train,7bcf99176bf48299b66bf5f3a7236f33117f168f5776919d131ef5e75ec67d1a,2025_12_20_IMG (180).JPG,Black spot,train,33d7e9a79d8f43b76fd3044fb50517986fa2ac23c1cb2c62a0149404da9fb755,False,train,Black spot,True,1.0,,test,train
dataset/train/Black spot/2025_12_20_IMG (18).JPG,dataset/train/Black spot/2025_12_20_IMG (19).JPG,filename_neighbor,False,True,,3,308cc7b39c6e6171,308cc7b31c6e6971,2,0.0119727840647101,0.9266764322916666,D,visually similar but uncertain,requires human verification,2025_12_20_IMG (18).JPG,Black spot,train,1214f1915e35745c2ac6b0387c3386203c39d78efdb1ab09e4ea97612c452ee9,2025_12_20_IMG (19).JPG,Black spot,train,d85b964ae46b7f590fc0154e148abfe306bea5da42a862e2afc2c3d2b0bacb76,False,train,Black spot,True,1.0,,test,train
dataset/train/Black spot/2025_12_20_IMG (184).JPG,dataset/train/Black spot/2025_12_20_IMG (185).JPG,filename_neighbor,False,True,,5,386bc3a58d9a8c99,286b97a58d929c99,6,0.0229128357023,0.95556640625,C,probable near duplicate,requires human verification,2025_12_20_IMG (184).JPG,Black spot,train,69dd9f56b37531fc6dc90bc05ee7b92b3125f7e5a95ea147189e0593d370ebb7,2025_12_20_IMG (185).JPG,Black spot,train,0840173f3ce76d2c8728ef9552e2f8ed8c9afe98cece95873fe5583177667389,False,train,Black spot,True,1.0,,val,train
dataset/train/Black spot/2025_12_20_IMG (185).JPG,dataset/train/Black spot/2025_12_20_IMG (186).JPG,filename_neighbor,False,True,,19,286b97a58d929c99,624e97ad88b28d99,12,0.087622545659542,0.9069010416666666,D,visually similar but uncertain,requires human verification,2025_12_20_IMG (185).JPG,Black spot,train,0840173f3ce76d2c8728ef9552e2f8ed8c9afe98cece95873fe5583177667389,2025_12_20_IMG (186).JPG,Black spot,train,7406ba449b2c55aa7d3b14e6f3832fe30a995f1dd8c99d5b52e994aa63a1c594,False,train,Black spot,True,1.0,,train,val
dataset/train/Black spot/2025_12_20_IMG (189).JPG,dataset/val/Black spot/2025_12_20_IMG (188).JPG,audit_near_candidate|filename_neighbor,True,True,3.0,3,2ae5951f5ae02387,2ac0951f7ae0278f,6,0.0213570389896631,0.9527994791666666,C,probable near duplicate,requires human verification,2025_12_20_IMG (189).JPG,Black spot,train,8380bbf5632e61b4ae373910879942fa696933a4a9a1e013561176059de73d17,2025_12_20_IMG (188).JPG,Black spot,val,9ceaa928ac820fd08bd27848af286afd344f4b05a7b9df7e73db81ea898ab7e2,True,train-val,Black spot,True,1.0,,test,train
dataset/train/Black spot/2025_12_20_IMG (192).JPG,dataset/val/Black spot/2025_12_20_IMG (191).JPG,audit_near_candidate|filename_neighbor,True,True,5.0,5,3d929099cb498dcd,3d939093d3498bc9,8,0.0345968008041381,0.9310709635416666,D,visually similar but uncertain,requires human verification,2025_12_20_IMG (192).JPG,Black spot,train,6fc3ec8ec757cd12d1650a44b4a471fd4a046851fd0150b47ee011f78173c47b,2025_12_20_IMG (191).JPG,Black spot,val,b164904769c250f68cbac08327b6b40f2b4c86e1feb2c5edf36d7404a0b28511,True,train-val,Black spot,True,1.0,,val,train
dataset/train/Black spot/2025_12_20_IMG (204).JPG,dataset/train/Black spot/2025_12_20_IMG (205).JPG,filename_neighbor,False,True,,0,344c83f1cf87cc1c,346c83f1ce87cc1c,2,0.0097745610401034,0.9666341145833334,C,probable near duplicate,requires human verification,2025_12_20_IMG (204).JPG,Black spot,train,76107aa48e9dc9c91c6e870809079ef0c43a1224e8ac631fff3299ee56796bcf,2025_12_20_IMG (205).JPG,Black spot,train,fb4c3718ef7c2276d81af864a16141858c6bf3ae482e4a548bf369a56d365d69,False,train,Black spot,True,1.0,,test,train
dataset/train/Black spot/2025_12_20_IMG (208).JPG,dataset/train/Black spot/2025_12_20_IMG (209).JPG,filename_neighbor,False,True,,22,65cdc6b49893991a,70e4c7b69c91981b,12,0.0790134742856025,0.7696940104166666,D,visually similar but uncertain,requires human verification,2025_12_20_IMG (208).JPG,Black spot,train,5b1d648dc4f25174b859a88dc7f3140142bdc2886b919aa9236a6da4a7af6e1c,2025_12_20_IMG (209).JPG,Black spot,train,875e76ea656761531a237a4e985329b50a886c85009d6c4c4e88508182e08542,False,train,Black spot,True,1.0,,val,train
dataset/train/Black spot/2025_12_20_IMG (21).JPG,dataset/train/Black spot/2025_12_20_IMG (22).JPG,filename_neighbor,False,True,,8,61ec96c3989e8d19,61ec96c7989a8d19,2,0.0192357283085584,0.9778645833333334,C,probable near duplicate,requires human verification,2025_12_20_IMG (21).JPG,Black spot,train,b6de34df42df5656a825b9d0e4eaddfbd3c2edc20ca7c593d2a72cdbd81a5d85,2025_12_20_IMG (22).JPG,Black spot,train,aeb7d0e5fa456db388d038a8a861162be9088468296039b629ba08487f105adc,False,train,Black spot,True,1.0,,val,train
dataset/train/Black spot/2025_12_20_IMG (212).JPG,dataset/train/Black spot/2025_12_20_IMG (213).JPG,filename_neighbor,False,True,,6,246dcf929c983371,606dcf969c9a3311,6,0.0251790359616279,0.8662109375,D,visually similar but uncertain,requires human verification,2025_12_20_IMG (212).JPG,Black spot,train,5c3826a67bbca2f822482d0c8cf396a86d57483fef6dd095e6ed6c234291c5a5,2025_12_20_IMG (213).JPG,Black spot,train,f4f665bfcc140c0854aa07c9b0be23691743797e3644723baf2f5974de1483fb,False,train,Black spot,True,1.0,,test,train
dataset/train/Black spot/2025_12_20_IMG (229).JPG,dataset/train/Black spot/2025_12_20_IMG (230).JPG,filename_neighbor,False,True,,9,61cc9eb23467654c,61cc9eb224676ccc,4,0.0200463384389877,0.8888346354166666,D,visually similar but uncertain,requires human verification,2025_12_20_IMG (229).JPG,Black spot,train,43af3944539472859104a0eb561905dd87cb7f24503c035458531299b329d35c,2025_12_20_IMG (230).JPG,Black spot,train,fbd83f56fa102337d68c1955bbff4c16a0200c9fac0a5395fe5e16f4312cc10f,False,train,Black spot,True,1.0,,train,test
dataset/train/Black spot/2025_12_20_IMG (24).JPG,dataset/train/Black spot/2025_12_20_IMG (25).JPG,filename_neighbor,False,True,,2,62cf96b499939883,62ef96b49892988b,4,0.0119405509904026,0.9576009114583334,C,probable near duplicate,requires human verification,2025_12_20_IMG (24).JPG,Black spot,train,7a7d683b5fe0402a65d6f81c1fc0a965c86f3bc521d4390e597b84aac7f2b961,2025_12_20_IMG (25).JPG,Black spot,train,43eb8bbfa85185ea679a0504915b9d82244d27ed5e62757f801c84193acc75a0,False,train,Black spot,True,1.0,,test,train
dataset/train/Black spot/2025_12_20_IMG (24).JPG,dataset/val/Black spot/2025_12_20_IMG (196).JPG,audit_near_candidate,True,False,5.0,5,62cf96b499939883,62ef96b499929883,2,0.030900863930583,0.8316243489583334,D,visually similar but uncertain,requires human verification,2025_12_20_IMG (24).JPG,Black spot,train,7a7d683b5fe0402a65d6f81c1fc0a965c86f3bc521d4390e597b84aac7f2b961,2025_12_20_IMG (196).JPG,Black spot,val,c8f93be10828d2f1a96083fc0dae564f756eabbaa418f31ade59144fd10f23fd,True,train-val,Black spot,True,172.0,,test,train
dataset/train/Black spot/2025_12_20_IMG (242).JPG,dataset/train/Black spot/2025_12_20_IMG (243).JPG,filename_neighbor,False,True,,13,35c3da9cd82cc136,37c3d20ec83cc933,10,0.0456258952617645,0.9454752604166666,D,visually similar but uncertain,requires human verification,2025_12_20_IMG (242).JPG,Black spot,train,872c0f84c376840853a18df61df81286080b28bce22640dc3c23c9e9d27a736c,2025_12_20_IMG (243).JPG,Black spot,train,e37d29fb8bb810231648f13f7013849714c029cf5a25f191d3386fa4d2addc0f,False,train,Black spot,True,1.0,,val,train
dataset/train/Black spot/2025_12_20_IMG (248).JPG,dataset/train/Black spot/2025_12_20_IMG (249).JPG,filename_neighbor,False,True,,3,706cc3b68e919c99,30e4c3b28e9998db,8,0.0281039383262395,0.8942057291666666,D,visually similar but uncertain,requires human verification,2025_12_20_IMG (248).JPG,Black spot,train,9d45486936121441565b779efc96194c31a04861de6cba7fe657f88af491b41e,2025_12_20_IMG (249).JPG,Black spot,train,8b89dcf8d83f755d91d706c214ba9046628508e990fe75544787660bf71f8fc0,False,train,Black spot,True,1.0,,test,train
dataset/train/Black spot/2025_12_20_IMG (250).JPG,dataset/train/Black spot/2025_12_20_IMG (251).JPG,filename_neighbor,False,True,,11,30c7c39e8939cb31,30c6c39e8c39c979,6,0.0299239810556173,0.9330240885416666,D,visually similar but uncertain,requires human verification,2025_12_20_IMG (250).JPG,Black spot,train,5bfe6c63e08214c64613d3c90d3d477462be878286968637fc7324ba4d185a77,2025_12_20_IMG (251).JPG,Black spot,train,76ecf4b146423fe66e4da32f98973213544e4cf169e810242ac03a5838aa6d50,False,train,Black spot,True,1.0,,val,train
dataset/train/Black spot/2025_12_20_IMG (252).JPG,dataset/train/Black spot/2025_12_20_IMG (253).JPG,filename_neighbor,False,True,,1,30cf9b9e98338631,30cf8b9e9c31c631,4,0.0102255037054419,0.96337890625,C,probable near duplicate,requires human verification,2025_12_20_IMG (252).JPG,Black spot,train,6a605a9f590ac2492d5820027640b17051bf3b32d6d9775b55fdd150773e0ee3,2025_12_20_IMG (253).JPG,Black spot,train,e1d650f053865efc8e94d3a8edddb7e6d661f286028c44d9f4893d4235679738,False,train,Black spot,True,1.0,,val,train
dataset/train/Black spot/2025_12_20_IMG (269).JPG,dataset/train/Black spot/2025_12_20_IMG (270).JPG,filename_neighbor,False,True,,4,3016cf6d4c3630bb,3116cf6d4c36303b,2,0.0075926142744719,0.9747721354166666,C,probable near duplicate,requires human verification,2025_12_20_IMG (269).JPG,Black spot,train,a57fa8f95d2053c2cea8d53441f233af1371eb9696bc97b491ae1abf456654f5,2025_12_20_IMG (270).JPG,Black spot,train,54af682e98257fbea9c1657e83eb2c8dc114c61878dd3060a2187b5728223906,False,train,Black spot,True,1.0,,val,train
dataset/train/Black spot/2025_12_20_IMG (270).JPG,dataset/train/Black spot/2025_12_20_IMG (271).JPG,filename_neighbor,False,True,,2,3116cf6d4c36303b,3116cf6d4c36303b,0,0.0106933591887354,0.9771321614583334,C,probable near duplicate,requires human verification,2025_12_20_IMG (270).JPG,Black spot,train,54af682e98257fbea9c1657e83eb2c8dc114c61878dd3060a2187b5728223906,2025_12_20_IMG (271).JPG,Black spot,train,e4b18ed4e25193d1192322623ba162dde2391d314a8f742e59c4317eeecc15d3,False,train,Black spot,True,1.0,,train,test
dataset/train/Black spot/2025_12_20_IMG (275).JPG,dataset/val/Black spot/2025_12_20_IMG (276).JPG,audit_near_candidate|filename_neighbor,True,True,6.0,6,33c6cd5bcc595844,33c6cd59cc595862,4,0.0245972480624914,0.9619954427083334,C,probable near duplicate,requires human verification,2025_12_20_IMG (275).JPG,Black spot,train,9ba14e32836be7ed910a23b151ec490f87e7092cd7d2925781cf4bde6d9313e0,2025_12_20_IMG (276).JPG,Black spot,val,d770bf8bd676e902022f140b894bb4aa716e35e995f376fedb28c910af79f399,True,train-val,Black spot,True,1.0,,train,test
dataset/train/Black spot/2025_12_20_IMG (277).JPG,dataset/val/Black spot/2025_12_20_IMG (278).JPG,audit_near_candidate|filename_neighbor,True,True,4.0,4,343dc3c36d0f7230,3439c3c36d0f7630,2,0.0144770592451095,0.9235026041666666,D,visually similar but uncertain,requires human verification,2025_12_20_IMG (277).JPG,Black spot,train,3332719f84a85235aab9cc40d4dcf317ce5ab402a10f9693452f5c5e0a6b782d,2025_12_20_IMG (278).JPG,Black spot,val,c52abbdec870e7aceb6d9123ec3bf7ecb0d91440c92714deb727fe7b5b256f1e,True,train-val,Black spot,True,1.0,,train,val
dataset/train/Black spot/2025_12_20_IMG (279).JPG,dataset/train/Black spot/2025_12_20_IMG (280).JPG,filename_neighbor,False,True,,3,33d9cd49cc4ecc22,33d9cd49cc4ecc22,0,0.0143924877047538,0.9659830729166666,C,probable near duplicate,requires human verification,2025_12_20_IMG (279).JPG,Black spot,train,ed7cc99c1ad807ca31578f4e729e7c588f0b160c6451e75b3027e040d5c9727c,2025_12_20_IMG (280).JPG,Black spot,train,95a2752175f3442b56c921ca65746020d5fdbd0a1089459d21cb203d6abcabc7,False,train,Black spot,True,1.0,,train,val
dataset/train/Black spot/2025_12_20_IMG (283).JPG,dataset/train/Black spot/2025_12_20_IMG (284).JPG,filename_neighbor,False,True,,6,3d71d2960f4b7034,7d61d2962f4a7025,6,0.0229916628450155,0.9415690104166666,C,probable near duplicate,requires human verification,2025_12_20_IMG (283).JPG,Black spot,train,8c62b9545d4147e819056c53af7c3fe93500cec2d1dfac771c6465e3ece23d7a,2025_12_20_IMG (284).JPG,Black spot,train,f440365688c2fa20aed353a453ee9d053420616f5c275a870699ffa6567e973b,False,train,Black spot,True,1.0,,train,val
dataset/train/Black spot/2025_12_20_IMG (299).JPG,dataset/val/Black spot/2025_12_20_IMG (300).JPG,audit_near_candidate|filename_neighbor,True,True,5.0,5,356cc3b28e931cc9,216c93f28e933cc9,6,0.027299391105771,0.9309895833333334,D,visually similar but uncertain,requires human verification,2025_12_20_IMG (299).JPG,Black spot,train,25a99eee4b9599a9b8aeb94cf424da60ac106f66cb220e70f1cd63471cf6eba9,2025_12_20_IMG (300).JPG,Black spot,val,e0900791982b33b6996ccb3f31dbbac7c62908bc54e9411c45aa60ce9a34961a,True,train-val,Black spot,True,1.0,,train,test
dataset/train/Black spot/2025_12_20_IMG (3).JPG,dataset/train/Black spot/2025_12_20_IMG (4).JPG,filename_neighbor,False,True,,3,7f3ac0690fb4311a,7f3ac06b0fa4311a,2,0.0126815885305404,0.9315592447916666,D,visually similar but uncertain,requires human verification,2025_12_20_IMG (3).JPG,Black spot,train,100e4ea180fd0ad35aa9b94363caec2168c793b1ec52690f0b8341c4814fc754,2025_12_20_IMG (4).JPG,Black spot,train,ef7ef5ba7ffb586040d33c1a2a2dc5089cfc1246ac4bbc36518b66140443a9cc,False,train,Black spot,True,1.0,,train,test
dataset/train/Black spot/2025_12_20_IMG (303).JPG,dataset/train/Black spot/2025_12_20_IMG (304).JPG,filename_neighbor,False,True,,2,61649ef2989b29c9,71648bf38c9b28c9,8,0.0205805748701095,0.9451497395833334,D,visually similar but uncertain,requires human verification,2025_12_20_IMG (303).JPG,Black spot,train,e32ed2a991ef5f3cf75048a2c4c6d922b2bca79c5d19323bf7d4c2c656e35728,2025_12_20_IMG (304).JPG,Black spot,train,cf1d305d07601baf7a522cc5622e3567a1da788395f0c90a5c1fa4bdc3eeb811,False,train,Black spot,True,1.0,,val,test
dataset/train/Black spot/2025_12_20_IMG (307).JPG,dataset/val/Black spot/2025_12_20_IMG (308).JPG,audit_near_candidate|filename_neighbor,True,True,3.0,3,71ecc3934cdb3064,71eccb934cd93064,2,0.0112741896882653,0.9181315104166666,D,visually similar but uncertain,requires human verification,2025_12_20_IMG (307).JPG,Black spot,train,2c2cb8e37acba40e7741196905f24f12c74c1e46be9719e3e6dc61c3a82b132f,2025_12_20_IMG (308).JPG,Black spot,val,2604a993fa59c34299598387414d4bdcec13ac6516a7cff853d19de52f8cd506,True,train-val,Black spot,True,1.0,,val,train
dataset/train/Black spot/2025_12_20_IMG (307).JPG,dataset/val/Black spot/2025_12_20_IMG (309).JPG,audit_near_candidate,True,False,5.0,5,71ecc3934cdb3064,71eccb934cd93064,2,0.020164418965578,0.8920084635416666,D,visually similar but uncertain,requires human verification,2025_12_20_IMG (307).JPG,Black spot,train,2c2cb8e37acba40e7741196905f24f12c74c1e46be9719e3e6dc61c3a82b132f,2025_12_20_IMG (309).JPG,Black spot,val,6a44ebb691f83f989c9c884171ff0ed83bda8bc9d50a38e20be479f341dcd72f,True,train-val,Black spot,True,2.0,,val,train
dataset/train/Black spot/2025_12_20_IMG (314).JPG,dataset/train/Black spot/2025_12_20_IMG (315).JPG,filename_neighbor,False,True,,4,616c97b48e921c9b,716c93b4ce920c9b,4,0.0219835098832845,0.9388834635416666,D,visually similar but uncertain,requires human verification,2025_12_20_IMG (314).JPG,Black spot,train,06043455cdca74d739e30e66062b60baa8ac67914e6fd70b2c5366b5267fc42b,2025_12_20_IMG (315).JPG,Black spot,train,6270d2415926a61c1844c53d930c353c3008c5e97d7660742fbc2b48183572cf,False,train,Black spot,True,1.0,,train,test
dataset/train/Black spot/2025_12_20_IMG (321).JPG,dataset/train/Black spot/2025_12_20_IMG (322).JPG,filename_neighbor,False,True,,3,7da6d04b0f3458d2,7da2d04b0f345ad2,2,0.0130648734048008,0.94921875,C,probable near duplicate,requires human verification,2025_12_20_IMG (321).JPG,Black spot,train,2ab78d58b7ecbf97fc12f8f0f3759b494c235495a6d62c634c8775742be7b6fc,2025_12_20_IMG (322).JPG,Black spot,train,64a3951b0045d96a9653c28617a09b83f2fc688076f08b842dfc20be09771905,False,train,Black spot,True,1.0,,val,train
dataset/train/Black spot/2025_12_20_IMG (324).JPG,dataset/train/Black spot/2025_12_20_IMG (325).JPG,filename_neighbor,False,True,,4,74c2c36d6c92a3c9,74cac36d6c9281cb,4,0.023000918328762,0.9264322916666666,D,visually similar but uncertain,requires human verification,2025_12_20_IMG (324).JPG,Black spot,train,f01c110daba7be0a801e0dc486842e17caccaa8d5a0f604ac859a373d80aef5c,2025_12_20_IMG (325).JPG,Black spot,train,db6ee31a8168ad5c3620118a64e176b5483ab488f98774bb15378f4378f680f0,False,train,Black spot,True,1.0,,val,train
dataset/train/Black spot/2025_12_20_IMG (38).JPG,dataset/train/Black spot/2025_12_20_IMG (39).JPG,filename_neighbor,False,True,,6,30c9cf341c73318f,30c9cf340c7331cf,2,0.0149860857054591,0.9431966145833334,C,probable near duplicate,requires human verification,2025_12_20_IMG (38).JPG,Black spot,train,6cd1daec0c63b6083762917f3a7103b5cf7e0affc7c480b5104ff8e3fde4ef46,2025_12_20_IMG (39).JPG,Black spot,train,a8e688e0f54e82d71615ec0cdea75014f26fa2bccc235877a9fe3ecbf55923bd,False,train,Black spot,True,1.0,,train,test
dataset/train/Black spot/2025_12_20_IMG (39).JPG,dataset/train/Black spot/2025_12_20_IMG (40).JPG,filename_neighbor,False,True,,4,30c9cf340c7331cf,32c9cf340c73318f,2,0.007507084403187,0.9597981770833334,C,probable near duplicate,requires human verification,2025_12_20_IMG (39).JPG,Black spot,train,a8e688e0f54e82d71615ec0cdea75014f26fa2bccc235877a9fe3ecbf55923bd,2025_12_20_IMG (40).JPG,Black spot,train,e91a1aa956609538a4084015176c63319b182133b924a7ee9605ccb6f11ceaf8,False,train,Black spot,True,1.0,,test,train
dataset/train/Black spot/2025_12_20_IMG (42).JPG,dataset/val/Black spot/2025_12_20_IMG (41).JPG,audit_near_candidate|filename_neighbor,True,True,4.0,4,34e4c3938fcd384c,347cc1930fcd784c,6,0.0310712829232215,0.9078776041666666,D,visually similar but uncertain,requires human verification,2025_12_20_IMG (42).JPG,Black spot,train,546f5f71f8e3f242ba2ccb909ea822d5240d3d63171f305b21d910205015f1d4,2025_12_20_IMG (41).JPG,Black spot,val,f7c3867c7ad84f1203eb2b510d099adccdaacf1b5598516f84cfb27850c001a3,True,train-val,Black spot,True,1.0,,train,test
dataset/train/Black spot/2025_12_20_IMG (43).JPG,dataset/val/Black spot/2025_12_20_IMG (44).JPG,filename_neighbor,False,True,,11,2e3ed5e04282cb1f,2e3ed4e002836b3f,6,0.045376006513834,0.897705078125,D,visually similar but uncertain,requires human verification,2025_12_20_IMG (43).JPG,Black spot,train,8d6f87ab9133e8a5f45d21155a8e643316c7a9d0bad8ea992e9deef04a693e94,2025_12_20_IMG (44).JPG,Black spot,val,b8a8a2b77f52d9eea2ee5d50371662b66d79968371259c6b7d8c6204c9195e39,True,train-val,Black spot,True,1.0,,train,test
dataset/train/Black spot/2025_12_20_IMG (5).JPG,dataset/train/Black spot/2025_12_20_IMG (6).JPG,filename_neighbor,False,True,,2,7a91857a1ae53196,7a95857a1ae16196,4,0.0196068864315748,0.9459635416666666,C,probable near duplicate,requires human verification,2025_12_20_IMG (5).JPG,Black spot,train,78ef88b2ecec9c17b34d7b0b2a044cfe7101836d8c8c8869c007ace02e571e92,2025_12_20_IMG (6).JPG,Black spot,train,a6a73c46dac92c9cded72bcfcffbbe03baaf346711e7305787433e8442c3a747,False,train,Black spot,True,1.0,,val,test
dataset/train/Black spot/2025_12_20_IMG (50).JPG,dataset/train/Black spot/2025_12_20_IMG (51).JPG,filename_neighbor,False,True,,0,283fc5d07a1f25e0,283fc5d07a1f25e0,0,0.0081383399665355,0.9742838541666666,C,probable near duplicate,requires human verification,2025_12_20_IMG (50).JPG,Black spot,train,70e5771b1a9d179fb3e5e93dfd16366fc0fcf3365436348bb1eae9f80e0bd0cb,2025_12_20_IMG (51).JPG,Black spot,train,438e638426b9645a2f2048dbd5c8731761a412e4c46cfb41c8f0d96d5618bbcb,False,train,Black spot,True,1.0,,train,val
dataset/train/Black spot/2025_12_20_IMG (54).JPG,dataset/val/Black spot/2025_12_20_IMG (55).JPG,filename_neighbor,False,True,,7,7ebdc0d0cac3c8c4,3a1dc0f0cac3d8ce,8,0.0338631011545658,0.9440104166666666,D,visually similar but uncertain,requires human verification,2025_12_20_IMG (54).JPG,Black spot,train,998b3822376c8809c6ffdc3963d0ef10d636e3673d4d913c498915f630b70cca,2025_12_20_IMG (55).JPG,Black spot,val,32bebc0901b529cf563d99b8883ac475ec00eafd294fd8de3c86ac4fc222ad1c,True,train-val,Black spot,True,1.0,,val,train
dataset/train/Black spot/2025_12_20_IMG (58).JPG,dataset/train/Black spot/2025_12_20_IMG (59).JPG,filename_neighbor,False,True,,0,60338793963b9a63,60338793963b9a63,0,0.0090379901230335,0.9701334635416666,C,probable near duplicate,requires human verification,2025_12_20_IMG (58).JPG,Black spot,train,6b2664917b46686e74e7b7d477088983ad7a990e38c20c18d995e43f0f96b001,2025_12_20_IMG (59).JPG,Black spot,train,7feba1a20a8009e575a8e151fd7362277cd8bee0ad68b566449768667e786edd,False,train,Black spot,True,1.0,,val,test
dataset/train/Black spot/2025_12_20_IMG (6).JPG,dataset/val/Black spot/2025_12_20_IMG (7).JPG,audit_near_candidate|filename_neighbor,True,True,0.0,0,7a95857a1ae16196,7a95857a1ae52196,2,0.0067855138331651,0.9423828125,C,probable near duplicate,requires human verification,2025_12_20_IMG (6).JPG,Black spot,train,a6a73c46dac92c9cded72bcfcffbbe03baaf346711e7305787433e8442c3a747,2025_12_20_IMG (7).JPG,Black spot,val,ac730777c1d7120ecf1b10c9eff7e8134c10ea25f3b0478a4d8ce89b8f70948a,True,train-val,Black spot,True,1.0,,test,val
dataset/train/Citrus canker/2025_12_21_IMG (208).JPG,dataset/val/Black spot/2025_12_20_IMG (145).JPG,audit_near_candidate,True,False,0.0,0,2a95d57a8f65340a,2a95d57a8f65340a,0,0.0314245708286762,0.927001953125,D,visually similar but uncertain,requires human verification,2025_12_21_IMG (208).JPG,Citrus canker,train,358fad59f381819cca1076bdaf55e482aa7a34ce2ab3db5f65e00e235babd90a,2025_12_20_IMG (145).JPG,Black spot,val,f751170374792bccb48a353d9b0d756af574b2ef4e89628577e57425ae36ab42,True,train-val,Black spot <> Citrus canker,False,63.0,,test,train
dataset/train/Citrus canker/2025_12_21_IMG (331).JPG,dataset/train/Citrus canker/2025_12_21_IMG (332).JPG,filename_neighbor,False,True,,19,2a85d57e8b413596,2ab5d57a0aa33456,12,0.0835870504379272,0.6385904947916666,D,visually similar but uncertain,requires human verification,2025_12_21_IMG (331).JPG,Citrus canker,train,b6becc9cbff81e92a8dacd41c13020a62f985de538552fa9bab39c760e216d9f,2025_12_21_IMG (332).JPG,Citrus canker,train,e62014100f5feb68df7da2225963d88ff9203d2ca519bc279718b5961edfd855,False,train,Citrus canker,True,1.0,,test,train
dataset/train/Citrus canker/2025_12_21_IMG (346).JPG,dataset/train/Citrus canker/2025_12_21_IMG (347).JPG,filename_neighbor,False,True,,2,6296a7c6963a9459,6296a7c6963a9651,2,0.0106320856139063,0.9798177083333334,C,probable near duplicate,requires human verification,2025_12_21_IMG (346).JPG,Citrus canker,train,919e996938e939393a494af53ce64220c7a016e48a92f4d8a52f72c3b958c63c,2025_12_21_IMG (347).JPG,Citrus canker,train,c59b2d82d2dd5affc521e439749aaffe156ca30575f629719575d10613a0c845,False,train,Citrus canker,True,1.0,,test,train
dataset/train/Citrus canker/2025_12_21_IMG (359).JPG,dataset/train/Citrus canker/2025_12_21_IMG (360).JPG,filename_neighbor,False,True,,4,7a08a0bd8fd09c57,7e08a0bd87d09e53,4,0.0206929128617048,0.97412109375,C,probable near duplicate,requires human verification,2025_12_21_IMG (359).JPG,Citrus canker,train,3be49b70a1a6d9dc1e2e3cb7de7b1f0138a430ca9e669c9c49edfcbf1ff70917,2025_12_21_IMG (360).JPG,Citrus canker,train,b8d580170c1d8472a6785ac2225c87f8872ee19ddeb22b0c5417d908404f8d89,False,train,Citrus canker,True,1.0,,val,train
dataset/train/Citrus canker/2025_12_21_IMG (370).JPG,dataset/train/Citrus canker/2025_12_21_IMG (371).JPG,filename_neighbor,False,True,,4,68efc7a48cb48c91,686fc7a4cc348c99,4,0.0238600373268127,0.9736328125,C,probable near duplicate,requires human verification,2025_12_21_IMG (370).JPG,Citrus canker,train,eb3e096d4781be219d78977033e6fffdcdb3e82bba40afab90b04dd2d34790dd,2025_12_21_IMG (371).JPG,Citrus canker,train,7f567ff2046d4ffc77b7388909986d2f9e9ad08b181f2dd0c149f0c4ccaf8cb0,False,train,Citrus canker,True,1.0,,train,val
dataset/train/Citrus canker/2025_12_21_IMG (372).JPG,dataset/train/Citrus canker/2025_12_21_IMG (373).JPG,filename_neighbor,False,True,,5,3c9ac0c98fc9c64d,3c9ac0c98fc9c6c5,2,0.0228375196456909,0.9602864583333334,C,probable near duplicate,requires human verification,2025_12_21_IMG (372).JPG,Citrus canker,train,ceb0d31b23d45fe8d91a5f2159179d6ddd493dda56b5e0339922dbe3ae381ccb,2025_12_21_IMG (373).JPG,Citrus canker,train,e1f6f9139bdcd37b48c8f752300cc8bd65f3d074fc22a07237cb1d38e034e858,False,train,Citrus canker,True,1.0,,train,val
dataset/train/Citrus canker/2025_12_21_IMG (389).JPG,dataset/val/Citrus canker/2025_12_21_IMG (391).JPG,audit_near_candidate,True,False,3.0,3,6be0878d9c8c9c9c,6ae2c7ad9cc4cc84,10,0.0347330719232559,0.9361165364583334,D,visually similar but uncertain,requires human verification,2025_12_21_IMG (389).JPG,Citrus canker,train,b506c83ecad173ff4de9854c2ecbd0ba880cc7e949156b467222945b37764bf5,2025_12_21_IMG (391).JPG,Citrus canker,val,dbf35decfa3aaa24496233eff2a8643bd84884234fea1c4dbaeaedfb2d7f2548,True,train-val,Citrus canker,True,2.0,,train,val
dataset/train/Citrus canker/2025_12_21_IMG (390).JPG,dataset/val/Citrus canker/2025_12_21_IMG (391).JPG,audit_near_candidate|filename_neighbor,True,True,3.0,3,6be2878d9c8c9c94,6ae2c7ad9cc4cc84,8,0.027639590203762,0.955810546875,D,visually similar but uncertain,requires human verification,2025_12_21_IMG (390).JPG,Citrus canker,train,8c033768ceeba27229770e41831826e1fc68340906e56562263ffcbd31f490cf,2025_12_21_IMG (391).JPG,Citrus canker,val,dbf35decfa3aaa24496233eff2a8643bd84884234fea1c4dbaeaedfb2d7f2548,True,train-val,Citrus canker,True,1.0,,train,val
dataset/train/Citrus canker/2025_12_21_IMG (392).JPG,dataset/val/Citrus canker/2025_12_21_IMG (391).JPG,audit_near_candidate|filename_neighbor,True,True,2.0,2,6ae2c72ddccccc04,6ae2c7ad9cc4cc84,4,0.0133243324235081,0.9613444010416666,C,probable near duplicate,requires human verification,2025_12_21_IMG (392).JPG,Citrus canker,train,d959305592459ab0992427c53a1e3c0e9f6fbb70d64d53c56712917667f90703,2025_12_21_IMG (391).JPG,Citrus canker,val,dbf35decfa3aaa24496233eff2a8643bd84884234fea1c4dbaeaedfb2d7f2548,True,train-val,Citrus canker,True,1.0,,train,val
dataset/train/Citrus canker/2025_12_21_IMG (393).JPG,dataset/train/Citrus canker/2025_12_21_IMG (394).JPG,filename_neighbor,False,True,,1,65b296d3ca89894d,65b296d3cc8988cd,4,0.0233714375644922,0.9635416666666666,C,probable near duplicate,requires human verification,2025_12_21_IMG (393).JPG,Citrus canker,train,bb934780de05d49249b79effe1900bff26c1bb7283eff1a97c8027c1a28b3d6c,2025_12_21_IMG (394).JPG,Citrus canker,train,23ee8eaaeb64a6dbfdfe965729cb50cb8fd0aaa98da8799deaa291806934cd51,False,train,Citrus canker,True,1.0,,test,train
dataset/train/Citrus canker/2025_12_21_IMG (399).JPG,dataset/train/Citrus canker/2025_12_21_IMG (400).JPG,filename_neighbor,False,True,,0,7abd95709a729841,7abd95709a719841,2,0.0140857966616749,0.9766438802083334,C,probable near duplicate,requires human verification,2025_12_21_IMG (399).JPG,Citrus canker,train,26a62a4220be7ead6e16ea6df3d8b5a95296010ec1c2cd8c921faae204026e84,2025_12_21_IMG (400).JPG,Citrus canker,train,179c285f3d9f7f57652bc6fd3174f6b4681901f4486be0ef9f3960ca6db79912,False,train,Citrus canker,True,1.0,,val,train
dataset/train/Citrus canker/2025_12_21_IMG (401).JPG,dataset/val/Healthy leaf/2025_11_21_IMG (246).JPG,audit_near_candidate,True,False,6.0,6,34c4c38fcb1ccd38,36c4d39ec958cc98,10,0.0910609364509582,0.4775390625,D,visually similar but uncertain,requires human verification,2025_12_21_IMG (401).JPG,Citrus canker,train,22b4d3631742391004d63c021d8fa6dddc3b75a1ffc50c85878ee27becb2fc76,2025_11_21_IMG (246).JPG,Healthy leaf,val,34d566bdacafda2d418b4f3e1d9d1da46c60281c6321d9ce55784228cfb710ca,True,train-val,Citrus canker <> Healthy leaf,False,155.0,,train,test
dataset/train/Citrus canker/2025_12_21_IMG (403).JPG,dataset/val/Citrus canker/2025_12_21_IMG (404).JPG,audit_near_candidate|filename_neighbor,True,True,3.0,3,3f97c068cd65b062,3f9fd0488d65b062,4,0.0187148954719305,0.9729817708333334,C,probable near duplicate,requires human verification,2025_12_21_IMG (403).JPG,Citrus canker,train,7fd2ca5003042b8b1d5e3e4cc074e9d07e34228bc974c5877d735685f818690e,2025_12_21_IMG (404).JPG,Citrus canker,val,d62b37f626c7a4fab29d970181f7a38d1fc23c166ee1ef468fda1967d0ab58e2,True,train-val,Citrus canker,True,1.0,,test,train
dataset/train/Citrus canker/2025_12_21_IMG (408).JPG,dataset/train/Citrus canker/2025_12_21_IMG (409).JPG,filename_neighbor,False,True,,4,6ac4942e5fe4ac92,6a94807e5fe0a897,10,0.0112480213865637,0.9680989583333334,D,visually similar but uncertain,requires human verification,2025_12_21_IMG (408).JPG,Citrus canker,train,bd9f5da541d8ca09e5f00fc8f9950bac13e071bbd4d179562059d2f7360b9a00,2025_12_21_IMG (409).JPG,Citrus canker,train,1ce367e916d7ca69c8e9db061cb949aacba08714d178be08fc0758a020580513,False,train,Citrus canker,True,1.0,,test,train
dataset/train/Citrus canker/2025_12_21_IMG (422).JPG,dataset/val/Citrus canker/2025_12_21_IMG (421).JPG,audit_near_candidate|filename_neighbor,True,True,4.0,4,3fbf90588f458c44,3f97d0588f458c46,4,0.0238137617707252,0.9521484375,C,probable near duplicate,requires human verification,2025_12_21_IMG (422).JPG,Citrus canker,train,97086733f4da773e4693d67f18dc68edf733bd1ce8c3271e92edec38f28d8beb,2025_12_21_IMG (421).JPG,Citrus canker,val,2a496a30065360ec436ea464fcf7ffd41e96e0941f3c5f921074733b9fce251b,True,train-val,Citrus canker,True,1.0,,test,val
dataset/train/Citrus canker/2025_12_21_IMG (425).JPG,dataset/train/Citrus canker/2025_12_21_IMG (426).JPG,filename_neighbor,False,True,,5,2a95d0deca70b570,2a85d0dfca60f570,4,0.0283783972263336,0.9668782552083334,C,probable near duplicate,requires human verification,2025_12_21_IMG (425).JPG,Citrus canker,train,beb6fe134a4ba34cdfba1e7e97e7a9554745fdad1a31dda39d086a85498c43ba,2025_12_21_IMG (426).JPG,Citrus canker,train,9d705ef05ffd89f69cc3b3896822f7a3e559a6ca2edcfe6d113455c79cec1b1a,False,train,Citrus canker,True,1.0,,train,val
dataset/train/Citrus canker/2025_12_21_IMG (433).JPG,dataset/val/Citrus canker/2025_12_21_IMG (434).JPG,audit_near_candidate|filename_neighbor,True,True,4.0,4,2a95d46ac965371a,2a95d66ae574161a,8,0.02475649677217,0.970947265625,D,visually similar but uncertain,requires human verification,2025_12_21_IMG (433).JPG,Citrus canker,train,9bb143d48f1abfcadae64ad506f98c8f5acb48f0cfd57818644e66547b060a39,2025_12_21_IMG (434).JPG,Citrus canker,val,237c4d5f8d09800ccd317623828f3b09435960c4073b8ff4b975ee97bf5c4486,True,train-val,Citrus canker,True,1.0,,train,test
dataset/train/Citrus canker/2025_12_21_IMG (442).JPG,dataset/train/Citrus canker/2025_12_21_IMG (443).JPG,filename_neighbor,False,True,,3,2d9292cbcb6d8c2c,2d9292cbcb6d8c2c,0,0.0122507540509104,0.9597981770833334,C,probable near duplicate,requires human verification,2025_12_21_IMG (442).JPG,Citrus canker,train,cabcccec1baa1415763bec40ed3845bc1986ecd9175301ab4ebb8a69fcb54add,2025_12_21_IMG (443).JPG,Citrus canker,train,386099db7ea30f69ed50e36adc2ba5767e23cac125ee0283a1614ec703eec475,False,train,Citrus canker,True,1.0,,test,train
dataset/train/Citrus canker/2025_12_21_IMG (445).JPG,dataset/train/Citrus canker/2025_12_21_IMG (446).JPG,filename_neighbor,False,True,,7,2aea95e592859996,2ada95e992859996,4,0.0381248705089092,0.9500325520833334,C,probable near duplicate,requires human verification,2025_12_21_IMG (445).JPG,Citrus canker,train,c85a0fa3a1d92c477e76235cee533a761983a8623f56fc339604271e88858bbf,2025_12_21_IMG (446).JPG,Citrus canker,train,d4847caa26b750dd07d1f6a5ea893f1a21f985206a8f163faedde161dfed0079,False,train,Citrus canker,True,1.0,,val,test
dataset/train/Citrus canker/2025_12_21_IMG (446).JPG,dataset/train/Citrus canker/2025_12_21_IMG (447).JPG,filename_neighbor,False,True,,3,2ada95e992859996,2ada95e992859996,0,0.0225589126348495,0.9510904947916666,C,probable near duplicate,requires human verification,2025_12_21_IMG (446).JPG,Citrus canker,train,d4847caa26b750dd07d1f6a5ea893f1a21f985206a8f163faedde161dfed0079,2025_12_21_IMG (447).JPG,Citrus canker,train,035f01d95b5e791da07bb6f67fae45de9d015193dc5d65cc6634c2a03fe18c46,False,train,Citrus canker,True,1.0,,test,train
dataset/train/Citrus canker/2025_12_21_IMG (449).JPG,dataset/train/Citrus canker/2025_12_21_IMG (450).JPG,filename_neighbor,False,True,,1,2a95957a4aa53d16,2a95957a4aa53596,2,0.017137074843049,0.963623046875,C,probable near duplicate,requires human verification,2025_12_21_IMG (449).JPG,Citrus canker,train,7d914472a1dd41f012a7453050439fe808e20e85b7c8b19177f71e237dc068a8,2025_12_21_IMG (450).JPG,Citrus canker,train,0b11f445afe86b98d978a49b34fff2b6ba479f382e01bcacb4fa3a6edcd3e01b,False,train,Citrus canker,True,1.0,,train,val
dataset/train/Citrus canker/2025_12_21_IMG (458).JPG,dataset/train/Citrus canker/2025_12_21_IMG (459).JPG,filename_neighbor,False,True,,0,2a35d5dacb488dc4,2a15d5dacb488de4,2,0.024730646982789,0.96337890625,C,probable near duplicate,requires human verification,2025_12_21_IMG (458).JPG,Citrus canker,train,cc4bb5a9e56fbe88111fa69e9a439dd4c747964da7f09dec474722c7461b315f,2025_12_21_IMG (459).JPG,Citrus canker,train,1566cf5ca292b779463ad88b18a6bfee02c8ebba10f08d5ddd6e970f9f894580,False,train,Citrus canker,True,1.0,,val,train
dataset/train/Citrus canker/2025_12_21_IMG (458).JPG,dataset/val/Citrus canker/2025_12_21_IMG (457).JPG,audit_near_candidate|filename_neighbor,True,True,3.0,3,2a35d5dacb488dc4,2a3795da9a498dc4,6,0.0224437024444341,0.93798828125,D,visually similar but uncertain,requires human verification,2025_12_21_IMG (458).JPG,Citrus canker,train,cc4bb5a9e56fbe88111fa69e9a439dd4c747964da7f09dec474722c7461b315f,2025_12_21_IMG (457).JPG,Citrus canker,val,811b9df7b3d1e28128b73703d2e1797213478f46da8a1676a8121d688fcd8298,True,train-val,Citrus canker,True,1.0,,val,train
dataset/train/Citrus canker/2025_12_21_IMG (463).JPG,dataset/val/Citrus canker/2025_12_21_IMG (462).JPG,audit_near_candidate|filename_neighbor,True,True,5.0,5,2a95f5dac288cb25,2a94f5dac2c9cb05,4,0.0377479679882526,0.92578125,D,visually similar but uncertain,requires human verification,2025_12_21_IMG (463).JPG,Citrus canker,train,43a8c2e799c9f0ebf8ef80984069642f9d39bb987831961ce1d38876b3f2074d,2025_12_21_IMG (462).JPG,Citrus canker,val,f3a7bcafaca1bfa91f65e2ba4a88794bf3aa81e1b552b2a4ee1e0b95618e41a7,True,train-val,Citrus canker,True,1.0,,val,train
dataset/train/Citrus canker/2025_12_21_IMG (465).JPG,dataset/train/Citrus canker/2025_12_21_IMG (466).JPG,filename_neighbor,False,True,,1,3991938bc20dcf6c,3991939b8309cf6c,4,0.0155343646183609,0.9501139322916666,C,probable near duplicate,requires human verification,2025_12_21_IMG (465).JPG,Citrus canker,train,7511da57a2e7a30ba9740fdea2d0a09a9d8327e8f55c7d4ff21ac76f834bb346,2025_12_21_IMG (466).JPG,Citrus canker,train,818419dd0b35389fea79ac87b4670f5f5a8d060bea99965d06d3c5865c3b4865,False,train,Citrus canker,True,1.0,,train,val
dataset/train/Citrus canker/2025_12_21_IMG (468).JPG,dataset/train/Citrus canker/2025_12_21_IMG (469).JPG,filename_neighbor,False,True,,3,2d36c0f296c1da4b,2d36c0f297839a4b,4,0.0165102891623973,0.9630533854166666,C,probable near duplicate,requires human verification,2025_12_21_IMG (468).JPG,Citrus canker,train,c99b0d1fab4c97e7bd401401ed33db8b987ba1a22c9db028b263edb3d5171fe0,2025_12_21_IMG (469).JPG,Citrus canker,train,954337d111f3732912ac00dc388f1d2167dd155e9ca7431f367635043e07d285,False,train,Citrus canker,True,1.0,,val,train
dataset/train/Citrus canker/2025_12_21_IMG (470).JPG,dataset/train/Citrus canker/2025_12_21_IMG (471).JPG,filename_neighbor,False,True,,0,2ac095b7c83ae12f,2ae095b5c93ae02f,4,0.004521548282355,0.9828287760416666,C,probable near duplicate,requires human verification,2025_12_21_IMG (470).JPG,Citrus canker,train,0c7a631199f64db46cbca14e1347965660f9032667f71564c9f3c4d11bbadc40,2025_12_21_IMG (471).JPG,Citrus canker,train,6befd1b49763632ded2265c33780950406938c17d6a86a5f20888219cbfa1808,False,train,Citrus canker,True,1.0,,train,val
dataset/train/Citrus canker/2025_12_21_IMG (472).JPG,dataset/train/Citrus canker/2025_12_21_IMG (473).JPG,filename_neighbor,False,True,,6,2ad5d56a0bad32d0,2ad5d54a0bad2ed0,4,0.0357431471347808,0.9273274739583334,D,visually similar but uncertain,requires human verification,2025_12_21_IMG (472).JPG,Citrus canker,train,94513dbf577faadf43d0a8d06c693888dd255ce71d0df0d7fd2ddd63ae9b860b,2025_12_21_IMG (473).JPG,Citrus canker,train,b49e36174b280038f1af703d1573b3c375028c568dc9f08510d26f36bed89ad6,False,train,Citrus canker,True,1.0,,val,train
dataset/train/Citrus canker/2025_12_21_IMG (473).JPG,dataset/train/Citrus canker/2025_12_21_IMG (474).JPG,filename_neighbor,False,True,,3,2ad5d54a0bad2ed0,2ad5d56a0aad2ed0,2,0.0089336326345801,0.964111328125,C,probable near duplicate,requires human verification,2025_12_21_IMG (473).JPG,Citrus canker,train,b49e36174b280038f1af703d1573b3c375028c568dc9f08510d26f36bed89ad6,2025_12_21_IMG (474).JPG,Citrus canker,train,511b4ad88da15b528972bbc83e1f8e81e63772c620fd40c38fc1330b81cdda2f,False,train,Citrus canker,True,1.0,,train,test
dataset/train/Citrus canker/2025_12_21_IMG (477).JPG,dataset/train/Citrus canker/2025_12_21_IMG (478).JPG,filename_neighbor,False,True,,7,2aca9435f932654b,2aca9535da32654b,4,0.0248152185231447,0.9642740885416666,C,probable near duplicate,requires human verification,2025_12_21_IMG (477).JPG,Citrus canker,train,a0016138064ec15926823f2172f86d2b8ed735deac9113effab3ef2b294755ad,2025_12_21_IMG (478).JPG,Citrus canker,train,c8d2426a9df97f93cdc2814374e951c50033fe7f8c7bf2a12a7550f196449b42,False,train,Citrus canker,True,1.0,,train,val
dataset/train/Citrus canker/2025_12_21_IMG (482).JPG,dataset/train/Citrus canker/2025_12_21_IMG (483).JPG,filename_neighbor,False,True,,8,2996c3499d678c66,2994c3499c6f8c6e,4,0.0176907796412706,0.9156901041666666,D,visually similar but uncertain,requires human verification,2025_12_21_IMG (482).JPG,Citrus canker,train,ba64cef7b37418a3568abce176b884fb946a84f87ccc15e49391783e6bf3d416,2025_12_21_IMG (483).JPG,Citrus canker,train,cda576c0d8a7363eb201fc4aeb02e2ef135baf3311d76a586f41f5ecf8f48c17,False,train,Citrus canker,True,1.0,,test,train
dataset/train/Citrus canker/2025_12_21_IMG (486).JPG,dataset/val/Citrus canker/2025_12_21_IMG (487).JPG,audit_near_candidate|filename_neighbor,True,True,0.0,0,362cd2b2c983cdc3,36ccd392cb03cd43,8,0.0281984005123376,0.9650065104166666,D,visually similar but uncertain,requires human verification,2025_12_21_IMG (486).JPG,Citrus canker,train,e280f27bb071b0dd5ea89353896bb4f441823bc8b887de40e7a92879f17a954a,2025_12_21_IMG (487).JPG,Citrus canker,val,336a5d5d0980ffba53647555405cf37a5bbb4c5fe10004586c281e71bf6c225d,True,train-val,Citrus canker,True,1.0,,test,train
dataset/train/Citrus canker/2025_12_21_IMG (498).JPG,dataset/train/Citrus canker/2025_12_21_IMG (499).JPG,filename_neighbor,False,True,,3,7895955c6171c754,6985875c61638f74,10,0.0262449588626623,0.92529296875,D,visually similar but uncertain,requires human verification,2025_12_21_IMG (498).JPG,Citrus canker,train,ba1733ff6a03e15a943992f50c657be19759dc255774e89e3b053b2420aa3e30,2025_12_21_IMG (499).JPG,Citrus canker,train,5f7362673867173789ab5fcbd4e6031c928340bcd5b2c1204193f8c5802cd7c2,False,train,Citrus canker,True,1.0,,test,train
dataset/train/Citrus canker/2025_12_21_IMG (508).JPG,dataset/val/Citrus canker/2025_12_21_IMG (391).JPG,audit_near_candidate,True,False,5.0,5,6be0878d9c8c989d,6ae2c7ad9cc4cc84,12,0.0387538932263851,0.946533203125,D,visually similar but uncertain,requires human verification,2025_12_21_IMG (508).JPG,Citrus canker,train,80d0bb520e4f2d1c92325ca35e4c81056639c262d48d060dbf52b9cc90e7a26d,2025_12_21_IMG (391).JPG,Citrus canker,val,dbf35decfa3aaa24496233eff2a8643bd84884234fea1c4dbaeaedfb2d7f2548,True,train-val,Citrus canker,True,117.0,,train,val
dataset/train/Citrus canker/2025_12_21_IMG (518).JPG,dataset/val/Citrus canker/2025_12_21_IMG (519).JPG,audit_near_candidate|filename_neighbor,True,True,3.0,3,34e3c38ecd2ccc2c,34e3c38ecd2ccc2c,0,0.011946614831686,0.9698079427083334,C,probable near duplicate,requires human verification,2025_12_21_IMG (518).JPG,Citrus canker,train,4ba8a9831f4d068226271470d607b8b3cc875cec9ee308cda103236c69adf70c,2025_12_21_IMG (519).JPG,Citrus canker,val,67061638530c777f7d8db11f691e977156be1bb5c69db5c510dbb51944e4e1cb,True,train-val,Citrus canker,True,1.0,,train,test
dataset/train/Citrus canker/2025_12_21_IMG (518).JPG,dataset/val/Citrus canker/2025_12_21_IMG (520).JPG,audit_near_candidate,True,False,3.0,3,34e3c38ecd2ccc2c,34e3c38ccd6ccc2c,2,0.0169021915644407,0.9672037760416666,C,probable near duplicate,requires human verification,2025_12_21_IMG (518).JPG,Citrus canker,train,4ba8a9831f4d068226271470d607b8b3cc875cec9ee308cda103236c69adf70c,2025_12_21_IMG (520).JPG,Citrus canker,val,8aa0a459a1e46a80438cf7735acc7406bcc57a58cbaae99e94b3f912976268f5,True,train-val,Citrus canker,True,2.0,,train,test
dataset/train/Citrus canker/2025_12_21_IMG (523).JPG,dataset/train/Citrus canker/2025_12_21_IMG (524).JPG,filename_neighbor,False,True,,3,3c739292cb49874d,3c73929acb49874c,2,0.0226635914295911,0.974609375,C,probable near duplicate,requires human verification,2025_12_21_IMG (523).JPG,Citrus canker,train,e7fd7b52d0a656a4cc52324f86e33348df1577c492a0bf399c4be85fe3605448,2025_12_21_IMG (524).JPG,Citrus canker,train,e1aa21ddde5fb5c23d75f8a0f21cc9743e09eeae90df3e3c47cd3c5ec05bd87a,False,train,Citrus canker,True,1.0,,val,train
dataset/train/Citrus canker/2025_12_21_IMG (525).JPG,dataset/val/Citrus canker/2025_12_21_IMG (526).JPG,audit_near_candidate|filename_neighbor,True,True,5.0,5,20e79792cec9cc49,30e39792cbc9cc4c,6,0.0338481031358242,0.95849609375,C,probable near duplicate,requires human verification,2025_12_21_IMG (525).JPG,Citrus canker,train,48eb06c025eb9a8c63a8a158c556da8003b41ef1698b642c497a7846533fccc4,2025_12_21_IMG (526).JPG,Citrus canker,val,bcdbc4587e5c24734aad0457391f496a31413ad37b30bf0a5737301b82382fe0,True,train-val,Citrus canker,True,1.0,,train,val
dataset/train/Citrus canker/2025_12_21_IMG (530).JPG,dataset/val/Citrus canker/2025_12_21_IMG (531).JPG,audit_near_candidate|filename_neighbor,True,True,1.0,1,2f48d025cf1af439,2f68d025cd1af619,4,0.0157418046146631,0.9222819010416666,D,visually similar but uncertain,requires human verification,2025_12_21_IMG (530).JPG,Citrus canker,train,51d38c97b05648744e8c791462b40c8f4167c4189559109360fc4a6eaf8c09dc,2025_12_21_IMG (531).JPG,Citrus canker,val,457a82c9c4b77d0c941a1dda7d0a92ff663098a7bf6bacd7e886a76240a90d90,True,train-val,Citrus canker,True,1.0,,val,test
dataset/train/Citrus canker/2025_12_21_IMG (535).JPG,dataset/train/Citrus canker/2025_12_21_IMG (536).JPG,filename_neighbor,False,True,,1,2ae8d095af9a30e5,2aeac095af9a30e5,2,0.0122931981459259,0.9540201822916666,C,probable near duplicate,requires human verification,2025_12_21_IMG (535).JPG,Citrus canker,train,9c302790f6b204dc269f36051f42300130112d25141daaa47cf8d82f32359b73,2025_12_21_IMG (536).JPG,Citrus canker,train,5c49041ea65ce292dc2f0bab92b95ee88a2ab878789fd68acba5a724be740aa3,False,train,Citrus canker,True,1.0,,train,val
dataset/train/Citrus canker/2025_12_21_IMG (538).JPG,dataset/train/Citrus canker/2025_12_21_IMG (539).JPG,filename_neighbor,False,True,,4,3a3e95c16f4f0720,3a3e91c16b5f0f20,4,0.0189695674926042,0.924072265625,D,visually similar but uncertain,requires human verification,2025_12_21_IMG (538).JPG,Citrus canker,train,7333c3aecaccf481a4e3b01c7eb6ce98622783bc0b724f9325519c0cebe73edb,2025_12_21_IMG (539).JPG,Citrus canker,train,6ee10b38a0e9dd109216ee41b0c933d389e747f936129f140fb0f890409a0072,False,train,Citrus canker,True,1.0,,train,test
dataset/train/Citrus canker/2025_12_21_IMG (540).JPG,dataset/train/Citrus canker/2025_12_21_IMG (541).JPG,filename_neighbor,False,True,,5,34e7c296cb588c69,34e7d29ecb188c2c,6,0.0215941574424505,0.9689127604166666,C,probable near duplicate,requires human verification,2025_12_21_IMG (540).JPG,Citrus canker,train,25dacff3c34cba542ff8f73efb29b38898593f4e818869ff9aaf0e8323450dd6,2025_12_21_IMG (541).JPG,Citrus canker,train,e6d1446d60ccd464ca18308fd841d4bfd8e88fb7c7e37977b330cd1d832ab9c3,False,train,Citrus canker,True,1.0,,test,train
dataset/train/Citrus canker/2025_12_21_IMG (544).JPG,dataset/val/Citrus canker/2025_12_21_IMG (545).JPG,audit_near_candidate|filename_neighbor,True,True,0.0,0,2fc2b425921e9a7c,2fc2b425921e9a7c,0,0.0153588391840457,0.9708658854166666,C,probable near duplicate,requires human verification,2025_12_21_IMG (544).JPG,Citrus canker,train,4f149c8b18af8ba6d8269db126807f4ce90625dd3af6b0b5f88f1bdea86f9a4b,2025_12_21_IMG (545).JPG,Citrus canker,val,e0ff2253b128741f9a25a5d211351b66d4dc299259603d2e2ef39f5b04ac6ef9,True,train-val,Citrus canker,True,1.0,,val,train
dataset/train/Citrus canker/2025_12_21_IMG (566).JPG,dataset/val/Citrus canker/2025_12_21_IMG (565).JPG,filename_neighbor,False,True,,10,6c4d969992b69392,646d929d9b169b12,10,0.0394850373268127,0.9596354166666666,D,visually similar but uncertain,requires human verification,2025_12_21_IMG (566).JPG,Citrus canker,train,65661e96a16860f4b8788e909687c086ecf0417f344642beef1e8b4e64e3618a,2025_12_21_IMG (565).JPG,Citrus canker,val,ddb1910241ac7129e5d7dbd896c2d9a19c26a93fc819a38b26139cf163d20055,True,train-val,Citrus canker,True,1.0,,train,val
dataset/train/Citrus canker/2025_12_21_IMG (570).JPG,dataset/train/Citrus canker/2025_12_21_IMG (571).JPG,filename_neighbor,False,True,,2,21cc93349ed2c9c7,21cc93349ad2d9c7,2,0.0128382863476872,0.818359375,D,visually similar but uncertain,requires human verification,2025_12_21_IMG (570).JPG,Citrus canker,train,55ebb47d1da9d860d6e793871e9180d90a4eca614a2b01711d66f3eecf1f485f,2025_12_21_IMG (571).JPG,Citrus canker,train,32156b7aca8c86fe643391d67b42b0baacaa020d86332e5817d67903e1f3e8f0,False,train,Citrus canker,True,1.0,,train,val
dataset/train/Citrus pest/2025_12_20_IMG (194).JPG,dataset/val/Citrus pest/2025_12_20_IMG (196).JPG,audit_near_candidate,True,False,1.0,1,2f96d0602d17f2d8,2f96d0e02d16f2d8,2,0.0129656223580241,0.90625,D,visually similar but uncertain,requires human verification,2025_12_20_IMG (194).JPG,Citrus pest,train,8bc4f7e480ccdf40adae648a408b479b0cd72ba9ad4554005c50bac8201a8f68,2025_12_20_IMG (196).JPG,Citrus pest,val,2cbbba0bb5f887a520924e49ce4cf95e2e16b0fe17e0f6ae645a91cb652b4ff4,True,train-val,Citrus pest,True,2.0,,val,test
dataset/train/Citrus pest/2025_12_20_IMG (195).JPG,dataset/val/Citrus pest/2025_12_20_IMG (196).JPG,audit_near_candidate|filename_neighbor,True,True,1.0,1,2f96d0e02d16f2d8,2f96d0e02d16f2d8,0,0.0100573161616921,0.877197265625,D,visually similar but uncertain,requires human verification,2025_12_20_IMG (195).JPG,Citrus pest,train,5d4677b0e6f350020ff079ffb6208aa2d4d3068eb75ea8faf611333c98987331,2025_12_20_IMG (196).JPG,Citrus pest,val,2cbbba0bb5f887a520924e49ce4cf95e2e16b0fe17e0f6ae645a91cb652b4ff4,True,train-val,Citrus pest,True,1.0,,val,test
dataset/train/Citrus pest/2025_12_20_IMG (201).JPG,dataset/train/Citrus pest/2025_12_20_IMG (202).JPG,filename_neighbor,False,True,,1,3be29095cd19f039,3be29095dd19e431,4,0.0140162259340286,0.9696451822916666,C,probable near duplicate,requires human verification,2025_12_20_IMG (201).JPG,Citrus pest,train,a0632443d912c121918e44808984ab517f8851e8143d7f960d9b1ab8ae3779d3,2025_12_20_IMG (202).JPG,Citrus pest,train,59f325a719339cf86f2873344268f99625b27f70986ef2b8cf6958801b346c4c,False,train,Citrus pest,True,1.0,,test,train
dataset/train/Citrus pest/2025_12_20_IMG (216).JPG,dataset/train/Citrus pest/2025_12_20_IMG (217).JPG,filename_neighbor,False,True,,3,2a95d57a29a53692,2a81d55e2ba13597,10,0.0230771955102682,0.9659016927083334,D,visually similar but uncertain,requires human verification,2025_12_20_IMG (216).JPG,Citrus pest,train,5845705bfb5740805f2328dfdf2f2727006df65cc82070983ca35c45d8bc44f8,2025_12_20_IMG (217).JPG,Citrus pest,train,5877e54b5689751f94a2422ae62e86f5f01b09c63af039a494b21a7918b4bebb,False,train,Citrus pest,True,1.0,,test,train
dataset/train/Citrus pest/2025_12_20_IMG (218).JPG,dataset/train/Citrus pest/2025_12_20_IMG (219).JPG,filename_neighbor,False,True,,3,2a81d57a2ba13597,2a81d55e2ba13597,2,0.0136686833575367,0.9485677083333334,C,probable near duplicate,requires human verification,2025_12_20_IMG (218).JPG,Citrus pest,train,13dffa4bd8c34a05d663c8eeefc64f64f451a60781bfa442a28d9c480d0eeae7,2025_12_20_IMG (219).JPG,Citrus pest,train,bcaa1b9f103c566690bc5f19c53454a830298a3364a7e1c1e40c6c15dc1734cd,False,train,Citrus pest,True,1.0,,train,val
dataset/train/Citrus pest/2025_12_20_IMG (237).JPG,dataset/train/Citrus pest/2025_12_20_IMG (238).JPG,filename_neighbor,False,True,,2,683ca5b1b546b5c2,683ca5b1b546b5c2,0,0.0242133233696222,0.9563802083333334,C,probable near duplicate,requires human verification,2025_12_20_IMG (237).JPG,Citrus pest,train,64db9f31f512a7fa8a92bc5f107afa6fac4ad97c8c7cc8544bb9532ae419373b,2025_12_20_IMG (238).JPG,Citrus pest,train,41a1568edb3637b0d4c8e0d1d836eac64c6244edb5b595d8ac68d8f8128392b2,False,train,Citrus pest,True,1.0,,train,val
dataset/train/Citrus pest/2025_12_20_IMG (239).JPG,dataset/train/Citrus pest/2025_12_20_IMG (240).JPG,filename_neighbor,False,True,,14,2a62d5b54a5a3d25,2a42d5bf4a502b6e,12,0.039569292217493,0.9015299479166666,D,visually similar but uncertain,requires human verification,2025_12_20_IMG (239).JPG,Citrus pest,train,1c1f02c45a394b893bff8e15a0b38e653253a2aa45c472d95faf7b1c725b0b7a,2025_12_20_IMG (240).JPG,Citrus pest,train,d8b2b90fec795c2aa8a9c2051aeba3d32059b4620f2fcc94b03dc58a85eb597e,False,train,Citrus pest,True,1.0,,val,train
dataset/train/Citrus pest/2025_12_20_IMG (254).JPG,dataset/train/Citrus pest/2025_12_20_IMG (255).JPG,filename_neighbor,False,True,,3,68ea87ac9e34c913,6a6a87acdc34c913,4,0.0280369203537702,0.9349772135416666,D,visually similar but uncertain,requires human verification,2025_12_20_IMG (254).JPG,Citrus pest,train,d7e77bdd0b1eb78c8e11083f7aabef58dc14b5e8d2650c01238306f0363b6bea,2025_12_20_IMG (255).JPG,Citrus pest,train,226ca3e5ff89aa8c9c807d5e71a68175b23320e48cca177737b7f69f2ff184e5,False,train,Citrus pest,True,1.0,,val,train
dataset/train/Citrus pest/2025_12_20_IMG (254).JPG,dataset/val/Citrus pest/2025_12_20_IMG (253).JPG,audit_near_candidate|filename_neighbor,True,True,2.0,2,68ea87ac9e34c913,6aca87ac9c35c913,4,0.0186462793499231,0.9586588541666666,C,probable near duplicate,requires human verification,2025_12_20_IMG (254).JPG,Citrus pest,train,d7e77bdd0b1eb78c8e11083f7aabef58dc14b5e8d2650c01238306f0363b6bea,2025_12_20_IMG (253).JPG,Citrus pest,val,2de988aeb5ec08b11a2af5ca7d67cf8da88157548285d714346341b7a94e5748,True,train-val,Citrus pest,True,1.0,,val,train
dataset/train/Citrus pest/2025_12_20_IMG (274).JPG,dataset/val/Citrus pest/2025_12_20_IMG (275).JPG,filename_neighbor,False,True,,11,2f1896cc9ac4d9cc,2f1e94d89ae9984c,12,0.074061095714569,0.8515625,D,visually similar but uncertain,requires human verification,2025_12_20_IMG (274).JPG,Citrus pest,train,330aa1f9e33b08c2cf45d7c4253d2622543a1d0c2b4f424991e9ec3f1a30e674,2025_12_20_IMG (275).JPG,Citrus pest,val,f2ea73055f6c9210ad3db9ad948d30fec56263d974fd08437489f7b72b0edaf9,True,train-val,Citrus pest,True,1.0,,train,val
dataset/train/Citrus pest/2025_12_20_IMG (285).JPG,dataset/train/Citrus pest/2025_12_20_IMG (286).JPG,filename_neighbor,False,True,,2,3539d270999299cb,3539827299d299cb,4,0.0275409761816263,0.9195963541666666,D,visually similar but uncertain,requires human verification,2025_12_20_IMG (285).JPG,Citrus pest,train,15fdcbeb6b80dd3821aa710334745436df4c887db84296238057b9c4d8659497,2025_12_20_IMG (286).JPG,Citrus pest,train,40d2ead7f51c7e7b6a5622cc649e9fa972564f841630851fe625959045ee12b8,False,train,Citrus pest,True,1.0,,val,test
dataset/train/Citrus pest/2025_12_20_IMG (286).JPG,dataset/train/Citrus pest/2025_12_20_IMG (287).JPG,filename_neighbor,False,True,,4,3539827299d299cb,3539c272999399c9,4,0.0364296101033687,0.9556477864583334,C,probable near duplicate,requires human verification,2025_12_20_IMG (286).JPG,Citrus pest,train,40d2ead7f51c7e7b6a5622cc649e9fa972564f841630851fe625959045ee12b8,2025_12_20_IMG (287).JPG,Citrus pest,train,2fa885af4c85b92dfc149d24635cdae052d33a0aea79cea51e78d70b2a979245,False,train,Citrus pest,True,1.0,,test,val
dataset/train/Citrus pest/2025_12_20_IMG (291).JPG,dataset/val/Citrus pest/2025_12_20_IMG (290).JPG,audit_near_candidate|filename_neighbor,True,True,0.0,0,633794c692cc5a99,623794c692cc9a9d,4,0.0136859165504574,0.9663899739583334,C,probable near duplicate,requires human verification,2025_12_20_IMG (291).JPG,Citrus pest,train,30738c0b29d8db10a4ec6422d7902453784a76ed83044c4c97d7d8a85c59e806,2025_12_20_IMG (290).JPG,Citrus pest,val,7138bcabed86f83e39d137da688801935e000b7b649a4ad799d415eadee9dbfa,True,train-val,Citrus pest,True,1.0,,train,test
dataset/train/Citrus pest/2025_12_20_IMG (296).JPG,dataset/train/Citrus pest/2025_12_20_IMG (297).JPG,filename_neighbor,False,True,,8,2fe8c1258dbca499,2ec8c52d99b48d93,12,0.0363645069301128,0.957275390625,D,visually similar but uncertain,requires human verification,2025_12_20_IMG (296).JPG,Citrus pest,train,c7d0a98242e4e25021ec940fd6c54283b084a7b74782f488b574285650130b0f,2025_12_20_IMG (297).JPG,Citrus pest,train,53e23329438918f0360140bbb63db51f2fda2bc6099f0203ab9f54189525411c,False,train,Citrus pest,True,1.0,,train,val
dataset/train/Citrus pest/2025_12_20_IMG (298).JPG,dataset/train/Citrus pest/2025_12_20_IMG (299).JPG,filename_neighbor,False,True,,7,6ec8852d99b58993,6ec0853d99b18997,4,0.0353502854704856,0.963623046875,C,probable near duplicate,requires human verification,2025_12_20_IMG (298).JPG,Citrus pest,train,675d55d6e9a246a0c186119cfee048a60f20d1f8fc1f61b24bce60a7d150c2e9,2025_12_20_IMG (299).JPG,Citrus pest,train,60501615af7c14f26f263909a48e70780928df890d8f9f23e78f9d87eb465b21,False,train,Citrus pest,True,1.0,,val,train
dataset/train/Citrus pest/2025_12_20_IMG (311).JPG,dataset/train/Citrus pest/2025_12_20_IMG (312).JPG,filename_neighbor,False,True,,18,2ddad225c996e40b,25cada24ed92e619,10,0.0445883758366107,0.82958984375,D,visually similar but uncertain,requires human verification,2025_12_20_IMG (311).JPG,Citrus pest,train,e8f6a5d9bcda59ad0387fda0d29cc3d977e3b0e55fb320edb57f06e1a745b68c,2025_12_20_IMG (312).JPG,Citrus pest,train,7644afeeac68a3234710eb94532978d353cf0bebfcf741b57a82da399b27262b,False,train,Citrus pest,True,1.0,,test,val
dataset/train/Citrus pest/2025_12_20_IMG (319).JPG,dataset/val/Citrus pest/2025_12_20_IMG (318).JPG,audit_near_candidate|filename_neighbor,True,True,6.0,6,6ad095167c6ac18f,2ad595037e6ac08f,8,0.0269652511924505,0.904541015625,D,visually similar but uncertain,requires human verification,2025_12_20_IMG (319).JPG,Citrus pest,train,1e313129e7380ee27692d7b11f61384411391d066ee89c5472c78df362022840,2025_12_20_IMG (318).JPG,Citrus pest,val,6a888a2a1f363487df04ab22882851d134d1c1a7d78b6d05a86d41e5c45d52a1,True,train-val,Citrus pest,True,1.0,,test,val
dataset/train/Citrus pest/2025_12_20_IMG (324).JPG,dataset/train/Citrus pest/2025_12_20_IMG (325).JPG,filename_neighbor,False,True,,2,2ac5953e4ae32dd0,2ac1953e4ae72dd0,2,0.0203747320920228,0.9392903645833334,D,visually similar but uncertain,requires human verification,2025_12_20_IMG (324).JPG,Citrus pest,train,884a7b8bd7b958b7efff90fecd3df9d1a8fc429aa1c8a5d7ca0970ec03785bf8,2025_12_20_IMG (325).JPG,Citrus pest,train,b36b7e91ffaa71b06c874e3ee3929828a08eaaae0dc561337e628db151b305ea,False,train,Citrus pest,True,1.0,,test,val
dataset/train/Citrus pest/2025_12_20_IMG (335).JPG,dataset/val/Citrus pest/2025_12_20_IMG (336).JPG,audit_near_candidate|filename_neighbor,True,True,4.0,4,6a6a90858b9e7d68,6a6a90858b9e7d68,0,0.0151198050007224,0.9076334635416666,D,visually similar but uncertain,requires human verification,2025_12_20_IMG (335).JPG,Citrus pest,train,3b2e93400c0bc70ad0f89771858ceb649da17bb21eca7ba3f1cdfb2c54be7b3b,2025_12_20_IMG (336).JPG,Citrus pest,val,7528af08805e6b3cb7a0e18f216780a51ab42c6426e3c2c4572282ebfb532333,True,train-val,Citrus pest,True,1.0,,train,test
dataset/train/Citrus pest/2025_12_20_IMG (346).JPG,dataset/train/Citrus pest/2025_12_20_IMG (347).JPG,filename_neighbor,False,True,,2,2e60d595c29e317a,2e68d595c296317a,2,0.0152015043422579,0.9228515625,D,visually similar but uncertain,requires human verification,2025_12_20_IMG (346).JPG,Citrus pest,train,4690b4997e471f8f55bf791a7158ee4cded5a9421e4f3469736147afadf9e6a9,2025_12_20_IMG (347).JPG,Citrus pest,train,02a8bdd48bc148aa5bb9a7e65068ab11d177667f534eb951b059f401d3d2c3b6,False,train,Citrus pest,True,1.0,,train,val
dataset/train/Citrus pest/2025_12_20_IMG (347).JPG,dataset/train/Citrus pest/2025_12_20_IMG (348).JPG,filename_neighbor,False,True,,1,2e68d595c296317a,2e68d595c296317a,0,0.0138560188934206,0.9453125,C,probable near duplicate,requires human verification,2025_12_20_IMG (347).JPG,Citrus pest,train,02a8bdd48bc148aa5bb9a7e65068ab11d177667f534eb951b059f401d3d2c3b6,2025_12_20_IMG (348).JPG,Citrus pest,train,ab8e05479122a4321572e258b079e5b052a322fc696467e58ac9bcf46143b07d,False,train,Citrus pest,True,1.0,,val,train
dataset/train/Citrus pest/2025_12_20_IMG (358).JPG,dataset/train/Citrus pest/2025_12_20_IMG (359).JPG,filename_neighbor,False,True,,1,369ed07dcbc0c941,369ed07dc9c0cd41,2,0.0105688944458961,0.97412109375,C,probable near duplicate,requires human verification,2025_12_20_IMG (358).JPG,Citrus pest,train,788833c4ab59167956900e41d94f66995c121549d79f425ba0a402e52b5aa031,2025_12_20_IMG (359).JPG,Citrus pest,train,d7e998cc235632a8f0b4912a9df913337997d3a8081f9e4b8fbf838079c29293,False,train,Citrus pest,True,1.0,,test,train
dataset/train/Citrus pest/2025_12_20_IMG (371).JPG,dataset/train/Citrus pest/2025_12_20_IMG (372).JPG,filename_neighbor,False,True,,3,69cb969c90b36326,69cb9e9c90b26326,2,0.0233625024557113,0.9607747395833334,C,probable near duplicate,requires human verification,2025_12_20_IMG (371).JPG,Citrus pest,train,5036e539549d15b31c5801ac4428b065606eeeabf6f56e49d93059d21d6369f0,2025_12_20_IMG (372).JPG,Citrus pest,train,fb633db865db8592e84560e0097bd0265e94b012184ed13a638d7fd8541252ca,False,train,Citrus pest,True,1.0,,train,test
dataset/train/Citrus pest/2025_12_20_IMG (372).JPG,dataset/val/Citrus pest/2025_12_20_IMG (370).JPG,audit_near_candidate,True,False,1.0,1,69cb9e9c90b26326,69cb969c90b26336,2,0.017161650583148,0.95361328125,C,probable near duplicate,requires human verification,2025_12_20_IMG (372).JPG,Citrus pest,train,fb633db865db8592e84560e0097bd0265e94b012184ed13a638d7fd8541252ca,2025_12_20_IMG (370).JPG,Citrus pest,val,179859fd82abf9ddcafd90fe43efe94c2eacc644588b7f787fc22ed277842d5d,True,train-val,Citrus pest,True,2.0,,test,train
dataset/train/Citrus pest/2025_12_20_IMG (378).JPG,dataset/train/Citrus pest/2025_12_20_IMG (379).JPG,filename_neighbor,False,True,,2,716c9236cb92c993,712c9236cb92cd99,4,0.0175382327288389,0.9525553385416666,C,probable near duplicate,requires human verification,2025_12_20_IMG (378).JPG,Citrus pest,train,61b0e6a3c3335826985153553388e78c4aa9dd0df7d78ca631b7584596a38b67,2025_12_20_IMG (379).JPG,Citrus pest,train,5ee69ca1be7b5b58800b24137a395f6be785f64b9f085f58c0d5aff47df274e3,False,train,Citrus pest,True,1.0,,train,val
dataset/train/Citrus pest/2025_12_20_IMG (384).JPG,dataset/train/Citrus pest/2025_12_20_IMG (385).JPG,filename_neighbor,False,True,,1,2ff0d483528f3970,2ff0d4825a8f2974,4,0.0237074885517358,0.9690755208333334,C,probable near duplicate,requires human verification,2025_12_20_IMG (384).JPG,Citrus pest,train,d8430a1e8625b3a9360baee230eedfd5653643d9bf42903a31cdc9ce6dc66be9,2025_12_20_IMG (385).JPG,Citrus pest,train,54067a30b727855f98c9ac6bccfcc23981c0c1bad142e3e9d8a8c921da88754e,False,train,Citrus pest,True,1.0,,train,val
dataset/train/Citrus pest/2025_12_20_IMG (385).JPG,dataset/train/Citrus pest/2025_12_20_IMG (386).JPG,filename_neighbor,False,True,,1,2ff0d4825a8f2974,2ff4d4805a8f2d70,4,0.0145128034055233,0.9676106770833334,C,probable near duplicate,requires human verification,2025_12_20_IMG (385).JPG,Citrus pest,train,54067a30b727855f98c9ac6bccfcc23981c0c1bad142e3e9d8a8c921da88754e,2025_12_20_IMG (386).JPG,Citrus pest,train,f8a9abf588f249d36a878201a3ad6f47f097ce679be87717f5992063fb68e508,False,train,Citrus pest,True,1.0,,val,train
dataset/train/Citrus pest/2025_12_20_IMG (396).JPG,dataset/train/Citrus pest/2025_12_20_IMG (397).JPG,filename_neighbor,False,True,,0,753dc260de879886,753dc260ce979886,2,0.0190078634768724,0.968017578125,C,probable near duplicate,requires human verification,2025_12_20_IMG (396).JPG,Citrus pest,train,e79342e52f2c82c7c1843746abcb548aef80d34020a28b0e62a98cd4539597a8,2025_12_20_IMG (397).JPG,Citrus pest,train,29f2fdce061a19d2ef1ddf87fe4a53950fd38256fe73c7363c5f922ec2d8036d,False,train,Citrus pest,True,1.0,,test,train
dataset/train/Citrus pest/2025_12_20_IMG (396).JPG,dataset/val/Citrus pest/2025_12_20_IMG (398).JPG,audit_near_candidate,True,False,2.0,2,753dc260de879886,353cc2e0ce979c86,6,0.0272732209414243,0.9585774739583334,C,probable near duplicate,requires human verification,2025_12_20_IMG (396).JPG,Citrus pest,train,e79342e52f2c82c7c1843746abcb548aef80d34020a28b0e62a98cd4539597a8,2025_12_20_IMG (398).JPG,Citrus pest,val,db31347ab069e9b527ef18523d75a921db01a99fbc2fa4906bc2cb76e4c5ab2f,True,train-val,Citrus pest,True,2.0,,test,train
dataset/train/Citrus pest/2025_12_20_IMG (64).JPG,dataset/train/Citrus pest/2025_12_20_IMG (65).JPG,filename_neighbor,False,True,,7,6be1952cd2c68d34,6bc3952cd28798b4,8,0.0520316362380981,0.9522298177083334,D,visually similar but uncertain,requires human verification,2025_12_20_IMG (64).JPG,Citrus pest,train,840eaa946757ea33462db86c4e76c4000f4f05ac58f070e0abf6f3d05d9b6151,2025_12_20_IMG (65).JPG,Citrus pest,train,a0b66c63d73b10a6a04866f9fd16c1c01ec6a8f9d06ff174956164e558444861,False,train,Citrus pest,True,1.0,,train,test
dataset/train/Greening/2025_12_21_IMG (13).JPG,dataset/train/Greening/2025_12_21_IMG (14).JPG,filename_neighbor,False,True,,1,2a95d0dacb613536,2a95d0dacb603537,2,0.0108056962490081,0.9772135416666666,C,probable near duplicate,requires human verification,2025_12_21_IMG (13).JPG,Greening,train,76e8befd34b1bd2315ae0e8078930a93af8908636a34e2f9a5e9342f5475b3fb,2025_12_21_IMG (14).JPG,Greening,train,3a5286eb1f6d238a9baf32256a97c846f0fec70682af8aa397aad44ed0255309,False,train,Greening,True,1.0,,val,train
dataset/train/Greening/2025_12_21_IMG (14).JPG,dataset/val/Greening/2025_12_21_IMG (12).JPG,audit_near_candidate,True,False,6.0,6,2a95d0dacb603537,2a95d0dacb613536,2,0.032874409109354,0.9615885416666666,C,probable near duplicate,requires human verification,2025_12_21_IMG (14).JPG,Greening,train,3a5286eb1f6d238a9baf32256a97c846f0fec70682af8aa397aad44ed0255309,2025_12_21_IMG (12).JPG,Greening,val,64e78bcc7bcdfa4f63ed20b0eff72b3f82cb0d92bfece4b067153225e4d9a8f1,True,train-val,Greening,True,2.0,,train,val
dataset/train/Greening/2025_12_21_IMG (15).JPG,dataset/val/Greening/2025_12_21_IMG (16).JPG,audit_near_candidate|filename_neighbor,True,True,1.0,1,2bd5d04a0f29d687,2bd5d04a0f69d782,4,0.0137315532192587,0.9515787760416666,C,probable near duplicate,requires human verification,2025_12_21_IMG (15).JPG,Greening,train,2296acce3c8f8c51d60494183c99e5bd8a200b6bcf2ad4616b7d3212b47a3ce8,2025_12_21_IMG (16).JPG,Greening,val,fb4b8e579d2502ccde698f38da6cc871a9979da1f5eec74aa619b26fa42b4952,True,train-val,Greening,True,1.0,,train,val
dataset/train/Greening/2025_12_21_IMG (160).JPG,dataset/train/Greening/2025_12_21_IMG (161).JPG,filename_neighbor,False,True,,13,3684d28ecb98cfc8,249dd28ccf98ccc9,10,0.0623046904802322,0.939697265625,D,visually similar but uncertain,requires human verification,2025_12_21_IMG (160).JPG,Greening,train,424ff34eed4d91844c20cd629f36e30e097ee612e1ccf77e8787f8609a999519,2025_12_21_IMG (161).JPG,Greening,train,8aec75c1f68280fa777c2451bcbb1657a3d5cf621f24414d5475dc7064fbbe67,False,train,Greening,True,1.0,,train,val
dataset/train/Greening/2025_12_21_IMG (192).JPG,dataset/train/Greening/2025_12_21_IMG (193).JPG,filename_neighbor,False,True,,15,6df196928e999a09,65f4869a9e999849,8,0.0588691644370555,0.8369954427083334,D,visually similar but uncertain,requires human verification,2025_12_21_IMG (192).JPG,Greening,train,b8f3703cf2674daab4ecaaf18cff15041173c08b2dd0fe21c6208b01f3459be2,2025_12_21_IMG (193).JPG,Greening,train,4ed1cf88fd7ea65643a8b98472b5e1030348e1df6f645eb645a2d84330494552,False,train,Greening,True,1.0,,train,test
dataset/train/Greening/2025_12_21_IMG (24).JPG,dataset/train/Greening/2025_12_21_IMG (25).JPG,filename_neighbor,False,True,,5,2a95c57a2f2190cf,2a95d46a0f2592cf,6,0.0250051077455282,0.9139811197916666,D,visually similar but uncertain,requires human verification,2025_12_21_IMG (24).JPG,Greening,train,501a3e1d001118ea2ac70468a005bcd91efd67c3a0e756bd773e46fcb166cb48,2025_12_21_IMG (25).JPG,Greening,train,ce6de95ba6b4c64313fea4ac8423dbd7950f1cee8ce2d292eba66099046ebe46,False,train,Greening,True,1.0,,val,train
dataset/train/Greening/2025_12_21_IMG (240).JPG,dataset/train/Greening/2025_12_21_IMG (241).JPG,filename_neighbor,False,True,,11,3ec081af9a90bdb1,3ee880afca929c99,10,0.0643497183918953,0.919921875,D,visually similar but uncertain,requires human verification,2025_12_21_IMG (240).JPG,Greening,train,cac479a785c16e46964cdb1f72440f42c6653c510c29329fb60986191440bae3,2025_12_21_IMG (241).JPG,Greening,train,4b0befa2247af920eaad7d6299f751f956ccb346d3295840ed457dfef91a69de,False,train,Greening,True,1.0,,train,test
dataset/train/Greening/2025_12_21_IMG (243).JPG,dataset/val/Greening/2025_12_21_IMG (244).JPG,audit_near_candidate|filename_neighbor,True,True,3.0,3,3de5b0c2c3868f0e,2ce3b2c6c3868f0e,6,0.0301901455968618,0.96875,C,probable near duplicate,requires human verification,2025_12_21_IMG (243).JPG,Greening,train,0f8a956fff64019cbe31130a4869ef3c6c577ecfc91b5522c0f2a59d9f047a67,2025_12_21_IMG (244).JPG,Greening,val,fe71b7f2fa965a2c8b87ca6c835c5ca467b4830981c3c503579caea75a2fa763,True,train-val,Greening,True,1.0,,train,val
dataset/train/Greening/2025_12_21_IMG (245).JPG,dataset/val/Greening/2025_12_21_IMG (244).JPG,audit_near_candidate|filename_neighbor,True,True,1.0,1,3ce5b286c3868f0e,2ce3b2c6c3868f0e,4,0.0109298406168818,0.9733072916666666,C,probable near duplicate,requires human verification,2025_12_21_IMG (245).JPG,Greening,train,543728287a5a6465b07a2cc1e068403bfb75e84e9ad9a0cf865761475a45bff7,2025_12_21_IMG (244).JPG,Greening,val,fe71b7f2fa965a2c8b87ca6c835c5ca467b4830981c3c503579caea75a2fa763,True,train-val,Greening,True,1.0,,train,val
dataset/train/Greening/2025_12_21_IMG (246).JPG,dataset/train/Greening/2025_12_21_IMG (247).JPG,filename_neighbor,False,True,,3,2a95c15a1de5f690,2e95c05a1de0f695,6,0.0213228911161422,0.9619954427083334,C,probable near duplicate,requires human verification,2025_12_21_IMG (246).JPG,Greening,train,9054b68967883b6772a311320c09b71eccbfccb6e136b7df309413d202656930,2025_12_21_IMG (247).JPG,Greening,train,e97154919b42b2b15f03f86577f934b0c55dbb6e75f7b044891d1d651c5e0f7d,False,train,Greening,True,1.0,,val,train
dataset/train/Greening/2025_12_21_IMG (268).JPG,dataset/train/Greening/2025_12_21_IMG (269).JPG,filename_neighbor,False,True,,4,38b690cacb8dc5cc,38b690d8cb8d8dcc,4,0.042464192956686,0.9442545572916666,D,visually similar but uncertain,requires human verification,2025_12_21_IMG (268).JPG,Greening,train,7041b109124210c7a8c73846eae1204ed82368d298c9e06e22168c0ca60f4b0d,2025_12_21_IMG (269).JPG,Greening,train,a86170657a69eb413ec67725bf671ef77abd4223673c99b16eb7d191a274cc55,False,train,Greening,True,1.0,,val,train
dataset/train/Greening/2025_12_21_IMG (268).JPG,dataset/val/Greening/2025_12_21_IMG (267).JPG,filename_neighbor,False,True,,19,38b690cacb8dc5cc,3f92d0d8c98dc4cc,10,0.0943972095847129,0.9059244791666666,D,visually similar but uncertain,requires human verification,2025_12_21_IMG (268).JPG,Greening,train,7041b109124210c7a8c73846eae1204ed82368d298c9e06e22168c0ca60f4b0d,2025_12_21_IMG (267).JPG,Greening,val,f4a185627d59e3251d8fb659895873b6c8ea149c6aa4bb4759c3cd54ba4151b8,True,train-val,Greening,True,1.0,,val,train
dataset/train/Greening/2025_12_21_IMG (282).JPG,dataset/val/Greening/2025_12_21_IMG (281).JPG,filename_neighbor,False,True,,8,3ee0a4e587cf0c8c,3ee0b4e583c7098e,6,0.031487438827753,0.904541015625,D,visually similar but uncertain,requires human verification,2025_12_21_IMG (282).JPG,Greening,train,1aeeab6d90ffd85e0d31dcb4e22e2c82899f9d49049056476a1756dc0b0199d1,2025_12_21_IMG (281).JPG,Greening,val,13ced4c440a3d863d52f61ac2b42bb792e5968fe28755a12bcb78b523cb65a19,True,train-val,Greening,True,1.0,,test,train
dataset/train/Greening/2025_12_21_IMG (285).JPG,dataset/train/Greening/2025_12_21_IMG (286).JPG,filename_neighbor,False,True,,2,2aea816fda96cc90,2bea816fca96cc90,2,0.0210822615772485,0.965087890625,C,probable near duplicate,requires human verification,2025_12_21_IMG (285).JPG,Greening,train,5e1e6c2618f9a80bf659468d6a948e0991d7770ac088f8ba7ba5b0db9ff3f345,2025_12_21_IMG (286).JPG,Greening,train,5822fe7a21a6a95d947e3abb36cadf7e268d734c78444599451e36ef7e349ec0,False,train,Greening,True,1.0,,train,val
dataset/train/Greening/2025_12_21_IMG (286).JPG,dataset/val/Greening/2025_12_21_IMG (284).JPG,audit_near_candidate,True,False,6.0,6,2bea816fca96cc90,2bea8065cb96cc9a,6,0.0485472828149795,0.9620768229166666,D,visually similar but uncertain,requires human verification,2025_12_21_IMG (286).JPG,Greening,train,5822fe7a21a6a95d947e3abb36cadf7e268d734c78444599451e36ef7e349ec0,2025_12_21_IMG (284).JPG,Greening,val,05d5f37d54987aa627f484d5d98acfa4a486061ced54383c11ff939d59b9b7e7,True,train-val,Greening,True,2.0,,val,train
dataset/train/Greening/2025_12_21_IMG (301).JPG,dataset/train/Greening/2025_12_21_IMG (302).JPG,filename_neighbor,False,True,,8,3cf7d1d8c148cf04,3ccdd1b8c148cf34,8,0.0275039579719305,0.8113606770833334,D,visually similar but uncertain,requires human verification,2025_12_21_IMG (301).JPG,Greening,train,5e3498fa44909f0f3edce4f846425ace8c2e2834af80ff651429a2865579496d,2025_12_21_IMG (302).JPG,Greening,train,d828c2a3c084f71281c606c9f88daced74ca47c60aa47a446ea283ae564a953a,False,train,Greening,True,1.0,,val,train
dataset/train/Greening/2025_12_21_IMG (312).JPG,dataset/train/Greening/2025_12_21_IMG (313).JPG,filename_neighbor,False,True,,7,3e9f86f0984d914c,2f1fc3e0d865d04c,12,0.0416200757026672,0.8733723958333334,D,visually similar but uncertain,requires human verification,2025_12_21_IMG (312).JPG,Greening,train,b6d6361f090f7223d14c7f4587b4042044aaf8048280a4f0df37131c2fa90aa6,2025_12_21_IMG (313).JPG,Greening,train,3dd980572dafb6ead0534647681c45cdb6c7ffd242115fc5a406cd539540cd24,False,train,Greening,True,1.0,,val,train
dataset/train/Greening/2025_12_21_IMG (32).JPG,dataset/train/Greening/2025_12_21_IMG (33).JPG,filename_neighbor,False,True,,4,2ac5d54a0aa577d2,2ad5d54a08a577d2,2,0.018738193437457,0.95263671875,C,probable near duplicate,requires human verification,2025_12_21_IMG (32).JPG,Greening,train,2ed0752dd030240d7fdfc2509b2e473c466768cc64a4f1a48f36e1d931dfb9ac,2025_12_21_IMG (33).JPG,Greening,train,14c0a14a6108c5d8ce2db65376f6d0a58f2d98864b5e600de98b0fa7334c414d,False,train,Greening,True,1.0,,train,test
dataset/train/Greening/2025_12_21_IMG (34).JPG,dataset/train/Greening/2025_12_21_IMG (35).JPG,filename_neighbor,False,True,,0,2de1f0c7c296960e,2d69f0c5c3879706,8,0.0273223668336868,0.9510091145833334,D,visually similar but uncertain,requires human verification,2025_12_21_IMG (34).JPG,Greening,train,349fa12bdcf03a4bc6eb18f23979c67211a7c2951ce32cbe2e7818e30201ab10,2025_12_21_IMG (35).JPG,Greening,train,da7cd04577dbc20eb3e22ea1818cdfbb47b2d6a2f2b78f98aa95512b49fd939f,False,train,Greening,True,1.0,,train,val
dataset/train/Greening/2025_12_21_IMG (340).JPG,dataset/train/Greening/2025_12_21_IMG (341).JPG,filename_neighbor,False,True,,5,7be0819fb8b0b1a1,7ae0859fb8b0b521,4,0.0210321564227342,0.9047037760416666,D,visually similar but uncertain,requires human verification,2025_12_21_IMG (340).JPG,Greening,train,b9d65ffd08dc80b730b776dcda262f2f919d82026c95f5f4719d5b48e571a288,2025_12_21_IMG (341).JPG,Greening,train,9bfaf587ba776abe4a58e74af663f66049c688dbd707e3a0e72b7b7276ad7893,False,train,Greening,True,1.0,,test,train
dataset/train/Greening/2025_12_21_IMG (36).JPG,dataset/train/Greening/2025_12_21_IMG (37).JPG,filename_neighbor,False,True,,1,2969e7c7c686960c,29e1e6cec696960c,6,0.0217326637357473,0.9746907552083334,C,probable near duplicate,requires human verification,2025_12_21_IMG (36).JPG,Greening,train,54bce157e48eb403bedd06db86cb74d238b6b755f076a249450ff2c0d58c949c,2025_12_21_IMG (37).JPG,Greening,train,136b8e0a1df50b86812061c1f5b4d62178d8fc7caea099913168e556bae4a9e1,False,train,Greening,True,1.0,,val,train
dataset/train/Greening/2025_12_21_IMG (39).JPG,dataset/train/Greening/2025_12_21_IMG (40).JPG,filename_neighbor,False,True,,2,2a95d1dacf60b426,2a95d1dacf60b426,0,0.0165249705314636,0.968017578125,C,probable near duplicate,requires human verification,2025_12_21_IMG (39).JPG,Greening,train,f85b42e35549605998e64211987734b3fd67cbd9408467dc052048151466d4ce,2025_12_21_IMG (40).JPG,Greening,train,e341b89940f130b1c6f82c74c4ff2391fe772a92a618d7a0f64e59055465dde4,False,train,Greening,True,1.0,,test,train
dataset/train/Greening/2025_12_21_IMG (47).JPG,dataset/train/Greening/2025_12_21_IMG (48).JPG,filename_neighbor,False,True,,3,69ef87cc86849c8c,29efc7cc86849c8c,2,0.0184085220098495,0.9334309895833334,D,visually similar but uncertain,requires human verification,2025_12_21_IMG (47).JPG,Greening,train,afa092800eaee42ac2e243be6093780f4c97af4c34de0af535da6ac12cef4b34,2025_12_21_IMG (48).JPG,Greening,train,0f6e9eef1e2ebf584a613ff92d14e3bf8832d8a4d06c8b7c664ae6f0acd12c1a,False,train,Greening,True,1.0,,train,val
dataset/train/Greening/2025_12_21_IMG (52).JPG,dataset/val/Greening/2025_12_21_IMG (51).JPG,audit_near_candidate|filename_neighbor,True,True,6.0,6,2ac0853ffa60c39e,2ae0853ffa60638e,4,0.030784061178565,0.931640625,D,visually similar but uncertain,requires human verification,2025_12_21_IMG (52).JPG,Greening,train,b2c3675b5b1b10c03a83b435dd05c54691113aeedf04b8df050484d6685cca23,2025_12_21_IMG (51).JPG,Greening,val,adcadf0684e9afd230206467761133cb27bf8eace75af4c0f63b39ba48be947d,True,train-val,Greening,True,1.0,,test,train
dataset/train/Greening/2025_12_21_IMG (8).JPG,dataset/train/Greening/2025_12_21_IMG (9).JPG,filename_neighbor,False,True,,0,21ec96e49a96c99a,616c96a4da96cc9a,6,0.0215363949537277,0.9599609375,C,probable near duplicate,requires human verification,2025_12_21_IMG (8).JPG,Greening,train,38afc68b1a41131788aacb90d45193c7a6db24c14f35740f7f32f9d8e35a2022,2025_12_21_IMG (9).JPG,Greening,train,d30fbf7159a87d544bc5f42c877a6d86dc52fc720e099a2bc18d47e86c8eb2af,False,train,Greening,True,1.0,,train,test
dataset/train/Greening/2025_12_21_IMG (8).JPG,dataset/val/Greening/2025_12_21_IMG (7).JPG,filename_neighbor,False,True,,7,21ec96e49a96c99a,636c96a59a96c89a,6,0.0418386794626712,0.929931640625,D,visually similar but uncertain,requires human verification,2025_12_21_IMG (8).JPG,Greening,train,38afc68b1a41131788aacb90d45193c7a6db24c14f35740f7f32f9d8e35a2022,2025_12_21_IMG (7).JPG,Greening,val,c42a967bb576c4b2698aac7c9014292fe05a74d24bb36d166b052ff0c9404a57,True,train-val,Greening,True,1.0,,train,test
dataset/train/Healthy leaf/2025_11_21_IMG (10).JPG,dataset/train/Healthy leaf/2025_11_21_IMG (9).JPG,filename_neighbor,False,True,,5,32e6cb98cc99ccc4,32e6cb9ccc99ccc0,2,0.014198132790625,0.9688313802083334,C,probable near duplicate,requires human verification,2025_11_21_IMG (10).JPG,Healthy leaf,train,38efd3bea164db8d27a31f96f7c3097179da6543cece97a358d62d3783ac1a63,2025_11_21_IMG (9).JPG,Healthy leaf,train,ef080236f0fb4a0b03ec86127ce8cae4fb8df13eeaff6b3105d972ea9750d9e8,False,train,Healthy leaf,True,1.0,,val,train
dataset/train/Healthy leaf/2025_11_21_IMG (102).JPG,dataset/train/Healthy leaf/2025_11_21_IMG (103).JPG,filename_neighbor,False,True,,6,30c7cb3ccc387c31,30c7cb3ccc307c33,2,0.025008937343955,0.91455078125,D,visually similar but uncertain,requires human verification,2025_11_21_IMG (102).JPG,Healthy leaf,train,69ba24a83ec020f2ab01451e2d32f540f1a07e6dde068af5506a0e703cb048ce,2025_11_21_IMG (103).JPG,Healthy leaf,train,e27b1a11370bd57dd1e407c5209f7e95afedbcce95809bc7efd92de2493036f0,False,train,Healthy leaf,True,1.0,,train,test
dataset/train/Healthy leaf/2025_11_21_IMG (108).JPG,dataset/val/Healthy leaf/2025_11_21_IMG (109).JPG,audit_near_candidate|filename_neighbor,True,True,1.0,1,63cb9ca599943392,63e98ea599943193,6,0.0170330367982387,0.9430338541666666,C,probable near duplicate,requires human verification,2025_11_21_IMG (108).JPG,Healthy leaf,train,f22e36e176b27e754968abd5d0fc83772261e6121acf4ff9136b872991d5cd8f,2025_11_21_IMG (109).JPG,Healthy leaf,val,c0c57a22a00522dee52aca32407cf33440f91be5075c1bc2f9b466056aa729d4,True,train-val,Healthy leaf,True,1.0,,test,val
dataset/train/Healthy leaf/2025_11_21_IMG (116).JPG,dataset/val/Healthy leaf/2025_11_21_IMG (115).JPG,audit_near_candidate|filename_neighbor,True,True,4.0,4,24b19ac789cccdcc,24b19ac3c9cccdcc,2,0.018122574314475,0.9076334635416666,D,visually similar but uncertain,requires human verification,2025_11_21_IMG (116).JPG,Healthy leaf,train,4e5848af4aadde2a510632259a3f0e00c3435dc0a00a83cf4d48629c590f8b1f,2025_11_21_IMG (115).JPG,Healthy leaf,val,3b81f8a57b8d0e924a2c0f239836efab59ac72ee176b4bbd0167cb6390a973a3,True,train-val,Healthy leaf,True,1.0,,train,test
dataset/train/Healthy leaf/2025_11_21_IMG (122).JPG,dataset/val/Healthy leaf/2025_11_21_IMG (121).JPG,audit_near_candidate|filename_neighbor,True,True,2.0,2,36a7c1e0cf82ce89,3627c1f0cf81ce89,4,0.0139064416289329,0.9567057291666666,C,probable near duplicate,requires human verification,2025_11_21_IMG (122).JPG,Healthy leaf,train,43eb0586f9a685a7835c354946638a6df14be4edf86e1aab9aa39f97f42be416,2025_11_21_IMG (121).JPG,Healthy leaf,val,b3999009bc12d084ed418b51ae514e9343797b3d71c74ebac0d43f5e5d403992,True,train-val,Healthy leaf,True,1.0,,train,val
dataset/train/Healthy leaf/2025_11_21_IMG (148).JPG,dataset/train/Healthy leaf/2025_11_21_IMG (149).JPG,filename_neighbor,False,True,,1,708c87999ed8d869,708c87999ed8da49,2,0.0122421355918049,0.9781087239583334,C,probable near duplicate,requires human verification,2025_11_21_IMG (148).JPG,Healthy leaf,train,b5ae1f4f7d1c4c034cdb8c882f2a5bad165823536fb1225f3ea01ccbfd7c70f0,2025_11_21_IMG (149).JPG,Healthy leaf,train,52b99ed637c3afeef3015adbe2aec31d3124ee4679ced6f61e7e5bf35bf49b5e,False,train,Healthy leaf,True,1.0,,train,val
dataset/train/Healthy leaf/2025_11_21_IMG (16).JPG,dataset/train/Healthy leaf/2025_11_21_IMG (17).JPG,filename_neighbor,False,True,,1,7ac297358833e51c,6ac297358133e71c,4,0.022281901910901,0.9635416666666666,C,probable near duplicate,requires human verification,2025_11_21_IMG (16).JPG,Healthy leaf,train,465478e10698a99e07ec1c8206b10cf8bce32f386c925c86869a3756df188da9,2025_11_21_IMG (17).JPG,Healthy leaf,train,a8866a07ef45bfb72644a53fb50a13cec5efda7b49a87f0fa2f6650dc8321b5d,False,train,Healthy leaf,True,1.0,,train,val
dataset/train/Healthy leaf/2025_11_21_IMG (167).JPG,dataset/val/Healthy leaf/2025_11_21_IMG (166).JPG,audit_near_candidate|filename_neighbor,True,True,4.0,4,7fb0c04f2aa4b45a,7fb0c04f2ba4b053,4,0.0108356950804591,0.9827473958333334,C,probable near duplicate,requires human verification,2025_11_21_IMG (167).JPG,Healthy leaf,train,af47a45db33d1716e6878c5c67e09595559e08f0f6d82f6c0ef7e74916d7078f,2025_11_21_IMG (166).JPG,Healthy leaf,val,61b903e13bca3145d29c7599a668a06a17faefe234b424d495dfd498cbcca233,True,train-val,Healthy leaf,True,1.0,,train,val
dataset/train/Healthy leaf/2025_11_21_IMG (168).JPG,dataset/train/Healthy leaf/2025_11_21_IMG (169).JPG,filename_neighbor,False,True,,6,64929699cbc98d6c,6592969bca498c6d,6,0.0246170368045568,0.9783528645833334,C,probable near duplicate,requires human verification,2025_11_21_IMG (168).JPG,Healthy leaf,train,1edeb31851688e7125d8faab71546e98aad7c4bbbf9de0fb7d95ded56ec0b151,2025_11_21_IMG (169).JPG,Healthy leaf,train,54759b494b3509f08f0a80b81a0d6f53a113c972e9abf8cb822c3f6617d34cea,False,train,Healthy leaf,True,1.0,,train,val
dataset/train/Healthy leaf/2025_11_21_IMG (173).JPG,dataset/train/Healthy leaf/2025_11_21_IMG (174).JPG,filename_neighbor,False,True,,3,7ec0953ac0a5abd2,7ec0953ac0a5ab96,2,0.0092865983024239,0.9522298177083334,C,probable near duplicate,requires human verification,2025_11_21_IMG (173).JPG,Healthy leaf,train,6a069ca9d67e420a181ad1a09b74d2707da3060504883b9a2518bbf89358f98c,2025_11_21_IMG (174).JPG,Healthy leaf,train,ce2b82ae019d5c04d5d41c34aa1d6dba58331d2b672a9227a7908d61c3eff5e9,False,train,Healthy leaf,True,1.0,,train,test
dataset/train/Healthy leaf/2025_11_21_IMG (175).JPG,dataset/train/Healthy leaf/2025_11_21_IMG (176).JPG,filename_neighbor,False,True,,9,7abd87d0c84f8944,6abd87d0c84f854c,4,0.0507614612579345,0.9742838541666666,D,visually similar but uncertain,requires human verification,2025_11_21_IMG (175).JPG,Healthy leaf,train,d9b0ce4511d947067743c6f10d5bf488fd59e171be294f0d3105dbf8dbd8c588,2025_11_21_IMG (176).JPG,Healthy leaf,train,0eefedf94b6f1b3cb45b122682f2635333c5bdb7715386721ba3974504778e56,False,train,Healthy leaf,True,1.0,,val,train
dataset/train/Healthy leaf/2025_11_21_IMG (177).JPG,dataset/train/Healthy leaf/2025_11_21_IMG (178).JPG,filename_neighbor,False,True,,3,68b087739e43984f,68b887739e43984d,2,0.0187257453799247,0.971435546875,C,probable near duplicate,requires human verification,2025_11_21_IMG (177).JPG,Healthy leaf,train,86d016877536c3efae646e0f619af65ac150de5a888eef08567434d08a89b2e3,2025_11_21_IMG (178).JPG,Healthy leaf,train,847c80639b499340e8fcdf2d41295b172b99afe72b4fd3fc81481a24c7035924,False,train,Healthy leaf,True,1.0,,train,test
dataset/train/Healthy leaf/2025_11_21_IMG (181).JPG,dataset/val/Healthy leaf/2025_11_21_IMG (180).JPG,audit_near_candidate|filename_neighbor,True,True,1.0,1,389cc2718f63cc47,7898c7538e438c6d,12,0.031849980354309,0.9640299479166666,D,visually similar but uncertain,requires human verification,2025_11_21_IMG (181).JPG,Healthy leaf,train,6a7fb9a011211eac314fac307a42fdca1dd0686bd4a32b1d7fa416cfb0319637,2025_11_21_IMG (180).JPG,Healthy leaf,val,ff04ea03102c63549c44ba5e066c251ed59729938b77cff9110101921200475f,True,train-val,Healthy leaf,True,1.0,,train,test
dataset/train/Healthy leaf/2025_11_21_IMG (182).JPG,dataset/val/Healthy leaf/2025_11_21_IMG (183).JPG,audit_near_candidate|filename_neighbor,True,True,2.0,2,6a95c06a3f50d8cb,6a95c06a2550daef,6,0.0184889454394578,0.96337890625,C,probable near duplicate,requires human verification,2025_11_21_IMG (182).JPG,Healthy leaf,train,94a59208508f2e77b2d112bd5232964cdd9eb055aad65fbbb527a5738c510006,2025_11_21_IMG (183).JPG,Healthy leaf,val,55a83ff8267e25ded7377f2bfaa1420078be7a449bc854c6f9588b52f12a8054,True,train-val,Healthy leaf,True,1.0,,train,val
dataset/train/Healthy leaf/2025_11_21_IMG (185).JPG,dataset/val/Healthy leaf/2025_11_21_IMG (183).JPG,audit_near_candidate,True,False,3.0,3,6a95c06a2d50dacf,6a95c06a2550daef,2,0.0182039551436901,0.9580891927083334,C,probable near duplicate,requires human verification,2025_11_21_IMG (185).JPG,Healthy leaf,train,059048d6355c6f653b70da7903f5b54d3ac555382c14dfc946f94dc4f197f81e,2025_11_21_IMG (183).JPG,Healthy leaf,val,55a83ff8267e25ded7377f2bfaa1420078be7a449bc854c6f9588b52f12a8054,True,train-val,Healthy leaf,True,2.0,,train,val
dataset/train/Healthy leaf/2025_11_21_IMG (21).JPG,dataset/train/Healthy leaf/2025_11_21_IMG (22).JPG,filename_neighbor,False,True,,5,2a9580e0f9cf659a,7eb580e0b8cf251a,8,0.0190531816333532,0.9647623697916666,D,visually similar but uncertain,requires human verification,2025_11_21_IMG (21).JPG,Healthy leaf,train,73062e70429f033dca1b713b0b41c527a788c5c306f9dc3cfd93527a7290f640,2025_11_21_IMG (22).JPG,Healthy leaf,train,f634faf70049ba4a5e4a7472cc7a709fae4b8931104af03bb1467fac083fe14c,False,train,Healthy leaf,True,1.0,,val,train
dataset/train/Healthy leaf/2025_11_21_IMG (212).JPG,dataset/train/Healthy leaf/2025_11_21_IMG (213).JPG,filename_neighbor,False,True,,8,6992969d9a995985,69b296859a985b99,8,0.0378236062824726,0.939208984375,D,visually similar but uncertain,requires human verification,2025_11_21_IMG (212).JPG,Healthy leaf,train,ee0388b550dc6e09b189ac1ff51771d77c42ab271bc1091f5193e07264e3a919,2025_11_21_IMG (213).JPG,Healthy leaf,train,88570064457da4cdf6b5815a2304a965f6ed1b7794ae3a3d5d710fad52aba25f,False,train,Healthy leaf,True,1.0,,train,test
dataset/train/Healthy leaf/2025_11_21_IMG (213).JPG,dataset/train/Healthy leaf/2025_11_21_IMG (214).JPG,filename_neighbor,False,True,,3,69b296859a985b99,69b296859a985b99,0,0.0065924352966248,0.947998046875,C,probable near duplicate,requires human verification,2025_11_21_IMG (213).JPG,Healthy leaf,train,88570064457da4cdf6b5815a2304a965f6ed1b7794ae3a3d5d710fad52aba25f,2025_11_21_IMG (214).JPG,Healthy leaf,train,428bea2fb82cf4b4a0bd75e6f37d2d940c31fb641990e36a7e4ec52f043fca82,False,train,Healthy leaf,True,1.0,,test,train
dataset/train/Healthy leaf/2025_11_21_IMG (218).JPG,dataset/train/Healthy leaf/2025_11_21_IMG (219).JPG,filename_neighbor,False,True,,9,6a95c0e8ed673416,6a95c0f8ed371c12,6,0.0360501557588577,0.9523111979166666,C,probable near duplicate,requires human verification,2025_11_21_IMG (218).JPG,Healthy leaf,train,23f494fab7e1e3ad4def4b803e7ace4be15401c722de6ed0c06549027b3fb96a,2025_11_21_IMG (219).JPG,Healthy leaf,train,74116d6ef2472a86aaacc0a1cb8e6b863e55166dcd9f2965b6d0b3e49f8ae984,False,train,Healthy leaf,True,1.0,,train,test
dataset/train/Healthy leaf/2025_11_21_IMG (223).JPG,dataset/train/Healthy leaf/2025_11_21_IMG (224).JPG,filename_neighbor,False,True,,8,2f95d06a1f25329a,2f95c06a0f253a9b,4,0.0247766021639108,0.9656575520833334,C,probable near duplicate,requires human verification,2025_11_21_IMG (223).JPG,Healthy leaf,train,465e8ca3ca8fd5a586f71bb8260034d8a11e14181e1778ca4410f95a06d18187,2025_11_21_IMG (224).JPG,Healthy leaf,train,ba0267c5aedc4e6b0074b038fba3d09d878fdc14e7b469f1e2e6724ebbed7f42,False,train,Healthy leaf,True,1.0,,train,test
dataset/train/Healthy leaf/2025_11_21_IMG (232).JPG,dataset/train/Healthy leaf/2025_11_21_IMG (233).JPG,filename_neighbor,False,True,,4,361f93789b6189b0,361fd378996988c4,8,0.0305778961628675,0.915771484375,D,visually similar but uncertain,requires human verification,2025_11_21_IMG (232).JPG,Healthy leaf,train,60dea5890d893f127171176fb14ae13b15481aff0dad5feb50a0ac69aa822b76,2025_11_21_IMG (233).JPG,Healthy leaf,train,6105ac37f3180a524fd422a414eaa3f67fcc1c5906f9fec36e467feda26875b0,False,train,Healthy leaf,True,1.0,,train,test
dataset/train/Healthy leaf/2025_11_21_IMG (240).JPG,dataset/train/Healthy leaf/2025_11_21_IMG (241).JPG,filename_neighbor,False,True,,8,36e4d116c378cf18,36e4d107c15fc51c,10,0.0296859052032232,0.9671223958333334,D,visually similar but uncertain,requires human verification,2025_11_21_IMG (240).JPG,Healthy leaf,train,4f42a7028637f088dafcd798db4581fb376ca346dc75eb7254d6dcc738881df1,2025_11_21_IMG (241).JPG,Healthy leaf,train,9006798d5be050b06e764b3f9b7434ab2073db3aca4cc9fa332c6ebac639719f,False,train,Healthy leaf,True,1.0,,train,test
dataset/train/Healthy leaf/2025_11_21_IMG (241).JPG,dataset/train/Healthy leaf/2025_11_21_IMG (242).JPG,filename_neighbor,False,True,,6,36e4d107c15fc51c,36e4d117c15ec51c,2,0.0188945699483156,0.97509765625,C,probable near duplicate,requires human verification,2025_11_21_IMG (241).JPG,Healthy leaf,train,9006798d5be050b06e764b3f9b7434ab2073db3aca4cc9fa332c6ebac639719f,2025_11_21_IMG (242).JPG,Healthy leaf,train,9e5b588995af81742dc465162c8a97a1c661ede76fab67806875b12ca5e21feb,False,train,Healthy leaf,True,1.0,,test,train
dataset/train/Healthy leaf/2025_11_21_IMG (249).JPG,dataset/val/Healthy leaf/2025_11_21_IMG (248).JPG,audit_near_candidate|filename_neighbor,True,True,3.0,3,3493c2d9c3c9cf81,2493c2dbc3cbce81,4,0.0145546095445752,0.9661458333333334,C,probable near duplicate,requires human verification,2025_11_21_IMG (249).JPG,Healthy leaf,train,4d03128abd2f29c6f88b95d20bf44bef65025f28575522d4c42893dc75795865,2025_11_21_IMG (248).JPG,Healthy leaf,val,a1e0cc61b3f99aa7dcba4deefe21e93ae80a1d740d847d52a0beca42a115dbd5,True,train-val,Healthy leaf,True,1.0,,test,train
dataset/train/Healthy leaf/2025_11_21_IMG (250).JPG,dataset/val/Healthy leaf/2025_11_21_IMG (251).JPG,filename_neighbor,False,True,,7,31d99271cb23cd13,31d99379cb21cd18,6,0.0239241868257522,0.9630533854166666,C,probable near duplicate,requires human verification,2025_11_21_IMG (250).JPG,Healthy leaf,train,ac017d970ce0f0868f51ca07e69f29e90f4a1c2783e671b2d0e29171ded90314,2025_11_21_IMG (251).JPG,Healthy leaf,val,5ea4e56804e64ca4691dca4f2508c2069c6990a6d7bc9c7215128fe2b064dbfd,True,train-val,Healthy leaf,True,1.0,,val,test
dataset/train/Healthy leaf/2025_11_21_IMG (252).JPG,dataset/val/Healthy leaf/2025_11_21_IMG (251).JPG,audit_near_candidate|filename_neighbor,True,True,4.0,4,35d19369cb29cd18,31d99379cb21cd18,4,0.0211502369493246,0.960205078125,C,probable near duplicate,requires human verification,2025_11_21_IMG (252).JPG,Healthy leaf,train,c82a0e5c492fd3af73c4c9fa7ea7bd1908d19e49d44d9593f8665f19bf2c6cb0,2025_11_21_IMG (251).JPG,Healthy leaf,val,5ea4e56804e64ca4691dca4f2508c2069c6990a6d7bc9c7215128fe2b064dbfd,True,train-val,Healthy leaf,True,1.0,,train,test
dataset/train/Healthy leaf/2025_11_21_IMG (255).JPG,dataset/val/Healthy leaf/2025_11_21_IMG (251).JPG,audit_near_candidate,True,False,6.0,6,31d19349cb2dcd1c,31d99379cb21cd18,6,0.0266860071569681,0.9471028645833334,C,probable near duplicate,requires human verification,2025_11_21_IMG (255).JPG,Healthy leaf,train,7d8320aa3a1275949bbd0114adb3cb7ab6b964760062f3cab4d39d387209b06c,2025_11_21_IMG (251).JPG,Healthy leaf,val,5ea4e56804e64ca4691dca4f2508c2069c6990a6d7bc9c7215128fe2b064dbfd,True,train-val,Healthy leaf,True,4.0,,train,test
dataset/train/Healthy leaf/2025_11_21_IMG (265).JPG,dataset/val/Healthy leaf/2025_11_21_IMG (260).JPG,audit_near_candidate,True,False,6.0,6,3c98d2d9cb49cb44,3c9ad2d9c349c345,4,0.0345447808504104,0.9200032552083334,D,visually similar but uncertain,requires human verification,2025_11_21_IMG (265).JPG,Healthy leaf,train,1db96eab7012622ecf9d02715cc7839a84d04c38aecd9faec30b7002170f19d8,2025_11_21_IMG (260).JPG,Healthy leaf,val,9e95f1132144a967ef1b4a25bf563c82ba7ff9496e58b17cb8d4864c49f474ff,True,train-val,Healthy leaf,True,5.0,,val,train
dataset/train/Healthy leaf/2025_11_21_IMG (265).JPG,dataset/val/Healthy leaf/2025_11_21_IMG (261).JPG,audit_near_candidate,True,False,4.0,4,3c98d2d9cb49cb44,3c9892d9c3c9c34d,6,0.0356068722903728,0.9273274739583334,D,visually similar but uncertain,requires human verification,2025_11_21_IMG (265).JPG,Healthy leaf,train,1db96eab7012622ecf9d02715cc7839a84d04c38aecd9faec30b7002170f19d8,2025_11_21_IMG (261).JPG,Healthy leaf,val,a72ed79ad060d22d4ad3a6239a700badd6f64ebba0d7a37ccab7c7a22bd68b56,True,train-val,Healthy leaf,True,4.0,,val,train
dataset/train/Healthy leaf/2025_11_21_IMG (268).JPG,dataset/train/Healthy leaf/2025_11_21_IMG (269).JPG,filename_neighbor,False,True,,3,24c3d2cec38ccbcc,24c7d2cec38c8bcc,2,0.0156859550625085,0.9420572916666666,C,probable near duplicate,requires human verification,2025_11_21_IMG (268).JPG,Healthy leaf,train,58f982b0ac1d8252e60840ed63e62a6ca097f78a8aac0d18da72e81db43c8a5f,2025_11_21_IMG (269).JPG,Healthy leaf,train,6f453ab9491d312a0e875b5cb8478f1c102b61f62d205d25ba2c84fdf28a8c5c,False,train,Healthy leaf,True,1.0,,val,train
dataset/train/Healthy leaf/2025_11_21_IMG (268).JPG,dataset/val/Healthy leaf/2025_11_21_IMG (267).JPG,filename_neighbor,False,True,,7,24c3d2cec38ccbcc,34c4d3decb888bc2,12,0.0353812426328659,0.9248860677083334,D,visually similar but uncertain,requires human verification,2025_11_21_IMG (268).JPG,Healthy leaf,train,58f982b0ac1d8252e60840ed63e62a6ca097f78a8aac0d18da72e81db43c8a5f,2025_11_21_IMG (267).JPG,Healthy leaf,val,a92caefc9e8e5bcf54e4b6de16c793ddd30e9b2827701c010d27b0e515da3527,True,train-val,Healthy leaf,True,1.0,,val,train
dataset/train/Healthy leaf/2025_11_21_IMG (269).JPG,dataset/train/Healthy leaf/2025_11_21_IMG (270).JPG,filename_neighbor,False,True,,10,24c7d2cec38c8bcc,34c2d3cecb8c89cc,6,0.038221251219511,0.9442545572916666,C,probable near duplicate,requires human verification,2025_11_21_IMG (269).JPG,Healthy leaf,train,6f453ab9491d312a0e875b5cb8478f1c102b61f62d205d25ba2c84fdf28a8c5c,2025_11_21_IMG (270).JPG,Healthy leaf,train,9e625cd4ba8b70b7a0d66339f3518e9391e5c8c141f4b385d48e4718b420e172,False,train,Healthy leaf,True,1.0,,train,val
dataset/train/Healthy leaf/2025_11_21_IMG (270).JPG,dataset/val/Healthy leaf/2025_11_21_IMG (267).JPG,audit_near_candidate,True,False,6.0,6,34c2d3cecb8c89cc,34c4d3decb888bc2,8,0.0295592043548822,0.958984375,D,visually similar but uncertain,requires human verification,2025_11_21_IMG (270).JPG,Healthy leaf,train,9e625cd4ba8b70b7a0d66339f3518e9391e5c8c141f4b385d48e4718b420e172,2025_11_21_IMG (267).JPG,Healthy leaf,val,a92caefc9e8e5bcf54e4b6de16c793ddd30e9b2827701c010d27b0e515da3527,True,train-val,Healthy leaf,True,3.0,,val,train
dataset/train/Healthy leaf/2025_11_21_IMG (271).JPG,dataset/train/Healthy leaf/2025_11_21_IMG (272).JPG,filename_neighbor,False,True,,2,34c2d3cecb8c89cc,34c3d3cdcb8c898c,4,0.0170703753829002,0.9454752604166666,C,probable near duplicate,requires human verification,2025_11_21_IMG (271).JPG,Healthy leaf,train,d0a9ab2df1961cf85891b76d931d9c15b5a74b73bff7364640356e0083f6f3f0,2025_11_21_IMG (272).JPG,Healthy leaf,train,d216b59f2ccec9ae9f38581518dcb389aae378ac5b35675b96d117d52b839d70,False,train,Healthy leaf,True,1.0,,val,train
dataset/train/Healthy leaf/2025_11_21_IMG (275).JPG,dataset/val/Healthy leaf/2025_11_21_IMG (277).JPG,audit_near_candidate,True,False,4.0,4,3d9ed0d8c9e8c644,3d9ed0d8c9e8c464,2,0.011112387292087,0.9756673177083334,C,probable near duplicate,requires human verification,2025_11_21_IMG (275).JPG,Healthy leaf,train,0244b491875277e55178af6039587798ed505390f896ad8dfd855323ab37bbf1,2025_11_21_IMG (277).JPG,Healthy leaf,val,9b0c5e9d4af82194eb7576f2b0cd518119285c0acb3d2fb04cbf22bf8dbfe653,True,train-val,Healthy leaf,True,2.0,,train,val
dataset/train/Healthy leaf/2025_11_21_IMG (276).JPG,dataset/val/Healthy leaf/2025_11_21_IMG (277).JPG,audit_near_candidate|filename_neighbor,True,True,2.0,2,3d9ed0f8c960cc64,3d9ed0d8c9e8c464,4,0.0280937254428863,0.9830729166666666,C,probable near duplicate,requires human verification,2025_11_21_IMG (276).JPG,Healthy leaf,train,c286bf704a220fd58ac80ad52898abfaef2394307e08fc4e1d926dc407140bdb,2025_11_21_IMG (277).JPG,Healthy leaf,val,9b0c5e9d4af82194eb7576f2b0cd518119285c0acb3d2fb04cbf22bf8dbfe653,True,train-val,Healthy leaf,True,1.0,,train,val
dataset/train/Healthy leaf/2025_11_21_IMG (278).JPG,dataset/val/Healthy leaf/2025_11_21_IMG (277).JPG,audit_near_candidate|filename_neighbor,True,True,2.0,2,3d9bd0d8c9e0c664,3d9ed0d8c9e8c464,4,0.0264750570058822,0.9793294270833334,C,probable near duplicate,requires human verification,2025_11_21_IMG (278).JPG,Healthy leaf,train,ef8bef433bb4f943a2e1a87e2bf00768e8454d2bf6a2cadaceefb4bd56da7e14,2025_11_21_IMG (277).JPG,Healthy leaf,val,9b0c5e9d4af82194eb7576f2b0cd518119285c0acb3d2fb04cbf22bf8dbfe653,True,train-val,Healthy leaf,True,1.0,,train,val
dataset/train/Healthy leaf/2025_11_21_IMG (279).JPG,dataset/val/Healthy leaf/2025_11_21_IMG (277).JPG,audit_near_candidate,True,False,2.0,2,3f1fd0f8c960cc60,3d9ed0d8c9e8c464,8,0.0392233431339263,0.9698079427083334,D,visually similar but uncertain,requires human verification,2025_11_21_IMG (279).JPG,Healthy leaf,train,d61f5b713530d2546ec99f0f848ed95076bf1134a5fa78cdd0f12cdebae416aa,2025_11_21_IMG (277).JPG,Healthy leaf,val,9b0c5e9d4af82194eb7576f2b0cd518119285c0acb3d2fb04cbf22bf8dbfe653,True,train-val,Healthy leaf,True,2.0,,train,val
dataset/train/Healthy leaf/2025_11_21_IMG (280).JPG,dataset/train/Healthy leaf/2025_11_21_IMG (281).JPG,filename_neighbor,False,True,,4,3f1fd0f8c960cc60,3d9fd0f8c960cc60,2,0.0212699119001626,0.966796875,C,probable near duplicate,requires human verification,2025_11_21_IMG (280).JPG,Healthy leaf,train,285e9958bf5ddef8631328bfe73fa806e77dc9ed48779167cf4d620784b8b0ea,2025_11_21_IMG (281).JPG,Healthy leaf,train,e00491d4fb1666b6645d7c4dc6579a105422593d0d2e4a900976303255a7409d,False,train,Healthy leaf,True,1.0,,train,test
dataset/train/Healthy leaf/2025_11_21_IMG (280).JPG,dataset/val/Healthy leaf/2025_11_21_IMG (277).JPG,audit_near_candidate,True,False,4.0,4,3f1fd0f8c960cc60,3d9ed0d8c9e8c464,8,0.0405219197273254,0.963134765625,D,visually similar but uncertain,requires human verification,2025_11_21_IMG (280).JPG,Healthy leaf,train,285e9958bf5ddef8631328bfe73fa806e77dc9ed48779167cf4d620784b8b0ea,2025_11_21_IMG (277).JPG,Healthy leaf,val,9b0c5e9d4af82194eb7576f2b0cd518119285c0acb3d2fb04cbf22bf8dbfe653,True,train-val,Healthy leaf,True,3.0,,train,val
dataset/train/Healthy leaf/2025_11_21_IMG (281).JPG,dataset/val/Healthy leaf/2025_11_21_IMG (277).JPG,audit_near_candidate,True,False,2.0,2,3d9fd0f8c960cc60,3d9ed0d8c9e8c464,6,0.028569558635354,0.9798177083333334,C,probable near duplicate,requires human verification,2025_11_21_IMG (281).JPG,Healthy leaf,train,e00491d4fb1666b6645d7c4dc6579a105422593d0d2e4a900976303255a7409d,2025_11_21_IMG (277).JPG,Healthy leaf,val,9b0c5e9d4af82194eb7576f2b0cd518119285c0acb3d2fb04cbf22bf8dbfe653,True,train-val,Healthy leaf,True,4.0,,test,val
dataset/train/Healthy leaf/2025_11_21_IMG (282).JPG,dataset/val/Healthy leaf/2025_11_21_IMG (277).JPG,audit_near_candidate,True,False,2.0,2,3d9fd0f8c960cc60,3d9ed0d8c9e8c464,6,0.028569558635354,0.9798177083333334,C,probable near duplicate,requires human verification,2025_11_21_IMG (282).JPG,Healthy leaf,train,e00491d4fb1666b6645d7c4dc6579a105422593d0d2e4a900976303255a7409d,2025_11_21_IMG (277).JPG,Healthy leaf,val,9b0c5e9d4af82194eb7576f2b0cd518119285c0acb3d2fb04cbf22bf8dbfe653,True,train-val,Healthy leaf,True,5.0,,test,val
dataset/train/Healthy leaf/2025_11_21_IMG (295).JPG,dataset/val/Healthy leaf/2025_11_21_IMG (296).JPG,audit_near_candidate|filename_neighbor,True,True,1.0,1,2d92c86dc660d2e7,2d92c86dce60d267,2,0.0079650478437542,0.9771321614583334,C,probable near duplicate,requires human verification,2025_11_21_IMG (295).JPG,Healthy leaf,train,cf161082540a1e14072e900a208985bcc9e2b3b48a14c92fff9b6f8ae973b2dc,2025_11_21_IMG (296).JPG,Healthy leaf,val,073d2ad2c3a03a7f34cc513c7b25dc979e6c1299cb961883ad129ccc74b137d2,True,train-val,Healthy leaf,True,1.0,,test,train
dataset/train/Healthy leaf/2025_11_21_IMG (3).JPG,dataset/val/Healthy leaf/2025_11_21_IMG (4).JPG,audit_near_candidate|filename_neighbor,True,True,2.0,2,71cb878cce1cda18,71ca878cde1cda18,2,0.0145013146102428,0.9663899739583334,C,probable near duplicate,requires human verification,2025_11_21_IMG (3).JPG,Healthy leaf,train,20dd996f9364464880fd3ebd00c140a36fdeb3dec7cd36cc63ef1349bbbe5da9,2025_11_21_IMG (4).JPG,Healthy leaf,val,5a0ea48976a11161ef17bc08f9abc5f38a3444f1034f518cb530cb3d87fe6da4,True,train-val,Healthy leaf,True,1.0,,test,train
dataset/train/Healthy leaf/2025_11_21_IMG (300).JPG,dataset/val/Healthy leaf/2025_11_21_IMG (299).JPG,filename_neighbor,False,True,,8,3c65c336cc19ce98,3c6dc3b6cc188e19,6,0.0310422424226999,0.9676920572916666,C,probable near duplicate,requires human verification,2025_11_21_IMG (300).JPG,Healthy leaf,train,c25a3995c945f94b5e1d21c1a4b2c27f014d45cab4d6847eec49e4de272744de,2025_11_21_IMG (299).JPG,Healthy leaf,val,beb555a6f3832cc57239df5d5d5017b062115b9b68385851831947fea52ff745,True,train-val,Healthy leaf,True,1.0,,train,val
dataset/train/Healthy leaf/2025_11_21_IMG (37).JPG,dataset/train/Healthy leaf/2025_11_21_IMG (38).JPG,filename_neighbor,False,True,,9,2f97d2689d44a0da,2f95c2688d66b07a,8,0.0319281704723835,0.966064453125,D,visually similar but uncertain,requires human verification,2025_11_21_IMG (37).JPG,Healthy leaf,train,e7ba66ca134ae1e6bf1b3f2868c0e2e04fa57d3066c706fa02d1ae6627ee16ed,2025_11_21_IMG (38).JPG,Healthy leaf,train,1939d4f9a8008c0266543ebba45490b7ad1dd4805e1ad9a2361a08d88d4215d4,False,train,Healthy leaf,True,1.0,,train,val
dataset/train/Healthy leaf/2025_11_21_IMG (38).JPG,dataset/train/Healthy leaf/2025_11_21_IMG (39).JPG,filename_neighbor,False,True,,5,2f95c2688d66b07a,2f95c2688d66b07a,0,0.0117535358294844,0.97802734375,C,probable near duplicate,requires human verification,2025_11_21_IMG (38).JPG,Healthy leaf,train,1939d4f9a8008c0266543ebba45490b7ad1dd4805e1ad9a2361a08d88d4215d4,2025_11_21_IMG (39).JPG,Healthy leaf,train,3d2df35a912293ab1820d2c9c566fb9e6cefdc2c0b06577bd6c65d869989bfc5,False,train,Healthy leaf,True,1.0,,val,train
dataset/train/Healthy leaf/2025_11_21_IMG (43).JPG,dataset/train/Healthy leaf/2025_11_21_IMG (44).JPG,filename_neighbor,False,True,,2,2ac2952bc2a58fda,2ac0952bcaa58fda,2,0.0060578784905374,0.964111328125,C,probable near duplicate,requires human verification,2025_11_21_IMG (43).JPG,Healthy leaf,train,4867a2a455f2861de635c90ed51eed862c47328d3da2eb1cc906a4becd2beee4,2025_11_21_IMG (44).JPG,Healthy leaf,train,2b894707d46247ea34fce8e4bc71b7a897dde09a2c1271940cf4deef0e7148bc,False,train,Healthy leaf,True,1.0,,test,train
dataset/train/Healthy leaf/2025_11_21_IMG (43).JPG,dataset/val/Healthy leaf/2025_11_21_IMG (42).JPG,audit_near_candidate|filename_neighbor,True,True,5.0,5,2ac2952bc2a58fda,2ac2952ad2a58fda,2,0.0131264673545956,0.97216796875,C,probable near duplicate,requires human verification,2025_11_21_IMG (43).JPG,Healthy leaf,train,4867a2a455f2861de635c90ed51eed862c47328d3da2eb1cc906a4becd2beee4,2025_11_21_IMG (42).JPG,Healthy leaf,val,04f9c2d50b4172a7619e0da4a67124b10c5564d4ca92f88ecdf7d1050ce6f1e7,True,train-val,Healthy leaf,True,1.0,,test,val
dataset/train/Healthy leaf/2025_11_21_IMG (43).JPG,dataset/val/Healthy leaf/2025_11_21_IMG (45).JPG,audit_near_candidate,True,False,6.0,6,2ac2952bc2a58fda,2ac2952f4ab40fda,6,0.0106882527470588,0.960205078125,C,probable near duplicate,requires human verification,2025_11_21_IMG (43).JPG,Healthy leaf,train,4867a2a455f2861de635c90ed51eed862c47328d3da2eb1cc906a4becd2beee4,2025_11_21_IMG (45).JPG,Healthy leaf,val,8e4dd29b612ae7c08bdc0843a3301b99aa9da9664f174c85db907c0d20b62a46,True,train-val,Healthy leaf,True,2.0,,test,train
dataset/train/Healthy leaf/2025_11_21_IMG (44).JPG,dataset/val/Healthy leaf/2025_11_21_IMG (42).JPG,audit_near_candidate,True,False,5.0,5,2ac0952bcaa58fda,2ac2952ad2a58fda,4,0.0139472903683781,0.9651692708333334,C,probable near duplicate,requires human verification,2025_11_21_IMG (44).JPG,Healthy leaf,train,2b894707d46247ea34fce8e4bc71b7a897dde09a2c1271940cf4deef0e7148bc,2025_11_21_IMG (42).JPG,Healthy leaf,val,04f9c2d50b4172a7619e0da4a67124b10c5564d4ca92f88ecdf7d1050ce6f1e7,True,train-val,Healthy leaf,True,2.0,,train,val
dataset/train/Healthy leaf/2025_11_21_IMG (49).JPG,dataset/train/Healthy leaf/2025_11_21_IMG (50).JPG,filename_neighbor,False,True,,3,3d9ec068dc67301b,3d9ec068dc67300f,2,0.0102156093344092,0.9320475260416666,D,visually similar but uncertain,requires human verification,2025_11_21_IMG (49).JPG,Healthy leaf,train,aa95e8faf157d764a178bcba80079757c23bd898d17fe3501e39d0a5531dc5d4,2025_11_21_IMG (50).JPG,Healthy leaf,train,790af6631a2138b2b9a27c162f63e74de9c1d28264bd724ba9ab942408c0109e,False,train,Healthy leaf,True,1.0,,test,val
dataset/train/Healthy leaf/2025_11_21_IMG (5).JPG,dataset/train/Healthy leaf/2025_11_21_IMG (6).JPG,filename_neighbor,False,True,,7,71cb9384cf1cd918,30cbd386cb1ecb18,8,0.0211046021431684,0.962646484375,D,visually similar but uncertain,requires human verification,2025_11_21_IMG (5).JPG,Healthy leaf,train,35b13751c4d31d835c967dbc51d79a6543df7d193c8868bf68275e5e788a6c15,2025_11_21_IMG (6).JPG,Healthy leaf,train,f0a8f86ede02b4b435131ed14c002feae9cb41100b60a9f9e28e7026683e83be,False,train,Healthy leaf,True,1.0,,train,test
dataset/train/Healthy leaf/2025_11_21_IMG (50).JPG,dataset/train/Healthy leaf/2025_11_21_IMG (51).JPG,filename_neighbor,False,True,,4,3d9ec068dc67300f,3d9ec068de63180f,4,0.0185846854001283,0.96728515625,C,probable near duplicate,requires human verification,2025_11_21_IMG (50).JPG,Healthy leaf,train,790af6631a2138b2b9a27c162f63e74de9c1d28264bd724ba9ab942408c0109e,2025_11_21_IMG (51).JPG,Healthy leaf,train,99dbe8d221bfaee2ef2505a1a592240f99d3e60830b945ad37c96338215a3574,False,train,Healthy leaf,True,1.0,,val,test
dataset/train/Healthy leaf/2025_11_21_IMG (53).JPG,dataset/train/Healthy leaf/2025_11_21_IMG (54).JPG,filename_neighbor,False,True,,4,34b9c3e1cdc70c0e,34b983c3c9c71c8e,6,0.0155851067975163,0.941650390625,C,probable near duplicate,requires human verification,2025_11_21_IMG (53).JPG,Healthy leaf,train,298977e6114c68b72a61adb8fccdb3f4cb5728232ed5dca5d7ad1ada1335f066,2025_11_21_IMG (54).JPG,Healthy leaf,train,2577cab08a59bbcfa07150456e4273a3536891da569e706873ff0ffc6228f9fe,False,train,Healthy leaf,True,1.0,,test,val
dataset/train/Healthy leaf/2025_11_21_IMG (56).JPG,dataset/train/Healthy leaf/2025_11_21_IMG (57).JPG,filename_neighbor,False,True,,13,3f1fc2e8cce68046,3d1ec2e99cc5c2c4,12,0.0476294420659542,0.9395345052083334,D,visually similar but uncertain,requires human verification,2025_11_21_IMG (56).JPG,Healthy leaf,train,6cb37018becfea351f86009ebd520b11d2e1f6e1a23f46eeba50044ae404e454,2025_11_21_IMG (57).JPG,Healthy leaf,train,348f03da67618f63df124c92901f190706838e321914060962bf3fa326ce66e0,False,train,Healthy leaf,True,1.0,,train,test
dataset/train/Healthy leaf/2025_11_21_IMG (67).JPG,dataset/val/Healthy leaf/2025_11_21_IMG (66).JPG,audit_near_candidate|filename_neighbor,True,True,0.0,0,3f1fc0e8cc668266,3f1fc0e8cc648267,2,0.0074515547603368,0.9663899739583334,C,probable near duplicate,requires human verification,2025_11_21_IMG (67).JPG,Healthy leaf,train,505cf9190a87c6f84e4e2dadfad3de338e93bdd67dbbec6cbc31ab9043a13ecf,2025_11_21_IMG (66).JPG,Healthy leaf,val,c2e6fadb771a6b99d621b71265d8f0704ab2214e583b503ebd95ae997aff69eb,True,train-val,Healthy leaf,True,1.0,,test,val
dataset/train/Healthy leaf/2025_11_21_IMG (7).JPG,dataset/val/Healthy leaf/2025_11_21_IMG (4).JPG,audit_near_candidate,True,False,5.0,5,71cb9784ce1cda18,71ca878cde1cda18,4,0.025639871135354,0.936767578125,D,visually similar but uncertain,requires human verification,2025_11_21_IMG (7).JPG,Healthy leaf,train,cac0cba280c740d0e9cdcb0889e63319c6eeae2c803d1ed2eb5b4d33691a8673,2025_11_21_IMG (4).JPG,Healthy leaf,val,5a0ea48976a11161ef17bc08f9abc5f38a3444f1034f518cb530cb3d87fe6da4,True,train-val,Healthy leaf,True,3.0,,test,train
dataset/train/Healthy leaf/2025_11_21_IMG (77).JPG,dataset/train/Healthy leaf/2025_11_21_IMG (78).JPG,filename_neighbor,False,True,,5,6ac2953d48634fd8,6ac2953d48634fd8,0,0.0099663631990551,0.9745279947916666,C,probable near duplicate,requires human verification,2025_11_21_IMG (77).JPG,Healthy leaf,train,49b2739d65cab0b52cc2e08d73e0ce1c11f4613f092402f26e7ec869fa0f555d,2025_11_21_IMG (78).JPG,Healthy leaf,train,0b19bd1bdc155f9951e329859505a9cf3cca76f8b4068f8fe94a9d5b534c2672,False,train,Healthy leaf,True,1.0,,train,val
dataset/train/Healthy leaf/2025_11_21_IMG (82).JPG,dataset/train/Healthy leaf/2025_11_21_IMG (83).JPG,filename_neighbor,False,True,,2,7a3d95c0688c8767,7a3d95c0688c2767,2,0.0066288164816796,0.9600423177083334,C,probable near duplicate,requires human verification,2025_11_21_IMG (82).JPG,Healthy leaf,train,d6b99f507636e311b7bbc73ee3bc3cfc0555e5da8b27a06546d44075437ec46f,2025_11_21_IMG (83).JPG,Healthy leaf,train,a899584f44be62d7dc67838681a78b3dd0ef2d2a78b2994208efcbd624511ccc,False,train,Healthy leaf,True,1.0,,train,val
dataset/train/Healthy leaf/2025_11_21_IMG (83).JPG,dataset/train/Healthy leaf/2025_11_21_IMG (84).JPG,filename_neighbor,False,True,,1,7a3d95c0688c2767,7a3d95c0688c2767,0,0.0066907294094562,0.9628092447916666,C,probable near duplicate,requires human verification,2025_11_21_IMG (83).JPG,Healthy leaf,train,a899584f44be62d7dc67838681a78b3dd0ef2d2a78b2994208efcbd624511ccc,2025_11_21_IMG (84).JPG,Healthy leaf,train,ba358ef1937b1c6c814d69db2107e490fafa2a5b430b9406615e97786422c4d1,False,train,Healthy leaf,True,1.0,,val,train
dataset/train/Healthy leaf/2025_11_21_IMG (97).JPG,dataset/train/Healthy leaf/2025_11_21_IMG (98).JPG,filename_neighbor,False,True,,8,32c9c9e60e3932f1,32fbc9460c59326d,12,0.0666076242923736,0.5769856770833334,D,visually similar but uncertain,requires human verification,2025_11_21_IMG (97).JPG,Healthy leaf,train,dfc0197e2c5e8dd6c9d3bba8ef676389eee6957a3779fdc68e536a5ad4598cc8,2025_11_21_IMG (98).JPG,Healthy leaf,train,1132f850ea770e77aee2ad11b00b6bee08b254602c5151d494277f92d80438e3,False,train,Healthy leaf,True,1.0,,train,test
dataset/val/Algal leaf spot/2025_12_21_IMG (160).JPG,dataset/val/Algal leaf spot/2025_12_21_IMG (161).JPG,filename_neighbor,False,True,,11,3d98c249cf651c36,6998864b9e6d3c26,12,0.0456045120954513,0.927978515625,D,visually similar but uncertain,requires human verification,2025_12_21_IMG (160).JPG,Algal leaf spot,val,a52f4269a99024c4dca944769885af06842894c7ed785fe44409851e8f5c42ac,2025_12_21_IMG (161).JPG,Algal leaf spot,val,cfdb85c1e6af3ada0404961c07799b42eddcba4db2a127ea2cccc8a42d3cd38b,False,val,Algal leaf spot,True,1.0,,train,val
dataset/val/Algal leaf spot/2025_12_21_IMG (245).JPG,dataset/val/Algal leaf spot/2025_12_21_IMG (246).JPG,filename_neighbor,False,True,,4,2f69d0a5c916c44f,2b6ad0a5c936c54e,6,0.0450303852558136,0.9529622395833334,D,visually similar but uncertain,requires human verification,2025_12_21_IMG (245).JPG,Algal leaf spot,val,947fb1c4b3b39cebf75ebd9df756cc86e61fa35579cc0fc6f825a794a73ee2dc,2025_12_21_IMG (246).JPG,Algal leaf spot,val,016b882103a1cb094cbadc56ebc3def4d81c4ba4701831fb0151f0b376808185,False,val,Algal leaf spot,True,1.0,,val,test
dataset/val/Citrus canker/2025_12_21_IMG (338).JPG,dataset/val/Citrus canker/2025_12_21_IMG (339).JPG,filename_neighbor,False,True,,12,2a86f5cac00f8b3d,2a86f5d8c04f8b2d,4,0.0449592135846614,0.9449055989583334,D,visually similar but uncertain,requires human verification,2025_12_21_IMG (338).JPG,Citrus canker,val,9b34ff0d5da634e7a570c520ff49fbd6b25efdc5b3ce31f56d197537098d0df5,2025_12_21_IMG (339).JPG,Citrus canker,val,905f336bc71dc8aa97c34102b1ed9baf3a0cc3fc4ce1f1b03961e4d3c451e68b,False,val,Citrus canker,True,1.0,,train,val
dataset/val/Healthy leaf/2025_11_21_IMG (114).JPG,dataset/val/Healthy leaf/2025_11_21_IMG (115).JPG,filename_neighbor,False,True,,2,24b19bc3c9cccccc,24b19ac3c9cccdcc,2,0.0146123738959431,0.9176432291666666,D,visually similar but uncertain,requires human verification,2025_11_21_IMG (114).JPG,Healthy leaf,val,a90d0f7a8b3c87907fef99f5b233b69b0b3ae0fd4c078ee63673654fdc6bf06c,2025_11_21_IMG (115).JPG,Healthy leaf,val,3b81f8a57b8d0e924a2c0f239836efab59ac72ee176b4bbd0167cb6390a973a3,False,val,Healthy leaf,True,1.0,,train,test
dataset/val/Healthy leaf/2025_11_21_IMG (183).JPG,dataset/val/Healthy leaf/2025_11_21_IMG (184).JPG,filename_neighbor,False,True,,3,6a95c06a2550daef,6a95c06a2d50dacf,2,0.0150965079665184,0.9619140625,C,probable near duplicate,requires human verification,2025_11_21_IMG (183).JPG,Healthy leaf,val,55a83ff8267e25ded7377f2bfaa1420078be7a449bc854c6f9588b52f12a8054,2025_11_21_IMG (184).JPG,Healthy leaf,val,ebee33a93c3854023ddbaf15b51f5eef65156c8018af730d2b10e47017983638,False,val,Healthy leaf,True,1.0,,val,train
dataset/val/Healthy leaf/2025_11_21_IMG (245).JPG,dataset/val/Healthy leaf/2025_11_21_IMG (246).JPG,filename_neighbor,False,True,,3,34c4d316cb7acd90,36c4d39ec958cc98,8,0.0133441193029284,0.9473470052083334,D,visually similar but uncertain,requires human verification,2025_11_21_IMG (245).JPG,Healthy leaf,val,6325a2aaa70c3c21bc5466512cd25f38001688b7424baacd7c5f93cb9e3dedca,2025_11_21_IMG (246).JPG,Healthy leaf,val,34d566bdacafda2d418b4f3e1d9d1da46c60281c6321d9ce55784228cfb710ca,False,val,Healthy leaf,True,1.0,,train,test
