filepath,filename,class,split,date_token,image_number
dataset/train/Algal leaf spot/2025_12_21_IMG (1).JPG,2025_12_21_IMG (1).JPG,Algal leaf spot,train,2025-12-21,1
dataset/train/Algal leaf spot/2025_12_21_IMG (10).JPG,2025_12_21_IMG (10).JPG,Algal leaf spot,train,2025-12-21,10
dataset/train/Algal leaf spot/2025_12_21_IMG (100).JPG,2025_12_21_IMG (100).JPG,Algal leaf spot,train,2025-12-21,100
dataset/train/Algal leaf spot/2025_12_21_IMG (102).JPG,2025_12_21_IMG (102).JPG,Algal leaf spot,train,2025-12-21,102
dataset/train/Algal leaf spot/2025_12_21_IMG (103).JPG,2025_12_21_IMG (103).JPG,Algal leaf spot,train,2025-12-21,103
dataset/train/Algal leaf spot/2025_12_21_IMG (104).JPG,2025_12_21_IMG (104).JPG,Algal leaf spot,train,2025-12-21,104
dataset/train/Algal leaf spot/2025_12_21_IMG (105).JPG,2025_12_21_IMG (105).JPG,Algal leaf spot,train,2025-12-21,105
dataset/train/Algal leaf spot/2025_12_21_IMG (106).JPG,2025_12_21_IMG (106).JPG,Algal leaf spot,train,2025-12-21,106
dataset/train/Algal leaf spot/2025_12_21_IMG (107).JPG,2025_12_21_IMG (107).JPG,Algal leaf spot,train,2025-12-21,107
dataset/train/Algal leaf spot/2025_12_21_IMG (108).JPG,2025_12_21_IMG (108).JPG,Algal leaf spot,train,2025-12-21,108
dataset/train/Algal leaf spot/2025_12_21_IMG (109).JPG,2025_12_21_IMG (109).JPG,Algal leaf spot,train,2025-12-21,109
dataset/train/Algal leaf spot/2025_12_21_IMG (114).JPG,2025_12_21_IMG (114).JPG,Algal leaf spot,train,2025-12-21,114
dataset/train/Algal leaf spot/2025_12_21_IMG (116).JPG,2025_12_21_IMG (116).JPG,Algal leaf spot,train,2025-12-21,116
dataset/train/Algal leaf spot/2025_12_21_IMG (117).JPG,2025_12_21_IMG (117).JPG,Algal leaf spot,train,2025-12-21,117
dataset/train/Algal leaf spot/2025_12_21_IMG (118).JPG,2025_12_21_IMG (118).JPG,Algal leaf spot,train,2025-12-21,118
dataset/train/Algal leaf spot/2025_12_21_IMG (120).JPG,2025_12_21_IMG (120).JPG,Algal leaf spot,train,2025-12-21,120
dataset/train/Algal leaf spot/2025_12_21_IMG (121).JPG,2025_12_21_IMG (121).JPG,Algal leaf spot,train,2025-12-21,121
dataset/train/Algal leaf spot/2025_12_21_IMG (122).JPG,2025_12_21_IMG (122).JPG,Algal leaf spot,train,2025-12-21,122
dataset/train/Algal leaf spot/2025_12_21_IMG (123).JPG,2025_12_21_IMG (123).JPG,Algal leaf spot,train,2025-12-21,123
dataset/train/Algal leaf spot/2025_12_21_IMG (124).JPG,2025_12_21_IMG (124).JPG,Algal leaf spot,train,2025-12-21,124
dataset/train/Algal leaf spot/2025_12_21_IMG (125).JPG,2025_12_21_IMG (125).JPG,Algal leaf spot,train,2025-12-21,125
dataset/train/Algal leaf spot/2025_12_21_IMG (126).JPG,2025_12_21_IMG (126).JPG,Algal leaf spot,train,2025-12-21,126
dataset/train/Algal leaf spot/2025_12_21_IMG (127).JPG,2025_12_21_IMG (127).JPG,Algal leaf spot,train,2025-12-21,127
dataset/train/Algal leaf spot/2025_12_21_IMG (128).JPG,2025_12_21_IMG (128).JPG,Algal leaf spot,train,2025-12-21,128
dataset/train/Algal leaf spot/2025_12_21_IMG (129).JPG,2025_12_21_IMG (129).JPG,Algal leaf spot,train,2025-12-21,129
dataset/train/Algal leaf spot/2025_12_21_IMG (13).JPG,2025_12_21_IMG (13).JPG,Algal leaf spot,train,2025-12-21,13
dataset/train/Algal leaf spot/2025_12_21_IMG (131).JPG,2025_12_21_IMG (131).JPG,Algal leaf spot,train,2025-12-21,131
dataset/train/Algal leaf spot/2025_12_21_IMG (132).JPG,2025_12_21_IMG (132).JPG,Algal leaf spot,train,2025-12-21,132
dataset/train/Algal leaf spot/2025_12_21_IMG (133).JPG,2025_12_21_IMG (133).JPG,Algal leaf spot,train,2025-12-21,133
dataset/train/Algal leaf spot/2025_12_21_IMG (134).JPG,2025_12_21_IMG (134).JPG,Algal leaf spot,train,2025-12-21,134
dataset/train/Algal leaf spot/2025_12_21_IMG (137).JPG,2025_12_21_IMG (137).JPG,Algal leaf spot,train,2025-12-21,137
dataset/train/Algal leaf spot/2025_12_21_IMG (14).JPG,2025_12_21_IMG (14).JPG,Algal leaf spot,train,2025-12-21,14
dataset/train/Algal leaf spot/2025_12_21_IMG (140).JPG,2025_12_21_IMG (140).JPG,Algal leaf spot,train,2025-12-21,140
dataset/train/Algal leaf spot/2025_12_21_IMG (142).JPG,2025_12_21_IMG (142).JPG,Algal leaf spot,train,2025-12-21,142
dataset/train/Algal leaf spot/2025_12_21_IMG (144).JPG,2025_12_21_IMG (144).JPG,Algal leaf spot,train,2025-12-21,144
dataset/train/Algal leaf spot/2025_12_21_IMG (148).JPG,2025_12_21_IMG (148).JPG,Algal leaf spot,train,2025-12-21,148
dataset/train/Algal leaf spot/2025_12_21_IMG (149).JPG,2025_12_21_IMG (149).JPG,Algal leaf spot,train,2025-12-21,149
dataset/train/Algal leaf spot/2025_12_21_IMG (152).JPG,2025_12_21_IMG (152).JPG,Algal leaf spot,train,2025-12-21,152
dataset/train/Algal leaf spot/2025_12_21_IMG (153).JPG,2025_12_21_IMG (153).JPG,Algal leaf spot,train,2025-12-21,153
dataset/train/Algal leaf spot/2025_12_21_IMG (154).JPG,2025_12_21_IMG (154).JPG,Algal leaf spot,train,2025-12-21,154
dataset/train/Algal leaf spot/2025_12_21_IMG (157).JPG,2025_12_21_IMG (157).JPG,Algal leaf spot,train,2025-12-21,157
dataset/train/Algal leaf spot/2025_12_21_IMG (158).JPG,2025_12_21_IMG (158).JPG,Algal leaf spot,train,2025-12-21,158
dataset/train/Algal leaf spot/2025_12_21_IMG (159).JPG,2025_12_21_IMG (159).JPG,Algal leaf spot,train,2025-12-21,159
dataset/train/Algal leaf spot/2025_12_21_IMG (16).JPG,2025_12_21_IMG (16).JPG,Algal leaf spot,train,2025-12-21,16
dataset/train/Algal leaf spot/2025_12_21_IMG (162).JPG,2025_12_21_IMG (162).JPG,Algal leaf spot,train,2025-12-21,162
dataset/train/Algal leaf spot/2025_12_21_IMG (164).JPG,2025_12_21_IMG (164).JPG,Algal leaf spot,train,2025-12-21,164
dataset/train/Algal leaf spot/2025_12_21_IMG (165).JPG,2025_12_21_IMG (165).JPG,Algal leaf spot,train,2025-12-21,165
dataset/train/Algal leaf spot/2025_12_21_IMG (166).JPG,2025_12_21_IMG (166).JPG,Algal leaf spot,train,2025-12-21,166
dataset/train/Algal leaf spot/2025_12_21_IMG (167).JPG,2025_12_21_IMG (167).JPG,Algal leaf spot,train,2025-12-21,167
dataset/train/Algal leaf spot/2025_12_21_IMG (168).JPG,2025_12_21_IMG (168).JPG,Algal leaf spot,train,2025-12-21,168
dataset/train/Algal leaf spot/2025_12_21_IMG (169).JPG,2025_12_21_IMG (169).JPG,Algal leaf spot,train,2025-12-21,169
dataset/train/Algal leaf spot/2025_12_21_IMG (17).JPG,2025_12_21_IMG (17).JPG,Algal leaf spot,train,2025-12-21,17
dataset/train/Algal leaf spot/2025_12_21_IMG (171).JPG,2025_12_21_IMG (171).JPG,Algal leaf spot,train,2025-12-21,171
dataset/train/Algal leaf spot/2025_12_21_IMG (173).JPG,2025_12_21_IMG (173).JPG,Algal leaf spot,train,2025-12-21,173
dataset/train/Algal leaf spot/2025_12_21_IMG (175).JPG,2025_12_21_IMG (175).JPG,Algal leaf spot,train,2025-12-21,175
dataset/train/Algal leaf spot/2025_12_21_IMG (176).JPG,2025_12_21_IMG (176).JPG,Algal leaf spot,train,2025-12-21,176
dataset/train/Algal leaf spot/2025_12_21_IMG (177).JPG,2025_12_21_IMG (177).JPG,Algal leaf spot,train,2025-12-21,177
dataset/train/Algal leaf spot/2025_12_21_IMG (178).JPG,2025_12_21_IMG (178).JPG,Algal leaf spot,train,2025-12-21,178
dataset/train/Algal leaf spot/2025_12_21_IMG (179).JPG,2025_12_21_IMG (179).JPG,Algal leaf spot,train,2025-12-21,179
dataset/train/Algal leaf spot/2025_12_21_IMG (18).JPG,2025_12_21_IMG (18).JPG,Algal leaf spot,train,2025-12-21,18
dataset/train/Algal leaf spot/2025_12_21_IMG (181).JPG,2025_12_21_IMG (181).JPG,Algal leaf spot,train,2025-12-21,181
dataset/train/Algal leaf spot/2025_12_21_IMG (182).JPG,2025_12_21_IMG (182).JPG,Algal leaf spot,train,2025-12-21,182
dataset/train/Algal leaf spot/2025_12_21_IMG (185).JPG,2025_12_21_IMG (185).JPG,Algal leaf spot,train,2025-12-21,185
dataset/train/Algal leaf spot/2025_12_21_IMG (186).JPG,2025_12_21_IMG (186).JPG,Algal leaf spot,train,2025-12-21,186
dataset/train/Algal leaf spot/2025_12_21_IMG (189).JPG,2025_12_21_IMG (189).JPG,Algal leaf spot,train,2025-12-21,189
dataset/train/Algal leaf spot/2025_12_21_IMG (19).JPG,2025_12_21_IMG (19).JPG,Algal leaf spot,train,2025-12-21,19
dataset/train/Algal leaf spot/2025_12_21_IMG (191).JPG,2025_12_21_IMG (191).JPG,Algal leaf spot,train,2025-12-21,191
dataset/train/Algal leaf spot/2025_12_21_IMG (192).JPG,2025_12_21_IMG (192).JPG,Algal leaf spot,train,2025-12-21,192
dataset/train/Algal leaf spot/2025_12_21_IMG (193).JPG,2025_12_21_IMG (193).JPG,Algal leaf spot,train,2025-12-21,193
dataset/train/Algal leaf spot/2025_12_21_IMG (194).JPG,2025_12_21_IMG (194).JPG,Algal leaf spot,train,2025-12-21,194
dataset/train/Algal leaf spot/2025_12_21_IMG (195).JPG,2025_12_21_IMG (195).JPG,Algal leaf spot,train,2025-12-21,195
dataset/train/Algal leaf spot/2025_12_21_IMG (196).JPG,2025_12_21_IMG (196).JPG,Algal leaf spot,train,2025-12-21,196
dataset/train/Algal leaf spot/2025_12_21_IMG (197).JPG,2025_12_21_IMG (197).JPG,Algal leaf spot,train,2025-12-21,197
dataset/train/Algal leaf spot/2025_12_21_IMG (198).JPG,2025_12_21_IMG (198).JPG,Algal leaf spot,train,2025-12-21,198
dataset/train/Algal leaf spot/2025_12_21_IMG (200).JPG,2025_12_21_IMG (200).JPG,Algal leaf spot,train,2025-12-21,200
dataset/train/Algal leaf spot/2025_12_21_IMG (202).JPG,2025_12_21_IMG (202).JPG,Algal leaf spot,train,2025-12-21,202
dataset/train/Algal leaf spot/2025_12_21_IMG (204).JPG,2025_12_21_IMG (204).JPG,Algal leaf spot,train,2025-12-21,204
dataset/train/Algal leaf spot/2025_12_21_IMG (207).JPG,2025_12_21_IMG (207).JPG,Algal leaf spot,train,2025-12-21,207
dataset/train/Algal leaf spot/2025_12_21_IMG (208).JPG,2025_12_21_IMG (208).JPG,Algal leaf spot,train,2025-12-21,208
dataset/train/Algal leaf spot/2025_12_21_IMG (209).JPG,2025_12_21_IMG (209).JPG,Algal leaf spot,train,2025-12-21,209
dataset/train/Algal leaf spot/2025_12_21_IMG (21).JPG,2025_12_21_IMG (21).JPG,Algal leaf spot,train,2025-12-21,21
dataset/train/Algal leaf spot/2025_12_21_IMG (210).JPG,2025_12_21_IMG (210).JPG,Algal leaf spot,train,2025-12-21,210
dataset/train/Algal leaf spot/2025_12_21_IMG (212).JPG,2025_12_21_IMG (212).JPG,Algal leaf spot,train,2025-12-21,212
dataset/train/Algal leaf spot/2025_12_21_IMG (213).JPG,2025_12_21_IMG (213).JPG,Algal leaf spot,train,2025-12-21,213
dataset/train/Algal leaf spot/2025_12_21_IMG (214).JPG,2025_12_21_IMG (214).JPG,Algal leaf spot,train,2025-12-21,214
dataset/train/Algal leaf spot/2025_12_21_IMG (215).JPG,2025_12_21_IMG (215).JPG,Algal leaf spot,train,2025-12-21,215
dataset/train/Algal leaf spot/2025_12_21_IMG (216).JPG,2025_12_21_IMG (216).JPG,Algal leaf spot,train,2025-12-21,216
dataset/train/Algal leaf spot/2025_12_21_IMG (217).JPG,2025_12_21_IMG (217).JPG,Algal leaf spot,train,2025-12-21,217
dataset/train/Algal leaf spot/2025_12_21_IMG (218).JPG,2025_12_21_IMG (218).JPG,Algal leaf spot,train,2025-12-21,218
dataset/train/Algal leaf spot/2025_12_21_IMG (219).JPG,2025_12_21_IMG (219).JPG,Algal leaf spot,train,2025-12-21,219
dataset/train/Algal leaf spot/2025_12_21_IMG (22).JPG,2025_12_21_IMG (22).JPG,Algal leaf spot,train,2025-12-21,22
dataset/train/Algal leaf spot/2025_12_21_IMG (222).JPG,2025_12_21_IMG (222).JPG,Algal leaf spot,train,2025-12-21,222
dataset/train/Algal leaf spot/2025_12_21_IMG (223).JPG,2025_12_21_IMG (223).JPG,Algal leaf spot,train,2025-12-21,223
dataset/train/Algal leaf spot/2025_12_21_IMG (224).JPG,2025_12_21_IMG (224).JPG,Algal leaf spot,train,2025-12-21,224
dataset/train/Algal leaf spot/2025_12_21_IMG (226).JPG,2025_12_21_IMG (226).JPG,Algal leaf spot,train,2025-12-21,226
dataset/train/Algal leaf spot/2025_12_21_IMG (228).JPG,2025_12_21_IMG (228).JPG,Algal leaf spot,train,2025-12-21,228
dataset/train/Algal leaf spot/2025_12_21_IMG (229).JPG,2025_12_21_IMG (229).JPG,Algal leaf spot,train,2025-12-21,229
dataset/train/Algal leaf spot/2025_12_21_IMG (23).JPG,2025_12_21_IMG (23).JPG,Algal leaf spot,train,2025-12-21,23
dataset/train/Algal leaf spot/2025_12_21_IMG (230).JPG,2025_12_21_IMG (230).JPG,Algal leaf spot,train,2025-12-21,230
dataset/train/Algal leaf spot/2025_12_21_IMG (231).JPG,2025_12_21_IMG (231).JPG,Algal leaf spot,train,2025-12-21,231
dataset/train/Algal leaf spot/2025_12_21_IMG (233).JPG,2025_12_21_IMG (233).JPG,Algal leaf spot,train,2025-12-21,233
dataset/train/Algal leaf spot/2025_12_21_IMG (235).JPG,2025_12_21_IMG (235).JPG,Algal leaf spot,train,2025-12-21,235
dataset/train/Algal leaf spot/2025_12_21_IMG (236).JPG,2025_12_21_IMG (236).JPG,Algal leaf spot,train,2025-12-21,236
dataset/train/Algal leaf spot/2025_12_21_IMG (237).JPG,2025_12_21_IMG (237).JPG,Algal leaf spot,train,2025-12-21,237
dataset/train/Algal leaf spot/2025_12_21_IMG (238).JPG,2025_12_21_IMG (238).JPG,Algal leaf spot,train,2025-12-21,238
dataset/train/Algal leaf spot/2025_12_21_IMG (24).JPG,2025_12_21_IMG (24).JPG,Algal leaf spot,train,2025-12-21,24
dataset/train/Algal leaf spot/2025_12_21_IMG (240).JPG,2025_12_21_IMG (240).JPG,Algal leaf spot,train,2025-12-21,240
dataset/train/Algal leaf spot/2025_12_21_IMG (241).JPG,2025_12_21_IMG (241).JPG,Algal leaf spot,train,2025-12-21,241
dataset/train/Algal leaf spot/2025_12_21_IMG (242).JPG,2025_12_21_IMG (242).JPG,Algal leaf spot,train,2025-12-21,242
dataset/train/Algal leaf spot/2025_12_21_IMG (243).JPG,2025_12_21_IMG (243).JPG,Algal leaf spot,train,2025-12-21,243
dataset/train/Algal leaf spot/2025_12_21_IMG (244).JPG,2025_12_21_IMG (244).JPG,Algal leaf spot,train,2025-12-21,244
dataset/train/Algal leaf spot/2025_12_21_IMG (247).JPG,2025_12_21_IMG (247).JPG,Algal leaf spot,train,2025-12-21,247
dataset/train/Algal leaf spot/2025_12_21_IMG (249).JPG,2025_12_21_IMG (249).JPG,Algal leaf spot,train,2025-12-21,249
dataset/train/Algal leaf spot/2025_12_21_IMG (25).JPG,2025_12_21_IMG (25).JPG,Algal leaf spot,train,2025-12-21,25
dataset/train/Algal leaf spot/2025_12_21_IMG (250).JPG,2025_12_21_IMG (250).JPG,Algal leaf spot,train,2025-12-21,250
dataset/train/Algal leaf spot/2025_12_21_IMG (251).JPG,2025_12_21_IMG (251).JPG,Algal leaf spot,train,2025-12-21,251
dataset/train/Algal leaf spot/2025_12_21_IMG (252).JPG,2025_12_21_IMG (252).JPG,Algal leaf spot,train,2025-12-21,252
dataset/train/Algal leaf spot/2025_12_21_IMG (255).JPG,2025_12_21_IMG (255).JPG,Algal leaf spot,train,2025-12-21,255
dataset/train/Algal leaf spot/2025_12_21_IMG (259).JPG,2025_12_21_IMG (259).JPG,Algal leaf spot,train,2025-12-21,259
dataset/train/Algal leaf spot/2025_12_21_IMG (26).JPG,2025_12_21_IMG (26).JPG,Algal leaf spot,train,2025-12-21,26
dataset/train/Algal leaf spot/2025_12_21_IMG (261).JPG,2025_12_21_IMG (261).JPG,Algal leaf spot,train,2025-12-21,261
dataset/train/Algal leaf spot/2025_12_21_IMG (262).JPG,2025_12_21_IMG (262).JPG,Algal leaf spot,train,2025-12-21,262
dataset/train/Algal leaf spot/2025_12_21_IMG (263).JPG,2025_12_21_IMG (263).JPG,Algal leaf spot,train,2025-12-21,263
dataset/train/Algal leaf spot/2025_12_21_IMG (265).JPG,2025_12_21_IMG (265).JPG,Algal leaf spot,train,2025-12-21,265
dataset/train/Algal leaf spot/2025_12_21_IMG (268).JPG,2025_12_21_IMG (268).JPG,Algal leaf spot,train,2025-12-21,268
dataset/train/Algal leaf spot/2025_12_21_IMG (269).JPG,2025_12_21_IMG (269).JPG,Algal leaf spot,train,2025-12-21,269
dataset/train/Algal leaf spot/2025_12_21_IMG (27).JPG,2025_12_21_IMG (27).JPG,Algal leaf spot,train,2025-12-21,27
dataset/train/Algal leaf spot/2025_12_21_IMG (270).JPG,2025_12_21_IMG (270).JPG,Algal leaf spot,train,2025-12-21,270
dataset/train/Algal leaf spot/2025_12_21_IMG (271).JPG,2025_12_21_IMG (271).JPG,Algal leaf spot,train,2025-12-21,271
dataset/train/Algal leaf spot/2025_12_21_IMG (272).JPG,2025_12_21_IMG (272).JPG,Algal leaf spot,train,2025-12-21,272
dataset/train/Algal leaf spot/2025_12_21_IMG (275).JPG,2025_12_21_IMG (275).JPG,Algal leaf spot,train,2025-12-21,275
dataset/train/Algal leaf spot/2025_12_21_IMG (277).JPG,2025_12_21_IMG (277).JPG,Algal leaf spot,train,2025-12-21,277
dataset/train/Algal leaf spot/2025_12_21_IMG (279).JPG,2025_12_21_IMG (279).JPG,Algal leaf spot,train,2025-12-21,279
dataset/train/Algal leaf spot/2025_12_21_IMG (28).JPG,2025_12_21_IMG (28).JPG,Algal leaf spot,train,2025-12-21,28
dataset/train/Algal leaf spot/2025_12_21_IMG (280).JPG,2025_12_21_IMG (280).JPG,Algal leaf spot,train,2025-12-21,280
dataset/train/Algal leaf spot/2025_12_21_IMG (281).JPG,2025_12_21_IMG (281).JPG,Algal leaf spot,train,2025-12-21,281
dataset/train/Algal leaf spot/2025_12_21_IMG (282).JPG,2025_12_21_IMG (282).JPG,Algal leaf spot,train,2025-12-21,282
dataset/train/Algal leaf spot/2025_12_21_IMG (283).JPG,2025_12_21_IMG (283).JPG,Algal leaf spot,train,2025-12-21,283
dataset/train/Algal leaf spot/2025_12_21_IMG (284).JPG,2025_12_21_IMG (284).JPG,Algal leaf spot,train,2025-12-21,284
dataset/train/Algal leaf spot/2025_12_21_IMG (285).JPG,2025_12_21_IMG (285).JPG,Algal leaf spot,train,2025-12-21,285
dataset/train/Algal leaf spot/2025_12_21_IMG (286).JPG,2025_12_21_IMG (286).JPG,Algal leaf spot,train,2025-12-21,286
dataset/train/Algal leaf spot/2025_12_21_IMG (287).JPG,2025_12_21_IMG (287).JPG,Algal leaf spot,train,2025-12-21,287
dataset/train/Algal leaf spot/2025_12_21_IMG (288).JPG,2025_12_21_IMG (288).JPG,Algal leaf spot,train,2025-12-21,288
dataset/train/Algal leaf spot/2025_12_21_IMG (29).JPG,2025_12_21_IMG (29).JPG,Algal leaf spot,train,2025-12-21,29
dataset/train/Algal leaf spot/2025_12_21_IMG (290).JPG,2025_12_21_IMG (290).JPG,Algal leaf spot,train,2025-12-21,290
dataset/train/Algal leaf spot/2025_12_21_IMG (295).JPG,2025_12_21_IMG (295).JPG,Algal leaf spot,train,2025-12-21,295
dataset/train/Algal leaf spot/2025_12_21_IMG (296).JPG,2025_12_21_IMG (296).JPG,Algal leaf spot,train,2025-12-21,296
dataset/train/Algal leaf spot/2025_12_21_IMG (297).JPG,2025_12_21_IMG (297).JPG,Algal leaf spot,train,2025-12-21,297
dataset/train/Algal leaf spot/2025_12_21_IMG (298).JPG,2025_12_21_IMG (298).JPG,Algal leaf spot,train,2025-12-21,298
dataset/train/Algal leaf spot/2025_12_21_IMG (299).JPG,2025_12_21_IMG (299).JPG,Algal leaf spot,train,2025-12-21,299
dataset/train/Algal leaf spot/2025_12_21_IMG (3).JPG,2025_12_21_IMG (3).JPG,Algal leaf spot,train,2025-12-21,3
dataset/train/Algal leaf spot/2025_12_21_IMG (30).JPG,2025_12_21_IMG (30).JPG,Algal leaf spot,train,2025-12-21,30
dataset/train/Algal leaf spot/2025_12_21_IMG (300).JPG,2025_12_21_IMG (300).JPG,Algal leaf spot,train,2025-12-21,300
dataset/train/Algal leaf spot/2025_12_21_IMG (301).JPG,2025_12_21_IMG (301).JPG,Algal leaf spot,train,2025-12-21,301
dataset/train/Algal leaf spot/2025_12_21_IMG (302).JPG,2025_12_21_IMG (302).JPG,Algal leaf spot,train,2025-12-21,302
dataset/train/Algal leaf spot/2025_12_21_IMG (303).JPG,2025_12_21_IMG (303).JPG,Algal leaf spot,train,2025-12-21,303
dataset/train/Algal leaf spot/2025_12_21_IMG (304).JPG,2025_12_21_IMG (304).JPG,Algal leaf spot,train,2025-12-21,304
dataset/train/Algal leaf spot/2025_12_21_IMG (306).JPG,2025_12_21_IMG (306).JPG,Algal leaf spot,train,2025-12-21,306
dataset/train/Algal leaf spot/2025_12_21_IMG (307).JPG,2025_12_21_IMG (307).JPG,Algal leaf spot,train,2025-12-21,307
dataset/train/Algal leaf spot/2025_12_21_IMG (308).JPG,2025_12_21_IMG (308).JPG,Algal leaf spot,train,2025-12-21,308
dataset/train/Algal leaf spot/2025_12_21_IMG (309).JPG,2025_12_21_IMG (309).JPG,Algal leaf spot,train,2025-12-21,309
dataset/train/Algal leaf spot/2025_12_21_IMG (31).JPG,2025_12_21_IMG (31).JPG,Algal leaf spot,train,2025-12-21,31
dataset/train/Algal leaf spot/2025_12_21_IMG (32).JPG,2025_12_21_IMG (32).JPG,Algal leaf spot,train,2025-12-21,32
dataset/train/Algal leaf spot/2025_12_21_IMG (33).JPG,2025_12_21_IMG (33).JPG,Algal leaf spot,train,2025-12-21,33
dataset/train/Algal leaf spot/2025_12_21_IMG (34).JPG,2025_12_21_IMG (34).JPG,Algal leaf spot,train,2025-12-21,34
dataset/train/Algal leaf spot/2025_12_21_IMG (36).JPG,2025_12_21_IMG (36).JPG,Algal leaf spot,train,2025-12-21,36
dataset/train/Algal leaf spot/2025_12_21_IMG (37).JPG,2025_12_21_IMG (37).JPG,Algal leaf spot,train,2025-12-21,37
dataset/train/Algal leaf spot/2025_12_21_IMG (38).JPG,2025_12_21_IMG (38).JPG,Algal leaf spot,train,2025-12-21,38
dataset/train/Algal leaf spot/2025_12_21_IMG (39).JPG,2025_12_21_IMG (39).JPG,Algal leaf spot,train,2025-12-21,39
dataset/train/Algal leaf spot/2025_12_21_IMG (4).JPG,2025_12_21_IMG (4).JPG,Algal leaf spot,train,2025-12-21,4
dataset/train/Algal leaf spot/2025_12_21_IMG (40).JPG,2025_12_21_IMG (40).JPG,Algal leaf spot,train,2025-12-21,40
dataset/train/Algal leaf spot/2025_12_21_IMG (41).JPG,2025_12_21_IMG (41).JPG,Algal leaf spot,train,2025-12-21,41
dataset/train/Algal leaf spot/2025_12_21_IMG (42).JPG,2025_12_21_IMG (42).JPG,Algal leaf spot,train,2025-12-21,42
dataset/train/Algal leaf spot/2025_12_21_IMG (43).JPG,2025_12_21_IMG (43).JPG,Algal leaf spot,train,2025-12-21,43
dataset/train/Algal leaf spot/2025_12_21_IMG (45).JPG,2025_12_21_IMG (45).JPG,Algal leaf spot,train,2025-12-21,45
dataset/train/Algal leaf spot/2025_12_21_IMG (46).JPG,2025_12_21_IMG (46).JPG,Algal leaf spot,train,2025-12-21,46
dataset/train/Algal leaf spot/2025_12_21_IMG (48).JPG,2025_12_21_IMG (48).JPG,Algal leaf spot,train,2025-12-21,48
dataset/train/Algal leaf spot/2025_12_21_IMG (49).JPG,2025_12_21_IMG (49).JPG,Algal leaf spot,train,2025-12-21,49
dataset/train/Algal leaf spot/2025_12_21_IMG (5).JPG,2025_12_21_IMG (5).JPG,Algal leaf spot,train,2025-12-21,5
dataset/train/Algal leaf spot/2025_12_21_IMG (50).JPG,2025_12_21_IMG (50).JPG,Algal leaf spot,train,2025-12-21,50
dataset/train/Algal leaf spot/2025_12_21_IMG (51).JPG,2025_12_21_IMG (51).JPG,Algal leaf spot,train,2025-12-21,51
dataset/train/Algal leaf spot/2025_12_21_IMG (53).JPG,2025_12_21_IMG (53).JPG,Algal leaf spot,train,2025-12-21,53
dataset/train/Algal leaf spot/2025_12_21_IMG (55).JPG,2025_12_21_IMG (55).JPG,Algal leaf spot,train,2025-12-21,55
dataset/train/Algal leaf spot/2025_12_21_IMG (56).JPG,2025_12_21_IMG (56).JPG,Algal leaf spot,train,2025-12-21,56
dataset/train/Algal leaf spot/2025_12_21_IMG (57).JPG,2025_12_21_IMG (57).JPG,Algal leaf spot,train,2025-12-21,57
dataset/train/Algal leaf spot/2025_12_21_IMG (58).JPG,2025_12_21_IMG (58).JPG,Algal leaf spot,train,2025-12-21,58
dataset/train/Algal leaf spot/2025_12_21_IMG (59).JPG,2025_12_21_IMG (59).JPG,Algal leaf spot,train,2025-12-21,59
dataset/train/Algal leaf spot/2025_12_21_IMG (60).JPG,2025_12_21_IMG (60).JPG,Algal leaf spot,train,2025-12-21,60
dataset/train/Algal leaf spot/2025_12_21_IMG (61).JPG,2025_12_21_IMG (61).JPG,Algal leaf spot,train,2025-12-21,61
dataset/train/Algal leaf spot/2025_12_21_IMG (62).JPG,2025_12_21_IMG (62).JPG,Algal leaf spot,train,2025-12-21,62
dataset/train/Algal leaf spot/2025_12_21_IMG (63).JPG,2025_12_21_IMG (63).JPG,Algal leaf spot,train,2025-12-21,63
dataset/train/Algal leaf spot/2025_12_21_IMG (64).JPG,2025_12_21_IMG (64).JPG,Algal leaf spot,train,2025-12-21,64
dataset/train/Algal leaf spot/2025_12_21_IMG (66).JPG,2025_12_21_IMG (66).JPG,Algal leaf spot,train,2025-12-21,66
dataset/train/Algal leaf spot/2025_12_21_IMG (67).JPG,2025_12_21_IMG (67).JPG,Algal leaf spot,train,2025-12-21,67
dataset/train/Algal leaf spot/2025_12_21_IMG (69).JPG,2025_12_21_IMG (69).JPG,Algal leaf spot,train,2025-12-21,69
dataset/train/Algal leaf spot/2025_12_21_IMG (7).JPG,2025_12_21_IMG (7).JPG,Algal leaf spot,train,2025-12-21,7
dataset/train/Algal leaf spot/2025_12_21_IMG (70).JPG,2025_12_21_IMG (70).JPG,Algal leaf spot,train,2025-12-21,70
dataset/train/Algal leaf spot/2025_12_21_IMG (72).JPG,2025_12_21_IMG (72).JPG,Algal leaf spot,train,2025-12-21,72
dataset/train/Algal leaf spot/2025_12_21_IMG (75).JPG,2025_12_21_IMG (75).JPG,Algal leaf spot,train,2025-12-21,75
dataset/train/Algal leaf spot/2025_12_21_IMG (76).JPG,2025_12_21_IMG (76).JPG,Algal leaf spot,train,2025-12-21,76
dataset/train/Algal leaf spot/2025_12_21_IMG (77).JPG,2025_12_21_IMG (77).JPG,Algal leaf spot,train,2025-12-21,77
dataset/train/Algal leaf spot/2025_12_21_IMG (8).JPG,2025_12_21_IMG (8).JPG,Algal leaf spot,train,2025-12-21,8
dataset/train/Algal leaf spot/2025_12_21_IMG (80).JPG,2025_12_21_IMG (80).JPG,Algal leaf spot,train,2025-12-21,80
dataset/train/Algal leaf spot/2025_12_21_IMG (81).JPG,2025_12_21_IMG (81).JPG,Algal leaf spot,train,2025-12-21,81
dataset/train/Algal leaf spot/2025_12_21_IMG (82).JPG,2025_12_21_IMG (82).JPG,Algal leaf spot,train,2025-12-21,82
dataset/train/Algal leaf spot/2025_12_21_IMG (83).JPG,2025_12_21_IMG (83).JPG,Algal leaf spot,train,2025-12-21,83
dataset/train/Algal leaf spot/2025_12_21_IMG (84).JPG,2025_12_21_IMG (84).JPG,Algal leaf spot,train,2025-12-21,84
dataset/train/Algal leaf spot/2025_12_21_IMG (85).JPG,2025_12_21_IMG (85).JPG,Algal leaf spot,train,2025-12-21,85
dataset/train/Algal leaf spot/2025_12_21_IMG (87).JPG,2025_12_21_IMG (87).JPG,Algal leaf spot,train,2025-12-21,87
dataset/train/Algal leaf spot/2025_12_21_IMG (89).JPG,2025_12_21_IMG (89).JPG,Algal leaf spot,train,2025-12-21,89
dataset/train/Algal leaf spot/2025_12_21_IMG (9).JPG,2025_12_21_IMG (9).JPG,Algal leaf spot,train,2025-12-21,9
dataset/train/Algal leaf spot/2025_12_21_IMG (91).JPG,2025_12_21_IMG (91).JPG,Algal leaf spot,train,2025-12-21,91
dataset/train/Algal leaf spot/2025_12_21_IMG (95).JPG,2025_12_21_IMG (95).JPG,Algal leaf spot,train,2025-12-21,95
dataset/train/Algal leaf spot/2025_12_21_IMG (96).JPG,2025_12_21_IMG (96).JPG,Algal leaf spot,train,2025-12-21,96
dataset/train/Algal leaf spot/2025_12_21_IMG (97).JPG,2025_12_21_IMG (97).JPG,Algal leaf spot,train,2025-12-21,97
dataset/train/Algal leaf spot/2025_12_21_IMG (98).JPG,2025_12_21_IMG (98).JPG,Algal leaf spot,train,2025-12-21,98
dataset/train/Algal leaf spot/2025_12_21_IMG (99).JPG,2025_12_21_IMG (99).JPG,Algal leaf spot,train,2025-12-21,99
dataset/train/Black spot/2025_12_20_IMG (1).JPG,2025_12_20_IMG (1).JPG,Black spot,train,2025-12-20,1
dataset/train/Black spot/2025_12_20_IMG (10).JPG,2025_12_20_IMG (10).JPG,Black spot,train,2025-12-20,10
dataset/train/Black spot/2025_12_20_IMG (100).JPG,2025_12_20_IMG (100).JPG,Black spot,train,2025-12-20,100
dataset/train/Black spot/2025_12_20_IMG (102).JPG,2025_12_20_IMG (102).JPG,Black spot,train,2025-12-20,102
dataset/train/Black spot/2025_12_20_IMG (103).JPG,2025_12_20_IMG (103).JPG,Black spot,train,2025-12-20,103
dataset/train/Black spot/2025_12_20_IMG (104).JPG,2025_12_20_IMG (104).JPG,Black spot,train,2025-12-20,104
dataset/train/Black spot/2025_12_20_IMG (105).JPG,2025_12_20_IMG (105).JPG,Black spot,train,2025-12-20,105
dataset/train/Black spot/2025_12_20_IMG (107).JPG,2025_12_20_IMG (107).JPG,Black spot,train,2025-12-20,107
dataset/train/Black spot/2025_12_20_IMG (108).JPG,2025_12_20_IMG (108).JPG,Black spot,train,2025-12-20,108
dataset/train/Black spot/2025_12_20_IMG (109).JPG,2025_12_20_IMG (109).JPG,Black spot,train,2025-12-20,109
dataset/train/Black spot/2025_12_20_IMG (114).JPG,2025_12_20_IMG (114).JPG,Black spot,train,2025-12-20,114
dataset/train/Black spot/2025_12_20_IMG (115).JPG,2025_12_20_IMG (115).JPG,Black spot,train,2025-12-20,115
dataset/train/Black spot/2025_12_20_IMG (116).JPG,2025_12_20_IMG (116).JPG,Black spot,train,2025-12-20,116
dataset/train/Black spot/2025_12_20_IMG (117).JPG,2025_12_20_IMG (117).JPG,Black spot,train,2025-12-20,117
dataset/train/Black spot/2025_12_20_IMG (118).JPG,2025_12_20_IMG (118).JPG,Black spot,train,2025-12-20,118
dataset/train/Black spot/2025_12_20_IMG (120).JPG,2025_12_20_IMG (120).JPG,Black spot,train,2025-12-20,120
dataset/train/Black spot/2025_12_20_IMG (121).JPG,2025_12_20_IMG (121).JPG,Black spot,train,2025-12-20,121
dataset/train/Black spot/2025_12_20_IMG (122).JPG,2025_12_20_IMG (122).JPG,Black spot,train,2025-12-20,122
dataset/train/Black spot/2025_12_20_IMG (123).JPG,2025_12_20_IMG (123).JPG,Black spot,train,2025-12-20,123
dataset/train/Black spot/2025_12_20_IMG (124).JPG,2025_12_20_IMG (124).JPG,Black spot,train,2025-12-20,124
dataset/train/Black spot/2025_12_20_IMG (125).JPG,2025_12_20_IMG (125).JPG,Black spot,train,2025-12-20,125
dataset/train/Black spot/2025_12_20_IMG (126).JPG,2025_12_20_IMG (126).JPG,Black spot,train,2025-12-20,126
dataset/train/Black spot/2025_12_20_IMG (127).JPG,2025_12_20_IMG (127).JPG,Black spot,train,2025-12-20,127
dataset/train/Black spot/2025_12_20_IMG (128).JPG,2025_12_20_IMG (128).JPG,Black spot,train,2025-12-20,128
dataset/train/Black spot/2025_12_20_IMG (129).JPG,2025_12_20_IMG (129).JPG,Black spot,train,2025-12-20,129
dataset/train/Black spot/2025_12_20_IMG (13).JPG,2025_12_20_IMG (13).JPG,Black spot,train,2025-12-20,13
dataset/train/Black spot/2025_12_20_IMG (132).JPG,2025_12_20_IMG (132).JPG,Black spot,train,2025-12-20,132
dataset/train/Black spot/2025_12_20_IMG (133).JPG,2025_12_20_IMG (133).JPG,Black spot,train,2025-12-20,133
dataset/train/Black spot/2025_12_20_IMG (134).JPG,2025_12_20_IMG (134).JPG,Black spot,train,2025-12-20,134
dataset/train/Black spot/2025_12_20_IMG (136).JPG,2025_12_20_IMG (136).JPG,Black spot,train,2025-12-20,136
dataset/train/Black spot/2025_12_20_IMG (137).JPG,2025_12_20_IMG (137).JPG,Black spot,train,2025-12-20,137
dataset/train/Black spot/2025_12_20_IMG (138).JPG,2025_12_20_IMG (138).JPG,Black spot,train,2025-12-20,138
dataset/train/Black spot/2025_12_20_IMG (14).JPG,2025_12_20_IMG (14).JPG,Black spot,train,2025-12-20,14
dataset/train/Black spot/2025_12_20_IMG (140).JPG,2025_12_20_IMG (140).JPG,Black spot,train,2025-12-20,140
dataset/train/Black spot/2025_12_20_IMG (142).JPG,2025_12_20_IMG (142).JPG,Black spot,train,2025-12-20,142
dataset/train/Black spot/2025_12_20_IMG (144).JPG,2025_12_20_IMG (144).JPG,Black spot,train,2025-12-20,144
dataset/train/Black spot/2025_12_20_IMG (147).JPG,2025_12_20_IMG (147).JPG,Black spot,train,2025-12-20,147
dataset/train/Black spot/2025_12_20_IMG (149).JPG,2025_12_20_IMG (149).JPG,Black spot,train,2025-12-20,149
dataset/train/Black spot/2025_12_20_IMG (152).JPG,2025_12_20_IMG (152).JPG,Black spot,train,2025-12-20,152
dataset/train/Black spot/2025_12_20_IMG (153).JPG,2025_12_20_IMG (153).JPG,Black spot,train,2025-12-20,153
dataset/train/Black spot/2025_12_20_IMG (154).JPG,2025_12_20_IMG (154).JPG,Black spot,train,2025-12-20,154
dataset/train/Black spot/2025_12_20_IMG (155).JPG,2025_12_20_IMG (155).JPG,Black spot,train,2025-12-20,155
dataset/train/Black spot/2025_12_20_IMG (157).JPG,2025_12_20_IMG (157).JPG,Black spot,train,2025-12-20,157
dataset/train/Black spot/2025_12_20_IMG (158).JPG,2025_12_20_IMG (158).JPG,Black spot,train,2025-12-20,158
dataset/train/Black spot/2025_12_20_IMG (159).JPG,2025_12_20_IMG (159).JPG,Black spot,train,2025-12-20,159
dataset/train/Black spot/2025_12_20_IMG (16).JPG,2025_12_20_IMG (16).JPG,Black spot,train,2025-12-20,16
dataset/train/Black spot/2025_12_20_IMG (161).JPG,2025_12_20_IMG (161).JPG,Black spot,train,2025-12-20,161
dataset/train/Black spot/2025_12_20_IMG (162).JPG,2025_12_20_IMG (162).JPG,Black spot,train,2025-12-20,162
dataset/train/Black spot/2025_12_20_IMG (164).JPG,2025_12_20_IMG (164).JPG,Black spot,train,2025-12-20,164
dataset/train/Black spot/2025_12_20_IMG (165).JPG,2025_12_20_IMG (165).JPG,Black spot,train,2025-12-20,165
dataset/train/Black spot/2025_12_20_IMG (166).JPG,2025_12_20_IMG (166).JPG,Black spot,train,2025-12-20,166
dataset/train/Black spot/2025_12_20_IMG (167).JPG,2025_12_20_IMG (167).JPG,Black spot,train,2025-12-20,167
dataset/train/Black spot/2025_12_20_IMG (168).JPG,2025_12_20_IMG (168).JPG,Black spot,train,2025-12-20,168
dataset/train/Black spot/2025_12_20_IMG (169).JPG,2025_12_20_IMG (169).JPG,Black spot,train,2025-12-20,169
dataset/train/Black spot/2025_12_20_IMG (17).JPG,2025_12_20_IMG (17).JPG,Black spot,train,2025-12-20,17
dataset/train/Black spot/2025_12_20_IMG (173).JPG,2025_12_20_IMG (173).JPG,Black spot,train,2025-12-20,173
dataset/train/Black spot/2025_12_20_IMG (175).JPG,2025_12_20_IMG (175).JPG,Black spot,train,2025-12-20,175
dataset/train/Black spot/2025_12_20_IMG (176).JPG,2025_12_20_IMG (176).JPG,Black spot,train,2025-12-20,176
dataset/train/Black spot/2025_12_20_IMG (177).JPG,2025_12_20_IMG (177).JPG,Black spot,train,2025-12-20,177
dataset/train/Black spot/2025_12_20_IMG (179).JPG,2025_12_20_IMG (179).JPG,Black spot,train,2025-12-20,179
dataset/train/Black spot/2025_12_20_IMG (18).JPG,2025_12_20_IMG (18).JPG,Black spot,train,2025-12-20,18
dataset/train/Black spot/2025_12_20_IMG (180).JPG,2025_12_20_IMG (180).JPG,Black spot,train,2025-12-20,180
dataset/train/Black spot/2025_12_20_IMG (181).JPG,2025_12_20_IMG (181).JPG,Black spot,train,2025-12-20,181
dataset/train/Black spot/2025_12_20_IMG (182).JPG,2025_12_20_IMG (182).JPG,Black spot,train,2025-12-20,182
dataset/train/Black spot/2025_12_20_IMG (183).JPG,2025_12_20_IMG (183).JPG,Black spot,train,2025-12-20,183
dataset/train/Black spot/2025_12_20_IMG (184).JPG,2025_12_20_IMG (184).JPG,Black spot,train,2025-12-20,184
dataset/train/Black spot/2025_12_20_IMG (185).JPG,2025_12_20_IMG (185).JPG,Black spot,train,2025-12-20,185
dataset/train/Black spot/2025_12_20_IMG (186).JPG,2025_12_20_IMG (186).JPG,Black spot,train,2025-12-20,186
dataset/train/Black spot/2025_12_20_IMG (187).JPG,2025_12_20_IMG (187).JPG,Black spot,train,2025-12-20,187
dataset/train/Black spot/2025_12_20_IMG (189).JPG,2025_12_20_IMG (189).JPG,Black spot,train,2025-12-20,189
dataset/train/Black spot/2025_12_20_IMG (19).JPG,2025_12_20_IMG (19).JPG,Black spot,train,2025-12-20,19
dataset/train/Black spot/2025_12_20_IMG (192).JPG,2025_12_20_IMG (192).JPG,Black spot,train,2025-12-20,192
dataset/train/Black spot/2025_12_20_IMG (193).JPG,2025_12_20_IMG (193).JPG,Black spot,train,2025-12-20,193
dataset/train/Black spot/2025_12_20_IMG (194).JPG,2025_12_20_IMG (194).JPG,Black spot,train,2025-12-20,194
dataset/train/Black spot/2025_12_20_IMG (195).JPG,2025_12_20_IMG (195).JPG,Black spot,train,2025-12-20,195
dataset/train/Black spot/2025_12_20_IMG (197).JPG,2025_12_20_IMG (197).JPG,Black spot,train,2025-12-20,197
dataset/train/Black spot/2025_12_20_IMG (198).JPG,2025_12_20_IMG (198).JPG,Black spot,train,2025-12-20,198
dataset/train/Black spot/2025_12_20_IMG (200).JPG,2025_12_20_IMG (200).JPG,Black spot,train,2025-12-20,200
dataset/train/Black spot/2025_12_20_IMG (202).JPG,2025_12_20_IMG (202).JPG,Black spot,train,2025-12-20,202
dataset/train/Black spot/2025_12_20_IMG (204).JPG,2025_12_20_IMG (204).JPG,Black spot,train,2025-12-20,204
dataset/train/Black spot/2025_12_20_IMG (205).JPG,2025_12_20_IMG (205).JPG,Black spot,train,2025-12-20,205
dataset/train/Black spot/2025_12_20_IMG (207).JPG,2025_12_20_IMG (207).JPG,Black spot,train,2025-12-20,207
dataset/train/Black spot/2025_12_20_IMG (208).JPG,2025_12_20_IMG (208).JPG,Black spot,train,2025-12-20,208
dataset/train/Black spot/2025_12_20_IMG (209).JPG,2025_12_20_IMG (209).JPG,Black spot,train,2025-12-20,209
dataset/train/Black spot/2025_12_20_IMG (21).JPG,2025_12_20_IMG (21).JPG,Black spot,train,2025-12-20,21
dataset/train/Black spot/2025_12_20_IMG (210).JPG,2025_12_20_IMG (210).JPG,Black spot,train,2025-12-20,210
dataset/train/Black spot/2025_12_20_IMG (212).JPG,2025_12_20_IMG (212).JPG,Black spot,train,2025-12-20,212
dataset/train/Black spot/2025_12_20_IMG (213).JPG,2025_12_20_IMG (213).JPG,Black spot,train,2025-12-20,213
dataset/train/Black spot/2025_12_20_IMG (214).JPG,2025_12_20_IMG (214).JPG,Black spot,train,2025-12-20,214
dataset/train/Black spot/2025_12_20_IMG (215).JPG,2025_12_20_IMG (215).JPG,Black spot,train,2025-12-20,215
dataset/train/Black spot/2025_12_20_IMG (216).JPG,2025_12_20_IMG (216).JPG,Black spot,train,2025-12-20,216
dataset/train/Black spot/2025_12_20_IMG (217).JPG,2025_12_20_IMG (217).JPG,Black spot,train,2025-12-20,217
dataset/train/Black spot/2025_12_20_IMG (218).JPG,2025_12_20_IMG (218).JPG,Black spot,train,2025-12-20,218
dataset/train/Black spot/2025_12_20_IMG (219).JPG,2025_12_20_IMG (219).JPG,Black spot,train,2025-12-20,219
dataset/train/Black spot/2025_12_20_IMG (22).JPG,2025_12_20_IMG (22).JPG,Black spot,train,2025-12-20,22
dataset/train/Black spot/2025_12_20_IMG (222).JPG,2025_12_20_IMG (222).JPG,Black spot,train,2025-12-20,222
dataset/train/Black spot/2025_12_20_IMG (224).JPG,2025_12_20_IMG (224).JPG,Black spot,train,2025-12-20,224
dataset/train/Black spot/2025_12_20_IMG (226).JPG,2025_12_20_IMG (226).JPG,Black spot,train,2025-12-20,226
dataset/train/Black spot/2025_12_20_IMG (228).JPG,2025_12_20_IMG (228).JPG,Black spot,train,2025-12-20,228
dataset/train/Black spot/2025_12_20_IMG (229).JPG,2025_12_20_IMG (229).JPG,Black spot,train,2025-12-20,229
dataset/train/Black spot/2025_12_20_IMG (230).JPG,2025_12_20_IMG (230).JPG,Black spot,train,2025-12-20,230
dataset/train/Black spot/2025_12_20_IMG (231).JPG,2025_12_20_IMG (231).JPG,Black spot,train,2025-12-20,231
dataset/train/Black spot/2025_12_20_IMG (233).JPG,2025_12_20_IMG (233).JPG,Black spot,train,2025-12-20,233
dataset/train/Black spot/2025_12_20_IMG (235).JPG,2025_12_20_IMG (235).JPG,Black spot,train,2025-12-20,235
dataset/train/Black spot/2025_12_20_IMG (236).JPG,2025_12_20_IMG (236).JPG,Black spot,train,2025-12-20,236
dataset/train/Black spot/2025_12_20_IMG (237).JPG,2025_12_20_IMG (237).JPG,Black spot,train,2025-12-20,237
dataset/train/Black spot/2025_12_20_IMG (238).JPG,2025_12_20_IMG (238).JPG,Black spot,train,2025-12-20,238
dataset/train/Black spot/2025_12_20_IMG (239).JPG,2025_12_20_IMG (239).JPG,Black spot,train,2025-12-20,239
dataset/train/Black spot/2025_12_20_IMG (24).JPG,2025_12_20_IMG (24).JPG,Black spot,train,2025-12-20,24
dataset/train/Black spot/2025_12_20_IMG (240).JPG,2025_12_20_IMG (240).JPG,Black spot,train,2025-12-20,240
dataset/train/Black spot/2025_12_20_IMG (241).JPG,2025_12_20_IMG (241).JPG,Black spot,train,2025-12-20,241
dataset/train/Black spot/2025_12_20_IMG (242).JPG,2025_12_20_IMG (242).JPG,Black spot,train,2025-12-20,242
dataset/train/Black spot/2025_12_20_IMG (243).JPG,2025_12_20_IMG (243).JPG,Black spot,train,2025-12-20,243
dataset/train/Black spot/2025_12_20_IMG (244).JPG,2025_12_20_IMG (244).JPG,Black spot,train,2025-12-20,244
dataset/train/Black spot/2025_12_20_IMG (245).JPG,2025_12_20_IMG (245).JPG,Black spot,train,2025-12-20,245
dataset/train/Black spot/2025_12_20_IMG (247).JPG,2025_12_20_IMG (247).JPG,Black spot,train,2025-12-20,247
dataset/train/Black spot/2025_12_20_IMG (248).JPG,2025_12_20_IMG (248).JPG,Black spot,train,2025-12-20,248
dataset/train/Black spot/2025_12_20_IMG (249).JPG,2025_12_20_IMG (249).JPG,Black spot,train,2025-12-20,249
dataset/train/Black spot/2025_12_20_IMG (25).JPG,2025_12_20_IMG (25).JPG,Black spot,train,2025-12-20,25
dataset/train/Black spot/2025_12_20_IMG (250).JPG,2025_12_20_IMG (250).JPG,Black spot,train,2025-12-20,250
dataset/train/Black spot/2025_12_20_IMG (251).JPG,2025_12_20_IMG (251).JPG,Black spot,train,2025-12-20,251
dataset/train/Black spot/2025_12_20_IMG (252).JPG,2025_12_20_IMG (252).JPG,Black spot,train,2025-12-20,252
dataset/train/Black spot/2025_12_20_IMG (253).JPG,2025_12_20_IMG (253).JPG,Black spot,train,2025-12-20,253
dataset/train/Black spot/2025_12_20_IMG (255).JPG,2025_12_20_IMG (255).JPG,Black spot,train,2025-12-20,255
dataset/train/Black spot/2025_12_20_IMG (259).JPG,2025_12_20_IMG (259).JPG,Black spot,train,2025-12-20,259
dataset/train/Black spot/2025_12_20_IMG (26).JPG,2025_12_20_IMG (26).JPG,Black spot,train,2025-12-20,26
dataset/train/Black spot/2025_12_20_IMG (260).JPG,2025_12_20_IMG (260).JPG,Black spot,train,2025-12-20,260
dataset/train/Black spot/2025_12_20_IMG (261).JPG,2025_12_20_IMG (261).JPG,Black spot,train,2025-12-20,261
dataset/train/Black spot/2025_12_20_IMG (263).JPG,2025_12_20_IMG (263).JPG,Black spot,train,2025-12-20,263
dataset/train/Black spot/2025_12_20_IMG (265).JPG,2025_12_20_IMG (265).JPG,Black spot,train,2025-12-20,265
dataset/train/Black spot/2025_12_20_IMG (268).JPG,2025_12_20_IMG (268).JPG,Black spot,train,2025-12-20,268
dataset/train/Black spot/2025_12_20_IMG (269).JPG,2025_12_20_IMG (269).JPG,Black spot,train,2025-12-20,269
dataset/train/Black spot/2025_12_20_IMG (270).JPG,2025_12_20_IMG (270).JPG,Black spot,train,2025-12-20,270
dataset/train/Black spot/2025_12_20_IMG (271).JPG,2025_12_20_IMG (271).JPG,Black spot,train,2025-12-20,271
dataset/train/Black spot/2025_12_20_IMG (272).JPG,2025_12_20_IMG (272).JPG,Black spot,train,2025-12-20,272
dataset/train/Black spot/2025_12_20_IMG (275).JPG,2025_12_20_IMG (275).JPG,Black spot,train,2025-12-20,275
dataset/train/Black spot/2025_12_20_IMG (277).JPG,2025_12_20_IMG (277).JPG,Black spot,train,2025-12-20,277
dataset/train/Black spot/2025_12_20_IMG (279).JPG,2025_12_20_IMG (279).JPG,Black spot,train,2025-12-20,279
dataset/train/Black spot/2025_12_20_IMG (28).JPG,2025_12_20_IMG (28).JPG,Black spot,train,2025-12-20,28
dataset/train/Black spot/2025_12_20_IMG (280).JPG,2025_12_20_IMG (280).JPG,Black spot,train,2025-12-20,280
dataset/train/Black spot/2025_12_20_IMG (281).JPG,2025_12_20_IMG (281).JPG,Black spot,train,2025-12-20,281
dataset/train/Black spot/2025_12_20_IMG (282).JPG,2025_12_20_IMG (282).JPG,Black spot,train,2025-12-20,282
dataset/train/Black spot/2025_12_20_IMG (283).JPG,2025_12_20_IMG (283).JPG,Black spot,train,2025-12-20,283
dataset/train/Black spot/2025_12_20_IMG (284).JPG,2025_12_20_IMG (284).JPG,Black spot,train,2025-12-20,284
dataset/train/Black spot/2025_12_20_IMG (286).JPG,2025_12_20_IMG (286).JPG,Black spot,train,2025-12-20,286
dataset/train/Black spot/2025_12_20_IMG (287).JPG,2025_12_20_IMG (287).JPG,Black spot,train,2025-12-20,287
dataset/train/Black spot/2025_12_20_IMG (288).JPG,2025_12_20_IMG (288).JPG,Black spot,train,2025-12-20,288
dataset/train/Black spot/2025_12_20_IMG (29).JPG,2025_12_20_IMG (29).JPG,Black spot,train,2025-12-20,29
dataset/train/Black spot/2025_12_20_IMG (290).JPG,2025_12_20_IMG (290).JPG,Black spot,train,2025-12-20,290
dataset/train/Black spot/2025_12_20_IMG (291).JPG,2025_12_20_IMG (291).JPG,Black spot,train,2025-12-20,291
dataset/train/Black spot/2025_12_20_IMG (295).JPG,2025_12_20_IMG (295).JPG,Black spot,train,2025-12-20,295
dataset/train/Black spot/2025_12_20_IMG (296).JPG,2025_12_20_IMG (296).JPG,Black spot,train,2025-12-20,296
dataset/train/Black spot/2025_12_20_IMG (297).JPG,2025_12_20_IMG (297).JPG,Black spot,train,2025-12-20,297
dataset/train/Black spot/2025_12_20_IMG (298).JPG,2025_12_20_IMG (298).JPG,Black spot,train,2025-12-20,298
dataset/train/Black spot/2025_12_20_IMG (299).JPG,2025_12_20_IMG (299).JPG,Black spot,train,2025-12-20,299
dataset/train/Black spot/2025_12_20_IMG (3).JPG,2025_12_20_IMG (3).JPG,Black spot,train,2025-12-20,3
dataset/train/Black spot/2025_12_20_IMG (30).JPG,2025_12_20_IMG (30).JPG,Black spot,train,2025-12-20,30
dataset/train/Black spot/2025_12_20_IMG (301).JPG,2025_12_20_IMG (301).JPG,Black spot,train,2025-12-20,301
dataset/train/Black spot/2025_12_20_IMG (302).JPG,2025_12_20_IMG (302).JPG,Black spot,train,2025-12-20,302
dataset/train/Black spot/2025_12_20_IMG (303).JPG,2025_12_20_IMG (303).JPG,Black spot,train,2025-12-20,303
dataset/train/Black spot/2025_12_20_IMG (304).JPG,2025_12_20_IMG (304).JPG,Black spot,train,2025-12-20,304
dataset/train/Black spot/2025_12_20_IMG (306).JPG,2025_12_20_IMG (306).JPG,Black spot,train,2025-12-20,306
dataset/train/Black spot/2025_12_20_IMG (307).JPG,2025_12_20_IMG (307).JPG,Black spot,train,2025-12-20,307
dataset/train/Black spot/2025_12_20_IMG (31).JPG,2025_12_20_IMG (31).JPG,Black spot,train,2025-12-20,31
dataset/train/Black spot/2025_12_20_IMG (312).JPG,2025_12_20_IMG (312).JPG,Black spot,train,2025-12-20,312
dataset/train/Black spot/2025_12_20_IMG (313).JPG,2025_12_20_IMG (313).JPG,Black spot,train,2025-12-20,313
dataset/train/Black spot/2025_12_20_IMG (314).JPG,2025_12_20_IMG (314).JPG,Black spot,train,2025-12-20,314
dataset/train/Black spot/2025_12_20_IMG (315).JPG,2025_12_20_IMG (315).JPG,Black spot,train,2025-12-20,315
dataset/train/Black spot/2025_12_20_IMG (316).JPG,2025_12_20_IMG (316).JPG,Black spot,train,2025-12-20,316
dataset/train/Black spot/2025_12_20_IMG (317).JPG,2025_12_20_IMG (317).JPG,Black spot,train,2025-12-20,317
dataset/train/Black spot/2025_12_20_IMG (318).JPG,2025_12_20_IMG (318).JPG,Black spot,train,2025-12-20,318
dataset/train/Black spot/2025_12_20_IMG (319).JPG,2025_12_20_IMG (319).JPG,Black spot,train,2025-12-20,319
dataset/train/Black spot/2025_12_20_IMG (32).JPG,2025_12_20_IMG (32).JPG,Black spot,train,2025-12-20,32
dataset/train/Black spot/2025_12_20_IMG (320).JPG,2025_12_20_IMG (320).JPG,Black spot,train,2025-12-20,320
dataset/train/Black spot/2025_12_20_IMG (321).JPG,2025_12_20_IMG (321).JPG,Black spot,train,2025-12-20,321
dataset/train/Black spot/2025_12_20_IMG (322).JPG,2025_12_20_IMG (322).JPG,Black spot,train,2025-12-20,322
dataset/train/Black spot/2025_12_20_IMG (323).JPG,2025_12_20_IMG (323).JPG,Black spot,train,2025-12-20,323
dataset/train/Black spot/2025_12_20_IMG (324).JPG,2025_12_20_IMG (324).JPG,Black spot,train,2025-12-20,324
dataset/train/Black spot/2025_12_20_IMG (325).JPG,2025_12_20_IMG (325).JPG,Black spot,train,2025-12-20,325
dataset/train/Black spot/2025_12_20_IMG (326).JPG,2025_12_20_IMG (326).JPG,Black spot,train,2025-12-20,326
dataset/train/Black spot/2025_12_20_IMG (328).JPG,2025_12_20_IMG (328).JPG,Black spot,train,2025-12-20,328
dataset/train/Black spot/2025_12_20_IMG (329).JPG,2025_12_20_IMG (329).JPG,Black spot,train,2025-12-20,329
dataset/train/Black spot/2025_12_20_IMG (33).JPG,2025_12_20_IMG (33).JPG,Black spot,train,2025-12-20,33
dataset/train/Black spot/2025_12_20_IMG (35).JPG,2025_12_20_IMG (35).JPG,Black spot,train,2025-12-20,35
dataset/train/Black spot/2025_12_20_IMG (36).JPG,2025_12_20_IMG (36).JPG,Black spot,train,2025-12-20,36
dataset/train/Black spot/2025_12_20_IMG (37).JPG,2025_12_20_IMG (37).JPG,Black spot,train,2025-12-20,37
dataset/train/Black spot/2025_12_20_IMG (38).JPG,2025_12_20_IMG (38).JPG,Black spot,train,2025-12-20,38
dataset/train/Black spot/2025_12_20_IMG (39).JPG,2025_12_20_IMG (39).JPG,Black spot,train,2025-12-20,39
dataset/train/Black spot/2025_12_20_IMG (4).JPG,2025_12_20_IMG (4).JPG,Black spot,train,2025-12-20,4
dataset/train/Black spot/2025_12_20_IMG (40).JPG,2025_12_20_IMG (40).JPG,Black spot,train,2025-12-20,40
dataset/train/Black spot/2025_12_20_IMG (42).JPG,2025_12_20_IMG (42).JPG,Black spot,train,2025-12-20,42
dataset/train/Black spot/2025_12_20_IMG (43).JPG,2025_12_20_IMG (43).JPG,Black spot,train,2025-12-20,43
dataset/train/Black spot/2025_12_20_IMG (46).JPG,2025_12_20_IMG (46).JPG,Black spot,train,2025-12-20,46
dataset/train/Black spot/2025_12_20_IMG (47).JPG,2025_12_20_IMG (47).JPG,Black spot,train,2025-12-20,47
dataset/train/Black spot/2025_12_20_IMG (48).JPG,2025_12_20_IMG (48).JPG,Black spot,train,2025-12-20,48
dataset/train/Black spot/2025_12_20_IMG (5).JPG,2025_12_20_IMG (5).JPG,Black spot,train,2025-12-20,5
dataset/train/Black spot/2025_12_20_IMG (50).JPG,2025_12_20_IMG (50).JPG,Black spot,train,2025-12-20,50
dataset/train/Black spot/2025_12_20_IMG (51).JPG,2025_12_20_IMG (51).JPG,Black spot,train,2025-12-20,51
dataset/train/Black spot/2025_12_20_IMG (52).JPG,2025_12_20_IMG (52).JPG,Black spot,train,2025-12-20,52
dataset/train/Black spot/2025_12_20_IMG (54).JPG,2025_12_20_IMG (54).JPG,Black spot,train,2025-12-20,54
dataset/train/Black spot/2025_12_20_IMG (56).JPG,2025_12_20_IMG (56).JPG,Black spot,train,2025-12-20,56
dataset/train/Black spot/2025_12_20_IMG (57).JPG,2025_12_20_IMG (57).JPG,Black spot,train,2025-12-20,57
dataset/train/Black spot/2025_12_20_IMG (58).JPG,2025_12_20_IMG (58).JPG,Black spot,train,2025-12-20,58
dataset/train/Black spot/2025_12_20_IMG (59).JPG,2025_12_20_IMG (59).JPG,Black spot,train,2025-12-20,59
dataset/train/Black spot/2025_12_20_IMG (6).JPG,2025_12_20_IMG (6).JPG,Black spot,train,2025-12-20,6
dataset/train/Black spot/2025_12_20_IMG (63).JPG,2025_12_20_IMG (63).JPG,Black spot,train,2025-12-20,63
dataset/train/Black spot/2025_12_20_IMG (65).JPG,2025_12_20_IMG (65).JPG,Black spot,train,2025-12-20,65
dataset/train/Black spot/2025_12_20_IMG (66).JPG,2025_12_20_IMG (66).JPG,Black spot,train,2025-12-20,66
dataset/train/Black spot/2025_12_20_IMG (67).JPG,2025_12_20_IMG (67).JPG,Black spot,train,2025-12-20,67
dataset/train/Black spot/2025_12_20_IMG (68).JPG,2025_12_20_IMG (68).JPG,Black spot,train,2025-12-20,68
dataset/train/Black spot/2025_12_20_IMG (69).JPG,2025_12_20_IMG (69).JPG,Black spot,train,2025-12-20,69
dataset/train/Black spot/2025_12_20_IMG (70).JPG,2025_12_20_IMG (70).JPG,Black spot,train,2025-12-20,70
dataset/train/Black spot/2025_12_20_IMG (71).JPG,2025_12_20_IMG (71).JPG,Black spot,train,2025-12-20,71
dataset/train/Black spot/2025_12_20_IMG (72).JPG,2025_12_20_IMG (72).JPG,Black spot,train,2025-12-20,72
dataset/train/Black spot/2025_12_20_IMG (75).JPG,2025_12_20_IMG (75).JPG,Black spot,train,2025-12-20,75
dataset/train/Black spot/2025_12_20_IMG (76).JPG,2025_12_20_IMG (76).JPG,Black spot,train,2025-12-20,76
dataset/train/Black spot/2025_12_20_IMG (77).JPG,2025_12_20_IMG (77).JPG,Black spot,train,2025-12-20,77
dataset/train/Black spot/2025_12_20_IMG (78).JPG,2025_12_20_IMG (78).JPG,Black spot,train,2025-12-20,78
dataset/train/Black spot/2025_12_20_IMG (79).JPG,2025_12_20_IMG (79).JPG,Black spot,train,2025-12-20,79
dataset/train/Black spot/2025_12_20_IMG (80).JPG,2025_12_20_IMG (80).JPG,Black spot,train,2025-12-20,80
dataset/train/Black spot/2025_12_20_IMG (81).JPG,2025_12_20_IMG (81).JPG,Black spot,train,2025-12-20,81
dataset/train/Black spot/2025_12_20_IMG (82).JPG,2025_12_20_IMG (82).JPG,Black spot,train,2025-12-20,82
dataset/train/Black spot/2025_12_20_IMG (85).JPG,2025_12_20_IMG (85).JPG,Black spot,train,2025-12-20,85
dataset/train/Black spot/2025_12_20_IMG (87).JPG,2025_12_20_IMG (87).JPG,Black spot,train,2025-12-20,87
dataset/train/Black spot/2025_12_20_IMG (90).JPG,2025_12_20_IMG (90).JPG,Black spot,train,2025-12-20,90
dataset/train/Black spot/2025_12_20_IMG (93).JPG,2025_12_20_IMG (93).JPG,Black spot,train,2025-12-20,93
dataset/train/Black spot/2025_12_20_IMG (94).JPG,2025_12_20_IMG (94).JPG,Black spot,train,2025-12-20,94
dataset/train/Black spot/2025_12_20_IMG (96).JPG,2025_12_20_IMG (96).JPG,Black spot,train,2025-12-20,96
dataset/train/Black spot/2025_12_20_IMG (98).JPG,2025_12_20_IMG (98).JPG,Black spot,train,2025-12-20,98
dataset/train/Black spot/2025_12_20_IMG (99).JPG,2025_12_20_IMG (99).JPG,Black spot,train,2025-12-20,99
dataset/train/Citrus canker/2025_12_21_IMG (202).JPG,2025_12_21_IMG (202).JPG,Citrus canker,train,2025-12-21,202
dataset/train/Citrus canker/2025_12_21_IMG (203).JPG,2025_12_21_IMG (203).JPG,Citrus canker,train,2025-12-21,203
dataset/train/Citrus canker/2025_12_21_IMG (204).JPG,2025_12_21_IMG (204).JPG,Citrus canker,train,2025-12-21,204
dataset/train/Citrus canker/2025_12_21_IMG (206).JPG,2025_12_21_IMG (206).JPG,Citrus canker,train,2025-12-21,206
dataset/train/Citrus canker/2025_12_21_IMG (207).JPG,2025_12_21_IMG (207).JPG,Citrus canker,train,2025-12-21,207
dataset/train/Citrus canker/2025_12_21_IMG (208).JPG,2025_12_21_IMG (208).JPG,Citrus canker,train,2025-12-21,208
dataset/train/Citrus canker/2025_12_21_IMG (209).JPG,2025_12_21_IMG (209).JPG,Citrus canker,train,2025-12-21,209
dataset/train/Citrus canker/2025_12_21_IMG (210).JPG,2025_12_21_IMG (210).JPG,Citrus canker,train,2025-12-21,210
dataset/train/Citrus canker/2025_12_21_IMG (211).JPG,2025_12_21_IMG (211).JPG,Citrus canker,train,2025-12-21,211
dataset/train/Citrus canker/2025_12_21_IMG (212).JPG,2025_12_21_IMG (212).JPG,Citrus canker,train,2025-12-21,212
dataset/train/Citrus canker/2025_12_21_IMG (213).JPG,2025_12_21_IMG (213).JPG,Citrus canker,train,2025-12-21,213
dataset/train/Citrus canker/2025_12_21_IMG (216).JPG,2025_12_21_IMG (216).JPG,Citrus canker,train,2025-12-21,216
dataset/train/Citrus canker/2025_12_21_IMG (219).JPG,2025_12_21_IMG (219).JPG,Citrus canker,train,2025-12-21,219
dataset/train/Citrus canker/2025_12_21_IMG (220).JPG,2025_12_21_IMG (220).JPG,Citrus canker,train,2025-12-21,220
dataset/train/Citrus canker/2025_12_21_IMG (221).JPG,2025_12_21_IMG (221).JPG,Citrus canker,train,2025-12-21,221
dataset/train/Citrus canker/2025_12_21_IMG (222).JPG,2025_12_21_IMG (222).JPG,Citrus canker,train,2025-12-21,222
dataset/train/Citrus canker/2025_12_21_IMG (223).JPG,2025_12_21_IMG (223).JPG,Citrus canker,train,2025-12-21,223
dataset/train/Citrus canker/2025_12_21_IMG (227).JPG,2025_12_21_IMG (227).JPG,Citrus canker,train,2025-12-21,227
dataset/train/Citrus canker/2025_12_21_IMG (228).JPG,2025_12_21_IMG (228).JPG,Citrus canker,train,2025-12-21,228
dataset/train/Citrus canker/2025_12_21_IMG (229).JPG,2025_12_21_IMG (229).JPG,Citrus canker,train,2025-12-21,229
dataset/train/Citrus canker/2025_12_21_IMG (231).JPG,2025_12_21_IMG (231).JPG,Citrus canker,train,2025-12-21,231
dataset/train/Citrus canker/2025_12_21_IMG (232).JPG,2025_12_21_IMG (232).JPG,Citrus canker,train,2025-12-21,232
dataset/train/Citrus canker/2025_12_21_IMG (233).JPG,2025_12_21_IMG (233).JPG,Citrus canker,train,2025-12-21,233
dataset/train/Citrus canker/2025_12_21_IMG (234).JPG,2025_12_21_IMG (234).JPG,Citrus canker,train,2025-12-21,234
dataset/train/Citrus canker/2025_12_21_IMG (236).JPG,2025_12_21_IMG (236).JPG,Citrus canker,train,2025-12-21,236
dataset/train/Citrus canker/2025_12_21_IMG (239).JPG,2025_12_21_IMG (239).JPG,Citrus canker,train,2025-12-21,239
dataset/train/Citrus canker/2025_12_21_IMG (240).JPG,2025_12_21_IMG (240).JPG,Citrus canker,train,2025-12-21,240
dataset/train/Citrus canker/2025_12_21_IMG (241).JPG,2025_12_21_IMG (241).JPG,Citrus canker,train,2025-12-21,241
dataset/train/Citrus canker/2025_12_21_IMG (243).JPG,2025_12_21_IMG (243).JPG,Citrus canker,train,2025-12-21,243
dataset/train/Citrus canker/2025_12_21_IMG (244).JPG,2025_12_21_IMG (244).JPG,Citrus canker,train,2025-12-21,244
dataset/train/Citrus canker/2025_12_21_IMG (245).JPG,2025_12_21_IMG (245).JPG,Citrus canker,train,2025-12-21,245
dataset/train/Citrus canker/2025_12_21_IMG (247).JPG,2025_12_21_IMG (247).JPG,Citrus canker,train,2025-12-21,247
dataset/train/Citrus canker/2025_12_21_IMG (250).JPG,2025_12_21_IMG (250).JPG,Citrus canker,train,2025-12-21,250
dataset/train/Citrus canker/2025_12_21_IMG (252).JPG,2025_12_21_IMG (252).JPG,Citrus canker,train,2025-12-21,252
dataset/train/Citrus canker/2025_12_21_IMG (255).JPG,2025_12_21_IMG (255).JPG,Citrus canker,train,2025-12-21,255
dataset/train/Citrus canker/2025_12_21_IMG (256).JPG,2025_12_21_IMG (256).JPG,Citrus canker,train,2025-12-21,256
dataset/train/Citrus canker/2025_12_21_IMG (257).JPG,2025_12_21_IMG (257).JPG,Citrus canker,train,2025-12-21,257
dataset/train/Citrus canker/2025_12_21_IMG (258).JPG,2025_12_21_IMG (258).JPG,Citrus canker,train,2025-12-21,258
dataset/train/Citrus canker/2025_12_21_IMG (260).JPG,2025_12_21_IMG (260).JPG,Citrus canker,train,2025-12-21,260
dataset/train/Citrus canker/2025_12_21_IMG (261).JPG,2025_12_21_IMG (261).JPG,Citrus canker,train,2025-12-21,261
dataset/train/Citrus canker/2025_12_21_IMG (262).JPG,2025_12_21_IMG (262).JPG,Citrus canker,train,2025-12-21,262
dataset/train/Citrus canker/2025_12_21_IMG (263).JPG,2025_12_21_IMG (263).JPG,Citrus canker,train,2025-12-21,263
dataset/train/Citrus canker/2025_12_21_IMG (264).JPG,2025_12_21_IMG (264).JPG,Citrus canker,train,2025-12-21,264
dataset/train/Citrus canker/2025_12_21_IMG (266).JPG,2025_12_21_IMG (266).JPG,Citrus canker,train,2025-12-21,266
dataset/train/Citrus canker/2025_12_21_IMG (267).JPG,2025_12_21_IMG (267).JPG,Citrus canker,train,2025-12-21,267
dataset/train/Citrus canker/2025_12_21_IMG (268).JPG,2025_12_21_IMG (268).JPG,Citrus canker,train,2025-12-21,268
dataset/train/Citrus canker/2025_12_21_IMG (269).JPG,2025_12_21_IMG (269).JPG,Citrus canker,train,2025-12-21,269
dataset/train/Citrus canker/2025_12_21_IMG (270).JPG,2025_12_21_IMG (270).JPG,Citrus canker,train,2025-12-21,270
dataset/train/Citrus canker/2025_12_21_IMG (271).JPG,2025_12_21_IMG (271).JPG,Citrus canker,train,2025-12-21,271
dataset/train/Citrus canker/2025_12_21_IMG (274).JPG,2025_12_21_IMG (274).JPG,Citrus canker,train,2025-12-21,274
dataset/train/Citrus canker/2025_12_21_IMG (276).JPG,2025_12_21_IMG (276).JPG,Citrus canker,train,2025-12-21,276
dataset/train/Citrus canker/2025_12_21_IMG (277).JPG,2025_12_21_IMG (277).JPG,Citrus canker,train,2025-12-21,277
dataset/train/Citrus canker/2025_12_21_IMG (278).JPG,2025_12_21_IMG (278).JPG,Citrus canker,train,2025-12-21,278
dataset/train/Citrus canker/2025_12_21_IMG (279).JPG,2025_12_21_IMG (279).JPG,Citrus canker,train,2025-12-21,279
dataset/train/Citrus canker/2025_12_21_IMG (280).JPG,2025_12_21_IMG (280).JPG,Citrus canker,train,2025-12-21,280
dataset/train/Citrus canker/2025_12_21_IMG (282).JPG,2025_12_21_IMG (282).JPG,Citrus canker,train,2025-12-21,282
dataset/train/Citrus canker/2025_12_21_IMG (284).JPG,2025_12_21_IMG (284).JPG,Citrus canker,train,2025-12-21,284
dataset/train/Citrus canker/2025_12_21_IMG (286).JPG,2025_12_21_IMG (286).JPG,Citrus canker,train,2025-12-21,286
dataset/train/Citrus canker/2025_12_21_IMG (287).JPG,2025_12_21_IMG (287).JPG,Citrus canker,train,2025-12-21,287
dataset/train/Citrus canker/2025_12_21_IMG (288).JPG,2025_12_21_IMG (288).JPG,Citrus canker,train,2025-12-21,288
dataset/train/Citrus canker/2025_12_21_IMG (290).JPG,2025_12_21_IMG (290).JPG,Citrus canker,train,2025-12-21,290
dataset/train/Citrus canker/2025_12_21_IMG (291).JPG,2025_12_21_IMG (291).JPG,Citrus canker,train,2025-12-21,291
dataset/train/Citrus canker/2025_12_21_IMG (292).JPG,2025_12_21_IMG (292).JPG,Citrus canker,train,2025-12-21,292
dataset/train/Citrus canker/2025_12_21_IMG (293).JPG,2025_12_21_IMG (293).JPG,Citrus canker,train,2025-12-21,293
dataset/train/Citrus canker/2025_12_21_IMG (294).JPG,2025_12_21_IMG (294).JPG,Citrus canker,train,2025-12-21,294
dataset/train/Citrus canker/2025_12_21_IMG (295).JPG,2025_12_21_IMG (295).JPG,Citrus canker,train,2025-12-21,295
dataset/train/Citrus canker/2025_12_21_IMG (296).JPG,2025_12_21_IMG (296).JPG,Citrus canker,train,2025-12-21,296
dataset/train/Citrus canker/2025_12_21_IMG (297).JPG,2025_12_21_IMG (297).JPG,Citrus canker,train,2025-12-21,297
dataset/train/Citrus canker/2025_12_21_IMG (298).JPG,2025_12_21_IMG (298).JPG,Citrus canker,train,2025-12-21,298
dataset/train/Citrus canker/2025_12_21_IMG (299).JPG,2025_12_21_IMG (299).JPG,Citrus canker,train,2025-12-21,299
dataset/train/Citrus canker/2025_12_21_IMG (301).JPG,2025_12_21_IMG (301).JPG,Citrus canker,train,2025-12-21,301
dataset/train/Citrus canker/2025_12_21_IMG (302).JPG,2025_12_21_IMG (302).JPG,Citrus canker,train,2025-12-21,302
dataset/train/Citrus canker/2025_12_21_IMG (304).JPG,2025_12_21_IMG (304).JPG,Citrus canker,train,2025-12-21,304
dataset/train/Citrus canker/2025_12_21_IMG (305).JPG,2025_12_21_IMG (305).JPG,Citrus canker,train,2025-12-21,305
dataset/train/Citrus canker/2025_12_21_IMG (306).JPG,2025_12_21_IMG (306).JPG,Citrus canker,train,2025-12-21,306
dataset/train/Citrus canker/2025_12_21_IMG (307).JPG,2025_12_21_IMG (307).JPG,Citrus canker,train,2025-12-21,307
dataset/train/Citrus canker/2025_12_21_IMG (308).JPG,2025_12_21_IMG (308).JPG,Citrus canker,train,2025-12-21,308
dataset/train/Citrus canker/2025_12_21_IMG (311).JPG,2025_12_21_IMG (311).JPG,Citrus canker,train,2025-12-21,311
dataset/train/Citrus canker/2025_12_21_IMG (315).JPG,2025_12_21_IMG (315).JPG,Citrus canker,train,2025-12-21,315
dataset/train/Citrus canker/2025_12_21_IMG (317).JPG,2025_12_21_IMG (317).JPG,Citrus canker,train,2025-12-21,317
dataset/train/Citrus canker/2025_12_21_IMG (320).JPG,2025_12_21_IMG (320).JPG,Citrus canker,train,2025-12-21,320
dataset/train/Citrus canker/2025_12_21_IMG (322).JPG,2025_12_21_IMG (322).JPG,Citrus canker,train,2025-12-21,322
dataset/train/Citrus canker/2025_12_21_IMG (323).JPG,2025_12_21_IMG (323).JPG,Citrus canker,train,2025-12-21,323
dataset/train/Citrus canker/2025_12_21_IMG (324).JPG,2025_12_21_IMG (324).JPG,Citrus canker,train,2025-12-21,324
dataset/train/Citrus canker/2025_12_21_IMG (325).JPG,2025_12_21_IMG (325).JPG,Citrus canker,train,2025-12-21,325
dataset/train/Citrus canker/2025_12_21_IMG (326).JPG,2025_12_21_IMG (326).JPG,Citrus canker,train,2025-12-21,326
dataset/train/Citrus canker/2025_12_21_IMG (329).JPG,2025_12_21_IMG (329).JPG,Citrus canker,train,2025-12-21,329
dataset/train/Citrus canker/2025_12_21_IMG (330).JPG,2025_12_21_IMG (330).JPG,Citrus canker,train,2025-12-21,330
dataset/train/Citrus canker/2025_12_21_IMG (331).JPG,2025_12_21_IMG (331).JPG,Citrus canker,train,2025-12-21,331
dataset/train/Citrus canker/2025_12_21_IMG (332).JPG,2025_12_21_IMG (332).JPG,Citrus canker,train,2025-12-21,332
dataset/train/Citrus canker/2025_12_21_IMG (333).JPG,2025_12_21_IMG (333).JPG,Citrus canker,train,2025-12-21,333
dataset/train/Citrus canker/2025_12_21_IMG (334).JPG,2025_12_21_IMG (334).JPG,Citrus canker,train,2025-12-21,334
dataset/train/Citrus canker/2025_12_21_IMG (335).JPG,2025_12_21_IMG (335).JPG,Citrus canker,train,2025-12-21,335
dataset/train/Citrus canker/2025_12_21_IMG (341).JPG,2025_12_21_IMG (341).JPG,Citrus canker,train,2025-12-21,341
dataset/train/Citrus canker/2025_12_21_IMG (343).JPG,2025_12_21_IMG (343).JPG,Citrus canker,train,2025-12-21,343
dataset/train/Citrus canker/2025_12_21_IMG (345).JPG,2025_12_21_IMG (345).JPG,Citrus canker,train,2025-12-21,345
dataset/train/Citrus canker/2025_12_21_IMG (346).JPG,2025_12_21_IMG (346).JPG,Citrus canker,train,2025-12-21,346
dataset/train/Citrus canker/2025_12_21_IMG (347).JPG,2025_12_21_IMG (347).JPG,Citrus canker,train,2025-12-21,347
dataset/train/Citrus canker/2025_12_21_IMG (348).JPG,2025_12_21_IMG (348).JPG,Citrus canker,train,2025-12-21,348
dataset/train/Citrus canker/2025_12_21_IMG (349).JPG,2025_12_21_IMG (349).JPG,Citrus canker,train,2025-12-21,349
dataset/train/Citrus canker/2025_12_21_IMG (351).JPG,2025_12_21_IMG (351).JPG,Citrus canker,train,2025-12-21,351
dataset/train/Citrus canker/2025_12_21_IMG (353).JPG,2025_12_21_IMG (353).JPG,Citrus canker,train,2025-12-21,353
dataset/train/Citrus canker/2025_12_21_IMG (354).JPG,2025_12_21_IMG (354).JPG,Citrus canker,train,2025-12-21,354
dataset/train/Citrus canker/2025_12_21_IMG (355).JPG,2025_12_21_IMG (355).JPG,Citrus canker,train,2025-12-21,355
dataset/train/Citrus canker/2025_12_21_IMG (356).JPG,2025_12_21_IMG (356).JPG,Citrus canker,train,2025-12-21,356
dataset/train/Citrus canker/2025_12_21_IMG (357).JPG,2025_12_21_IMG (357).JPG,Citrus canker,train,2025-12-21,357
dataset/train/Citrus canker/2025_12_21_IMG (358).JPG,2025_12_21_IMG (358).JPG,Citrus canker,train,2025-12-21,358
dataset/train/Citrus canker/2025_12_21_IMG (359).JPG,2025_12_21_IMG (359).JPG,Citrus canker,train,2025-12-21,359
dataset/train/Citrus canker/2025_12_21_IMG (360).JPG,2025_12_21_IMG (360).JPG,Citrus canker,train,2025-12-21,360
dataset/train/Citrus canker/2025_12_21_IMG (361).JPG,2025_12_21_IMG (361).JPG,Citrus canker,train,2025-12-21,361
dataset/train/Citrus canker/2025_12_21_IMG (362).JPG,2025_12_21_IMG (362).JPG,Citrus canker,train,2025-12-21,362
dataset/train/Citrus canker/2025_12_21_IMG (364).JPG,2025_12_21_IMG (364).JPG,Citrus canker,train,2025-12-21,364
dataset/train/Citrus canker/2025_12_21_IMG (365).JPG,2025_12_21_IMG (365).JPG,Citrus canker,train,2025-12-21,365
dataset/train/Citrus canker/2025_12_21_IMG (366).JPG,2025_12_21_IMG (366).JPG,Citrus canker,train,2025-12-21,366
dataset/train/Citrus canker/2025_12_21_IMG (367).JPG,2025_12_21_IMG (367).JPG,Citrus canker,train,2025-12-21,367
dataset/train/Citrus canker/2025_12_21_IMG (369).JPG,2025_12_21_IMG (369).JPG,Citrus canker,train,2025-12-21,369
dataset/train/Citrus canker/2025_12_21_IMG (370).JPG,2025_12_21_IMG (370).JPG,Citrus canker,train,2025-12-21,370
dataset/train/Citrus canker/2025_12_21_IMG (371).JPG,2025_12_21_IMG (371).JPG,Citrus canker,train,2025-12-21,371
dataset/train/Citrus canker/2025_12_21_IMG (372).JPG,2025_12_21_IMG (372).JPG,Citrus canker,train,2025-12-21,372
dataset/train/Citrus canker/2025_12_21_IMG (373).JPG,2025_12_21_IMG (373).JPG,Citrus canker,train,2025-12-21,373
dataset/train/Citrus canker/2025_12_21_IMG (375).JPG,2025_12_21_IMG (375).JPG,Citrus canker,train,2025-12-21,375
dataset/train/Citrus canker/2025_12_21_IMG (377).JPG,2025_12_21_IMG (377).JPG,Citrus canker,train,2025-12-21,377
dataset/train/Citrus canker/2025_12_21_IMG (379).JPG,2025_12_21_IMG (379).JPG,Citrus canker,train,2025-12-21,379
dataset/train/Citrus canker/2025_12_21_IMG (380).JPG,2025_12_21_IMG (380).JPG,Citrus canker,train,2025-12-21,380
dataset/train/Citrus canker/2025_12_21_IMG (381).JPG,2025_12_21_IMG (381).JPG,Citrus canker,train,2025-12-21,381
dataset/train/Citrus canker/2025_12_21_IMG (382).JPG,2025_12_21_IMG (382).JPG,Citrus canker,train,2025-12-21,382
dataset/train/Citrus canker/2025_12_21_IMG (384).JPG,2025_12_21_IMG (384).JPG,Citrus canker,train,2025-12-21,384
dataset/train/Citrus canker/2025_12_21_IMG (386).JPG,2025_12_21_IMG (386).JPG,Citrus canker,train,2025-12-21,386
dataset/train/Citrus canker/2025_12_21_IMG (389).JPG,2025_12_21_IMG (389).JPG,Citrus canker,train,2025-12-21,389
dataset/train/Citrus canker/2025_12_21_IMG (390).JPG,2025_12_21_IMG (390).JPG,Citrus canker,train,2025-12-21,390
dataset/train/Citrus canker/2025_12_21_IMG (392).JPG,2025_12_21_IMG (392).JPG,Citrus canker,train,2025-12-21,392
dataset/train/Citrus canker/2025_12_21_IMG (393).JPG,2025_12_21_IMG (393).JPG,Citrus canker,train,2025-12-21,393
dataset/train/Citrus canker/2025_12_21_IMG (394).JPG,2025_12_21_IMG (394).JPG,Citrus canker,train,2025-12-21,394
dataset/train/Citrus canker/2025_12_21_IMG (397).JPG,2025_12_21_IMG (397).JPG,Citrus canker,train,2025-12-21,397
dataset/train/Citrus canker/2025_12_21_IMG (398).JPG,2025_12_21_IMG (398).JPG,Citrus canker,train,2025-12-21,398
dataset/train/Citrus canker/2025_12_21_IMG (399).JPG,2025_12_21_IMG (399).JPG,Citrus canker,train,2025-12-21,399
dataset/train/Citrus canker/2025_12_21_IMG (400).JPG,2025_12_21_IMG (400).JPG,Citrus canker,train,2025-12-21,400
dataset/train/Citrus canker/2025_12_21_IMG (401).JPG,2025_12_21_IMG (401).JPG,Citrus canker,train,2025-12-21,401
dataset/train/Citrus canker/2025_12_21_IMG (402).JPG,2025_12_21_IMG (402).JPG,Citrus canker,train,2025-12-21,402
dataset/train/Citrus canker/2025_12_21_IMG (403).JPG,2025_12_21_IMG (403).JPG,Citrus canker,train,2025-12-21,403
dataset/train/Citrus canker/2025_12_21_IMG (405).JPG,2025_12_21_IMG (405).JPG,Citrus canker,train,2025-12-21,405
dataset/train/Citrus canker/2025_12_21_IMG (408).JPG,2025_12_21_IMG (408).JPG,Citrus canker,train,2025-12-21,408
dataset/train/Citrus canker/2025_12_21_IMG (409).JPG,2025_12_21_IMG (409).JPG,Citrus canker,train,2025-12-21,409
dataset/train/Citrus canker/2025_12_21_IMG (410).JPG,2025_12_21_IMG (410).JPG,Citrus canker,train,2025-12-21,410
dataset/train/Citrus canker/2025_12_21_IMG (411).JPG,2025_12_21_IMG (411).JPG,Citrus canker,train,2025-12-21,411
dataset/train/Citrus canker/2025_12_21_IMG (412).JPG,2025_12_21_IMG (412).JPG,Citrus canker,train,2025-12-21,412
dataset/train/Citrus canker/2025_12_21_IMG (413).JPG,2025_12_21_IMG (413).JPG,Citrus canker,train,2025-12-21,413
dataset/train/Citrus canker/2025_12_21_IMG (414).JPG,2025_12_21_IMG (414).JPG,Citrus canker,train,2025-12-21,414
dataset/train/Citrus canker/2025_12_21_IMG (415).JPG,2025_12_21_IMG (415).JPG,Citrus canker,train,2025-12-21,415
dataset/train/Citrus canker/2025_12_21_IMG (417).JPG,2025_12_21_IMG (417).JPG,Citrus canker,train,2025-12-21,417
dataset/train/Citrus canker/2025_12_21_IMG (419).JPG,2025_12_21_IMG (419).JPG,Citrus canker,train,2025-12-21,419
dataset/train/Citrus canker/2025_12_21_IMG (420).JPG,2025_12_21_IMG (420).JPG,Citrus canker,train,2025-12-21,420
dataset/train/Citrus canker/2025_12_21_IMG (422).JPG,2025_12_21_IMG (422).JPG,Citrus canker,train,2025-12-21,422
dataset/train/Citrus canker/2025_12_21_IMG (423).JPG,2025_12_21_IMG (423).JPG,Citrus canker,train,2025-12-21,423
dataset/train/Citrus canker/2025_12_21_IMG (424).JPG,2025_12_21_IMG (424).JPG,Citrus canker,train,2025-12-21,424
dataset/train/Citrus canker/2025_12_21_IMG (425).JPG,2025_12_21_IMG (425).JPG,Citrus canker,train,2025-12-21,425
dataset/train/Citrus canker/2025_12_21_IMG (426).JPG,2025_12_21_IMG (426).JPG,Citrus canker,train,2025-12-21,426
dataset/train/Citrus canker/2025_12_21_IMG (427).JPG,2025_12_21_IMG (427).JPG,Citrus canker,train,2025-12-21,427
dataset/train/Citrus canker/2025_12_21_IMG (428).JPG,2025_12_21_IMG (428).JPG,Citrus canker,train,2025-12-21,428
dataset/train/Citrus canker/2025_12_21_IMG (429).JPG,2025_12_21_IMG (429).JPG,Citrus canker,train,2025-12-21,429
dataset/train/Citrus canker/2025_12_21_IMG (430).JPG,2025_12_21_IMG (430).JPG,Citrus canker,train,2025-12-21,430
dataset/train/Citrus canker/2025_12_21_IMG (432).JPG,2025_12_21_IMG (432).JPG,Citrus canker,train,2025-12-21,432
dataset/train/Citrus canker/2025_12_21_IMG (433).JPG,2025_12_21_IMG (433).JPG,Citrus canker,train,2025-12-21,433
dataset/train/Citrus canker/2025_12_21_IMG (435).JPG,2025_12_21_IMG (435).JPG,Citrus canker,train,2025-12-21,435
dataset/train/Citrus canker/2025_12_21_IMG (439).JPG,2025_12_21_IMG (439).JPG,Citrus canker,train,2025-12-21,439
dataset/train/Citrus canker/2025_12_21_IMG (440).JPG,2025_12_21_IMG (440).JPG,Citrus canker,train,2025-12-21,440
dataset/train/Citrus canker/2025_12_21_IMG (441).JPG,2025_12_21_IMG (441).JPG,Citrus canker,train,2025-12-21,441
dataset/train/Citrus canker/2025_12_21_IMG (442).JPG,2025_12_21_IMG (442).JPG,Citrus canker,train,2025-12-21,442
dataset/train/Citrus canker/2025_12_21_IMG (443).JPG,2025_12_21_IMG (443).JPG,Citrus canker,train,2025-12-21,443
dataset/train/Citrus canker/2025_12_21_IMG (444).JPG,2025_12_21_IMG (444).JPG,Citrus canker,train,2025-12-21,444
dataset/train/Citrus canker/2025_12_21_IMG (445).JPG,2025_12_21_IMG (445).JPG,Citrus canker,train,2025-12-21,445
dataset/train/Citrus canker/2025_12_21_IMG (446).JPG,2025_12_21_IMG (446).JPG,Citrus canker,train,2025-12-21,446
dataset/train/Citrus canker/2025_12_21_IMG (447).JPG,2025_12_21_IMG (447).JPG,Citrus canker,train,2025-12-21,447
dataset/train/Citrus canker/2025_12_21_IMG (448).JPG,2025_12_21_IMG (448).JPG,Citrus canker,train,2025-12-21,448
dataset/train/Citrus canker/2025_12_21_IMG (449).JPG,2025_12_21_IMG (449).JPG,Citrus canker,train,2025-12-21,449
dataset/train/Citrus canker/2025_12_21_IMG (450).JPG,2025_12_21_IMG (450).JPG,Citrus canker,train,2025-12-21,450
dataset/train/Citrus canker/2025_12_21_IMG (451).JPG,2025_12_21_IMG (451).JPG,Citrus canker,train,2025-12-21,451
dataset/train/Citrus canker/2025_12_21_IMG (452).JPG,2025_12_21_IMG (452).JPG,Citrus canker,train,2025-12-21,452
dataset/train/Citrus canker/2025_12_21_IMG (453).JPG,2025_12_21_IMG (453).JPG,Citrus canker,train,2025-12-21,453
dataset/train/Citrus canker/2025_12_21_IMG (455).JPG,2025_12_21_IMG (455).JPG,Citrus canker,train,2025-12-21,455
dataset/train/Citrus canker/2025_12_21_IMG (456).JPG,2025_12_21_IMG (456).JPG,Citrus canker,train,2025-12-21,456
dataset/train/Citrus canker/2025_12_21_IMG (458).JPG,2025_12_21_IMG (458).JPG,Citrus canker,train,2025-12-21,458
dataset/train/Citrus canker/2025_12_21_IMG (459).JPG,2025_12_21_IMG (459).JPG,Citrus canker,train,2025-12-21,459
dataset/train/Citrus canker/2025_12_21_IMG (461).JPG,2025_12_21_IMG (461).JPG,Citrus canker,train,2025-12-21,461
dataset/train/Citrus canker/2025_12_21_IMG (463).JPG,2025_12_21_IMG (463).JPG,Citrus canker,train,2025-12-21,463
dataset/train/Citrus canker/2025_12_21_IMG (464).JPG,2025_12_21_IMG (464).JPG,Citrus canker,train,2025-12-21,464
dataset/train/Citrus canker/2025_12_21_IMG (465).JPG,2025_12_21_IMG (465).JPG,Citrus canker,train,2025-12-21,465
dataset/train/Citrus canker/2025_12_21_IMG (466).JPG,2025_12_21_IMG (466).JPG,Citrus canker,train,2025-12-21,466
dataset/train/Citrus canker/2025_12_21_IMG (467).JPG,2025_12_21_IMG (467).JPG,Citrus canker,train,2025-12-21,467
dataset/train/Citrus canker/2025_12_21_IMG (468).JPG,2025_12_21_IMG (468).JPG,Citrus canker,train,2025-12-21,468
dataset/train/Citrus canker/2025_12_21_IMG (469).JPG,2025_12_21_IMG (469).JPG,Citrus canker,train,2025-12-21,469
dataset/train/Citrus canker/2025_12_21_IMG (470).JPG,2025_12_21_IMG (470).JPG,Citrus canker,train,2025-12-21,470
dataset/train/Citrus canker/2025_12_21_IMG (471).JPG,2025_12_21_IMG (471).JPG,Citrus canker,train,2025-12-21,471
dataset/train/Citrus canker/2025_12_21_IMG (472).JPG,2025_12_21_IMG (472).JPG,Citrus canker,train,2025-12-21,472
dataset/train/Citrus canker/2025_12_21_IMG (473).JPG,2025_12_21_IMG (473).JPG,Citrus canker,train,2025-12-21,473
dataset/train/Citrus canker/2025_12_21_IMG (474).JPG,2025_12_21_IMG (474).JPG,Citrus canker,train,2025-12-21,474
dataset/train/Citrus canker/2025_12_21_IMG (477).JPG,2025_12_21_IMG (477).JPG,Citrus canker,train,2025-12-21,477
dataset/train/Citrus canker/2025_12_21_IMG (478).JPG,2025_12_21_IMG (478).JPG,Citrus canker,train,2025-12-21,478
dataset/train/Citrus canker/2025_12_21_IMG (479).JPG,2025_12_21_IMG (479).JPG,Citrus canker,train,2025-12-21,479
dataset/train/Citrus canker/2025_12_21_IMG (482).JPG,2025_12_21_IMG (482).JPG,Citrus canker,train,2025-12-21,482
dataset/train/Citrus canker/2025_12_21_IMG (483).JPG,2025_12_21_IMG (483).JPG,Citrus canker,train,2025-12-21,483
dataset/train/Citrus canker/2025_12_21_IMG (485).JPG,2025_12_21_IMG (485).JPG,Citrus canker,train,2025-12-21,485
dataset/train/Citrus canker/2025_12_21_IMG (486).JPG,2025_12_21_IMG (486).JPG,Citrus canker,train,2025-12-21,486
dataset/train/Citrus canker/2025_12_21_IMG (488).JPG,2025_12_21_IMG (488).JPG,Citrus canker,train,2025-12-21,488
dataset/train/Citrus canker/2025_12_21_IMG (490).JPG,2025_12_21_IMG (490).JPG,Citrus canker,train,2025-12-21,490
dataset/train/Citrus canker/2025_12_21_IMG (491).JPG,2025_12_21_IMG (491).JPG,Citrus canker,train,2025-12-21,491
dataset/train/Citrus canker/2025_12_21_IMG (492).JPG,2025_12_21_IMG (492).JPG,Citrus canker,train,2025-12-21,492
dataset/train/Citrus canker/2025_12_21_IMG (493).JPG,2025_12_21_IMG (493).JPG,Citrus canker,train,2025-12-21,493
dataset/train/Citrus canker/2025_12_21_IMG (494).JPG,2025_12_21_IMG (494).JPG,Citrus canker,train,2025-12-21,494
dataset/train/Citrus canker/2025_12_21_IMG (495).JPG,2025_12_21_IMG (495).JPG,Citrus canker,train,2025-12-21,495
dataset/train/Citrus canker/2025_12_21_IMG (496).JPG,2025_12_21_IMG (496).JPG,Citrus canker,train,2025-12-21,496
dataset/train/Citrus canker/2025_12_21_IMG (498).JPG,2025_12_21_IMG (498).JPG,Citrus canker,train,2025-12-21,498
dataset/train/Citrus canker/2025_12_21_IMG (499).JPG,2025_12_21_IMG (499).JPG,Citrus canker,train,2025-12-21,499
dataset/train/Citrus canker/2025_12_21_IMG (500).JPG,2025_12_21_IMG (500).JPG,Citrus canker,train,2025-12-21,500
dataset/train/Citrus canker/2025_12_21_IMG (501).JPG,2025_12_21_IMG (501).JPG,Citrus canker,train,2025-12-21,501
dataset/train/Citrus canker/2025_12_21_IMG (502).JPG,2025_12_21_IMG (502).JPG,Citrus canker,train,2025-12-21,502
dataset/train/Citrus canker/2025_12_21_IMG (505).JPG,2025_12_21_IMG (505).JPG,Citrus canker,train,2025-12-21,505
dataset/train/Citrus canker/2025_12_21_IMG (506).JPG,2025_12_21_IMG (506).JPG,Citrus canker,train,2025-12-21,506
dataset/train/Citrus canker/2025_12_21_IMG (508).JPG,2025_12_21_IMG (508).JPG,Citrus canker,train,2025-12-21,508
dataset/train/Citrus canker/2025_12_21_IMG (509).JPG,2025_12_21_IMG (509).JPG,Citrus canker,train,2025-12-21,509
dataset/train/Citrus canker/2025_12_21_IMG (512).JPG,2025_12_21_IMG (512).JPG,Citrus canker,train,2025-12-21,512
dataset/train/Citrus canker/2025_12_21_IMG (513).JPG,2025_12_21_IMG (513).JPG,Citrus canker,train,2025-12-21,513
dataset/train/Citrus canker/2025_12_21_IMG (514).JPG,2025_12_21_IMG (514).JPG,Citrus canker,train,2025-12-21,514
dataset/train/Citrus canker/2025_12_21_IMG (515).JPG,2025_12_21_IMG (515).JPG,Citrus canker,train,2025-12-21,515
dataset/train/Citrus canker/2025_12_21_IMG (516).JPG,2025_12_21_IMG (516).JPG,Citrus canker,train,2025-12-21,516
dataset/train/Citrus canker/2025_12_21_IMG (518).JPG,2025_12_21_IMG (518).JPG,Citrus canker,train,2025-12-21,518
dataset/train/Citrus canker/2025_12_21_IMG (521).JPG,2025_12_21_IMG (521).JPG,Citrus canker,train,2025-12-21,521
dataset/train/Citrus canker/2025_12_21_IMG (522).JPG,2025_12_21_IMG (522).JPG,Citrus canker,train,2025-12-21,522
dataset/train/Citrus canker/2025_12_21_IMG (523).JPG,2025_12_21_IMG (523).JPG,Citrus canker,train,2025-12-21,523
dataset/train/Citrus canker/2025_12_21_IMG (524).JPG,2025_12_21_IMG (524).JPG,Citrus canker,train,2025-12-21,524
dataset/train/Citrus canker/2025_12_21_IMG (525).JPG,2025_12_21_IMG (525).JPG,Citrus canker,train,2025-12-21,525
dataset/train/Citrus canker/2025_12_21_IMG (527).JPG,2025_12_21_IMG (527).JPG,Citrus canker,train,2025-12-21,527
dataset/train/Citrus canker/2025_12_21_IMG (528).JPG,2025_12_21_IMG (528).JPG,Citrus canker,train,2025-12-21,528
dataset/train/Citrus canker/2025_12_21_IMG (530).JPG,2025_12_21_IMG (530).JPG,Citrus canker,train,2025-12-21,530
dataset/train/Citrus canker/2025_12_21_IMG (532).JPG,2025_12_21_IMG (532).JPG,Citrus canker,train,2025-12-21,532
dataset/train/Citrus canker/2025_12_21_IMG (533).JPG,2025_12_21_IMG (533).JPG,Citrus canker,train,2025-12-21,533
dataset/train/Citrus canker/2025_12_21_IMG (535).JPG,2025_12_21_IMG (535).JPG,Citrus canker,train,2025-12-21,535
dataset/train/Citrus canker/2025_12_21_IMG (536).JPG,2025_12_21_IMG (536).JPG,Citrus canker,train,2025-12-21,536
dataset/train/Citrus canker/2025_12_21_IMG (538).JPG,2025_12_21_IMG (538).JPG,Citrus canker,train,2025-12-21,538
dataset/train/Citrus canker/2025_12_21_IMG (539).JPG,2025_12_21_IMG (539).JPG,Citrus canker,train,2025-12-21,539
dataset/train/Citrus canker/2025_12_21_IMG (540).JPG,2025_12_21_IMG (540).JPG,Citrus canker,train,2025-12-21,540
dataset/train/Citrus canker/2025_12_21_IMG (541).JPG,2025_12_21_IMG (541).JPG,Citrus canker,train,2025-12-21,541
dataset/train/Citrus canker/2025_12_21_IMG (544).JPG,2025_12_21_IMG (544).JPG,Citrus canker,train,2025-12-21,544
dataset/train/Citrus canker/2025_12_21_IMG (546).JPG,2025_12_21_IMG (546).JPG,Citrus canker,train,2025-12-21,546
dataset/train/Citrus canker/2025_12_21_IMG (547).JPG,2025_12_21_IMG (547).JPG,Citrus canker,train,2025-12-21,547
dataset/train/Citrus canker/2025_12_21_IMG (549).JPG,2025_12_21_IMG (549).JPG,Citrus canker,train,2025-12-21,549
dataset/train/Citrus canker/2025_12_21_IMG (551).JPG,2025_12_21_IMG (551).JPG,Citrus canker,train,2025-12-21,551
dataset/train/Citrus canker/2025_12_21_IMG (552).JPG,2025_12_21_IMG (552).JPG,Citrus canker,train,2025-12-21,552
dataset/train/Citrus canker/2025_12_21_IMG (553).JPG,2025_12_21_IMG (553).JPG,Citrus canker,train,2025-12-21,553
dataset/train/Citrus canker/2025_12_21_IMG (555).JPG,2025_12_21_IMG (555).JPG,Citrus canker,train,2025-12-21,555
dataset/train/Citrus canker/2025_12_21_IMG (557).JPG,2025_12_21_IMG (557).JPG,Citrus canker,train,2025-12-21,557
dataset/train/Citrus canker/2025_12_21_IMG (560).JPG,2025_12_21_IMG (560).JPG,Citrus canker,train,2025-12-21,560
dataset/train/Citrus canker/2025_12_21_IMG (561).JPG,2025_12_21_IMG (561).JPG,Citrus canker,train,2025-12-21,561
dataset/train/Citrus canker/2025_12_21_IMG (563).JPG,2025_12_21_IMG (563).JPG,Citrus canker,train,2025-12-21,563
dataset/train/Citrus canker/2025_12_21_IMG (566).JPG,2025_12_21_IMG (566).JPG,Citrus canker,train,2025-12-21,566
dataset/train/Citrus canker/2025_12_21_IMG (568).JPG,2025_12_21_IMG (568).JPG,Citrus canker,train,2025-12-21,568
dataset/train/Citrus canker/2025_12_21_IMG (569).JPG,2025_12_21_IMG (569).JPG,Citrus canker,train,2025-12-21,569
dataset/train/Citrus canker/2025_12_21_IMG (570).JPG,2025_12_21_IMG (570).JPG,Citrus canker,train,2025-12-21,570
dataset/train/Citrus canker/2025_12_21_IMG (571).JPG,2025_12_21_IMG (571).JPG,Citrus canker,train,2025-12-21,571
dataset/train/Citrus pest/2025_12_20_IMG (100).JPG,2025_12_20_IMG (100).JPG,Citrus pest,train,2025-12-20,100
dataset/train/Citrus pest/2025_12_20_IMG (101).JPG,2025_12_20_IMG (101).JPG,Citrus pest,train,2025-12-20,101
dataset/train/Citrus pest/2025_12_20_IMG (102).JPG,2025_12_20_IMG (102).JPG,Citrus pest,train,2025-12-20,102
dataset/train/Citrus pest/2025_12_20_IMG (104).JPG,2025_12_20_IMG (104).JPG,Citrus pest,train,2025-12-20,104
dataset/train/Citrus pest/2025_12_20_IMG (105).JPG,2025_12_20_IMG (105).JPG,Citrus pest,train,2025-12-20,105
dataset/train/Citrus pest/2025_12_20_IMG (106).JPG,2025_12_20_IMG (106).JPG,Citrus pest,train,2025-12-20,106
dataset/train/Citrus pest/2025_12_20_IMG (107).JPG,2025_12_20_IMG (107).JPG,Citrus pest,train,2025-12-20,107
dataset/train/Citrus pest/2025_12_20_IMG (108).JPG,2025_12_20_IMG (108).JPG,Citrus pest,train,2025-12-20,108
dataset/train/Citrus pest/2025_12_20_IMG (109).JPG,2025_12_20_IMG (109).JPG,Citrus pest,train,2025-12-20,109
dataset/train/Citrus pest/2025_12_20_IMG (110).JPG,2025_12_20_IMG (110).JPG,Citrus pest,train,2025-12-20,110
dataset/train/Citrus pest/2025_12_20_IMG (111).JPG,2025_12_20_IMG (111).JPG,Citrus pest,train,2025-12-20,111
dataset/train/Citrus pest/2025_12_20_IMG (114).JPG,2025_12_20_IMG (114).JPG,Citrus pest,train,2025-12-20,114
dataset/train/Citrus pest/2025_12_20_IMG (117).JPG,2025_12_20_IMG (117).JPG,Citrus pest,train,2025-12-20,117
dataset/train/Citrus pest/2025_12_20_IMG (118).JPG,2025_12_20_IMG (118).JPG,Citrus pest,train,2025-12-20,118
dataset/train/Citrus pest/2025_12_20_IMG (119).JPG,2025_12_20_IMG (119).JPG,Citrus pest,train,2025-12-20,119
dataset/train/Citrus pest/2025_12_20_IMG (120).JPG,2025_12_20_IMG (120).JPG,Citrus pest,train,2025-12-20,120
dataset/train/Citrus pest/2025_12_20_IMG (121).JPG,2025_12_20_IMG (121).JPG,Citrus pest,train,2025-12-20,121
dataset/train/Citrus pest/2025_12_20_IMG (124).JPG,2025_12_20_IMG (124).JPG,Citrus pest,train,2025-12-20,124
dataset/train/Citrus pest/2025_12_20_IMG (125).JPG,2025_12_20_IMG (125).JPG,Citrus pest,train,2025-12-20,125
dataset/train/Citrus pest/2025_12_20_IMG (126).JPG,2025_12_20_IMG (126).JPG,Citrus pest,train,2025-12-20,126
dataset/train/Citrus pest/2025_12_20_IMG (127).JPG,2025_12_20_IMG (127).JPG,Citrus pest,train,2025-12-20,127
dataset/train/Citrus pest/2025_12_20_IMG (129).JPG,2025_12_20_IMG (129).JPG,Citrus pest,train,2025-12-20,129
dataset/train/Citrus pest/2025_12_20_IMG (130).JPG,2025_12_20_IMG (130).JPG,Citrus pest,train,2025-12-20,130
dataset/train/Citrus pest/2025_12_20_IMG (131).JPG,2025_12_20_IMG (131).JPG,Citrus pest,train,2025-12-20,131
dataset/train/Citrus pest/2025_12_20_IMG (132).JPG,2025_12_20_IMG (132).JPG,Citrus pest,train,2025-12-20,132
dataset/train/Citrus pest/2025_12_20_IMG (134).JPG,2025_12_20_IMG (134).JPG,Citrus pest,train,2025-12-20,134
dataset/train/Citrus pest/2025_12_20_IMG (137).JPG,2025_12_20_IMG (137).JPG,Citrus pest,train,2025-12-20,137
dataset/train/Citrus pest/2025_12_20_IMG (138).JPG,2025_12_20_IMG (138).JPG,Citrus pest,train,2025-12-20,138
dataset/train/Citrus pest/2025_12_20_IMG (139).JPG,2025_12_20_IMG (139).JPG,Citrus pest,train,2025-12-20,139
dataset/train/Citrus pest/2025_12_20_IMG (141).JPG,2025_12_20_IMG (141).JPG,Citrus pest,train,2025-12-20,141
dataset/train/Citrus pest/2025_12_20_IMG (142).JPG,2025_12_20_IMG (142).JPG,Citrus pest,train,2025-12-20,142
dataset/train/Citrus pest/2025_12_20_IMG (143).JPG,2025_12_20_IMG (143).JPG,Citrus pest,train,2025-12-20,143
dataset/train/Citrus pest/2025_12_20_IMG (145).JPG,2025_12_20_IMG (145).JPG,Citrus pest,train,2025-12-20,145
dataset/train/Citrus pest/2025_12_20_IMG (148).JPG,2025_12_20_IMG (148).JPG,Citrus pest,train,2025-12-20,148
dataset/train/Citrus pest/2025_12_20_IMG (150).JPG,2025_12_20_IMG (150).JPG,Citrus pest,train,2025-12-20,150
dataset/train/Citrus pest/2025_12_20_IMG (153).JPG,2025_12_20_IMG (153).JPG,Citrus pest,train,2025-12-20,153
dataset/train/Citrus pest/2025_12_20_IMG (154).JPG,2025_12_20_IMG (154).JPG,Citrus pest,train,2025-12-20,154
dataset/train/Citrus pest/2025_12_20_IMG (155).JPG,2025_12_20_IMG (155).JPG,Citrus pest,train,2025-12-20,155
dataset/train/Citrus pest/2025_12_20_IMG (156).JPG,2025_12_20_IMG (156).JPG,Citrus pest,train,2025-12-20,156
dataset/train/Citrus pest/2025_12_20_IMG (158).JPG,2025_12_20_IMG (158).JPG,Citrus pest,train,2025-12-20,158
dataset/train/Citrus pest/2025_12_20_IMG (159).JPG,2025_12_20_IMG (159).JPG,Citrus pest,train,2025-12-20,159
dataset/train/Citrus pest/2025_12_20_IMG (160).JPG,2025_12_20_IMG (160).JPG,Citrus pest,train,2025-12-20,160
dataset/train/Citrus pest/2025_12_20_IMG (161).JPG,2025_12_20_IMG (161).JPG,Citrus pest,train,2025-12-20,161
dataset/train/Citrus pest/2025_12_20_IMG (162).JPG,2025_12_20_IMG (162).JPG,Citrus pest,train,2025-12-20,162
dataset/train/Citrus pest/2025_12_20_IMG (164).JPG,2025_12_20_IMG (164).JPG,Citrus pest,train,2025-12-20,164
dataset/train/Citrus pest/2025_12_20_IMG (165).JPG,2025_12_20_IMG (165).JPG,Citrus pest,train,2025-12-20,165
dataset/train/Citrus pest/2025_12_20_IMG (166).JPG,2025_12_20_IMG (166).JPG,Citrus pest,train,2025-12-20,166
dataset/train/Citrus pest/2025_12_20_IMG (167).JPG,2025_12_20_IMG (167).JPG,Citrus pest,train,2025-12-20,167
dataset/train/Citrus pest/2025_12_20_IMG (168).JPG,2025_12_20_IMG (168).JPG,Citrus pest,train,2025-12-20,168
dataset/train/Citrus pest/2025_12_20_IMG (169).JPG,2025_12_20_IMG (169).JPG,Citrus pest,train,2025-12-20,169
dataset/train/Citrus pest/2025_12_20_IMG (172).JPG,2025_12_20_IMG (172).JPG,Citrus pest,train,2025-12-20,172
dataset/train/Citrus pest/2025_12_20_IMG (174).JPG,2025_12_20_IMG (174).JPG,Citrus pest,train,2025-12-20,174
dataset/train/Citrus pest/2025_12_20_IMG (175).JPG,2025_12_20_IMG (175).JPG,Citrus pest,train,2025-12-20,175
dataset/train/Citrus pest/2025_12_20_IMG (176).JPG,2025_12_20_IMG (176).JPG,Citrus pest,train,2025-12-20,176
dataset/train/Citrus pest/2025_12_20_IMG (177).JPG,2025_12_20_IMG (177).JPG,Citrus pest,train,2025-12-20,177
dataset/train/Citrus pest/2025_12_20_IMG (178).JPG,2025_12_20_IMG (178).JPG,Citrus pest,train,2025-12-20,178
dataset/train/Citrus pest/2025_12_20_IMG (18).JPG,2025_12_20_IMG (18).JPG,Citrus pest,train,2025-12-20,18
dataset/train/Citrus pest/2025_12_20_IMG (181).JPG,2025_12_20_IMG (181).JPG,Citrus pest,train,2025-12-20,181
dataset/train/Citrus pest/2025_12_20_IMG (183).JPG,2025_12_20_IMG (183).JPG,Citrus pest,train,2025-12-20,183
dataset/train/Citrus pest/2025_12_20_IMG (184).JPG,2025_12_20_IMG (184).JPG,Citrus pest,train,2025-12-20,184
dataset/train/Citrus pest/2025_12_20_IMG (185).JPG,2025_12_20_IMG (185).JPG,Citrus pest,train,2025-12-20,185
dataset/train/Citrus pest/2025_12_20_IMG (187).JPG,2025_12_20_IMG (187).JPG,Citrus pest,train,2025-12-20,187
dataset/train/Citrus pest/2025_12_20_IMG (188).JPG,2025_12_20_IMG (188).JPG,Citrus pest,train,2025-12-20,188
dataset/train/Citrus pest/2025_12_20_IMG (189).JPG,2025_12_20_IMG (189).JPG,Citrus pest,train,2025-12-20,189
dataset/train/Citrus pest/2025_12_20_IMG (19).JPG,2025_12_20_IMG (19).JPG,Citrus pest,train,2025-12-20,19
dataset/train/Citrus pest/2025_12_20_IMG (190).JPG,2025_12_20_IMG (190).JPG,Citrus pest,train,2025-12-20,190
dataset/train/Citrus pest/2025_12_20_IMG (191).JPG,2025_12_20_IMG (191).JPG,Citrus pest,train,2025-12-20,191
dataset/train/Citrus pest/2025_12_20_IMG (192).JPG,2025_12_20_IMG (192).JPG,Citrus pest,train,2025-12-20,192
dataset/train/Citrus pest/2025_12_20_IMG (193).JPG,2025_12_20_IMG (193).JPG,Citrus pest,train,2025-12-20,193
dataset/train/Citrus pest/2025_12_20_IMG (194).JPG,2025_12_20_IMG (194).JPG,Citrus pest,train,2025-12-20,194
dataset/train/Citrus pest/2025_12_20_IMG (195).JPG,2025_12_20_IMG (195).JPG,Citrus pest,train,2025-12-20,195
dataset/train/Citrus pest/2025_12_20_IMG (197).JPG,2025_12_20_IMG (197).JPG,Citrus pest,train,2025-12-20,197
dataset/train/Citrus pest/2025_12_20_IMG (198).JPG,2025_12_20_IMG (198).JPG,Citrus pest,train,2025-12-20,198
dataset/train/Citrus pest/2025_12_20_IMG (20).JPG,2025_12_20_IMG (20).JPG,Citrus pest,train,2025-12-20,20
dataset/train/Citrus pest/2025_12_20_IMG (200).JPG,2025_12_20_IMG (200).JPG,Citrus pest,train,2025-12-20,200
dataset/train/Citrus pest/2025_12_20_IMG (201).JPG,2025_12_20_IMG (201).JPG,Citrus pest,train,2025-12-20,201
dataset/train/Citrus pest/2025_12_20_IMG (202).JPG,2025_12_20_IMG (202).JPG,Citrus pest,train,2025-12-20,202
dataset/train/Citrus pest/2025_12_20_IMG (203).JPG,2025_12_20_IMG (203).JPG,Citrus pest,train,2025-12-20,203
dataset/train/Citrus pest/2025_12_20_IMG (206).JPG,2025_12_20_IMG (206).JPG,Citrus pest,train,2025-12-20,206
dataset/train/Citrus pest/2025_12_20_IMG (21).JPG,2025_12_20_IMG (21).JPG,Citrus pest,train,2025-12-20,21
dataset/train/Citrus pest/2025_12_20_IMG (211).JPG,2025_12_20_IMG (211).JPG,Citrus pest,train,2025-12-20,211
dataset/train/Citrus pest/2025_12_20_IMG (214).JPG,2025_12_20_IMG (214).JPG,Citrus pest,train,2025-12-20,214
dataset/train/Citrus pest/2025_12_20_IMG (216).JPG,2025_12_20_IMG (216).JPG,Citrus pest,train,2025-12-20,216
dataset/train/Citrus pest/2025_12_20_IMG (217).JPG,2025_12_20_IMG (217).JPG,Citrus pest,train,2025-12-20,217
dataset/train/Citrus pest/2025_12_20_IMG (218).JPG,2025_12_20_IMG (218).JPG,Citrus pest,train,2025-12-20,218
dataset/train/Citrus pest/2025_12_20_IMG (219).JPG,2025_12_20_IMG (219).JPG,Citrus pest,train,2025-12-20,219
dataset/train/Citrus pest/2025_12_20_IMG (22).JPG,2025_12_20_IMG (22).JPG,Citrus pest,train,2025-12-20,22
dataset/train/Citrus pest/2025_12_20_IMG (222).JPG,2025_12_20_IMG (222).JPG,Citrus pest,train,2025-12-20,222
dataset/train/Citrus pest/2025_12_20_IMG (223).JPG,2025_12_20_IMG (223).JPG,Citrus pest,train,2025-12-20,223
dataset/train/Citrus pest/2025_12_20_IMG (224).JPG,2025_12_20_IMG (224).JPG,Citrus pest,train,2025-12-20,224
dataset/train/Citrus pest/2025_12_20_IMG (225).JPG,2025_12_20_IMG (225).JPG,Citrus pest,train,2025-12-20,225
dataset/train/Citrus pest/2025_12_20_IMG (226).JPG,2025_12_20_IMG (226).JPG,Citrus pest,train,2025-12-20,226
dataset/train/Citrus pest/2025_12_20_IMG (227).JPG,2025_12_20_IMG (227).JPG,Citrus pest,train,2025-12-20,227
dataset/train/Citrus pest/2025_12_20_IMG (228).JPG,2025_12_20_IMG (228).JPG,Citrus pest,train,2025-12-20,228
dataset/train/Citrus pest/2025_12_20_IMG (233).JPG,2025_12_20_IMG (233).JPG,Citrus pest,train,2025-12-20,233
dataset/train/Citrus pest/2025_12_20_IMG (235).JPG,2025_12_20_IMG (235).JPG,Citrus pest,train,2025-12-20,235
dataset/train/Citrus pest/2025_12_20_IMG (237).JPG,2025_12_20_IMG (237).JPG,Citrus pest,train,2025-12-20,237
dataset/train/Citrus pest/2025_12_20_IMG (238).JPG,2025_12_20_IMG (238).JPG,Citrus pest,train,2025-12-20,238
dataset/train/Citrus pest/2025_12_20_IMG (239).JPG,2025_12_20_IMG (239).JPG,Citrus pest,train,2025-12-20,239
dataset/train/Citrus pest/2025_12_20_IMG (24).JPG,2025_12_20_IMG (24).JPG,Citrus pest,train,2025-12-20,24
dataset/train/Citrus pest/2025_12_20_IMG (240).JPG,2025_12_20_IMG (240).JPG,Citrus pest,train,2025-12-20,240
dataset/train/Citrus pest/2025_12_20_IMG (242).JPG,2025_12_20_IMG (242).JPG,Citrus pest,train,2025-12-20,242
dataset/train/Citrus pest/2025_12_20_IMG (244).JPG,2025_12_20_IMG (244).JPG,Citrus pest,train,2025-12-20,244
dataset/train/Citrus pest/2025_12_20_IMG (245).JPG,2025_12_20_IMG (245).JPG,Citrus pest,train,2025-12-20,245
dataset/train/Citrus pest/2025_12_20_IMG (246).JPG,2025_12_20_IMG (246).JPG,Citrus pest,train,2025-12-20,246
dataset/train/Citrus pest/2025_12_20_IMG (247).JPG,2025_12_20_IMG (247).JPG,Citrus pest,train,2025-12-20,247
dataset/train/Citrus pest/2025_12_20_IMG (248).JPG,2025_12_20_IMG (248).JPG,Citrus pest,train,2025-12-20,248
dataset/train/Citrus pest/2025_12_20_IMG (249).JPG,2025_12_20_IMG (249).JPG,Citrus pest,train,2025-12-20,249
dataset/train/Citrus pest/2025_12_20_IMG (25).JPG,2025_12_20_IMG (25).JPG,Citrus pest,train,2025-12-20,25
dataset/train/Citrus pest/2025_12_20_IMG (250).JPG,2025_12_20_IMG (250).JPG,Citrus pest,train,2025-12-20,250
dataset/train/Citrus pest/2025_12_20_IMG (251).JPG,2025_12_20_IMG (251).JPG,Citrus pest,train,2025-12-20,251
dataset/train/Citrus pest/2025_12_20_IMG (252).JPG,2025_12_20_IMG (252).JPG,Citrus pest,train,2025-12-20,252
dataset/train/Citrus pest/2025_12_20_IMG (254).JPG,2025_12_20_IMG (254).JPG,Citrus pest,train,2025-12-20,254
dataset/train/Citrus pest/2025_12_20_IMG (255).JPG,2025_12_20_IMG (255).JPG,Citrus pest,train,2025-12-20,255
dataset/train/Citrus pest/2025_12_20_IMG (256).JPG,2025_12_20_IMG (256).JPG,Citrus pest,train,2025-12-20,256
dataset/train/Citrus pest/2025_12_20_IMG (257).JPG,2025_12_20_IMG (257).JPG,Citrus pest,train,2025-12-20,257
dataset/train/Citrus pest/2025_12_20_IMG (259).JPG,2025_12_20_IMG (259).JPG,Citrus pest,train,2025-12-20,259
dataset/train/Citrus pest/2025_12_20_IMG (26).JPG,2025_12_20_IMG (26).JPG,Citrus pest,train,2025-12-20,26
dataset/train/Citrus pest/2025_12_20_IMG (260).JPG,2025_12_20_IMG (260).JPG,Citrus pest,train,2025-12-20,260
dataset/train/Citrus pest/2025_12_20_IMG (261).JPG,2025_12_20_IMG (261).JPG,Citrus pest,train,2025-12-20,261
dataset/train/Citrus pest/2025_12_20_IMG (262).JPG,2025_12_20_IMG (262).JPG,Citrus pest,train,2025-12-20,262
dataset/train/Citrus pest/2025_12_20_IMG (264).JPG,2025_12_20_IMG (264).JPG,Citrus pest,train,2025-12-20,264
dataset/train/Citrus pest/2025_12_20_IMG (266).JPG,2025_12_20_IMG (266).JPG,Citrus pest,train,2025-12-20,266
dataset/train/Citrus pest/2025_12_20_IMG (268).JPG,2025_12_20_IMG (268).JPG,Citrus pest,train,2025-12-20,268
dataset/train/Citrus pest/2025_12_20_IMG (269).JPG,2025_12_20_IMG (269).JPG,Citrus pest,train,2025-12-20,269
dataset/train/Citrus pest/2025_12_20_IMG (27).JPG,2025_12_20_IMG (27).JPG,Citrus pest,train,2025-12-20,27
dataset/train/Citrus pest/2025_12_20_IMG (270).JPG,2025_12_20_IMG (270).JPG,Citrus pest,train,2025-12-20,270
dataset/train/Citrus pest/2025_12_20_IMG (272).JPG,2025_12_20_IMG (272).JPG,Citrus pest,train,2025-12-20,272
dataset/train/Citrus pest/2025_12_20_IMG (274).JPG,2025_12_20_IMG (274).JPG,Citrus pest,train,2025-12-20,274
dataset/train/Citrus pest/2025_12_20_IMG (277).JPG,2025_12_20_IMG (277).JPG,Citrus pest,train,2025-12-20,277
dataset/train/Citrus pest/2025_12_20_IMG (278).JPG,2025_12_20_IMG (278).JPG,Citrus pest,train,2025-12-20,278
dataset/train/Citrus pest/2025_12_20_IMG (28).JPG,2025_12_20_IMG (28).JPG,Citrus pest,train,2025-12-20,28
dataset/train/Citrus pest/2025_12_20_IMG (280).JPG,2025_12_20_IMG (280).JPG,Citrus pest,train,2025-12-20,280
dataset/train/Citrus pest/2025_12_20_IMG (281).JPG,2025_12_20_IMG (281).JPG,Citrus pest,train,2025-12-20,281
dataset/train/Citrus pest/2025_12_20_IMG (284).JPG,2025_12_20_IMG (284).JPG,Citrus pest,train,2025-12-20,284
dataset/train/Citrus pest/2025_12_20_IMG (285).JPG,2025_12_20_IMG (285).JPG,Citrus pest,train,2025-12-20,285
dataset/train/Citrus pest/2025_12_20_IMG (286).JPG,2025_12_20_IMG (286).JPG,Citrus pest,train,2025-12-20,286
dataset/train/Citrus pest/2025_12_20_IMG (287).JPG,2025_12_20_IMG (287).JPG,Citrus pest,train,2025-12-20,287
dataset/train/Citrus pest/2025_12_20_IMG (288).JPG,2025_12_20_IMG (288).JPG,Citrus pest,train,2025-12-20,288
dataset/train/Citrus pest/2025_12_20_IMG (289).JPG,2025_12_20_IMG (289).JPG,Citrus pest,train,2025-12-20,289
dataset/train/Citrus pest/2025_12_20_IMG (29).JPG,2025_12_20_IMG (29).JPG,Citrus pest,train,2025-12-20,29
dataset/train/Citrus pest/2025_12_20_IMG (291).JPG,2025_12_20_IMG (291).JPG,Citrus pest,train,2025-12-20,291
dataset/train/Citrus pest/2025_12_20_IMG (294).JPG,2025_12_20_IMG (294).JPG,Citrus pest,train,2025-12-20,294
dataset/train/Citrus pest/2025_12_20_IMG (295).JPG,2025_12_20_IMG (295).JPG,Citrus pest,train,2025-12-20,295
dataset/train/Citrus pest/2025_12_20_IMG (296).JPG,2025_12_20_IMG (296).JPG,Citrus pest,train,2025-12-20,296
dataset/train/Citrus pest/2025_12_20_IMG (297).JPG,2025_12_20_IMG (297).JPG,Citrus pest,train,2025-12-20,297
dataset/train/Citrus pest/2025_12_20_IMG (298).JPG,2025_12_20_IMG (298).JPG,Citrus pest,train,2025-12-20,298
dataset/train/Citrus pest/2025_12_20_IMG (299).JPG,2025_12_20_IMG (299).JPG,Citrus pest,train,2025-12-20,299
dataset/train/Citrus pest/2025_12_20_IMG (30).JPG,2025_12_20_IMG (30).JPG,Citrus pest,train,2025-12-20,30
dataset/train/Citrus pest/2025_12_20_IMG (300).JPG,2025_12_20_IMG (300).JPG,Citrus pest,train,2025-12-20,300
dataset/train/Citrus pest/2025_12_20_IMG (302).JPG,2025_12_20_IMG (302).JPG,Citrus pest,train,2025-12-20,302
dataset/train/Citrus pest/2025_12_20_IMG (304).JPG,2025_12_20_IMG (304).JPG,Citrus pest,train,2025-12-20,304
dataset/train/Citrus pest/2025_12_20_IMG (305).JPG,2025_12_20_IMG (305).JPG,Citrus pest,train,2025-12-20,305
dataset/train/Citrus pest/2025_12_20_IMG (307).JPG,2025_12_20_IMG (307).JPG,Citrus pest,train,2025-12-20,307
dataset/train/Citrus pest/2025_12_20_IMG (308).JPG,2025_12_20_IMG (308).JPG,Citrus pest,train,2025-12-20,308
dataset/train/Citrus pest/2025_12_20_IMG (309).JPG,2025_12_20_IMG (309).JPG,Citrus pest,train,2025-12-20,309
dataset/train/Citrus pest/2025_12_20_IMG (31).JPG,2025_12_20_IMG (31).JPG,Citrus pest,train,2025-12-20,31
dataset/train/Citrus pest/2025_12_20_IMG (310).JPG,2025_12_20_IMG (310).JPG,Citrus pest,train,2025-12-20,310
dataset/train/Citrus pest/2025_12_20_IMG (311).JPG,2025_12_20_IMG (311).JPG,Citrus pest,train,2025-12-20,311
dataset/train/Citrus pest/2025_12_20_IMG (312).JPG,2025_12_20_IMG (312).JPG,Citrus pest,train,2025-12-20,312
dataset/train/Citrus pest/2025_12_20_IMG (313).JPG,2025_12_20_IMG (313).JPG,Citrus pest,train,2025-12-20,313
dataset/train/Citrus pest/2025_12_20_IMG (314).JPG,2025_12_20_IMG (314).JPG,Citrus pest,train,2025-12-20,314
dataset/train/Citrus pest/2025_12_20_IMG (316).JPG,2025_12_20_IMG (316).JPG,Citrus pest,train,2025-12-20,316
dataset/train/Citrus pest/2025_12_20_IMG (317).JPG,2025_12_20_IMG (317).JPG,Citrus pest,train,2025-12-20,317
dataset/train/Citrus pest/2025_12_20_IMG (319).JPG,2025_12_20_IMG (319).JPG,Citrus pest,train,2025-12-20,319
dataset/train/Citrus pest/2025_12_20_IMG (322).JPG,2025_12_20_IMG (322).JPG,Citrus pest,train,2025-12-20,322
dataset/train/Citrus pest/2025_12_20_IMG (323).JPG,2025_12_20_IMG (323).JPG,Citrus pest,train,2025-12-20,323
dataset/train/Citrus pest/2025_12_20_IMG (324).JPG,2025_12_20_IMG (324).JPG,Citrus pest,train,2025-12-20,324
dataset/train/Citrus pest/2025_12_20_IMG (325).JPG,2025_12_20_IMG (325).JPG,Citrus pest,train,2025-12-20,325
dataset/train/Citrus pest/2025_12_20_IMG (326).JPG,2025_12_20_IMG (326).JPG,Citrus pest,train,2025-12-20,326
dataset/train/Citrus pest/2025_12_20_IMG (327).JPG,2025_12_20_IMG (327).JPG,Citrus pest,train,2025-12-20,327
dataset/train/Citrus pest/2025_12_20_IMG (328).JPG,2025_12_20_IMG (328).JPG,Citrus pest,train,2025-12-20,328
dataset/train/Citrus pest/2025_12_20_IMG (329).JPG,2025_12_20_IMG (329).JPG,Citrus pest,train,2025-12-20,329
dataset/train/Citrus pest/2025_12_20_IMG (33).JPG,2025_12_20_IMG (33).JPG,Citrus pest,train,2025-12-20,33
dataset/train/Citrus pest/2025_12_20_IMG (330).JPG,2025_12_20_IMG (330).JPG,Citrus pest,train,2025-12-20,330
dataset/train/Citrus pest/2025_12_20_IMG (331).JPG,2025_12_20_IMG (331).JPG,Citrus pest,train,2025-12-20,331
dataset/train/Citrus pest/2025_12_20_IMG (332).JPG,2025_12_20_IMG (332).JPG,Citrus pest,train,2025-12-20,332
dataset/train/Citrus pest/2025_12_20_IMG (333).JPG,2025_12_20_IMG (333).JPG,Citrus pest,train,2025-12-20,333
dataset/train/Citrus pest/2025_12_20_IMG (334).JPG,2025_12_20_IMG (334).JPG,Citrus pest,train,2025-12-20,334
dataset/train/Citrus pest/2025_12_20_IMG (335).JPG,2025_12_20_IMG (335).JPG,Citrus pest,train,2025-12-20,335
dataset/train/Citrus pest/2025_12_20_IMG (337).JPG,2025_12_20_IMG (337).JPG,Citrus pest,train,2025-12-20,337
dataset/train/Citrus pest/2025_12_20_IMG (338).JPG,2025_12_20_IMG (338).JPG,Citrus pest,train,2025-12-20,338
dataset/train/Citrus pest/2025_12_20_IMG (34).JPG,2025_12_20_IMG (34).JPG,Citrus pest,train,2025-12-20,34
dataset/train/Citrus pest/2025_12_20_IMG (340).JPG,2025_12_20_IMG (340).JPG,Citrus pest,train,2025-12-20,340
dataset/train/Citrus pest/2025_12_20_IMG (342).JPG,2025_12_20_IMG (342).JPG,Citrus pest,train,2025-12-20,342
dataset/train/Citrus pest/2025_12_20_IMG (344).JPG,2025_12_20_IMG (344).JPG,Citrus pest,train,2025-12-20,344
dataset/train/Citrus pest/2025_12_20_IMG (345).JPG,2025_12_20_IMG (345).JPG,Citrus pest,train,2025-12-20,345
dataset/train/Citrus pest/2025_12_20_IMG (346).JPG,2025_12_20_IMG (346).JPG,Citrus pest,train,2025-12-20,346
dataset/train/Citrus pest/2025_12_20_IMG (347).JPG,2025_12_20_IMG (347).JPG,Citrus pest,train,2025-12-20,347
dataset/train/Citrus pest/2025_12_20_IMG (348).JPG,2025_12_20_IMG (348).JPG,Citrus pest,train,2025-12-20,348
dataset/train/Citrus pest/2025_12_20_IMG (349).JPG,2025_12_20_IMG (349).JPG,Citrus pest,train,2025-12-20,349
dataset/train/Citrus pest/2025_12_20_IMG (35).JPG,2025_12_20_IMG (35).JPG,Citrus pest,train,2025-12-20,35
dataset/train/Citrus pest/2025_12_20_IMG (350).JPG,2025_12_20_IMG (350).JPG,Citrus pest,train,2025-12-20,350
dataset/train/Citrus pest/2025_12_20_IMG (351).JPG,2025_12_20_IMG (351).JPG,Citrus pest,train,2025-12-20,351
dataset/train/Citrus pest/2025_12_20_IMG (352).JPG,2025_12_20_IMG (352).JPG,Citrus pest,train,2025-12-20,352
dataset/train/Citrus pest/2025_12_20_IMG (353).JPG,2025_12_20_IMG (353).JPG,Citrus pest,train,2025-12-20,353
dataset/train/Citrus pest/2025_12_20_IMG (354).JPG,2025_12_20_IMG (354).JPG,Citrus pest,train,2025-12-20,354
dataset/train/Citrus pest/2025_12_20_IMG (358).JPG,2025_12_20_IMG (358).JPG,Citrus pest,train,2025-12-20,358
dataset/train/Citrus pest/2025_12_20_IMG (359).JPG,2025_12_20_IMG (359).JPG,Citrus pest,train,2025-12-20,359
dataset/train/Citrus pest/2025_12_20_IMG (36).JPG,2025_12_20_IMG (36).JPG,Citrus pest,train,2025-12-20,36
dataset/train/Citrus pest/2025_12_20_IMG (361).JPG,2025_12_20_IMG (361).JPG,Citrus pest,train,2025-12-20,361
dataset/train/Citrus pest/2025_12_20_IMG (362).JPG,2025_12_20_IMG (362).JPG,Citrus pest,train,2025-12-20,362
dataset/train/Citrus pest/2025_12_20_IMG (364).JPG,2025_12_20_IMG (364).JPG,Citrus pest,train,2025-12-20,364
dataset/train/Citrus pest/2025_12_20_IMG (365).JPG,2025_12_20_IMG (365).JPG,Citrus pest,train,2025-12-20,365
dataset/train/Citrus pest/2025_12_20_IMG (367).JPG,2025_12_20_IMG (367).JPG,Citrus pest,train,2025-12-20,367
dataset/train/Citrus pest/2025_12_20_IMG (369).JPG,2025_12_20_IMG (369).JPG,Citrus pest,train,2025-12-20,369
dataset/train/Citrus pest/2025_12_20_IMG (37).JPG,2025_12_20_IMG (37).JPG,Citrus pest,train,2025-12-20,37
dataset/train/Citrus pest/2025_12_20_IMG (371).JPG,2025_12_20_IMG (371).JPG,Citrus pest,train,2025-12-20,371
dataset/train/Citrus pest/2025_12_20_IMG (372).JPG,2025_12_20_IMG (372).JPG,Citrus pest,train,2025-12-20,372
dataset/train/Citrus pest/2025_12_20_IMG (374).JPG,2025_12_20_IMG (374).JPG,Citrus pest,train,2025-12-20,374
dataset/train/Citrus pest/2025_12_20_IMG (376).JPG,2025_12_20_IMG (376).JPG,Citrus pest,train,2025-12-20,376
dataset/train/Citrus pest/2025_12_20_IMG (378).JPG,2025_12_20_IMG (378).JPG,Citrus pest,train,2025-12-20,378
dataset/train/Citrus pest/2025_12_20_IMG (379).JPG,2025_12_20_IMG (379).JPG,Citrus pest,train,2025-12-20,379
dataset/train/Citrus pest/2025_12_20_IMG (38).JPG,2025_12_20_IMG (38).JPG,Citrus pest,train,2025-12-20,38
dataset/train/Citrus pest/2025_12_20_IMG (382).JPG,2025_12_20_IMG (382).JPG,Citrus pest,train,2025-12-20,382
dataset/train/Citrus pest/2025_12_20_IMG (383).JPG,2025_12_20_IMG (383).JPG,Citrus pest,train,2025-12-20,383
dataset/train/Citrus pest/2025_12_20_IMG (384).JPG,2025_12_20_IMG (384).JPG,Citrus pest,train,2025-12-20,384
dataset/train/Citrus pest/2025_12_20_IMG (385).JPG,2025_12_20_IMG (385).JPG,Citrus pest,train,2025-12-20,385
dataset/train/Citrus pest/2025_12_20_IMG (386).JPG,2025_12_20_IMG (386).JPG,Citrus pest,train,2025-12-20,386
dataset/train/Citrus pest/2025_12_20_IMG (389).JPG,2025_12_20_IMG (389).JPG,Citrus pest,train,2025-12-20,389
dataset/train/Citrus pest/2025_12_20_IMG (39).JPG,2025_12_20_IMG (39).JPG,Citrus pest,train,2025-12-20,39
dataset/train/Citrus pest/2025_12_20_IMG (390).JPG,2025_12_20_IMG (390).JPG,Citrus pest,train,2025-12-20,390
dataset/train/Citrus pest/2025_12_20_IMG (391).JPG,2025_12_20_IMG (391).JPG,Citrus pest,train,2025-12-20,391
dataset/train/Citrus pest/2025_12_20_IMG (392).JPG,2025_12_20_IMG (392).JPG,Citrus pest,train,2025-12-20,392
dataset/train/Citrus pest/2025_12_20_IMG (393).JPG,2025_12_20_IMG (393).JPG,Citrus pest,train,2025-12-20,393
dataset/train/Citrus pest/2025_12_20_IMG (395).JPG,2025_12_20_IMG (395).JPG,Citrus pest,train,2025-12-20,395
dataset/train/Citrus pest/2025_12_20_IMG (396).JPG,2025_12_20_IMG (396).JPG,Citrus pest,train,2025-12-20,396
dataset/train/Citrus pest/2025_12_20_IMG (397).JPG,2025_12_20_IMG (397).JPG,Citrus pest,train,2025-12-20,397
dataset/train/Citrus pest/2025_12_20_IMG (40).JPG,2025_12_20_IMG (40).JPG,Citrus pest,train,2025-12-20,40
dataset/train/Citrus pest/2025_12_20_IMG (400).JPG,2025_12_20_IMG (400).JPG,Citrus pest,train,2025-12-20,400
dataset/train/Citrus pest/2025_12_20_IMG (401).JPG,2025_12_20_IMG (401).JPG,Citrus pest,train,2025-12-20,401
dataset/train/Citrus pest/2025_12_20_IMG (402).JPG,2025_12_20_IMG (402).JPG,Citrus pest,train,2025-12-20,402
dataset/train/Citrus pest/2025_12_20_IMG (403).JPG,2025_12_20_IMG (403).JPG,Citrus pest,train,2025-12-20,403
dataset/train/Citrus pest/2025_12_20_IMG (405).JPG,2025_12_20_IMG (405).JPG,Citrus pest,train,2025-12-20,405
dataset/train/Citrus pest/2025_12_20_IMG (406).JPG,2025_12_20_IMG (406).JPG,Citrus pest,train,2025-12-20,406
dataset/train/Citrus pest/2025_12_20_IMG (43).JPG,2025_12_20_IMG (43).JPG,Citrus pest,train,2025-12-20,43
dataset/train/Citrus pest/2025_12_20_IMG (44).JPG,2025_12_20_IMG (44).JPG,Citrus pest,train,2025-12-20,44
dataset/train/Citrus pest/2025_12_20_IMG (46).JPG,2025_12_20_IMG (46).JPG,Citrus pest,train,2025-12-20,46
dataset/train/Citrus pest/2025_12_20_IMG (47).JPG,2025_12_20_IMG (47).JPG,Citrus pest,train,2025-12-20,47
dataset/train/Citrus pest/2025_12_20_IMG (48).JPG,2025_12_20_IMG (48).JPG,Citrus pest,train,2025-12-20,48
dataset/train/Citrus pest/2025_12_20_IMG (49).JPG,2025_12_20_IMG (49).JPG,Citrus pest,train,2025-12-20,49
dataset/train/Citrus pest/2025_12_20_IMG (50).JPG,2025_12_20_IMG (50).JPG,Citrus pest,train,2025-12-20,50
dataset/train/Citrus pest/2025_12_20_IMG (52).JPG,2025_12_20_IMG (52).JPG,Citrus pest,train,2025-12-20,52
dataset/train/Citrus pest/2025_12_20_IMG (53).JPG,2025_12_20_IMG (53).JPG,Citrus pest,train,2025-12-20,53
dataset/train/Citrus pest/2025_12_20_IMG (54).JPG,2025_12_20_IMG (54).JPG,Citrus pest,train,2025-12-20,54
dataset/train/Citrus pest/2025_12_20_IMG (55).JPG,2025_12_20_IMG (55).JPG,Citrus pest,train,2025-12-20,55
dataset/train/Citrus pest/2025_12_20_IMG (57).JPG,2025_12_20_IMG (57).JPG,Citrus pest,train,2025-12-20,57
dataset/train/Citrus pest/2025_12_20_IMG (58).JPG,2025_12_20_IMG (58).JPG,Citrus pest,train,2025-12-20,58
dataset/train/Citrus pest/2025_12_20_IMG (59).JPG,2025_12_20_IMG (59).JPG,Citrus pest,train,2025-12-20,59
dataset/train/Citrus pest/2025_12_20_IMG (60).JPG,2025_12_20_IMG (60).JPG,Citrus pest,train,2025-12-20,60
dataset/train/Citrus pest/2025_12_20_IMG (61).JPG,2025_12_20_IMG (61).JPG,Citrus pest,train,2025-12-20,61
dataset/train/Citrus pest/2025_12_20_IMG (63).JPG,2025_12_20_IMG (63).JPG,Citrus pest,train,2025-12-20,63
dataset/train/Citrus pest/2025_12_20_IMG (64).JPG,2025_12_20_IMG (64).JPG,Citrus pest,train,2025-12-20,64
dataset/train/Citrus pest/2025_12_20_IMG (65).JPG,2025_12_20_IMG (65).JPG,Citrus pest,train,2025-12-20,65
dataset/train/Citrus pest/2025_12_20_IMG (66).JPG,2025_12_20_IMG (66).JPG,Citrus pest,train,2025-12-20,66
dataset/train/Citrus pest/2025_12_20_IMG (68).JPG,2025_12_20_IMG (68).JPG,Citrus pest,train,2025-12-20,68
dataset/train/Citrus pest/2025_12_20_IMG (71).JPG,2025_12_20_IMG (71).JPG,Citrus pest,train,2025-12-20,71
dataset/train/Citrus pest/2025_12_20_IMG (72).JPG,2025_12_20_IMG (72).JPG,Citrus pest,train,2025-12-20,72
dataset/train/Citrus pest/2025_12_20_IMG (73).JPG,2025_12_20_IMG (73).JPG,Citrus pest,train,2025-12-20,73
dataset/train/Citrus pest/2025_12_20_IMG (74).JPG,2025_12_20_IMG (74).JPG,Citrus pest,train,2025-12-20,74
dataset/train/Citrus pest/2025_12_20_IMG (75).JPG,2025_12_20_IMG (75).JPG,Citrus pest,train,2025-12-20,75
dataset/train/Citrus pest/2025_12_20_IMG (76).JPG,2025_12_20_IMG (76).JPG,Citrus pest,train,2025-12-20,76
dataset/train/Citrus pest/2025_12_20_IMG (77).JPG,2025_12_20_IMG (77).JPG,Citrus pest,train,2025-12-20,77
dataset/train/Citrus pest/2025_12_20_IMG (78).JPG,2025_12_20_IMG (78).JPG,Citrus pest,train,2025-12-20,78
dataset/train/Citrus pest/2025_12_20_IMG (79).JPG,2025_12_20_IMG (79).JPG,Citrus pest,train,2025-12-20,79
dataset/train/Citrus pest/2025_12_20_IMG (81).JPG,2025_12_20_IMG (81).JPG,Citrus pest,train,2025-12-20,81
dataset/train/Citrus pest/2025_12_20_IMG (83).JPG,2025_12_20_IMG (83).JPG,Citrus pest,train,2025-12-20,83
dataset/train/Citrus pest/2025_12_20_IMG (91).JPG,2025_12_20_IMG (91).JPG,Citrus pest,train,2025-12-20,91
dataset/train/Citrus pest/2025_12_20_IMG (93).JPG,2025_12_20_IMG (93).JPG,Citrus pest,train,2025-12-20,93
dataset/train/Citrus pest/2025_12_20_IMG (95).JPG,2025_12_20_IMG (95).JPG,Citrus pest,train,2025-12-20,95
dataset/train/Citrus pest/2025_12_20_IMG (97).JPG,2025_12_20_IMG (97).JPG,Citrus pest,train,2025-12-20,97
dataset/train/Citrus pest/2025_12_20_IMG (98).JPG,2025_12_20_IMG (98).JPG,Citrus pest,train,2025-12-20,98
dataset/train/Citrus pest/2025_12_20_IMG (99).JPG,2025_12_20_IMG (99).JPG,Citrus pest,train,2025-12-20,99
dataset/train/Greening/2025_12_21_IMG (1).JPG,2025_12_21_IMG (1).JPG,Greening,train,2025-12-21,1
dataset/train/Greening/2025_12_21_IMG (10).JPG,2025_12_21_IMG (10).JPG,Greening,train,2025-12-21,10
dataset/train/Greening/2025_12_21_IMG (100).JPG,2025_12_21_IMG (100).JPG,Greening,train,2025-12-21,100
dataset/train/Greening/2025_12_21_IMG (102).JPG,2025_12_21_IMG (102).JPG,Greening,train,2025-12-21,102
dataset/train/Greening/2025_12_21_IMG (103).JPG,2025_12_21_IMG (103).JPG,Greening,train,2025-12-21,103
dataset/train/Greening/2025_12_21_IMG (104).JPG,2025_12_21_IMG (104).JPG,Greening,train,2025-12-21,104
dataset/train/Greening/2025_12_21_IMG (105).JPG,2025_12_21_IMG (105).JPG,Greening,train,2025-12-21,105
dataset/train/Greening/2025_12_21_IMG (106).JPG,2025_12_21_IMG (106).JPG,Greening,train,2025-12-21,106
dataset/train/Greening/2025_12_21_IMG (107).JPG,2025_12_21_IMG (107).JPG,Greening,train,2025-12-21,107
dataset/train/Greening/2025_12_21_IMG (108).JPG,2025_12_21_IMG (108).JPG,Greening,train,2025-12-21,108
dataset/train/Greening/2025_12_21_IMG (109).JPG,2025_12_21_IMG (109).JPG,Greening,train,2025-12-21,109
dataset/train/Greening/2025_12_21_IMG (111).JPG,2025_12_21_IMG (111).JPG,Greening,train,2025-12-21,111
dataset/train/Greening/2025_12_21_IMG (114).JPG,2025_12_21_IMG (114).JPG,Greening,train,2025-12-21,114
dataset/train/Greening/2025_12_21_IMG (115).JPG,2025_12_21_IMG (115).JPG,Greening,train,2025-12-21,115
dataset/train/Greening/2025_12_21_IMG (116).JPG,2025_12_21_IMG (116).JPG,Greening,train,2025-12-21,116
dataset/train/Greening/2025_12_21_IMG (117).JPG,2025_12_21_IMG (117).JPG,Greening,train,2025-12-21,117
dataset/train/Greening/2025_12_21_IMG (118).JPG,2025_12_21_IMG (118).JPG,Greening,train,2025-12-21,118
dataset/train/Greening/2025_12_21_IMG (120).JPG,2025_12_21_IMG (120).JPG,Greening,train,2025-12-21,120
dataset/train/Greening/2025_12_21_IMG (121).JPG,2025_12_21_IMG (121).JPG,Greening,train,2025-12-21,121
dataset/train/Greening/2025_12_21_IMG (122).JPG,2025_12_21_IMG (122).JPG,Greening,train,2025-12-21,122
dataset/train/Greening/2025_12_21_IMG (123).JPG,2025_12_21_IMG (123).JPG,Greening,train,2025-12-21,123
dataset/train/Greening/2025_12_21_IMG (125).JPG,2025_12_21_IMG (125).JPG,Greening,train,2025-12-21,125
dataset/train/Greening/2025_12_21_IMG (126).JPG,2025_12_21_IMG (126).JPG,Greening,train,2025-12-21,126
dataset/train/Greening/2025_12_21_IMG (127).JPG,2025_12_21_IMG (127).JPG,Greening,train,2025-12-21,127
dataset/train/Greening/2025_12_21_IMG (128).JPG,2025_12_21_IMG (128).JPG,Greening,train,2025-12-21,128
dataset/train/Greening/2025_12_21_IMG (13).JPG,2025_12_21_IMG (13).JPG,Greening,train,2025-12-21,13
dataset/train/Greening/2025_12_21_IMG (132).JPG,2025_12_21_IMG (132).JPG,Greening,train,2025-12-21,132
dataset/train/Greening/2025_12_21_IMG (133).JPG,2025_12_21_IMG (133).JPG,Greening,train,2025-12-21,133
dataset/train/Greening/2025_12_21_IMG (134).JPG,2025_12_21_IMG (134).JPG,Greening,train,2025-12-21,134
dataset/train/Greening/2025_12_21_IMG (136).JPG,2025_12_21_IMG (136).JPG,Greening,train,2025-12-21,136
dataset/train/Greening/2025_12_21_IMG (137).JPG,2025_12_21_IMG (137).JPG,Greening,train,2025-12-21,137
dataset/train/Greening/2025_12_21_IMG (138).JPG,2025_12_21_IMG (138).JPG,Greening,train,2025-12-21,138
dataset/train/Greening/2025_12_21_IMG (14).JPG,2025_12_21_IMG (14).JPG,Greening,train,2025-12-21,14
dataset/train/Greening/2025_12_21_IMG (140).JPG,2025_12_21_IMG (140).JPG,Greening,train,2025-12-21,140
dataset/train/Greening/2025_12_21_IMG (142).JPG,2025_12_21_IMG (142).JPG,Greening,train,2025-12-21,142
dataset/train/Greening/2025_12_21_IMG (144).JPG,2025_12_21_IMG (144).JPG,Greening,train,2025-12-21,144
dataset/train/Greening/2025_12_21_IMG (147).JPG,2025_12_21_IMG (147).JPG,Greening,train,2025-12-21,147
dataset/train/Greening/2025_12_21_IMG (148).JPG,2025_12_21_IMG (148).JPG,Greening,train,2025-12-21,148
dataset/train/Greening/2025_12_21_IMG (149).JPG,2025_12_21_IMG (149).JPG,Greening,train,2025-12-21,149
dataset/train/Greening/2025_12_21_IMG (15).JPG,2025_12_21_IMG (15).JPG,Greening,train,2025-12-21,15
dataset/train/Greening/2025_12_21_IMG (151).JPG,2025_12_21_IMG (151).JPG,Greening,train,2025-12-21,151
dataset/train/Greening/2025_12_21_IMG (152).JPG,2025_12_21_IMG (152).JPG,Greening,train,2025-12-21,152
dataset/train/Greening/2025_12_21_IMG (153).JPG,2025_12_21_IMG (153).JPG,Greening,train,2025-12-21,153
dataset/train/Greening/2025_12_21_IMG (154).JPG,2025_12_21_IMG (154).JPG,Greening,train,2025-12-21,154
dataset/train/Greening/2025_12_21_IMG (155).JPG,2025_12_21_IMG (155).JPG,Greening,train,2025-12-21,155
dataset/train/Greening/2025_12_21_IMG (157).JPG,2025_12_21_IMG (157).JPG,Greening,train,2025-12-21,157
dataset/train/Greening/2025_12_21_IMG (158).JPG,2025_12_21_IMG (158).JPG,Greening,train,2025-12-21,158
dataset/train/Greening/2025_12_21_IMG (159).JPG,2025_12_21_IMG (159).JPG,Greening,train,2025-12-21,159
dataset/train/Greening/2025_12_21_IMG (160).JPG,2025_12_21_IMG (160).JPG,Greening,train,2025-12-21,160
dataset/train/Greening/2025_12_21_IMG (161).JPG,2025_12_21_IMG (161).JPG,Greening,train,2025-12-21,161
dataset/train/Greening/2025_12_21_IMG (162).JPG,2025_12_21_IMG (162).JPG,Greening,train,2025-12-21,162
dataset/train/Greening/2025_12_21_IMG (164).JPG,2025_12_21_IMG (164).JPG,Greening,train,2025-12-21,164
dataset/train/Greening/2025_12_21_IMG (166).JPG,2025_12_21_IMG (166).JPG,Greening,train,2025-12-21,166
dataset/train/Greening/2025_12_21_IMG (167).JPG,2025_12_21_IMG (167).JPG,Greening,train,2025-12-21,167
dataset/train/Greening/2025_12_21_IMG (168).JPG,2025_12_21_IMG (168).JPG,Greening,train,2025-12-21,168
dataset/train/Greening/2025_12_21_IMG (169).JPG,2025_12_21_IMG (169).JPG,Greening,train,2025-12-21,169
dataset/train/Greening/2025_12_21_IMG (17).JPG,2025_12_21_IMG (17).JPG,Greening,train,2025-12-21,17
dataset/train/Greening/2025_12_21_IMG (171).JPG,2025_12_21_IMG (171).JPG,Greening,train,2025-12-21,171
dataset/train/Greening/2025_12_21_IMG (173).JPG,2025_12_21_IMG (173).JPG,Greening,train,2025-12-21,173
dataset/train/Greening/2025_12_21_IMG (175).JPG,2025_12_21_IMG (175).JPG,Greening,train,2025-12-21,175
dataset/train/Greening/2025_12_21_IMG (176).JPG,2025_12_21_IMG (176).JPG,Greening,train,2025-12-21,176
dataset/train/Greening/2025_12_21_IMG (177).JPG,2025_12_21_IMG (177).JPG,Greening,train,2025-12-21,177
dataset/train/Greening/2025_12_21_IMG (179).JPG,2025_12_21_IMG (179).JPG,Greening,train,2025-12-21,179
dataset/train/Greening/2025_12_21_IMG (18).JPG,2025_12_21_IMG (18).JPG,Greening,train,2025-12-21,18
dataset/train/Greening/2025_12_21_IMG (180).JPG,2025_12_21_IMG (180).JPG,Greening,train,2025-12-21,180
dataset/train/Greening/2025_12_21_IMG (181).JPG,2025_12_21_IMG (181).JPG,Greening,train,2025-12-21,181
dataset/train/Greening/2025_12_21_IMG (182).JPG,2025_12_21_IMG (182).JPG,Greening,train,2025-12-21,182
dataset/train/Greening/2025_12_21_IMG (183).JPG,2025_12_21_IMG (183).JPG,Greening,train,2025-12-21,183
dataset/train/Greening/2025_12_21_IMG (184).JPG,2025_12_21_IMG (184).JPG,Greening,train,2025-12-21,184
dataset/train/Greening/2025_12_21_IMG (185).JPG,2025_12_21_IMG (185).JPG,Greening,train,2025-12-21,185
dataset/train/Greening/2025_12_21_IMG (186).JPG,2025_12_21_IMG (186).JPG,Greening,train,2025-12-21,186
dataset/train/Greening/2025_12_21_IMG (187).JPG,2025_12_21_IMG (187).JPG,Greening,train,2025-12-21,187
dataset/train/Greening/2025_12_21_IMG (189).JPG,2025_12_21_IMG (189).JPG,Greening,train,2025-12-21,189
dataset/train/Greening/2025_12_21_IMG (19).JPG,2025_12_21_IMG (19).JPG,Greening,train,2025-12-21,19
dataset/train/Greening/2025_12_21_IMG (191).JPG,2025_12_21_IMG (191).JPG,Greening,train,2025-12-21,191
dataset/train/Greening/2025_12_21_IMG (192).JPG,2025_12_21_IMG (192).JPG,Greening,train,2025-12-21,192
dataset/train/Greening/2025_12_21_IMG (193).JPG,2025_12_21_IMG (193).JPG,Greening,train,2025-12-21,193
dataset/train/Greening/2025_12_21_IMG (194).JPG,2025_12_21_IMG (194).JPG,Greening,train,2025-12-21,194
dataset/train/Greening/2025_12_21_IMG (195).JPG,2025_12_21_IMG (195).JPG,Greening,train,2025-12-21,195
dataset/train/Greening/2025_12_21_IMG (200).JPG,2025_12_21_IMG (200).JPG,Greening,train,2025-12-21,200
dataset/train/Greening/2025_12_21_IMG (202).JPG,2025_12_21_IMG (202).JPG,Greening,train,2025-12-21,202
dataset/train/Greening/2025_12_21_IMG (205).JPG,2025_12_21_IMG (205).JPG,Greening,train,2025-12-21,205
dataset/train/Greening/2025_12_21_IMG (207).JPG,2025_12_21_IMG (207).JPG,Greening,train,2025-12-21,207
dataset/train/Greening/2025_12_21_IMG (208).JPG,2025_12_21_IMG (208).JPG,Greening,train,2025-12-21,208
dataset/train/Greening/2025_12_21_IMG (209).JPG,2025_12_21_IMG (209).JPG,Greening,train,2025-12-21,209
dataset/train/Greening/2025_12_21_IMG (21).JPG,2025_12_21_IMG (21).JPG,Greening,train,2025-12-21,21
dataset/train/Greening/2025_12_21_IMG (210).JPG,2025_12_21_IMG (210).JPG,Greening,train,2025-12-21,210
dataset/train/Greening/2025_12_21_IMG (212).JPG,2025_12_21_IMG (212).JPG,Greening,train,2025-12-21,212
dataset/train/Greening/2025_12_21_IMG (213).JPG,2025_12_21_IMG (213).JPG,Greening,train,2025-12-21,213
dataset/train/Greening/2025_12_21_IMG (214).JPG,2025_12_21_IMG (214).JPG,Greening,train,2025-12-21,214
dataset/train/Greening/2025_12_21_IMG (215).JPG,2025_12_21_IMG (215).JPG,Greening,train,2025-12-21,215
dataset/train/Greening/2025_12_21_IMG (216).JPG,2025_12_21_IMG (216).JPG,Greening,train,2025-12-21,216
dataset/train/Greening/2025_12_21_IMG (217).JPG,2025_12_21_IMG (217).JPG,Greening,train,2025-12-21,217
dataset/train/Greening/2025_12_21_IMG (218).JPG,2025_12_21_IMG (218).JPG,Greening,train,2025-12-21,218
dataset/train/Greening/2025_12_21_IMG (219).JPG,2025_12_21_IMG (219).JPG,Greening,train,2025-12-21,219
dataset/train/Greening/2025_12_21_IMG (22).JPG,2025_12_21_IMG (22).JPG,Greening,train,2025-12-21,22
dataset/train/Greening/2025_12_21_IMG (224).JPG,2025_12_21_IMG (224).JPG,Greening,train,2025-12-21,224
dataset/train/Greening/2025_12_21_IMG (226).JPG,2025_12_21_IMG (226).JPG,Greening,train,2025-12-21,226
dataset/train/Greening/2025_12_21_IMG (229).JPG,2025_12_21_IMG (229).JPG,Greening,train,2025-12-21,229
dataset/train/Greening/2025_12_21_IMG (23).JPG,2025_12_21_IMG (23).JPG,Greening,train,2025-12-21,23
dataset/train/Greening/2025_12_21_IMG (230).JPG,2025_12_21_IMG (230).JPG,Greening,train,2025-12-21,230
dataset/train/Greening/2025_12_21_IMG (231).JPG,2025_12_21_IMG (231).JPG,Greening,train,2025-12-21,231
dataset/train/Greening/2025_12_21_IMG (235).JPG,2025_12_21_IMG (235).JPG,Greening,train,2025-12-21,235
dataset/train/Greening/2025_12_21_IMG (236).JPG,2025_12_21_IMG (236).JPG,Greening,train,2025-12-21,236
dataset/train/Greening/2025_12_21_IMG (237).JPG,2025_12_21_IMG (237).JPG,Greening,train,2025-12-21,237
dataset/train/Greening/2025_12_21_IMG (238).JPG,2025_12_21_IMG (238).JPG,Greening,train,2025-12-21,238
dataset/train/Greening/2025_12_21_IMG (239).JPG,2025_12_21_IMG (239).JPG,Greening,train,2025-12-21,239
dataset/train/Greening/2025_12_21_IMG (24).JPG,2025_12_21_IMG (24).JPG,Greening,train,2025-12-21,24
dataset/train/Greening/2025_12_21_IMG (240).JPG,2025_12_21_IMG (240).JPG,Greening,train,2025-12-21,240
dataset/train/Greening/2025_12_21_IMG (241).JPG,2025_12_21_IMG (241).JPG,Greening,train,2025-12-21,241
dataset/train/Greening/2025_12_21_IMG (242).JPG,2025_12_21_IMG (242).JPG,Greening,train,2025-12-21,242
dataset/train/Greening/2025_12_21_IMG (243).JPG,2025_12_21_IMG (243).JPG,Greening,train,2025-12-21,243
dataset/train/Greening/2025_12_21_IMG (245).JPG,2025_12_21_IMG (245).JPG,Greening,train,2025-12-21,245
dataset/train/Greening/2025_12_21_IMG (246).JPG,2025_12_21_IMG (246).JPG,Greening,train,2025-12-21,246
dataset/train/Greening/2025_12_21_IMG (247).JPG,2025_12_21_IMG (247).JPG,Greening,train,2025-12-21,247
dataset/train/Greening/2025_12_21_IMG (248).JPG,2025_12_21_IMG (248).JPG,Greening,train,2025-12-21,248
dataset/train/Greening/2025_12_21_IMG (25).JPG,2025_12_21_IMG (25).JPG,Greening,train,2025-12-21,25
dataset/train/Greening/2025_12_21_IMG (250).JPG,2025_12_21_IMG (250).JPG,Greening,train,2025-12-21,250
dataset/train/Greening/2025_12_21_IMG (251).JPG,2025_12_21_IMG (251).JPG,Greening,train,2025-12-21,251
dataset/train/Greening/2025_12_21_IMG (252).JPG,2025_12_21_IMG (252).JPG,Greening,train,2025-12-21,252
dataset/train/Greening/2025_12_21_IMG (253).JPG,2025_12_21_IMG (253).JPG,Greening,train,2025-12-21,253
dataset/train/Greening/2025_12_21_IMG (255).JPG,2025_12_21_IMG (255).JPG,Greening,train,2025-12-21,255
dataset/train/Greening/2025_12_21_IMG (257).JPG,2025_12_21_IMG (257).JPG,Greening,train,2025-12-21,257
dataset/train/Greening/2025_12_21_IMG (259).JPG,2025_12_21_IMG (259).JPG,Greening,train,2025-12-21,259
dataset/train/Greening/2025_12_21_IMG (26).JPG,2025_12_21_IMG (26).JPG,Greening,train,2025-12-21,26
dataset/train/Greening/2025_12_21_IMG (260).JPG,2025_12_21_IMG (260).JPG,Greening,train,2025-12-21,260
dataset/train/Greening/2025_12_21_IMG (261).JPG,2025_12_21_IMG (261).JPG,Greening,train,2025-12-21,261
dataset/train/Greening/2025_12_21_IMG (263).JPG,2025_12_21_IMG (263).JPG,Greening,train,2025-12-21,263
dataset/train/Greening/2025_12_21_IMG (265).JPG,2025_12_21_IMG (265).JPG,Greening,train,2025-12-21,265
dataset/train/Greening/2025_12_21_IMG (268).JPG,2025_12_21_IMG (268).JPG,Greening,train,2025-12-21,268
dataset/train/Greening/2025_12_21_IMG (269).JPG,2025_12_21_IMG (269).JPG,Greening,train,2025-12-21,269
dataset/train/Greening/2025_12_21_IMG (272).JPG,2025_12_21_IMG (272).JPG,Greening,train,2025-12-21,272
dataset/train/Greening/2025_12_21_IMG (275).JPG,2025_12_21_IMG (275).JPG,Greening,train,2025-12-21,275
dataset/train/Greening/2025_12_21_IMG (276).JPG,2025_12_21_IMG (276).JPG,Greening,train,2025-12-21,276
dataset/train/Greening/2025_12_21_IMG (277).JPG,2025_12_21_IMG (277).JPG,Greening,train,2025-12-21,277
dataset/train/Greening/2025_12_21_IMG (278).JPG,2025_12_21_IMG (278).JPG,Greening,train,2025-12-21,278
dataset/train/Greening/2025_12_21_IMG (279).JPG,2025_12_21_IMG (279).JPG,Greening,train,2025-12-21,279
dataset/train/Greening/2025_12_21_IMG (28).JPG,2025_12_21_IMG (28).JPG,Greening,train,2025-12-21,28
dataset/train/Greening/2025_12_21_IMG (280).JPG,2025_12_21_IMG (280).JPG,Greening,train,2025-12-21,280
dataset/train/Greening/2025_12_21_IMG (282).JPG,2025_12_21_IMG (282).JPG,Greening,train,2025-12-21,282
dataset/train/Greening/2025_12_21_IMG (283).JPG,2025_12_21_IMG (283).JPG,Greening,train,2025-12-21,283
dataset/train/Greening/2025_12_21_IMG (285).JPG,2025_12_21_IMG (285).JPG,Greening,train,2025-12-21,285
dataset/train/Greening/2025_12_21_IMG (286).JPG,2025_12_21_IMG (286).JPG,Greening,train,2025-12-21,286
dataset/train/Greening/2025_12_21_IMG (287).JPG,2025_12_21_IMG (287).JPG,Greening,train,2025-12-21,287
dataset/train/Greening/2025_12_21_IMG (288).JPG,2025_12_21_IMG (288).JPG,Greening,train,2025-12-21,288
dataset/train/Greening/2025_12_21_IMG (289).JPG,2025_12_21_IMG (289).JPG,Greening,train,2025-12-21,289
dataset/train/Greening/2025_12_21_IMG (29).JPG,2025_12_21_IMG (29).JPG,Greening,train,2025-12-21,29
dataset/train/Greening/2025_12_21_IMG (290).JPG,2025_12_21_IMG (290).JPG,Greening,train,2025-12-21,290
dataset/train/Greening/2025_12_21_IMG (291).JPG,2025_12_21_IMG (291).JPG,Greening,train,2025-12-21,291
dataset/train/Greening/2025_12_21_IMG (293).JPG,2025_12_21_IMG (293).JPG,Greening,train,2025-12-21,293
dataset/train/Greening/2025_12_21_IMG (295).JPG,2025_12_21_IMG (295).JPG,Greening,train,2025-12-21,295
dataset/train/Greening/2025_12_21_IMG (296).JPG,2025_12_21_IMG (296).JPG,Greening,train,2025-12-21,296
dataset/train/Greening/2025_12_21_IMG (297).JPG,2025_12_21_IMG (297).JPG,Greening,train,2025-12-21,297
dataset/train/Greening/2025_12_21_IMG (298).JPG,2025_12_21_IMG (298).JPG,Greening,train,2025-12-21,298
dataset/train/Greening/2025_12_21_IMG (299).JPG,2025_12_21_IMG (299).JPG,Greening,train,2025-12-21,299
dataset/train/Greening/2025_12_21_IMG (3).JPG,2025_12_21_IMG (3).JPG,Greening,train,2025-12-21,3
dataset/train/Greening/2025_12_21_IMG (30).JPG,2025_12_21_IMG (30).JPG,Greening,train,2025-12-21,30
dataset/train/Greening/2025_12_21_IMG (300).JPG,2025_12_21_IMG (300).JPG,Greening,train,2025-12-21,300
dataset/train/Greening/2025_12_21_IMG (301).JPG,2025_12_21_IMG (301).JPG,Greening,train,2025-12-21,301
dataset/train/Greening/2025_12_21_IMG (302).JPG,2025_12_21_IMG (302).JPG,Greening,train,2025-12-21,302
dataset/train/Greening/2025_12_21_IMG (303).JPG,2025_12_21_IMG (303).JPG,Greening,train,2025-12-21,303
dataset/train/Greening/2025_12_21_IMG (304).JPG,2025_12_21_IMG (304).JPG,Greening,train,2025-12-21,304
dataset/train/Greening/2025_12_21_IMG (306).JPG,2025_12_21_IMG (306).JPG,Greening,train,2025-12-21,306
dataset/train/Greening/2025_12_21_IMG (307).JPG,2025_12_21_IMG (307).JPG,Greening,train,2025-12-21,307
dataset/train/Greening/2025_12_21_IMG (309).JPG,2025_12_21_IMG (309).JPG,Greening,train,2025-12-21,309
dataset/train/Greening/2025_12_21_IMG (312).JPG,2025_12_21_IMG (312).JPG,Greening,train,2025-12-21,312
dataset/train/Greening/2025_12_21_IMG (313).JPG,2025_12_21_IMG (313).JPG,Greening,train,2025-12-21,313
dataset/train/Greening/2025_12_21_IMG (314).JPG,2025_12_21_IMG (314).JPG,Greening,train,2025-12-21,314
dataset/train/Greening/2025_12_21_IMG (315).JPG,2025_12_21_IMG (315).JPG,Greening,train,2025-12-21,315
dataset/train/Greening/2025_12_21_IMG (316).JPG,2025_12_21_IMG (316).JPG,Greening,train,2025-12-21,316
dataset/train/Greening/2025_12_21_IMG (317).JPG,2025_12_21_IMG (317).JPG,Greening,train,2025-12-21,317
dataset/train/Greening/2025_12_21_IMG (318).JPG,2025_12_21_IMG (318).JPG,Greening,train,2025-12-21,318
dataset/train/Greening/2025_12_21_IMG (319).JPG,2025_12_21_IMG (319).JPG,Greening,train,2025-12-21,319
dataset/train/Greening/2025_12_21_IMG (32).JPG,2025_12_21_IMG (32).JPG,Greening,train,2025-12-21,32
dataset/train/Greening/2025_12_21_IMG (320).JPG,2025_12_21_IMG (320).JPG,Greening,train,2025-12-21,320
dataset/train/Greening/2025_12_21_IMG (322).JPG,2025_12_21_IMG (322).JPG,Greening,train,2025-12-21,322
dataset/train/Greening/2025_12_21_IMG (323).JPG,2025_12_21_IMG (323).JPG,Greening,train,2025-12-21,323
dataset/train/Greening/2025_12_21_IMG (324).JPG,2025_12_21_IMG (324).JPG,Greening,train,2025-12-21,324
dataset/train/Greening/2025_12_21_IMG (325).JPG,2025_12_21_IMG (325).JPG,Greening,train,2025-12-21,325
dataset/train/Greening/2025_12_21_IMG (326).JPG,2025_12_21_IMG (326).JPG,Greening,train,2025-12-21,326
dataset/train/Greening/2025_12_21_IMG (327).JPG,2025_12_21_IMG (327).JPG,Greening,train,2025-12-21,327
dataset/train/Greening/2025_12_21_IMG (328).JPG,2025_12_21_IMG (328).JPG,Greening,train,2025-12-21,328
dataset/train/Greening/2025_12_21_IMG (33).JPG,2025_12_21_IMG (33).JPG,Greening,train,2025-12-21,33
dataset/train/Greening/2025_12_21_IMG (330).JPG,2025_12_21_IMG (330).JPG,Greening,train,2025-12-21,330
dataset/train/Greening/2025_12_21_IMG (332).JPG,2025_12_21_IMG (332).JPG,Greening,train,2025-12-21,332
dataset/train/Greening/2025_12_21_IMG (333).JPG,2025_12_21_IMG (333).JPG,Greening,train,2025-12-21,333
dataset/train/Greening/2025_12_21_IMG (334).JPG,2025_12_21_IMG (334).JPG,Greening,train,2025-12-21,334
dataset/train/Greening/2025_12_21_IMG (336).JPG,2025_12_21_IMG (336).JPG,Greening,train,2025-12-21,336
dataset/train/Greening/2025_12_21_IMG (338).JPG,2025_12_21_IMG (338).JPG,Greening,train,2025-12-21,338
dataset/train/Greening/2025_12_21_IMG (34).JPG,2025_12_21_IMG (34).JPG,Greening,train,2025-12-21,34
dataset/train/Greening/2025_12_21_IMG (340).JPG,2025_12_21_IMG (340).JPG,Greening,train,2025-12-21,340
dataset/train/Greening/2025_12_21_IMG (341).JPG,2025_12_21_IMG (341).JPG,Greening,train,2025-12-21,341
dataset/train/Greening/2025_12_21_IMG (342).JPG,2025_12_21_IMG (342).JPG,Greening,train,2025-12-21,342
dataset/train/Greening/2025_12_21_IMG (343).JPG,2025_12_21_IMG (343).JPG,Greening,train,2025-12-21,343
dataset/train/Greening/2025_12_21_IMG (344).JPG,2025_12_21_IMG (344).JPG,Greening,train,2025-12-21,344
dataset/train/Greening/2025_12_21_IMG (347).JPG,2025_12_21_IMG (347).JPG,Greening,train,2025-12-21,347
dataset/train/Greening/2025_12_21_IMG (348).JPG,2025_12_21_IMG (348).JPG,Greening,train,2025-12-21,348
dataset/train/Greening/2025_12_21_IMG (349).JPG,2025_12_21_IMG (349).JPG,Greening,train,2025-12-21,349
dataset/train/Greening/2025_12_21_IMG (35).JPG,2025_12_21_IMG (35).JPG,Greening,train,2025-12-21,35
dataset/train/Greening/2025_12_21_IMG (36).JPG,2025_12_21_IMG (36).JPG,Greening,train,2025-12-21,36
dataset/train/Greening/2025_12_21_IMG (37).JPG,2025_12_21_IMG (37).JPG,Greening,train,2025-12-21,37
dataset/train/Greening/2025_12_21_IMG (39).JPG,2025_12_21_IMG (39).JPG,Greening,train,2025-12-21,39
dataset/train/Greening/2025_12_21_IMG (40).JPG,2025_12_21_IMG (40).JPG,Greening,train,2025-12-21,40
dataset/train/Greening/2025_12_21_IMG (41).JPG,2025_12_21_IMG (41).JPG,Greening,train,2025-12-21,41
dataset/train/Greening/2025_12_21_IMG (44).JPG,2025_12_21_IMG (44).JPG,Greening,train,2025-12-21,44
dataset/train/Greening/2025_12_21_IMG (45).JPG,2025_12_21_IMG (45).JPG,Greening,train,2025-12-21,45
dataset/train/Greening/2025_12_21_IMG (46).JPG,2025_12_21_IMG (46).JPG,Greening,train,2025-12-21,46
dataset/train/Greening/2025_12_21_IMG (47).JPG,2025_12_21_IMG (47).JPG,Greening,train,2025-12-21,47
dataset/train/Greening/2025_12_21_IMG (48).JPG,2025_12_21_IMG (48).JPG,Greening,train,2025-12-21,48
dataset/train/Greening/2025_12_21_IMG (49).JPG,2025_12_21_IMG (49).JPG,Greening,train,2025-12-21,49
dataset/train/Greening/2025_12_21_IMG (50).JPG,2025_12_21_IMG (50).JPG,Greening,train,2025-12-21,50
dataset/train/Greening/2025_12_21_IMG (52).JPG,2025_12_21_IMG (52).JPG,Greening,train,2025-12-21,52
dataset/train/Greening/2025_12_21_IMG (53).JPG,2025_12_21_IMG (53).JPG,Greening,train,2025-12-21,53
dataset/train/Greening/2025_12_21_IMG (54).JPG,2025_12_21_IMG (54).JPG,Greening,train,2025-12-21,54
dataset/train/Greening/2025_12_21_IMG (58).JPG,2025_12_21_IMG (58).JPG,Greening,train,2025-12-21,58
dataset/train/Greening/2025_12_21_IMG (59).JPG,2025_12_21_IMG (59).JPG,Greening,train,2025-12-21,59
dataset/train/Greening/2025_12_21_IMG (6).JPG,2025_12_21_IMG (6).JPG,Greening,train,2025-12-21,6
dataset/train/Greening/2025_12_21_IMG (62).JPG,2025_12_21_IMG (62).JPG,Greening,train,2025-12-21,62
dataset/train/Greening/2025_12_21_IMG (63).JPG,2025_12_21_IMG (63).JPG,Greening,train,2025-12-21,63
dataset/train/Greening/2025_12_21_IMG (65).JPG,2025_12_21_IMG (65).JPG,Greening,train,2025-12-21,65
dataset/train/Greening/2025_12_21_IMG (66).JPG,2025_12_21_IMG (66).JPG,Greening,train,2025-12-21,66
dataset/train/Greening/2025_12_21_IMG (67).JPG,2025_12_21_IMG (67).JPG,Greening,train,2025-12-21,67
dataset/train/Greening/2025_12_21_IMG (68).JPG,2025_12_21_IMG (68).JPG,Greening,train,2025-12-21,68
dataset/train/Greening/2025_12_21_IMG (69).JPG,2025_12_21_IMG (69).JPG,Greening,train,2025-12-21,69
dataset/train/Greening/2025_12_21_IMG (70).JPG,2025_12_21_IMG (70).JPG,Greening,train,2025-12-21,70
dataset/train/Greening/2025_12_21_IMG (71).JPG,2025_12_21_IMG (71).JPG,Greening,train,2025-12-21,71
dataset/train/Greening/2025_12_21_IMG (72).JPG,2025_12_21_IMG (72).JPG,Greening,train,2025-12-21,72
dataset/train/Greening/2025_12_21_IMG (73).JPG,2025_12_21_IMG (73).JPG,Greening,train,2025-12-21,73
dataset/train/Greening/2025_12_21_IMG (78).JPG,2025_12_21_IMG (78).JPG,Greening,train,2025-12-21,78
dataset/train/Greening/2025_12_21_IMG (8).JPG,2025_12_21_IMG (8).JPG,Greening,train,2025-12-21,8
dataset/train/Greening/2025_12_21_IMG (80).JPG,2025_12_21_IMG (80).JPG,Greening,train,2025-12-21,80
dataset/train/Greening/2025_12_21_IMG (81).JPG,2025_12_21_IMG (81).JPG,Greening,train,2025-12-21,81
dataset/train/Greening/2025_12_21_IMG (82).JPG,2025_12_21_IMG (82).JPG,Greening,train,2025-12-21,82
dataset/train/Greening/2025_12_21_IMG (83).JPG,2025_12_21_IMG (83).JPG,Greening,train,2025-12-21,83
dataset/train/Greening/2025_12_21_IMG (85).JPG,2025_12_21_IMG (85).JPG,Greening,train,2025-12-21,85
dataset/train/Greening/2025_12_21_IMG (87).JPG,2025_12_21_IMG (87).JPG,Greening,train,2025-12-21,87
dataset/train/Greening/2025_12_21_IMG (9).JPG,2025_12_21_IMG (9).JPG,Greening,train,2025-12-21,9
dataset/train/Greening/2025_12_21_IMG (90).JPG,2025_12_21_IMG (90).JPG,Greening,train,2025-12-21,90
dataset/train/Greening/2025_12_21_IMG (93).JPG,2025_12_21_IMG (93).JPG,Greening,train,2025-12-21,93
dataset/train/Greening/2025_12_21_IMG (94).JPG,2025_12_21_IMG (94).JPG,Greening,train,2025-12-21,94
dataset/train/Greening/2025_12_21_IMG (96).JPG,2025_12_21_IMG (96).JPG,Greening,train,2025-12-21,96
dataset/train/Greening/2025_12_21_IMG (97).JPG,2025_12_21_IMG (97).JPG,Greening,train,2025-12-21,97
dataset/train/Greening/2025_12_21_IMG (98).JPG,2025_12_21_IMG (98).JPG,Greening,train,2025-12-21,98
dataset/train/Greening/2025_12_21_IMG (99).JPG,2025_12_21_IMG (99).JPG,Greening,train,2025-12-21,99
dataset/train/Healthy leaf/2025_11_21_IMG (1).JPG,2025_11_21_IMG (1).JPG,Healthy leaf,train,2025-11-21,1
dataset/train/Healthy leaf/2025_11_21_IMG (10).JPG,2025_11_21_IMG (10).JPG,Healthy leaf,train,2025-11-21,10
dataset/train/Healthy leaf/2025_11_21_IMG (100).JPG,2025_11_21_IMG (100).JPG,Healthy leaf,train,2025-11-21,100
dataset/train/Healthy leaf/2025_11_21_IMG (102).JPG,2025_11_21_IMG (102).JPG,Healthy leaf,train,2025-11-21,102
dataset/train/Healthy leaf/2025_11_21_IMG (103).JPG,2025_11_21_IMG (103).JPG,Healthy leaf,train,2025-11-21,103
dataset/train/Healthy leaf/2025_11_21_IMG (104).JPG,2025_11_21_IMG (104).JPG,Healthy leaf,train,2025-11-21,104
dataset/train/Healthy leaf/2025_11_21_IMG (105).JPG,2025_11_21_IMG (105).JPG,Healthy leaf,train,2025-11-21,105
dataset/train/Healthy leaf/2025_11_21_IMG (106).JPG,2025_11_21_IMG (106).JPG,Healthy leaf,train,2025-11-21,106
dataset/train/Healthy leaf/2025_11_21_IMG (107).JPG,2025_11_21_IMG (107).JPG,Healthy leaf,train,2025-11-21,107
dataset/train/Healthy leaf/2025_11_21_IMG (108).JPG,2025_11_21_IMG (108).JPG,Healthy leaf,train,2025-11-21,108
dataset/train/Healthy leaf/2025_11_21_IMG (111).JPG,2025_11_21_IMG (111).JPG,Healthy leaf,train,2025-11-21,111
dataset/train/Healthy leaf/2025_11_21_IMG (116).JPG,2025_11_21_IMG (116).JPG,Healthy leaf,train,2025-11-21,116
dataset/train/Healthy leaf/2025_11_21_IMG (118).JPG,2025_11_21_IMG (118).JPG,Healthy leaf,train,2025-11-21,118
dataset/train/Healthy leaf/2025_11_21_IMG (12).JPG,2025_11_21_IMG (12).JPG,Healthy leaf,train,2025-11-21,12
dataset/train/Healthy leaf/2025_11_21_IMG (120).JPG,2025_11_21_IMG (120).JPG,Healthy leaf,train,2025-11-21,120
dataset/train/Healthy leaf/2025_11_21_IMG (122).JPG,2025_11_21_IMG (122).JPG,Healthy leaf,train,2025-11-21,122
dataset/train/Healthy leaf/2025_11_21_IMG (123).JPG,2025_11_21_IMG (123).JPG,Healthy leaf,train,2025-11-21,123
dataset/train/Healthy leaf/2025_11_21_IMG (124).JPG,2025_11_21_IMG (124).JPG,Healthy leaf,train,2025-11-21,124
dataset/train/Healthy leaf/2025_11_21_IMG (125).JPG,2025_11_21_IMG (125).JPG,Healthy leaf,train,2025-11-21,125
dataset/train/Healthy leaf/2025_11_21_IMG (126).JPG,2025_11_21_IMG (126).JPG,Healthy leaf,train,2025-11-21,126
dataset/train/Healthy leaf/2025_11_21_IMG (127).JPG,2025_11_21_IMG (127).JPG,Healthy leaf,train,2025-11-21,127
dataset/train/Healthy leaf/2025_11_21_IMG (128).JPG,2025_11_21_IMG (128).JPG,Healthy leaf,train,2025-11-21,128
dataset/train/Healthy leaf/2025_11_21_IMG (129).JPG,2025_11_21_IMG (129).JPG,Healthy leaf,train,2025-11-21,129
dataset/train/Healthy leaf/2025_11_21_IMG (13).JPG,2025_11_21_IMG (13).JPG,Healthy leaf,train,2025-11-21,13
dataset/train/Healthy leaf/2025_11_21_IMG (130).JPG,2025_11_21_IMG (130).JPG,Healthy leaf,train,2025-11-21,130
dataset/train/Healthy leaf/2025_11_21_IMG (131).JPG,2025_11_21_IMG (131).JPG,Healthy leaf,train,2025-11-21,131
dataset/train/Healthy leaf/2025_11_21_IMG (132).JPG,2025_11_21_IMG (132).JPG,Healthy leaf,train,2025-11-21,132
dataset/train/Healthy leaf/2025_11_21_IMG (133).JPG,2025_11_21_IMG (133).JPG,Healthy leaf,train,2025-11-21,133
dataset/train/Healthy leaf/2025_11_21_IMG (134).JPG,2025_11_21_IMG (134).JPG,Healthy leaf,train,2025-11-21,134
dataset/train/Healthy leaf/2025_11_21_IMG (137).JPG,2025_11_21_IMG (137).JPG,Healthy leaf,train,2025-11-21,137
dataset/train/Healthy leaf/2025_11_21_IMG (14).JPG,2025_11_21_IMG (14).JPG,Healthy leaf,train,2025-11-21,14
dataset/train/Healthy leaf/2025_11_21_IMG (140).JPG,2025_11_21_IMG (140).JPG,Healthy leaf,train,2025-11-21,140
dataset/train/Healthy leaf/2025_11_21_IMG (142).JPG,2025_11_21_IMG (142).JPG,Healthy leaf,train,2025-11-21,142
dataset/train/Healthy leaf/2025_11_21_IMG (144).JPG,2025_11_21_IMG (144).JPG,Healthy leaf,train,2025-11-21,144
dataset/train/Healthy leaf/2025_11_21_IMG (145).JPG,2025_11_21_IMG (145).JPG,Healthy leaf,train,2025-11-21,145
dataset/train/Healthy leaf/2025_11_21_IMG (148).JPG,2025_11_21_IMG (148).JPG,Healthy leaf,train,2025-11-21,148
dataset/train/Healthy leaf/2025_11_21_IMG (149).JPG,2025_11_21_IMG (149).JPG,Healthy leaf,train,2025-11-21,149
dataset/train/Healthy leaf/2025_11_21_IMG (153).JPG,2025_11_21_IMG (153).JPG,Healthy leaf,train,2025-11-21,153
dataset/train/Healthy leaf/2025_11_21_IMG (154).JPG,2025_11_21_IMG (154).JPG,Healthy leaf,train,2025-11-21,154
dataset/train/Healthy leaf/2025_11_21_IMG (157).JPG,2025_11_21_IMG (157).JPG,Healthy leaf,train,2025-11-21,157
dataset/train/Healthy leaf/2025_11_21_IMG (158).JPG,2025_11_21_IMG (158).JPG,Healthy leaf,train,2025-11-21,158
dataset/train/Healthy leaf/2025_11_21_IMG (159).JPG,2025_11_21_IMG (159).JPG,Healthy leaf,train,2025-11-21,159
dataset/train/Healthy leaf/2025_11_21_IMG (16).JPG,2025_11_21_IMG (16).JPG,Healthy leaf,train,2025-11-21,16
dataset/train/Healthy leaf/2025_11_21_IMG (162).JPG,2025_11_21_IMG (162).JPG,Healthy leaf,train,2025-11-21,162
dataset/train/Healthy leaf/2025_11_21_IMG (164).JPG,2025_11_21_IMG (164).JPG,Healthy leaf,train,2025-11-21,164
dataset/train/Healthy leaf/2025_11_21_IMG (165).JPG,2025_11_21_IMG (165).JPG,Healthy leaf,train,2025-11-21,165
dataset/train/Healthy leaf/2025_11_21_IMG (167).JPG,2025_11_21_IMG (167).JPG,Healthy leaf,train,2025-11-21,167
dataset/train/Healthy leaf/2025_11_21_IMG (168).JPG,2025_11_21_IMG (168).JPG,Healthy leaf,train,2025-11-21,168
dataset/train/Healthy leaf/2025_11_21_IMG (169).JPG,2025_11_21_IMG (169).JPG,Healthy leaf,train,2025-11-21,169
dataset/train/Healthy leaf/2025_11_21_IMG (17).JPG,2025_11_21_IMG (17).JPG,Healthy leaf,train,2025-11-21,17
dataset/train/Healthy leaf/2025_11_21_IMG (171).JPG,2025_11_21_IMG (171).JPG,Healthy leaf,train,2025-11-21,171
dataset/train/Healthy leaf/2025_11_21_IMG (173).JPG,2025_11_21_IMG (173).JPG,Healthy leaf,train,2025-11-21,173
dataset/train/Healthy leaf/2025_11_21_IMG (174).JPG,2025_11_21_IMG (174).JPG,Healthy leaf,train,2025-11-21,174
dataset/train/Healthy leaf/2025_11_21_IMG (175).JPG,2025_11_21_IMG (175).JPG,Healthy leaf,train,2025-11-21,175
dataset/train/Healthy leaf/2025_11_21_IMG (176).JPG,2025_11_21_IMG (176).JPG,Healthy leaf,train,2025-11-21,176
dataset/train/Healthy leaf/2025_11_21_IMG (177).JPG,2025_11_21_IMG (177).JPG,Healthy leaf,train,2025-11-21,177
dataset/train/Healthy leaf/2025_11_21_IMG (178).JPG,2025_11_21_IMG (178).JPG,Healthy leaf,train,2025-11-21,178
dataset/train/Healthy leaf/2025_11_21_IMG (179).JPG,2025_11_21_IMG (179).JPG,Healthy leaf,train,2025-11-21,179
dataset/train/Healthy leaf/2025_11_21_IMG (18).JPG,2025_11_21_IMG (18).JPG,Healthy leaf,train,2025-11-21,18
dataset/train/Healthy leaf/2025_11_21_IMG (181).JPG,2025_11_21_IMG (181).JPG,Healthy leaf,train,2025-11-21,181
dataset/train/Healthy leaf/2025_11_21_IMG (182).JPG,2025_11_21_IMG (182).JPG,Healthy leaf,train,2025-11-21,182
dataset/train/Healthy leaf/2025_11_21_IMG (185).JPG,2025_11_21_IMG (185).JPG,Healthy leaf,train,2025-11-21,185
dataset/train/Healthy leaf/2025_11_21_IMG (186).JPG,2025_11_21_IMG (186).JPG,Healthy leaf,train,2025-11-21,186
dataset/train/Healthy leaf/2025_11_21_IMG (188).JPG,2025_11_21_IMG (188).JPG,Healthy leaf,train,2025-11-21,188
dataset/train/Healthy leaf/2025_11_21_IMG (189).JPG,2025_11_21_IMG (189).JPG,Healthy leaf,train,2025-11-21,189
dataset/train/Healthy leaf/2025_11_21_IMG (19).JPG,2025_11_21_IMG (19).JPG,Healthy leaf,train,2025-11-21,19
dataset/train/Healthy leaf/2025_11_21_IMG (191).JPG,2025_11_21_IMG (191).JPG,Healthy leaf,train,2025-11-21,191
dataset/train/Healthy leaf/2025_11_21_IMG (192).JPG,2025_11_21_IMG (192).JPG,Healthy leaf,train,2025-11-21,192
dataset/train/Healthy leaf/2025_11_21_IMG (193).JPG,2025_11_21_IMG (193).JPG,Healthy leaf,train,2025-11-21,193
dataset/train/Healthy leaf/2025_11_21_IMG (194).JPG,2025_11_21_IMG (194).JPG,Healthy leaf,train,2025-11-21,194
dataset/train/Healthy leaf/2025_11_21_IMG (195).JPG,2025_11_21_IMG (195).JPG,Healthy leaf,train,2025-11-21,195
dataset/train/Healthy leaf/2025_11_21_IMG (196).JPG,2025_11_21_IMG (196).JPG,Healthy leaf,train,2025-11-21,196
dataset/train/Healthy leaf/2025_11_21_IMG (197).JPG,2025_11_21_IMG (197).JPG,Healthy leaf,train,2025-11-21,197
dataset/train/Healthy leaf/2025_11_21_IMG (198).JPG,2025_11_21_IMG (198).JPG,Healthy leaf,train,2025-11-21,198
dataset/train/Healthy leaf/2025_11_21_IMG (200).JPG,2025_11_21_IMG (200).JPG,Healthy leaf,train,2025-11-21,200
dataset/train/Healthy leaf/2025_11_21_IMG (202).JPG,2025_11_21_IMG (202).JPG,Healthy leaf,train,2025-11-21,202
dataset/train/Healthy leaf/2025_11_21_IMG (204).JPG,2025_11_21_IMG (204).JPG,Healthy leaf,train,2025-11-21,204
dataset/train/Healthy leaf/2025_11_21_IMG (207).JPG,2025_11_21_IMG (207).JPG,Healthy leaf,train,2025-11-21,207
dataset/train/Healthy leaf/2025_11_21_IMG (208).JPG,2025_11_21_IMG (208).JPG,Healthy leaf,train,2025-11-21,208
dataset/train/Healthy leaf/2025_11_21_IMG (209).JPG,2025_11_21_IMG (209).JPG,Healthy leaf,train,2025-11-21,209
dataset/train/Healthy leaf/2025_11_21_IMG (21).JPG,2025_11_21_IMG (21).JPG,Healthy leaf,train,2025-11-21,21
dataset/train/Healthy leaf/2025_11_21_IMG (210).JPG,2025_11_21_IMG (210).JPG,Healthy leaf,train,2025-11-21,210
dataset/train/Healthy leaf/2025_11_21_IMG (212).JPG,2025_11_21_IMG (212).JPG,Healthy leaf,train,2025-11-21,212
dataset/train/Healthy leaf/2025_11_21_IMG (213).JPG,2025_11_21_IMG (213).JPG,Healthy leaf,train,2025-11-21,213
dataset/train/Healthy leaf/2025_11_21_IMG (214).JPG,2025_11_21_IMG (214).JPG,Healthy leaf,train,2025-11-21,214
dataset/train/Healthy leaf/2025_11_21_IMG (215).JPG,2025_11_21_IMG (215).JPG,Healthy leaf,train,2025-11-21,215
dataset/train/Healthy leaf/2025_11_21_IMG (216).JPG,2025_11_21_IMG (216).JPG,Healthy leaf,train,2025-11-21,216
dataset/train/Healthy leaf/2025_11_21_IMG (217).JPG,2025_11_21_IMG (217).JPG,Healthy leaf,train,2025-11-21,217
dataset/train/Healthy leaf/2025_11_21_IMG (218).JPG,2025_11_21_IMG (218).JPG,Healthy leaf,train,2025-11-21,218
dataset/train/Healthy leaf/2025_11_21_IMG (219).JPG,2025_11_21_IMG (219).JPG,Healthy leaf,train,2025-11-21,219
dataset/train/Healthy leaf/2025_11_21_IMG (22).JPG,2025_11_21_IMG (22).JPG,Healthy leaf,train,2025-11-21,22
dataset/train/Healthy leaf/2025_11_21_IMG (222).JPG,2025_11_21_IMG (222).JPG,Healthy leaf,train,2025-11-21,222
dataset/train/Healthy leaf/2025_11_21_IMG (223).JPG,2025_11_21_IMG (223).JPG,Healthy leaf,train,2025-11-21,223
dataset/train/Healthy leaf/2025_11_21_IMG (224).JPG,2025_11_21_IMG (224).JPG,Healthy leaf,train,2025-11-21,224
dataset/train/Healthy leaf/2025_11_21_IMG (226).JPG,2025_11_21_IMG (226).JPG,Healthy leaf,train,2025-11-21,226
dataset/train/Healthy leaf/2025_11_21_IMG (228).JPG,2025_11_21_IMG (228).JPG,Healthy leaf,train,2025-11-21,228
dataset/train/Healthy leaf/2025_11_21_IMG (229).JPG,2025_11_21_IMG (229).JPG,Healthy leaf,train,2025-11-21,229
dataset/train/Healthy leaf/2025_11_21_IMG (23).JPG,2025_11_21_IMG (23).JPG,Healthy leaf,train,2025-11-21,23
dataset/train/Healthy leaf/2025_11_21_IMG (230).JPG,2025_11_21_IMG (230).JPG,Healthy leaf,train,2025-11-21,230
dataset/train/Healthy leaf/2025_11_21_IMG (232).JPG,2025_11_21_IMG (232).JPG,Healthy leaf,train,2025-11-21,232
dataset/train/Healthy leaf/2025_11_21_IMG (233).JPG,2025_11_21_IMG (233).JPG,Healthy leaf,train,2025-11-21,233
dataset/train/Healthy leaf/2025_11_21_IMG (235).JPG,2025_11_21_IMG (235).JPG,Healthy leaf,train,2025-11-21,235
dataset/train/Healthy leaf/2025_11_21_IMG (236).JPG,2025_11_21_IMG (236).JPG,Healthy leaf,train,2025-11-21,236
dataset/train/Healthy leaf/2025_11_21_IMG (237).JPG,2025_11_21_IMG (237).JPG,Healthy leaf,train,2025-11-21,237
dataset/train/Healthy leaf/2025_11_21_IMG (238).JPG,2025_11_21_IMG (238).JPG,Healthy leaf,train,2025-11-21,238
dataset/train/Healthy leaf/2025_11_21_IMG (24).JPG,2025_11_21_IMG (24).JPG,Healthy leaf,train,2025-11-21,24
dataset/train/Healthy leaf/2025_11_21_IMG (240).JPG,2025_11_21_IMG (240).JPG,Healthy leaf,train,2025-11-21,240
dataset/train/Healthy leaf/2025_11_21_IMG (241).JPG,2025_11_21_IMG (241).JPG,Healthy leaf,train,2025-11-21,241
dataset/train/Healthy leaf/2025_11_21_IMG (242).JPG,2025_11_21_IMG (242).JPG,Healthy leaf,train,2025-11-21,242
dataset/train/Healthy leaf/2025_11_21_IMG (243).JPG,2025_11_21_IMG (243).JPG,Healthy leaf,train,2025-11-21,243
dataset/train/Healthy leaf/2025_11_21_IMG (244).JPG,2025_11_21_IMG (244).JPG,Healthy leaf,train,2025-11-21,244
dataset/train/Healthy leaf/2025_11_21_IMG (247).JPG,2025_11_21_IMG (247).JPG,Healthy leaf,train,2025-11-21,247
dataset/train/Healthy leaf/2025_11_21_IMG (249).JPG,2025_11_21_IMG (249).JPG,Healthy leaf,train,2025-11-21,249
dataset/train/Healthy leaf/2025_11_21_IMG (25).JPG,2025_11_21_IMG (25).JPG,Healthy leaf,train,2025-11-21,25
dataset/train/Healthy leaf/2025_11_21_IMG (250).JPG,2025_11_21_IMG (250).JPG,Healthy leaf,train,2025-11-21,250
dataset/train/Healthy leaf/2025_11_21_IMG (252).JPG,2025_11_21_IMG (252).JPG,Healthy leaf,train,2025-11-21,252
dataset/train/Healthy leaf/2025_11_21_IMG (255).JPG,2025_11_21_IMG (255).JPG,Healthy leaf,train,2025-11-21,255
dataset/train/Healthy leaf/2025_11_21_IMG (259).JPG,2025_11_21_IMG (259).JPG,Healthy leaf,train,2025-11-21,259
dataset/train/Healthy leaf/2025_11_21_IMG (26).JPG,2025_11_21_IMG (26).JPG,Healthy leaf,train,2025-11-21,26
dataset/train/Healthy leaf/2025_11_21_IMG (262).JPG,2025_11_21_IMG (262).JPG,Healthy leaf,train,2025-11-21,262
dataset/train/Healthy leaf/2025_11_21_IMG (263).JPG,2025_11_21_IMG (263).JPG,Healthy leaf,train,2025-11-21,263
dataset/train/Healthy leaf/2025_11_21_IMG (265).JPG,2025_11_21_IMG (265).JPG,Healthy leaf,train,2025-11-21,265
dataset/train/Healthy leaf/2025_11_21_IMG (268).JPG,2025_11_21_IMG (268).JPG,Healthy leaf,train,2025-11-21,268
dataset/train/Healthy leaf/2025_11_21_IMG (269).JPG,2025_11_21_IMG (269).JPG,Healthy leaf,train,2025-11-21,269
dataset/train/Healthy leaf/2025_11_21_IMG (27).JPG,2025_11_21_IMG (27).JPG,Healthy leaf,train,2025-11-21,27
dataset/train/Healthy leaf/2025_11_21_IMG (270).JPG,2025_11_21_IMG (270).JPG,Healthy leaf,train,2025-11-21,270
dataset/train/Healthy leaf/2025_11_21_IMG (271).JPG,2025_11_21_IMG (271).JPG,Healthy leaf,train,2025-11-21,271
dataset/train/Healthy leaf/2025_11_21_IMG (272).JPG,2025_11_21_IMG (272).JPG,Healthy leaf,train,2025-11-21,272
dataset/train/Healthy leaf/2025_11_21_IMG (275).JPG,2025_11_21_IMG (275).JPG,Healthy leaf,train,2025-11-21,275
dataset/train/Healthy leaf/2025_11_21_IMG (276).JPG,2025_11_21_IMG (276).JPG,Healthy leaf,train,2025-11-21,276
dataset/train/Healthy leaf/2025_11_21_IMG (278).JPG,2025_11_21_IMG (278).JPG,Healthy leaf,train,2025-11-21,278
dataset/train/Healthy leaf/2025_11_21_IMG (279).JPG,2025_11_21_IMG (279).JPG,Healthy leaf,train,2025-11-21,279
dataset/train/Healthy leaf/2025_11_21_IMG (28).JPG,2025_11_21_IMG (28).JPG,Healthy leaf,train,2025-11-21,28
dataset/train/Healthy leaf/2025_11_21_IMG (280).JPG,2025_11_21_IMG (280).JPG,Healthy leaf,train,2025-11-21,280
dataset/train/Healthy leaf/2025_11_21_IMG (281).JPG,2025_11_21_IMG (281).JPG,Healthy leaf,train,2025-11-21,281
dataset/train/Healthy leaf/2025_11_21_IMG (282).JPG,2025_11_21_IMG (282).JPG,Healthy leaf,train,2025-11-21,282
dataset/train/Healthy leaf/2025_11_21_IMG (283).JPG,2025_11_21_IMG (283).JPG,Healthy leaf,train,2025-11-21,283
dataset/train/Healthy leaf/2025_11_21_IMG (284).JPG,2025_11_21_IMG (284).JPG,Healthy leaf,train,2025-11-21,284
dataset/train/Healthy leaf/2025_11_21_IMG (285).JPG,2025_11_21_IMG (285).JPG,Healthy leaf,train,2025-11-21,285
dataset/train/Healthy leaf/2025_11_21_IMG (286).JPG,2025_11_21_IMG (286).JPG,Healthy leaf,train,2025-11-21,286
dataset/train/Healthy leaf/2025_11_21_IMG (287).JPG,2025_11_21_IMG (287).JPG,Healthy leaf,train,2025-11-21,287
dataset/train/Healthy leaf/2025_11_21_IMG (288).JPG,2025_11_21_IMG (288).JPG,Healthy leaf,train,2025-11-21,288
dataset/train/Healthy leaf/2025_11_21_IMG (289).JPG,2025_11_21_IMG (289).JPG,Healthy leaf,train,2025-11-21,289
dataset/train/Healthy leaf/2025_11_21_IMG (29).JPG,2025_11_21_IMG (29).JPG,Healthy leaf,train,2025-11-21,29
dataset/train/Healthy leaf/2025_11_21_IMG (290).JPG,2025_11_21_IMG (290).JPG,Healthy leaf,train,2025-11-21,290
dataset/train/Healthy leaf/2025_11_21_IMG (293).JPG,2025_11_21_IMG (293).JPG,Healthy leaf,train,2025-11-21,293
dataset/train/Healthy leaf/2025_11_21_IMG (295).JPG,2025_11_21_IMG (295).JPG,Healthy leaf,train,2025-11-21,295
dataset/train/Healthy leaf/2025_11_21_IMG (297).JPG,2025_11_21_IMG (297).JPG,Healthy leaf,train,2025-11-21,297
dataset/train/Healthy leaf/2025_11_21_IMG (298).JPG,2025_11_21_IMG (298).JPG,Healthy leaf,train,2025-11-21,298
dataset/train/Healthy leaf/2025_11_21_IMG (3).JPG,2025_11_21_IMG (3).JPG,Healthy leaf,train,2025-11-21,3
dataset/train/Healthy leaf/2025_11_21_IMG (30).JPG,2025_11_21_IMG (30).JPG,Healthy leaf,train,2025-11-21,30
dataset/train/Healthy leaf/2025_11_21_IMG (300).JPG,2025_11_21_IMG (300).JPG,Healthy leaf,train,2025-11-21,300
dataset/train/Healthy leaf/2025_11_21_IMG (31).JPG,2025_11_21_IMG (31).JPG,Healthy leaf,train,2025-11-21,31
dataset/train/Healthy leaf/2025_11_21_IMG (32).JPG,2025_11_21_IMG (32).JPG,Healthy leaf,train,2025-11-21,32
dataset/train/Healthy leaf/2025_11_21_IMG (33).JPG,2025_11_21_IMG (33).JPG,Healthy leaf,train,2025-11-21,33
dataset/train/Healthy leaf/2025_11_21_IMG (34).JPG,2025_11_21_IMG (34).JPG,Healthy leaf,train,2025-11-21,34
dataset/train/Healthy leaf/2025_11_21_IMG (36).JPG,2025_11_21_IMG (36).JPG,Healthy leaf,train,2025-11-21,36
dataset/train/Healthy leaf/2025_11_21_IMG (37).JPG,2025_11_21_IMG (37).JPG,Healthy leaf,train,2025-11-21,37
dataset/train/Healthy leaf/2025_11_21_IMG (38).JPG,2025_11_21_IMG (38).JPG,Healthy leaf,train,2025-11-21,38
dataset/train/Healthy leaf/2025_11_21_IMG (39).JPG,2025_11_21_IMG (39).JPG,Healthy leaf,train,2025-11-21,39
dataset/train/Healthy leaf/2025_11_21_IMG (41).JPG,2025_11_21_IMG (41).JPG,Healthy leaf,train,2025-11-21,41
dataset/train/Healthy leaf/2025_11_21_IMG (43).JPG,2025_11_21_IMG (43).JPG,Healthy leaf,train,2025-11-21,43
dataset/train/Healthy leaf/2025_11_21_IMG (44).JPG,2025_11_21_IMG (44).JPG,Healthy leaf,train,2025-11-21,44
dataset/train/Healthy leaf/2025_11_21_IMG (46).JPG,2025_11_21_IMG (46).JPG,Healthy leaf,train,2025-11-21,46
dataset/train/Healthy leaf/2025_11_21_IMG (47).JPG,2025_11_21_IMG (47).JPG,Healthy leaf,train,2025-11-21,47
dataset/train/Healthy leaf/2025_11_21_IMG (48).JPG,2025_11_21_IMG (48).JPG,Healthy leaf,train,2025-11-21,48
dataset/train/Healthy leaf/2025_11_21_IMG (49).JPG,2025_11_21_IMG (49).JPG,Healthy leaf,train,2025-11-21,49
dataset/train/Healthy leaf/2025_11_21_IMG (5).JPG,2025_11_21_IMG (5).JPG,Healthy leaf,train,2025-11-21,5
dataset/train/Healthy leaf/2025_11_21_IMG (50).JPG,2025_11_21_IMG (50).JPG,Healthy leaf,train,2025-11-21,50
dataset/train/Healthy leaf/2025_11_21_IMG (51).JPG,2025_11_21_IMG (51).JPG,Healthy leaf,train,2025-11-21,51
dataset/train/Healthy leaf/2025_11_21_IMG (52).JPG,2025_11_21_IMG (52).JPG,Healthy leaf,train,2025-11-21,52
dataset/train/Healthy leaf/2025_11_21_IMG (53).JPG,2025_11_21_IMG (53).JPG,Healthy leaf,train,2025-11-21,53
dataset/train/Healthy leaf/2025_11_21_IMG (54).JPG,2025_11_21_IMG (54).JPG,Healthy leaf,train,2025-11-21,54
dataset/train/Healthy leaf/2025_11_21_IMG (55).JPG,2025_11_21_IMG (55).JPG,Healthy leaf,train,2025-11-21,55
dataset/train/Healthy leaf/2025_11_21_IMG (56).JPG,2025_11_21_IMG (56).JPG,Healthy leaf,train,2025-11-21,56
dataset/train/Healthy leaf/2025_11_21_IMG (57).JPG,2025_11_21_IMG (57).JPG,Healthy leaf,train,2025-11-21,57
dataset/train/Healthy leaf/2025_11_21_IMG (58).JPG,2025_11_21_IMG (58).JPG,Healthy leaf,train,2025-11-21,58
dataset/train/Healthy leaf/2025_11_21_IMG (59).JPG,2025_11_21_IMG (59).JPG,Healthy leaf,train,2025-11-21,59
dataset/train/Healthy leaf/2025_11_21_IMG (6).JPG,2025_11_21_IMG (6).JPG,Healthy leaf,train,2025-11-21,6
dataset/train/Healthy leaf/2025_11_21_IMG (60).JPG,2025_11_21_IMG (60).JPG,Healthy leaf,train,2025-11-21,60
dataset/train/Healthy leaf/2025_11_21_IMG (62).JPG,2025_11_21_IMG (62).JPG,Healthy leaf,train,2025-11-21,62
dataset/train/Healthy leaf/2025_11_21_IMG (63).JPG,2025_11_21_IMG (63).JPG,Healthy leaf,train,2025-11-21,63
dataset/train/Healthy leaf/2025_11_21_IMG (64).JPG,2025_11_21_IMG (64).JPG,Healthy leaf,train,2025-11-21,64
dataset/train/Healthy leaf/2025_11_21_IMG (65).JPG,2025_11_21_IMG (65).JPG,Healthy leaf,train,2025-11-21,65
dataset/train/Healthy leaf/2025_11_21_IMG (67).JPG,2025_11_21_IMG (67).JPG,Healthy leaf,train,2025-11-21,67
dataset/train/Healthy leaf/2025_11_21_IMG (69).JPG,2025_11_21_IMG (69).JPG,Healthy leaf,train,2025-11-21,69
dataset/train/Healthy leaf/2025_11_21_IMG (7).JPG,2025_11_21_IMG (7).JPG,Healthy leaf,train,2025-11-21,7
dataset/train/Healthy leaf/2025_11_21_IMG (70).JPG,2025_11_21_IMG (70).JPG,Healthy leaf,train,2025-11-21,70
dataset/train/Healthy leaf/2025_11_21_IMG (71).JPG,2025_11_21_IMG (71).JPG,Healthy leaf,train,2025-11-21,71
dataset/train/Healthy leaf/2025_11_21_IMG (72).JPG,2025_11_21_IMG (72).JPG,Healthy leaf,train,2025-11-21,72
dataset/train/Healthy leaf/2025_11_21_IMG (73).JPG,2025_11_21_IMG (73).JPG,Healthy leaf,train,2025-11-21,73
dataset/train/Healthy leaf/2025_11_21_IMG (76).JPG,2025_11_21_IMG (76).JPG,Healthy leaf,train,2025-11-21,76
dataset/train/Healthy leaf/2025_11_21_IMG (77).JPG,2025_11_21_IMG (77).JPG,Healthy leaf,train,2025-11-21,77
dataset/train/Healthy leaf/2025_11_21_IMG (78).JPG,2025_11_21_IMG (78).JPG,Healthy leaf,train,2025-11-21,78
dataset/train/Healthy leaf/2025_11_21_IMG (8).JPG,2025_11_21_IMG (8).JPG,Healthy leaf,train,2025-11-21,8
dataset/train/Healthy leaf/2025_11_21_IMG (81).JPG,2025_11_21_IMG (81).JPG,Healthy leaf,train,2025-11-21,81
dataset/train/Healthy leaf/2025_11_21_IMG (82).JPG,2025_11_21_IMG (82).JPG,Healthy leaf,train,2025-11-21,82
dataset/train/Healthy leaf/2025_11_21_IMG (83).JPG,2025_11_21_IMG (83).JPG,Healthy leaf,train,2025-11-21,83
dataset/train/Healthy leaf/2025_11_21_IMG (84).JPG,2025_11_21_IMG (84).JPG,Healthy leaf,train,2025-11-21,84
dataset/train/Healthy leaf/2025_11_21_IMG (85).JPG,2025_11_21_IMG (85).JPG,Healthy leaf,train,2025-11-21,85
dataset/train/Healthy leaf/2025_11_21_IMG (86).JPG,2025_11_21_IMG (86).JPG,Healthy leaf,train,2025-11-21,86
dataset/train/Healthy leaf/2025_11_21_IMG (87).JPG,2025_11_21_IMG (87).JPG,Healthy leaf,train,2025-11-21,87
dataset/train/Healthy leaf/2025_11_21_IMG (89).JPG,2025_11_21_IMG (89).JPG,Healthy leaf,train,2025-11-21,89
dataset/train/Healthy leaf/2025_11_21_IMG (9).JPG,2025_11_21_IMG (9).JPG,Healthy leaf,train,2025-11-21,9
dataset/train/Healthy leaf/2025_11_21_IMG (91).JPG,2025_11_21_IMG (91).JPG,Healthy leaf,train,2025-11-21,91
dataset/train/Healthy leaf/2025_11_21_IMG (95).JPG,2025_11_21_IMG (95).JPG,Healthy leaf,train,2025-11-21,95
dataset/train/Healthy leaf/2025_11_21_IMG (96).JPG,2025_11_21_IMG (96).JPG,Healthy leaf,train,2025-11-21,96
dataset/train/Healthy leaf/2025_11_21_IMG (97).JPG,2025_11_21_IMG (97).JPG,Healthy leaf,train,2025-11-21,97
dataset/train/Healthy leaf/2025_11_21_IMG (98).JPG,2025_11_21_IMG (98).JPG,Healthy leaf,train,2025-11-21,98
dataset/train/Healthy leaf/2025_11_21_IMG (99).JPG,2025_11_21_IMG (99).JPG,Healthy leaf,train,2025-11-21,99
dataset/val/Algal leaf spot/2025_12_21_IMG (111).JPG,2025_12_21_IMG (111).JPG,Algal leaf spot,val,2025-12-21,111
dataset/val/Algal leaf spot/2025_12_21_IMG (115).JPG,2025_12_21_IMG (115).JPG,Algal leaf spot,val,2025-12-21,115
dataset/val/Algal leaf spot/2025_12_21_IMG (12).JPG,2025_12_21_IMG (12).JPG,Algal leaf spot,val,2025-12-21,12
dataset/val/Algal leaf spot/2025_12_21_IMG (130).JPG,2025_12_21_IMG (130).JPG,Algal leaf spot,val,2025-12-21,130
dataset/val/Algal leaf spot/2025_12_21_IMG (136).JPG,2025_12_21_IMG (136).JPG,Algal leaf spot,val,2025-12-21,136
dataset/val/Algal leaf spot/2025_12_21_IMG (138).JPG,2025_12_21_IMG (138).JPG,Algal leaf spot,val,2025-12-21,138
dataset/val/Algal leaf spot/2025_12_21_IMG (145).JPG,2025_12_21_IMG (145).JPG,Algal leaf spot,val,2025-12-21,145
dataset/val/Algal leaf spot/2025_12_21_IMG (147).JPG,2025_12_21_IMG (147).JPG,Algal leaf spot,val,2025-12-21,147
dataset/val/Algal leaf spot/2025_12_21_IMG (15).JPG,2025_12_21_IMG (15).JPG,Algal leaf spot,val,2025-12-21,15
dataset/val/Algal leaf spot/2025_12_21_IMG (151).JPG,2025_12_21_IMG (151).JPG,Algal leaf spot,val,2025-12-21,151
dataset/val/Algal leaf spot/2025_12_21_IMG (155).JPG,2025_12_21_IMG (155).JPG,Algal leaf spot,val,2025-12-21,155
dataset/val/Algal leaf spot/2025_12_21_IMG (160).JPG,2025_12_21_IMG (160).JPG,Algal leaf spot,val,2025-12-21,160
dataset/val/Algal leaf spot/2025_12_21_IMG (161).JPG,2025_12_21_IMG (161).JPG,Algal leaf spot,val,2025-12-21,161
dataset/val/Algal leaf spot/2025_12_21_IMG (174).JPG,2025_12_21_IMG (174).JPG,Algal leaf spot,val,2025-12-21,174
dataset/val/Algal leaf spot/2025_12_21_IMG (180).JPG,2025_12_21_IMG (180).JPG,Algal leaf spot,val,2025-12-21,180
dataset/val/Algal leaf spot/2025_12_21_IMG (183).JPG,2025_12_21_IMG (183).JPG,Algal leaf spot,val,2025-12-21,183
dataset/val/Algal leaf spot/2025_12_21_IMG (184).JPG,2025_12_21_IMG (184).JPG,Algal leaf spot,val,2025-12-21,184
dataset/val/Algal leaf spot/2025_12_21_IMG (187).JPG,2025_12_21_IMG (187).JPG,Algal leaf spot,val,2025-12-21,187
dataset/val/Algal leaf spot/2025_12_21_IMG (203).JPG,2025_12_21_IMG (203).JPG,Algal leaf spot,val,2025-12-21,203
dataset/val/Algal leaf spot/2025_12_21_IMG (205).JPG,2025_12_21_IMG (205).JPG,Algal leaf spot,val,2025-12-21,205
dataset/val/Algal leaf spot/2025_12_21_IMG (221).JPG,2025_12_21_IMG (221).JPG,Algal leaf spot,val,2025-12-21,221
dataset/val/Algal leaf spot/2025_12_21_IMG (232).JPG,2025_12_21_IMG (232).JPG,Algal leaf spot,val,2025-12-21,232
dataset/val/Algal leaf spot/2025_12_21_IMG (239).JPG,2025_12_21_IMG (239).JPG,Algal leaf spot,val,2025-12-21,239
dataset/val/Algal leaf spot/2025_12_21_IMG (245).JPG,2025_12_21_IMG (245).JPG,Algal leaf spot,val,2025-12-21,245
dataset/val/Algal leaf spot/2025_12_21_IMG (246).JPG,2025_12_21_IMG (246).JPG,Algal leaf spot,val,2025-12-21,246
dataset/val/Algal leaf spot/2025_12_21_IMG (248).JPG,2025_12_21_IMG (248).JPG,Algal leaf spot,val,2025-12-21,248
dataset/val/Algal leaf spot/2025_12_21_IMG (253).JPG,2025_12_21_IMG (253).JPG,Algal leaf spot,val,2025-12-21,253
dataset/val/Algal leaf spot/2025_12_21_IMG (257).JPG,2025_12_21_IMG (257).JPG,Algal leaf spot,val,2025-12-21,257
dataset/val/Algal leaf spot/2025_12_21_IMG (260).JPG,2025_12_21_IMG (260).JPG,Algal leaf spot,val,2025-12-21,260
dataset/val/Algal leaf spot/2025_12_21_IMG (267).JPG,2025_12_21_IMG (267).JPG,Algal leaf spot,val,2025-12-21,267
dataset/val/Algal leaf spot/2025_12_21_IMG (276).JPG,2025_12_21_IMG (276).JPG,Algal leaf spot,val,2025-12-21,276
dataset/val/Algal leaf spot/2025_12_21_IMG (278).JPG,2025_12_21_IMG (278).JPG,Algal leaf spot,val,2025-12-21,278
dataset/val/Algal leaf spot/2025_12_21_IMG (289).JPG,2025_12_21_IMG (289).JPG,Algal leaf spot,val,2025-12-21,289
dataset/val/Algal leaf spot/2025_12_21_IMG (291).JPG,2025_12_21_IMG (291).JPG,Algal leaf spot,val,2025-12-21,291
dataset/val/Algal leaf spot/2025_12_21_IMG (293).JPG,2025_12_21_IMG (293).JPG,Algal leaf spot,val,2025-12-21,293
dataset/val/Algal leaf spot/2025_12_21_IMG (35).JPG,2025_12_21_IMG (35).JPG,Algal leaf spot,val,2025-12-21,35
dataset/val/Algal leaf spot/2025_12_21_IMG (44).JPG,2025_12_21_IMG (44).JPG,Algal leaf spot,val,2025-12-21,44
dataset/val/Algal leaf spot/2025_12_21_IMG (47).JPG,2025_12_21_IMG (47).JPG,Algal leaf spot,val,2025-12-21,47
dataset/val/Algal leaf spot/2025_12_21_IMG (54).JPG,2025_12_21_IMG (54).JPG,Algal leaf spot,val,2025-12-21,54
dataset/val/Algal leaf spot/2025_12_21_IMG (6).JPG,2025_12_21_IMG (6).JPG,Algal leaf spot,val,2025-12-21,6
dataset/val/Algal leaf spot/2025_12_21_IMG (65).JPG,2025_12_21_IMG (65).JPG,Algal leaf spot,val,2025-12-21,65
dataset/val/Algal leaf spot/2025_12_21_IMG (68).JPG,2025_12_21_IMG (68).JPG,Algal leaf spot,val,2025-12-21,68
dataset/val/Algal leaf spot/2025_12_21_IMG (73).JPG,2025_12_21_IMG (73).JPG,Algal leaf spot,val,2025-12-21,73
dataset/val/Algal leaf spot/2025_12_21_IMG (74).JPG,2025_12_21_IMG (74).JPG,Algal leaf spot,val,2025-12-21,74
dataset/val/Algal leaf spot/2025_12_21_IMG (86).JPG,2025_12_21_IMG (86).JPG,Algal leaf spot,val,2025-12-21,86
dataset/val/Algal leaf spot/2025_12_21_IMG (94).JPG,2025_12_21_IMG (94).JPG,Algal leaf spot,val,2025-12-21,94
dataset/val/Black spot/2025_12_20_IMG (106).JPG,2025_12_20_IMG (106).JPG,Black spot,val,2025-12-20,106
dataset/val/Black spot/2025_12_20_IMG (111).JPG,2025_12_20_IMG (111).JPG,Black spot,val,2025-12-20,111
dataset/val/Black spot/2025_12_20_IMG (12).JPG,2025_12_20_IMG (12).JPG,Black spot,val,2025-12-20,12
dataset/val/Black spot/2025_12_20_IMG (130).JPG,2025_12_20_IMG (130).JPG,Black spot,val,2025-12-20,130
dataset/val/Black spot/2025_12_20_IMG (131).JPG,2025_12_20_IMG (131).JPG,Black spot,val,2025-12-20,131
dataset/val/Black spot/2025_12_20_IMG (145).JPG,2025_12_20_IMG (145).JPG,Black spot,val,2025-12-20,145
dataset/val/Black spot/2025_12_20_IMG (148).JPG,2025_12_20_IMG (148).JPG,Black spot,val,2025-12-20,148
dataset/val/Black spot/2025_12_20_IMG (15).JPG,2025_12_20_IMG (15).JPG,Black spot,val,2025-12-20,15
dataset/val/Black spot/2025_12_20_IMG (151).JPG,2025_12_20_IMG (151).JPG,Black spot,val,2025-12-20,151
dataset/val/Black spot/2025_12_20_IMG (160).JPG,2025_12_20_IMG (160).JPG,Black spot,val,2025-12-20,160
dataset/val/Black spot/2025_12_20_IMG (171).JPG,2025_12_20_IMG (171).JPG,Black spot,val,2025-12-20,171
dataset/val/Black spot/2025_12_20_IMG (174).JPG,2025_12_20_IMG (174).JPG,Black spot,val,2025-12-20,174
dataset/val/Black spot/2025_12_20_IMG (178).JPG,2025_12_20_IMG (178).JPG,Black spot,val,2025-12-20,178
dataset/val/Black spot/2025_12_20_IMG (188).JPG,2025_12_20_IMG (188).JPG,Black spot,val,2025-12-20,188
dataset/val/Black spot/2025_12_20_IMG (191).JPG,2025_12_20_IMG (191).JPG,Black spot,val,2025-12-20,191
dataset/val/Black spot/2025_12_20_IMG (196).JPG,2025_12_20_IMG (196).JPG,Black spot,val,2025-12-20,196
dataset/val/Black spot/2025_12_20_IMG (203).JPG,2025_12_20_IMG (203).JPG,Black spot,val,2025-12-20,203
dataset/val/Black spot/2025_12_20_IMG (221).JPG,2025_12_20_IMG (221).JPG,Black spot,val,2025-12-20,221
dataset/val/Black spot/2025_12_20_IMG (223).JPG,2025_12_20_IMG (223).JPG,Black spot,val,2025-12-20,223
dataset/val/Black spot/2025_12_20_IMG (23).JPG,2025_12_20_IMG (23).JPG,Black spot,val,2025-12-20,23
dataset/val/Black spot/2025_12_20_IMG (232).JPG,2025_12_20_IMG (232).JPG,Black spot,val,2025-12-20,232
dataset/val/Black spot/2025_12_20_IMG (246).JPG,2025_12_20_IMG (246).JPG,Black spot,val,2025-12-20,246
dataset/val/Black spot/2025_12_20_IMG (257).JPG,2025_12_20_IMG (257).JPG,Black spot,val,2025-12-20,257
dataset/val/Black spot/2025_12_20_IMG (262).JPG,2025_12_20_IMG (262).JPG,Black spot,val,2025-12-20,262
dataset/val/Black spot/2025_12_20_IMG (267).JPG,2025_12_20_IMG (267).JPG,Black spot,val,2025-12-20,267
dataset/val/Black spot/2025_12_20_IMG (27).JPG,2025_12_20_IMG (27).JPG,Black spot,val,2025-12-20,27
dataset/val/Black spot/2025_12_20_IMG (276).JPG,2025_12_20_IMG (276).JPG,Black spot,val,2025-12-20,276
dataset/val/Black spot/2025_12_20_IMG (278).JPG,2025_12_20_IMG (278).JPG,Black spot,val,2025-12-20,278
dataset/val/Black spot/2025_12_20_IMG (285).JPG,2025_12_20_IMG (285).JPG,Black spot,val,2025-12-20,285
dataset/val/Black spot/2025_12_20_IMG (289).JPG,2025_12_20_IMG (289).JPG,Black spot,val,2025-12-20,289
dataset/val/Black spot/2025_12_20_IMG (293).JPG,2025_12_20_IMG (293).JPG,Black spot,val,2025-12-20,293
dataset/val/Black spot/2025_12_20_IMG (300).JPG,2025_12_20_IMG (300).JPG,Black spot,val,2025-12-20,300
dataset/val/Black spot/2025_12_20_IMG (308).JPG,2025_12_20_IMG (308).JPG,Black spot,val,2025-12-20,308
dataset/val/Black spot/2025_12_20_IMG (309).JPG,2025_12_20_IMG (309).JPG,Black spot,val,2025-12-20,309
dataset/val/Black spot/2025_12_20_IMG (311).JPG,2025_12_20_IMG (311).JPG,Black spot,val,2025-12-20,311
dataset/val/Black spot/2025_12_20_IMG (327).JPG,2025_12_20_IMG (327).JPG,Black spot,val,2025-12-20,327
dataset/val/Black spot/2025_12_20_IMG (330).JPG,2025_12_20_IMG (330).JPG,Black spot,val,2025-12-20,330
dataset/val/Black spot/2025_12_20_IMG (41).JPG,2025_12_20_IMG (41).JPG,Black spot,val,2025-12-20,41
dataset/val/Black spot/2025_12_20_IMG (44).JPG,2025_12_20_IMG (44).JPG,Black spot,val,2025-12-20,44
dataset/val/Black spot/2025_12_20_IMG (45).JPG,2025_12_20_IMG (45).JPG,Black spot,val,2025-12-20,45
dataset/val/Black spot/2025_12_20_IMG (55).JPG,2025_12_20_IMG (55).JPG,Black spot,val,2025-12-20,55
dataset/val/Black spot/2025_12_20_IMG (61).JPG,2025_12_20_IMG (61).JPG,Black spot,val,2025-12-20,61
dataset/val/Black spot/2025_12_20_IMG (62).JPG,2025_12_20_IMG (62).JPG,Black spot,val,2025-12-20,62
dataset/val/Black spot/2025_12_20_IMG (64).JPG,2025_12_20_IMG (64).JPG,Black spot,val,2025-12-20,64
dataset/val/Black spot/2025_12_20_IMG (7).JPG,2025_12_20_IMG (7).JPG,Black spot,val,2025-12-20,7
dataset/val/Black spot/2025_12_20_IMG (83).JPG,2025_12_20_IMG (83).JPG,Black spot,val,2025-12-20,83
dataset/val/Black spot/2025_12_20_IMG (84).JPG,2025_12_20_IMG (84).JPG,Black spot,val,2025-12-20,84
dataset/val/Black spot/2025_12_20_IMG (88).JPG,2025_12_20_IMG (88).JPG,Black spot,val,2025-12-20,88
dataset/val/Black spot/2025_12_20_IMG (95).JPG,2025_12_20_IMG (95).JPG,Black spot,val,2025-12-20,95
dataset/val/Citrus canker/2025_12_21_IMG (225).JPG,2025_12_21_IMG (225).JPG,Citrus canker,val,2025-12-21,225
dataset/val/Citrus canker/2025_12_21_IMG (226).JPG,2025_12_21_IMG (226).JPG,Citrus canker,val,2025-12-21,226
dataset/val/Citrus canker/2025_12_21_IMG (230).JPG,2025_12_21_IMG (230).JPG,Citrus canker,val,2025-12-21,230
dataset/val/Citrus canker/2025_12_21_IMG (235).JPG,2025_12_21_IMG (235).JPG,Citrus canker,val,2025-12-21,235
dataset/val/Citrus canker/2025_12_21_IMG (237).JPG,2025_12_21_IMG (237).JPG,Citrus canker,val,2025-12-21,237
dataset/val/Citrus canker/2025_12_21_IMG (238).JPG,2025_12_21_IMG (238).JPG,Citrus canker,val,2025-12-21,238
dataset/val/Citrus canker/2025_12_21_IMG (248).JPG,2025_12_21_IMG (248).JPG,Citrus canker,val,2025-12-21,248
dataset/val/Citrus canker/2025_12_21_IMG (253).JPG,2025_12_21_IMG (253).JPG,Citrus canker,val,2025-12-21,253
dataset/val/Citrus canker/2025_12_21_IMG (272).JPG,2025_12_21_IMG (272).JPG,Citrus canker,val,2025-12-21,272
dataset/val/Citrus canker/2025_12_21_IMG (275).JPG,2025_12_21_IMG (275).JPG,Citrus canker,val,2025-12-21,275
dataset/val/Citrus canker/2025_12_21_IMG (285).JPG,2025_12_21_IMG (285).JPG,Citrus canker,val,2025-12-21,285
dataset/val/Citrus canker/2025_12_21_IMG (289).JPG,2025_12_21_IMG (289).JPG,Citrus canker,val,2025-12-21,289
dataset/val/Citrus canker/2025_12_21_IMG (300).JPG,2025_12_21_IMG (300).JPG,Citrus canker,val,2025-12-21,300
dataset/val/Citrus canker/2025_12_21_IMG (309).JPG,2025_12_21_IMG (309).JPG,Citrus canker,val,2025-12-21,309
dataset/val/Citrus canker/2025_12_21_IMG (310).JPG,2025_12_21_IMG (310).JPG,Citrus canker,val,2025-12-21,310
dataset/val/Citrus canker/2025_12_21_IMG (318).JPG,2025_12_21_IMG (318).JPG,Citrus canker,val,2025-12-21,318
dataset/val/Citrus canker/2025_12_21_IMG (319).JPG,2025_12_21_IMG (319).JPG,Citrus canker,val,2025-12-21,319
dataset/val/Citrus canker/2025_12_21_IMG (328).JPG,2025_12_21_IMG (328).JPG,Citrus canker,val,2025-12-21,328
dataset/val/Citrus canker/2025_12_21_IMG (336).JPG,2025_12_21_IMG (336).JPG,Citrus canker,val,2025-12-21,336
dataset/val/Citrus canker/2025_12_21_IMG (338).JPG,2025_12_21_IMG (338).JPG,Citrus canker,val,2025-12-21,338
dataset/val/Citrus canker/2025_12_21_IMG (339).JPG,2025_12_21_IMG (339).JPG,Citrus canker,val,2025-12-21,339
dataset/val/Citrus canker/2025_12_21_IMG (340).JPG,2025_12_21_IMG (340).JPG,Citrus canker,val,2025-12-21,340
dataset/val/Citrus canker/2025_12_21_IMG (350).JPG,2025_12_21_IMG (350).JPG,Citrus canker,val,2025-12-21,350
dataset/val/Citrus canker/2025_12_21_IMG (363).JPG,2025_12_21_IMG (363).JPG,Citrus canker,val,2025-12-21,363
dataset/val/Citrus canker/2025_12_21_IMG (368).JPG,2025_12_21_IMG (368).JPG,Citrus canker,val,2025-12-21,368
dataset/val/Citrus canker/2025_12_21_IMG (383).JPG,2025_12_21_IMG (383).JPG,Citrus canker,val,2025-12-21,383
dataset/val/Citrus canker/2025_12_21_IMG (388).JPG,2025_12_21_IMG (388).JPG,Citrus canker,val,2025-12-21,388
dataset/val/Citrus canker/2025_12_21_IMG (391).JPG,2025_12_21_IMG (391).JPG,Citrus canker,val,2025-12-21,391
dataset/val/Citrus canker/2025_12_21_IMG (404).JPG,2025_12_21_IMG (404).JPG,Citrus canker,val,2025-12-21,404
dataset/val/Citrus canker/2025_12_21_IMG (406).JPG,2025_12_21_IMG (406).JPG,Citrus canker,val,2025-12-21,406
dataset/val/Citrus canker/2025_12_21_IMG (407).JPG,2025_12_21_IMG (407).JPG,Citrus canker,val,2025-12-21,407
dataset/val/Citrus canker/2025_12_21_IMG (421).JPG,2025_12_21_IMG (421).JPG,Citrus canker,val,2025-12-21,421
dataset/val/Citrus canker/2025_12_21_IMG (434).JPG,2025_12_21_IMG (434).JPG,Citrus canker,val,2025-12-21,434
dataset/val/Citrus canker/2025_12_21_IMG (436).JPG,2025_12_21_IMG (436).JPG,Citrus canker,val,2025-12-21,436
dataset/val/Citrus canker/2025_12_21_IMG (438).JPG,2025_12_21_IMG (438).JPG,Citrus canker,val,2025-12-21,438
dataset/val/Citrus canker/2025_12_21_IMG (454).JPG,2025_12_21_IMG (454).JPG,Citrus canker,val,2025-12-21,454
dataset/val/Citrus canker/2025_12_21_IMG (457).JPG,2025_12_21_IMG (457).JPG,Citrus canker,val,2025-12-21,457
dataset/val/Citrus canker/2025_12_21_IMG (462).JPG,2025_12_21_IMG (462).JPG,Citrus canker,val,2025-12-21,462
dataset/val/Citrus canker/2025_12_21_IMG (475).JPG,2025_12_21_IMG (475).JPG,Citrus canker,val,2025-12-21,475
dataset/val/Citrus canker/2025_12_21_IMG (480).JPG,2025_12_21_IMG (480).JPG,Citrus canker,val,2025-12-21,480
dataset/val/Citrus canker/2025_12_21_IMG (487).JPG,2025_12_21_IMG (487).JPG,Citrus canker,val,2025-12-21,487
dataset/val/Citrus canker/2025_12_21_IMG (507).JPG,2025_12_21_IMG (507).JPG,Citrus canker,val,2025-12-21,507
dataset/val/Citrus canker/2025_12_21_IMG (517).JPG,2025_12_21_IMG (517).JPG,Citrus canker,val,2025-12-21,517
dataset/val/Citrus canker/2025_12_21_IMG (519).JPG,2025_12_21_IMG (519).JPG,Citrus canker,val,2025-12-21,519
dataset/val/Citrus canker/2025_12_21_IMG (520).JPG,2025_12_21_IMG (520).JPG,Citrus canker,val,2025-12-21,520
dataset/val/Citrus canker/2025_12_21_IMG (526).JPG,2025_12_21_IMG (526).JPG,Citrus canker,val,2025-12-21,526
dataset/val/Citrus canker/2025_12_21_IMG (531).JPG,2025_12_21_IMG (531).JPG,Citrus canker,val,2025-12-21,531
dataset/val/Citrus canker/2025_12_21_IMG (537).JPG,2025_12_21_IMG (537).JPG,Citrus canker,val,2025-12-21,537
dataset/val/Citrus canker/2025_12_21_IMG (543).JPG,2025_12_21_IMG (543).JPG,Citrus canker,val,2025-12-21,543
dataset/val/Citrus canker/2025_12_21_IMG (545).JPG,2025_12_21_IMG (545).JPG,Citrus canker,val,2025-12-21,545
dataset/val/Citrus canker/2025_12_21_IMG (550).JPG,2025_12_21_IMG (550).JPG,Citrus canker,val,2025-12-21,550
dataset/val/Citrus canker/2025_12_21_IMG (554).JPG,2025_12_21_IMG (554).JPG,Citrus canker,val,2025-12-21,554
dataset/val/Citrus canker/2025_12_21_IMG (558).JPG,2025_12_21_IMG (558).JPG,Citrus canker,val,2025-12-21,558
dataset/val/Citrus canker/2025_12_21_IMG (565).JPG,2025_12_21_IMG (565).JPG,Citrus canker,val,2025-12-21,565
dataset/val/Citrus canker/2025_12_21_IMG (567).JPG,2025_12_21_IMG (567).JPG,Citrus canker,val,2025-12-21,567
dataset/val/Citrus pest/2025_12_20_IMG (123).JPG,2025_12_20_IMG (123).JPG,Citrus pest,val,2025-12-20,123
dataset/val/Citrus pest/2025_12_20_IMG (128).JPG,2025_12_20_IMG (128).JPG,Citrus pest,val,2025-12-20,128
dataset/val/Citrus pest/2025_12_20_IMG (133).JPG,2025_12_20_IMG (133).JPG,Citrus pest,val,2025-12-20,133
dataset/val/Citrus pest/2025_12_20_IMG (135).JPG,2025_12_20_IMG (135).JPG,Citrus pest,val,2025-12-20,135
dataset/val/Citrus pest/2025_12_20_IMG (136).JPG,2025_12_20_IMG (136).JPG,Citrus pest,val,2025-12-20,136
dataset/val/Citrus pest/2025_12_20_IMG (146).JPG,2025_12_20_IMG (146).JPG,Citrus pest,val,2025-12-20,146
dataset/val/Citrus pest/2025_12_20_IMG (151).JPG,2025_12_20_IMG (151).JPG,Citrus pest,val,2025-12-20,151
dataset/val/Citrus pest/2025_12_20_IMG (170).JPG,2025_12_20_IMG (170).JPG,Citrus pest,val,2025-12-20,170
dataset/val/Citrus pest/2025_12_20_IMG (173).JPG,2025_12_20_IMG (173).JPG,Citrus pest,val,2025-12-20,173
dataset/val/Citrus pest/2025_12_20_IMG (182).JPG,2025_12_20_IMG (182).JPG,Citrus pest,val,2025-12-20,182
dataset/val/Citrus pest/2025_12_20_IMG (186).JPG,2025_12_20_IMG (186).JPG,Citrus pest,val,2025-12-20,186
dataset/val/Citrus pest/2025_12_20_IMG (196).JPG,2025_12_20_IMG (196).JPG,Citrus pest,val,2025-12-20,196
dataset/val/Citrus pest/2025_12_20_IMG (204).JPG,2025_12_20_IMG (204).JPG,Citrus pest,val,2025-12-20,204
dataset/val/Citrus pest/2025_12_20_IMG (205).JPG,2025_12_20_IMG (205).JPG,Citrus pest,val,2025-12-20,205
dataset/val/Citrus pest/2025_12_20_IMG (212).JPG,2025_12_20_IMG (212).JPG,Citrus pest,val,2025-12-20,212
dataset/val/Citrus pest/2025_12_20_IMG (213).JPG,2025_12_20_IMG (213).JPG,Citrus pest,val,2025-12-20,213
dataset/val/Citrus pest/2025_12_20_IMG (221).JPG,2025_12_20_IMG (221).JPG,Citrus pest,val,2025-12-20,221
dataset/val/Citrus pest/2025_12_20_IMG (229).JPG,2025_12_20_IMG (229).JPG,Citrus pest,val,2025-12-20,229
dataset/val/Citrus pest/2025_12_20_IMG (230).JPG,2025_12_20_IMG (230).JPG,Citrus pest,val,2025-12-20,230
dataset/val/Citrus pest/2025_12_20_IMG (231).JPG,2025_12_20_IMG (231).JPG,Citrus pest,val,2025-12-20,231
dataset/val/Citrus pest/2025_12_20_IMG (232).JPG,2025_12_20_IMG (232).JPG,Citrus pest,val,2025-12-20,232
dataset/val/Citrus pest/2025_12_20_IMG (241).JPG,2025_12_20_IMG (241).JPG,Citrus pest,val,2025-12-20,241
dataset/val/Citrus pest/2025_12_20_IMG (253).JPG,2025_12_20_IMG (253).JPG,Citrus pest,val,2025-12-20,253
dataset/val/Citrus pest/2025_12_20_IMG (258).JPG,2025_12_20_IMG (258).JPG,Citrus pest,val,2025-12-20,258
dataset/val/Citrus pest/2025_12_20_IMG (271).JPG,2025_12_20_IMG (271).JPG,Citrus pest,val,2025-12-20,271
dataset/val/Citrus pest/2025_12_20_IMG (275).JPG,2025_12_20_IMG (275).JPG,Citrus pest,val,2025-12-20,275
dataset/val/Citrus pest/2025_12_20_IMG (276).JPG,2025_12_20_IMG (276).JPG,Citrus pest,val,2025-12-20,276
dataset/val/Citrus pest/2025_12_20_IMG (279).JPG,2025_12_20_IMG (279).JPG,Citrus pest,val,2025-12-20,279
dataset/val/Citrus pest/2025_12_20_IMG (290).JPG,2025_12_20_IMG (290).JPG,Citrus pest,val,2025-12-20,290
dataset/val/Citrus pest/2025_12_20_IMG (292).JPG,2025_12_20_IMG (292).JPG,Citrus pest,val,2025-12-20,292
dataset/val/Citrus pest/2025_12_20_IMG (293).JPG,2025_12_20_IMG (293).JPG,Citrus pest,val,2025-12-20,293
dataset/val/Citrus pest/2025_12_20_IMG (306).JPG,2025_12_20_IMG (306).JPG,Citrus pest,val,2025-12-20,306
dataset/val/Citrus pest/2025_12_20_IMG (318).JPG,2025_12_20_IMG (318).JPG,Citrus pest,val,2025-12-20,318
dataset/val/Citrus pest/2025_12_20_IMG (32).JPG,2025_12_20_IMG (32).JPG,Citrus pest,val,2025-12-20,32
dataset/val/Citrus pest/2025_12_20_IMG (321).JPG,2025_12_20_IMG (321).JPG,Citrus pest,val,2025-12-20,321
dataset/val/Citrus pest/2025_12_20_IMG (336).JPG,2025_12_20_IMG (336).JPG,Citrus pest,val,2025-12-20,336
dataset/val/Citrus pest/2025_12_20_IMG (339).JPG,2025_12_20_IMG (339).JPG,Citrus pest,val,2025-12-20,339
dataset/val/Citrus pest/2025_12_20_IMG (343).JPG,2025_12_20_IMG (343).JPG,Citrus pest,val,2025-12-20,343
dataset/val/Citrus pest/2025_12_20_IMG (355).JPG,2025_12_20_IMG (355).JPG,Citrus pest,val,2025-12-20,355
dataset/val/Citrus pest/2025_12_20_IMG (357).JPG,2025_12_20_IMG (357).JPG,Citrus pest,val,2025-12-20,357
dataset/val/Citrus pest/2025_12_20_IMG (366).JPG,2025_12_20_IMG (366).JPG,Citrus pest,val,2025-12-20,366
dataset/val/Citrus pest/2025_12_20_IMG (370).JPG,2025_12_20_IMG (370).JPG,Citrus pest,val,2025-12-20,370
dataset/val/Citrus pest/2025_12_20_IMG (373).JPG,2025_12_20_IMG (373).JPG,Citrus pest,val,2025-12-20,373
dataset/val/Citrus pest/2025_12_20_IMG (375).JPG,2025_12_20_IMG (375).JPG,Citrus pest,val,2025-12-20,375
dataset/val/Citrus pest/2025_12_20_IMG (377).JPG,2025_12_20_IMG (377).JPG,Citrus pest,val,2025-12-20,377
dataset/val/Citrus pest/2025_12_20_IMG (398).JPG,2025_12_20_IMG (398).JPG,Citrus pest,val,2025-12-20,398
dataset/val/Citrus pest/2025_12_20_IMG (407).JPG,2025_12_20_IMG (407).JPG,Citrus pest,val,2025-12-20,407
dataset/val/Citrus pest/2025_12_20_IMG (41).JPG,2025_12_20_IMG (41).JPG,Citrus pest,val,2025-12-20,41
dataset/val/Citrus pest/2025_12_20_IMG (45).JPG,2025_12_20_IMG (45).JPG,Citrus pest,val,2025-12-20,45
dataset/val/Citrus pest/2025_12_20_IMG (51).JPG,2025_12_20_IMG (51).JPG,Citrus pest,val,2025-12-20,51
dataset/val/Citrus pest/2025_12_20_IMG (62).JPG,2025_12_20_IMG (62).JPG,Citrus pest,val,2025-12-20,62
dataset/val/Citrus pest/2025_12_20_IMG (70).JPG,2025_12_20_IMG (70).JPG,Citrus pest,val,2025-12-20,70
dataset/val/Citrus pest/2025_12_20_IMG (80).JPG,2025_12_20_IMG (80).JPG,Citrus pest,val,2025-12-20,80
dataset/val/Citrus pest/2025_12_20_IMG (84).JPG,2025_12_20_IMG (84).JPG,Citrus pest,val,2025-12-20,84
dataset/val/Citrus pest/2025_12_20_IMG (86).JPG,2025_12_20_IMG (86).JPG,Citrus pest,val,2025-12-20,86
dataset/val/Citrus pest/2025_12_20_IMG (92).JPG,2025_12_20_IMG (92).JPG,Citrus pest,val,2025-12-20,92
dataset/val/Citrus pest/2025_12_20_IMG (94).JPG,2025_12_20_IMG (94).JPG,Citrus pest,val,2025-12-20,94
dataset/val/Citrus pest/2025_12_20_IMG (96).JPG,2025_12_20_IMG (96).JPG,Citrus pest,val,2025-12-20,96
dataset/val/Greening/2025_12_21_IMG (12).JPG,2025_12_21_IMG (12).JPG,Greening,val,2025-12-21,12
dataset/val/Greening/2025_12_21_IMG (124).JPG,2025_12_21_IMG (124).JPG,Greening,val,2025-12-21,124
dataset/val/Greening/2025_12_21_IMG (129).JPG,2025_12_21_IMG (129).JPG,Greening,val,2025-12-21,129
dataset/val/Greening/2025_12_21_IMG (130).JPG,2025_12_21_IMG (130).JPG,Greening,val,2025-12-21,130
dataset/val/Greening/2025_12_21_IMG (131).JPG,2025_12_21_IMG (131).JPG,Greening,val,2025-12-21,131
dataset/val/Greening/2025_12_21_IMG (145).JPG,2025_12_21_IMG (145).JPG,Greening,val,2025-12-21,145
dataset/val/Greening/2025_12_21_IMG (16).JPG,2025_12_21_IMG (16).JPG,Greening,val,2025-12-21,16
dataset/val/Greening/2025_12_21_IMG (165).JPG,2025_12_21_IMG (165).JPG,Greening,val,2025-12-21,165
dataset/val/Greening/2025_12_21_IMG (174).JPG,2025_12_21_IMG (174).JPG,Greening,val,2025-12-21,174
dataset/val/Greening/2025_12_21_IMG (178).JPG,2025_12_21_IMG (178).JPG,Greening,val,2025-12-21,178
dataset/val/Greening/2025_12_21_IMG (196).JPG,2025_12_21_IMG (196).JPG,Greening,val,2025-12-21,196
dataset/val/Greening/2025_12_21_IMG (197).JPG,2025_12_21_IMG (197).JPG,Greening,val,2025-12-21,197
dataset/val/Greening/2025_12_21_IMG (198).JPG,2025_12_21_IMG (198).JPG,Greening,val,2025-12-21,198
dataset/val/Greening/2025_12_21_IMG (203).JPG,2025_12_21_IMG (203).JPG,Greening,val,2025-12-21,203
dataset/val/Greening/2025_12_21_IMG (204).JPG,2025_12_21_IMG (204).JPG,Greening,val,2025-12-21,204
dataset/val/Greening/2025_12_21_IMG (221).JPG,2025_12_21_IMG (221).JPG,Greening,val,2025-12-21,221
dataset/val/Greening/2025_12_21_IMG (222).JPG,2025_12_21_IMG (222).JPG,Greening,val,2025-12-21,222
dataset/val/Greening/2025_12_21_IMG (223).JPG,2025_12_21_IMG (223).JPG,Greening,val,2025-12-21,223
dataset/val/Greening/2025_12_21_IMG (228).JPG,2025_12_21_IMG (228).JPG,Greening,val,2025-12-21,228
dataset/val/Greening/2025_12_21_IMG (232).JPG,2025_12_21_IMG (232).JPG,Greening,val,2025-12-21,232
dataset/val/Greening/2025_12_21_IMG (233).JPG,2025_12_21_IMG (233).JPG,Greening,val,2025-12-21,233
dataset/val/Greening/2025_12_21_IMG (244).JPG,2025_12_21_IMG (244).JPG,Greening,val,2025-12-21,244
dataset/val/Greening/2025_12_21_IMG (249).JPG,2025_12_21_IMG (249).JPG,Greening,val,2025-12-21,249
dataset/val/Greening/2025_12_21_IMG (262).JPG,2025_12_21_IMG (262).JPG,Greening,val,2025-12-21,262
dataset/val/Greening/2025_12_21_IMG (267).JPG,2025_12_21_IMG (267).JPG,Greening,val,2025-12-21,267
dataset/val/Greening/2025_12_21_IMG (27).JPG,2025_12_21_IMG (27).JPG,Greening,val,2025-12-21,27
dataset/val/Greening/2025_12_21_IMG (270).JPG,2025_12_21_IMG (270).JPG,Greening,val,2025-12-21,270
dataset/val/Greening/2025_12_21_IMG (271).JPG,2025_12_21_IMG (271).JPG,Greening,val,2025-12-21,271
dataset/val/Greening/2025_12_21_IMG (281).JPG,2025_12_21_IMG (281).JPG,Greening,val,2025-12-21,281
dataset/val/Greening/2025_12_21_IMG (284).JPG,2025_12_21_IMG (284).JPG,Greening,val,2025-12-21,284
dataset/val/Greening/2025_12_21_IMG (308).JPG,2025_12_21_IMG (308).JPG,Greening,val,2025-12-21,308
dataset/val/Greening/2025_12_21_IMG (31).JPG,2025_12_21_IMG (31).JPG,Greening,val,2025-12-21,31
dataset/val/Greening/2025_12_21_IMG (311).JPG,2025_12_21_IMG (311).JPG,Greening,val,2025-12-21,311
dataset/val/Greening/2025_12_21_IMG (321).JPG,2025_12_21_IMG (321).JPG,Greening,val,2025-12-21,321
dataset/val/Greening/2025_12_21_IMG (329).JPG,2025_12_21_IMG (329).JPG,Greening,val,2025-12-21,329
dataset/val/Greening/2025_12_21_IMG (335).JPG,2025_12_21_IMG (335).JPG,Greening,val,2025-12-21,335
dataset/val/Greening/2025_12_21_IMG (337).JPG,2025_12_21_IMG (337).JPG,Greening,val,2025-12-21,337
dataset/val/Greening/2025_12_21_IMG (339).JPG,2025_12_21_IMG (339).JPG,Greening,val,2025-12-21,339
dataset/val/Greening/2025_12_21_IMG (345).JPG,2025_12_21_IMG (345).JPG,Greening,val,2025-12-21,345
dataset/val/Greening/2025_12_21_IMG (4).JPG,2025_12_21_IMG (4).JPG,Greening,val,2025-12-21,4
dataset/val/Greening/2025_12_21_IMG (43).JPG,2025_12_21_IMG (43).JPG,Greening,val,2025-12-21,43
dataset/val/Greening/2025_12_21_IMG (51).JPG,2025_12_21_IMG (51).JPG,Greening,val,2025-12-21,51
dataset/val/Greening/2025_12_21_IMG (57).JPG,2025_12_21_IMG (57).JPG,Greening,val,2025-12-21,57
dataset/val/Greening/2025_12_21_IMG (60).JPG,2025_12_21_IMG (60).JPG,Greening,val,2025-12-21,60
dataset/val/Greening/2025_12_21_IMG (64).JPG,2025_12_21_IMG (64).JPG,Greening,val,2025-12-21,64
dataset/val/Greening/2025_12_21_IMG (7).JPG,2025_12_21_IMG (7).JPG,Greening,val,2025-12-21,7
dataset/val/Greening/2025_12_21_IMG (75).JPG,2025_12_21_IMG (75).JPG,Greening,val,2025-12-21,75
dataset/val/Greening/2025_12_21_IMG (76).JPG,2025_12_21_IMG (76).JPG,Greening,val,2025-12-21,76
dataset/val/Greening/2025_12_21_IMG (77).JPG,2025_12_21_IMG (77).JPG,Greening,val,2025-12-21,77
dataset/val/Greening/2025_12_21_IMG (84).JPG,2025_12_21_IMG (84).JPG,Greening,val,2025-12-21,84
dataset/val/Greening/2025_12_21_IMG (88).JPG,2025_12_21_IMG (88).JPG,Greening,val,2025-12-21,88
dataset/val/Greening/2025_12_21_IMG (95).JPG,2025_12_21_IMG (95).JPG,Greening,val,2025-12-21,95
dataset/val/Healthy leaf/2025_11_21_IMG (109).JPG,2025_11_21_IMG (109).JPG,Healthy leaf,val,2025-11-21,109
dataset/val/Healthy leaf/2025_11_21_IMG (114).JPG,2025_11_21_IMG (114).JPG,Healthy leaf,val,2025-11-21,114
dataset/val/Healthy leaf/2025_11_21_IMG (115).JPG,2025_11_21_IMG (115).JPG,Healthy leaf,val,2025-11-21,115
dataset/val/Healthy leaf/2025_11_21_IMG (117).JPG,2025_11_21_IMG (117).JPG,Healthy leaf,val,2025-11-21,117
dataset/val/Healthy leaf/2025_11_21_IMG (121).JPG,2025_11_21_IMG (121).JPG,Healthy leaf,val,2025-11-21,121
dataset/val/Healthy leaf/2025_11_21_IMG (136).JPG,2025_11_21_IMG (136).JPG,Healthy leaf,val,2025-11-21,136
dataset/val/Healthy leaf/2025_11_21_IMG (138).JPG,2025_11_21_IMG (138).JPG,Healthy leaf,val,2025-11-21,138
dataset/val/Healthy leaf/2025_11_21_IMG (147).JPG,2025_11_21_IMG (147).JPG,Healthy leaf,val,2025-11-21,147
dataset/val/Healthy leaf/2025_11_21_IMG (15).JPG,2025_11_21_IMG (15).JPG,Healthy leaf,val,2025-11-21,15
dataset/val/Healthy leaf/2025_11_21_IMG (151).JPG,2025_11_21_IMG (151).JPG,Healthy leaf,val,2025-11-21,151
dataset/val/Healthy leaf/2025_11_21_IMG (152).JPG,2025_11_21_IMG (152).JPG,Healthy leaf,val,2025-11-21,152
dataset/val/Healthy leaf/2025_11_21_IMG (155).JPG,2025_11_21_IMG (155).JPG,Healthy leaf,val,2025-11-21,155
dataset/val/Healthy leaf/2025_11_21_IMG (160).JPG,2025_11_21_IMG (160).JPG,Healthy leaf,val,2025-11-21,160
dataset/val/Healthy leaf/2025_11_21_IMG (161).JPG,2025_11_21_IMG (161).JPG,Healthy leaf,val,2025-11-21,161
dataset/val/Healthy leaf/2025_11_21_IMG (166).JPG,2025_11_21_IMG (166).JPG,Healthy leaf,val,2025-11-21,166
dataset/val/Healthy leaf/2025_11_21_IMG (180).JPG,2025_11_21_IMG (180).JPG,Healthy leaf,val,2025-11-21,180
dataset/val/Healthy leaf/2025_11_21_IMG (183).JPG,2025_11_21_IMG (183).JPG,Healthy leaf,val,2025-11-21,183
dataset/val/Healthy leaf/2025_11_21_IMG (184).JPG,2025_11_21_IMG (184).JPG,Healthy leaf,val,2025-11-21,184
dataset/val/Healthy leaf/2025_11_21_IMG (187).JPG,2025_11_21_IMG (187).JPG,Healthy leaf,val,2025-11-21,187
dataset/val/Healthy leaf/2025_11_21_IMG (203).JPG,2025_11_21_IMG (203).JPG,Healthy leaf,val,2025-11-21,203
dataset/val/Healthy leaf/2025_11_21_IMG (205).JPG,2025_11_21_IMG (205).JPG,Healthy leaf,val,2025-11-21,205
dataset/val/Healthy leaf/2025_11_21_IMG (221).JPG,2025_11_21_IMG (221).JPG,Healthy leaf,val,2025-11-21,221
dataset/val/Healthy leaf/2025_11_21_IMG (231).JPG,2025_11_21_IMG (231).JPG,Healthy leaf,val,2025-11-21,231
dataset/val/Healthy leaf/2025_11_21_IMG (239).JPG,2025_11_21_IMG (239).JPG,Healthy leaf,val,2025-11-21,239
dataset/val/Healthy leaf/2025_11_21_IMG (245).JPG,2025_11_21_IMG (245).JPG,Healthy leaf,val,2025-11-21,245
dataset/val/Healthy leaf/2025_11_21_IMG (246).JPG,2025_11_21_IMG (246).JPG,Healthy leaf,val,2025-11-21,246
dataset/val/Healthy leaf/2025_11_21_IMG (248).JPG,2025_11_21_IMG (248).JPG,Healthy leaf,val,2025-11-21,248
dataset/val/Healthy leaf/2025_11_21_IMG (251).JPG,2025_11_21_IMG (251).JPG,Healthy leaf,val,2025-11-21,251
dataset/val/Healthy leaf/2025_11_21_IMG (253).JPG,2025_11_21_IMG (253).JPG,Healthy leaf,val,2025-11-21,253
dataset/val/Healthy leaf/2025_11_21_IMG (257).JPG,2025_11_21_IMG (257).JPG,Healthy leaf,val,2025-11-21,257
dataset/val/Healthy leaf/2025_11_21_IMG (260).JPG,2025_11_21_IMG (260).JPG,Healthy leaf,val,2025-11-21,260
dataset/val/Healthy leaf/2025_11_21_IMG (261).JPG,2025_11_21_IMG (261).JPG,Healthy leaf,val,2025-11-21,261
dataset/val/Healthy leaf/2025_11_21_IMG (267).JPG,2025_11_21_IMG (267).JPG,Healthy leaf,val,2025-11-21,267
dataset/val/Healthy leaf/2025_11_21_IMG (277).JPG,2025_11_21_IMG (277).JPG,Healthy leaf,val,2025-11-21,277
dataset/val/Healthy leaf/2025_11_21_IMG (291).JPG,2025_11_21_IMG (291).JPG,Healthy leaf,val,2025-11-21,291
dataset/val/Healthy leaf/2025_11_21_IMG (296).JPG,2025_11_21_IMG (296).JPG,Healthy leaf,val,2025-11-21,296
dataset/val/Healthy leaf/2025_11_21_IMG (299).JPG,2025_11_21_IMG (299).JPG,Healthy leaf,val,2025-11-21,299
dataset/val/Healthy leaf/2025_11_21_IMG (4).JPG,2025_11_21_IMG (4).JPG,Healthy leaf,val,2025-11-21,4
dataset/val/Healthy leaf/2025_11_21_IMG (42).JPG,2025_11_21_IMG (42).JPG,Healthy leaf,val,2025-11-21,42
dataset/val/Healthy leaf/2025_11_21_IMG (45).JPG,2025_11_21_IMG (45).JPG,Healthy leaf,val,2025-11-21,45
dataset/val/Healthy leaf/2025_11_21_IMG (66).JPG,2025_11_21_IMG (66).JPG,Healthy leaf,val,2025-11-21,66
dataset/val/Healthy leaf/2025_11_21_IMG (68).JPG,2025_11_21_IMG (68).JPG,Healthy leaf,val,2025-11-21,68
dataset/val/Healthy leaf/2025_11_21_IMG (74).JPG,2025_11_21_IMG (74).JPG,Healthy leaf,val,2025-11-21,74
dataset/val/Healthy leaf/2025_11_21_IMG (75).JPG,2025_11_21_IMG (75).JPG,Healthy leaf,val,2025-11-21,75
dataset/val/Healthy leaf/2025_11_21_IMG (94).JPG,2025_11_21_IMG (94).JPG,Healthy leaf,val,2025-11-21,94
dataset/test/Algal leaf spot/2025_12_21_IMG (101).JPG,2025_12_21_IMG (101).JPG,Algal leaf spot,test,2025-12-21,101
dataset/test/Algal leaf spot/2025_12_21_IMG (11).JPG,2025_12_21_IMG (11).JPG,Algal leaf spot,test,2025-12-21,11
dataset/test/Algal leaf spot/2025_12_21_IMG (110).JPG,2025_12_21_IMG (110).JPG,Algal leaf spot,test,2025-12-21,110
dataset/test/Algal leaf spot/2025_12_21_IMG (112).JPG,2025_12_21_IMG (112).JPG,Algal leaf spot,test,2025-12-21,112
dataset/test/Algal leaf spot/2025_12_21_IMG (113).JPG,2025_12_21_IMG (113).JPG,Algal leaf spot,test,2025-12-21,113
dataset/test/Algal leaf spot/2025_12_21_IMG (119).JPG,2025_12_21_IMG (119).JPG,Algal leaf spot,test,2025-12-21,119
dataset/test/Algal leaf spot/2025_12_21_IMG (135).JPG,2025_12_21_IMG (135).JPG,Algal leaf spot,test,2025-12-21,135
dataset/test/Algal leaf spot/2025_12_21_IMG (139).JPG,2025_12_21_IMG (139).JPG,Algal leaf spot,test,2025-12-21,139
dataset/test/Algal leaf spot/2025_12_21_IMG (141).JPG,2025_12_21_IMG (141).JPG,Algal leaf spot,test,2025-12-21,141
dataset/test/Algal leaf spot/2025_12_21_IMG (143).JPG,2025_12_21_IMG (143).JPG,Algal leaf spot,test,2025-12-21,143
dataset/test/Algal leaf spot/2025_12_21_IMG (146).JPG,2025_12_21_IMG (146).JPG,Algal leaf spot,test,2025-12-21,146
dataset/test/Algal leaf spot/2025_12_21_IMG (150).JPG,2025_12_21_IMG (150).JPG,Algal leaf spot,test,2025-12-21,150
dataset/test/Algal leaf spot/2025_12_21_IMG (156).JPG,2025_12_21_IMG (156).JPG,Algal leaf spot,test,2025-12-21,156
dataset/test/Algal leaf spot/2025_12_21_IMG (163).JPG,2025_12_21_IMG (163).JPG,Algal leaf spot,test,2025-12-21,163
dataset/test/Algal leaf spot/2025_12_21_IMG (170).JPG,2025_12_21_IMG (170).JPG,Algal leaf spot,test,2025-12-21,170
dataset/test/Algal leaf spot/2025_12_21_IMG (172).JPG,2025_12_21_IMG (172).JPG,Algal leaf spot,test,2025-12-21,172
dataset/test/Algal leaf spot/2025_12_21_IMG (188).JPG,2025_12_21_IMG (188).JPG,Algal leaf spot,test,2025-12-21,188
dataset/test/Algal leaf spot/2025_12_21_IMG (190).JPG,2025_12_21_IMG (190).JPG,Algal leaf spot,test,2025-12-21,190
dataset/test/Algal leaf spot/2025_12_21_IMG (199).JPG,2025_12_21_IMG (199).JPG,Algal leaf spot,test,2025-12-21,199
dataset/test/Algal leaf spot/2025_12_21_IMG (2).JPG,2025_12_21_IMG (2).JPG,Algal leaf spot,test,2025-12-21,2
dataset/test/Algal leaf spot/2025_12_21_IMG (20).JPG,2025_12_21_IMG (20).JPG,Algal leaf spot,test,2025-12-21,20
dataset/test/Algal leaf spot/2025_12_21_IMG (201).JPG,2025_12_21_IMG (201).JPG,Algal leaf spot,test,2025-12-21,201
dataset/test/Algal leaf spot/2025_12_21_IMG (206).JPG,2025_12_21_IMG (206).JPG,Algal leaf spot,test,2025-12-21,206
dataset/test/Algal leaf spot/2025_12_21_IMG (211).JPG,2025_12_21_IMG (211).JPG,Algal leaf spot,test,2025-12-21,211
dataset/test/Algal leaf spot/2025_12_21_IMG (220).JPG,2025_12_21_IMG (220).JPG,Algal leaf spot,test,2025-12-21,220
dataset/test/Algal leaf spot/2025_12_21_IMG (225).JPG,2025_12_21_IMG (225).JPG,Algal leaf spot,test,2025-12-21,225
dataset/test/Algal leaf spot/2025_12_21_IMG (227).JPG,2025_12_21_IMG (227).JPG,Algal leaf spot,test,2025-12-21,227
dataset/test/Algal leaf spot/2025_12_21_IMG (234).JPG,2025_12_21_IMG (234).JPG,Algal leaf spot,test,2025-12-21,234
dataset/test/Algal leaf spot/2025_12_21_IMG (254).JPG,2025_12_21_IMG (254).JPG,Algal leaf spot,test,2025-12-21,254
dataset/test/Algal leaf spot/2025_12_21_IMG (256).JPG,2025_12_21_IMG (256).JPG,Algal leaf spot,test,2025-12-21,256
dataset/test/Algal leaf spot/2025_12_21_IMG (258).JPG,2025_12_21_IMG (258).JPG,Algal leaf spot,test,2025-12-21,258
dataset/test/Algal leaf spot/2025_12_21_IMG (264).JPG,2025_12_21_IMG (264).JPG,Algal leaf spot,test,2025-12-21,264
dataset/test/Algal leaf spot/2025_12_21_IMG (266).JPG,2025_12_21_IMG (266).JPG,Algal leaf spot,test,2025-12-21,266
dataset/test/Algal leaf spot/2025_12_21_IMG (273).JPG,2025_12_21_IMG (273).JPG,Algal leaf spot,test,2025-12-21,273
dataset/test/Algal leaf spot/2025_12_21_IMG (274).JPG,2025_12_21_IMG (274).JPG,Algal leaf spot,test,2025-12-21,274
dataset/test/Algal leaf spot/2025_12_21_IMG (292).JPG,2025_12_21_IMG (292).JPG,Algal leaf spot,test,2025-12-21,292
dataset/test/Algal leaf spot/2025_12_21_IMG (294).JPG,2025_12_21_IMG (294).JPG,Algal leaf spot,test,2025-12-21,294
dataset/test/Algal leaf spot/2025_12_21_IMG (305).JPG,2025_12_21_IMG (305).JPG,Algal leaf spot,test,2025-12-21,305
dataset/test/Algal leaf spot/2025_12_21_IMG (310).JPG,2025_12_21_IMG (310).JPG,Algal leaf spot,test,2025-12-21,310
dataset/test/Algal leaf spot/2025_12_21_IMG (52).JPG,2025_12_21_IMG (52).JPG,Algal leaf spot,test,2025-12-21,52
dataset/test/Algal leaf spot/2025_12_21_IMG (71).JPG,2025_12_21_IMG (71).JPG,Algal leaf spot,test,2025-12-21,71
dataset/test/Algal leaf spot/2025_12_21_IMG (78).JPG,2025_12_21_IMG (78).JPG,Algal leaf spot,test,2025-12-21,78
dataset/test/Algal leaf spot/2025_12_21_IMG (79).JPG,2025_12_21_IMG (79).JPG,Algal leaf spot,test,2025-12-21,79
dataset/test/Algal leaf spot/2025_12_21_IMG (88).JPG,2025_12_21_IMG (88).JPG,Algal leaf spot,test,2025-12-21,88
dataset/test/Algal leaf spot/2025_12_21_IMG (90).JPG,2025_12_21_IMG (90).JPG,Algal leaf spot,test,2025-12-21,90
dataset/test/Algal leaf spot/2025_12_21_IMG (92).JPG,2025_12_21_IMG (92).JPG,Algal leaf spot,test,2025-12-21,92
dataset/test/Algal leaf spot/2025_12_21_IMG (93).JPG,2025_12_21_IMG (93).JPG,Algal leaf spot,test,2025-12-21,93
dataset/test/Black spot/2025_12_20_IMG (101).JPG,2025_12_20_IMG (101).JPG,Black spot,test,2025-12-20,101
dataset/test/Black spot/2025_12_20_IMG (11).JPG,2025_12_20_IMG (11).JPG,Black spot,test,2025-12-20,11
dataset/test/Black spot/2025_12_20_IMG (110).JPG,2025_12_20_IMG (110).JPG,Black spot,test,2025-12-20,110
dataset/test/Black spot/2025_12_20_IMG (112).JPG,2025_12_20_IMG (112).JPG,Black spot,test,2025-12-20,112
dataset/test/Black spot/2025_12_20_IMG (113).JPG,2025_12_20_IMG (113).JPG,Black spot,test,2025-12-20,113
dataset/test/Black spot/2025_12_20_IMG (119).JPG,2025_12_20_IMG (119).JPG,Black spot,test,2025-12-20,119
dataset/test/Black spot/2025_12_20_IMG (135).JPG,2025_12_20_IMG (135).JPG,Black spot,test,2025-12-20,135
dataset/test/Black spot/2025_12_20_IMG (139).JPG,2025_12_20_IMG (139).JPG,Black spot,test,2025-12-20,139
dataset/test/Black spot/2025_12_20_IMG (141).JPG,2025_12_20_IMG (141).JPG,Black spot,test,2025-12-20,141
dataset/test/Black spot/2025_12_20_IMG (143).JPG,2025_12_20_IMG (143).JPG,Black spot,test,2025-12-20,143
dataset/test/Black spot/2025_12_20_IMG (146).JPG,2025_12_20_IMG (146).JPG,Black spot,test,2025-12-20,146
dataset/test/Black spot/2025_12_20_IMG (150).JPG,2025_12_20_IMG (150).JPG,Black spot,test,2025-12-20,150
dataset/test/Black spot/2025_12_20_IMG (156).JPG,2025_12_20_IMG (156).JPG,Black spot,test,2025-12-20,156
dataset/test/Black spot/2025_12_20_IMG (163).JPG,2025_12_20_IMG (163).JPG,Black spot,test,2025-12-20,163
dataset/test/Black spot/2025_12_20_IMG (170).JPG,2025_12_20_IMG (170).JPG,Black spot,test,2025-12-20,170
dataset/test/Black spot/2025_12_20_IMG (172).JPG,2025_12_20_IMG (172).JPG,Black spot,test,2025-12-20,172
dataset/test/Black spot/2025_12_20_IMG (190).JPG,2025_12_20_IMG (190).JPG,Black spot,test,2025-12-20,190
dataset/test/Black spot/2025_12_20_IMG (199).JPG,2025_12_20_IMG (199).JPG,Black spot,test,2025-12-20,199
dataset/test/Black spot/2025_12_20_IMG (2).JPG,2025_12_20_IMG (2).JPG,Black spot,test,2025-12-20,2
dataset/test/Black spot/2025_12_20_IMG (20).JPG,2025_12_20_IMG (20).JPG,Black spot,test,2025-12-20,20
dataset/test/Black spot/2025_12_20_IMG (201).JPG,2025_12_20_IMG (201).JPG,Black spot,test,2025-12-20,201
dataset/test/Black spot/2025_12_20_IMG (206).JPG,2025_12_20_IMG (206).JPG,Black spot,test,2025-12-20,206
dataset/test/Black spot/2025_12_20_IMG (211).JPG,2025_12_20_IMG (211).JPG,Black spot,test,2025-12-20,211
dataset/test/Black spot/2025_12_20_IMG (220).JPG,2025_12_20_IMG (220).JPG,Black spot,test,2025-12-20,220
dataset/test/Black spot/2025_12_20_IMG (225).JPG,2025_12_20_IMG (225).JPG,Black spot,test,2025-12-20,225
dataset/test/Black spot/2025_12_20_IMG (227).JPG,2025_12_20_IMG (227).JPG,Black spot,test,2025-12-20,227
dataset/test/Black spot/2025_12_20_IMG (234).JPG,2025_12_20_IMG (234).JPG,Black spot,test,2025-12-20,234
dataset/test/Black spot/2025_12_20_IMG (254).JPG,2025_12_20_IMG (254).JPG,Black spot,test,2025-12-20,254
dataset/test/Black spot/2025_12_20_IMG (256).JPG,2025_12_20_IMG (256).JPG,Black spot,test,2025-12-20,256
dataset/test/Black spot/2025_12_20_IMG (258).JPG,2025_12_20_IMG (258).JPG,Black spot,test,2025-12-20,258
dataset/test/Black spot/2025_12_20_IMG (264).JPG,2025_12_20_IMG (264).JPG,Black spot,test,2025-12-20,264
dataset/test/Black spot/2025_12_20_IMG (266).JPG,2025_12_20_IMG (266).JPG,Black spot,test,2025-12-20,266
dataset/test/Black spot/2025_12_20_IMG (273).JPG,2025_12_20_IMG (273).JPG,Black spot,test,2025-12-20,273
dataset/test/Black spot/2025_12_20_IMG (274).JPG,2025_12_20_IMG (274).JPG,Black spot,test,2025-12-20,274
dataset/test/Black spot/2025_12_20_IMG (292).JPG,2025_12_20_IMG (292).JPG,Black spot,test,2025-12-20,292
dataset/test/Black spot/2025_12_20_IMG (294).JPG,2025_12_20_IMG (294).JPG,Black spot,test,2025-12-20,294
dataset/test/Black spot/2025_12_20_IMG (305).JPG,2025_12_20_IMG (305).JPG,Black spot,test,2025-12-20,305
dataset/test/Black spot/2025_12_20_IMG (310).JPG,2025_12_20_IMG (310).JPG,Black spot,test,2025-12-20,310
dataset/test/Black spot/2025_12_20_IMG (34).JPG,2025_12_20_IMG (34).JPG,Black spot,test,2025-12-20,34
dataset/test/Black spot/2025_12_20_IMG (49).JPG,2025_12_20_IMG (49).JPG,Black spot,test,2025-12-20,49
dataset/test/Black spot/2025_12_20_IMG (53).JPG,2025_12_20_IMG (53).JPG,Black spot,test,2025-12-20,53
dataset/test/Black spot/2025_12_20_IMG (60).JPG,2025_12_20_IMG (60).JPG,Black spot,test,2025-12-20,60
dataset/test/Black spot/2025_12_20_IMG (73).JPG,2025_12_20_IMG (73).JPG,Black spot,test,2025-12-20,73
dataset/test/Black spot/2025_12_20_IMG (74).JPG,2025_12_20_IMG (74).JPG,Black spot,test,2025-12-20,74
dataset/test/Black spot/2025_12_20_IMG (8).JPG,2025_12_20_IMG (8).JPG,Black spot,test,2025-12-20,8
dataset/test/Black spot/2025_12_20_IMG (86).JPG,2025_12_20_IMG (86).JPG,Black spot,test,2025-12-20,86
dataset/test/Black spot/2025_12_20_IMG (89).JPG,2025_12_20_IMG (89).JPG,Black spot,test,2025-12-20,89
dataset/test/Black spot/2025_12_20_IMG (9).JPG,2025_12_20_IMG (9).JPG,Black spot,test,2025-12-20,9
dataset/test/Black spot/2025_12_20_IMG (91).JPG,2025_12_20_IMG (91).JPG,Black spot,test,2025-12-20,91
dataset/test/Black spot/2025_12_20_IMG (92).JPG,2025_12_20_IMG (92).JPG,Black spot,test,2025-12-20,92
dataset/test/Black spot/2025_12_20_IMG (97).JPG,2025_12_20_IMG (97).JPG,Black spot,test,2025-12-20,97
dataset/test/Citrus canker/2025_12_21_IMG (205).JPG,2025_12_21_IMG (205).JPG,Citrus canker,test,2025-12-21,205
dataset/test/Citrus canker/2025_12_21_IMG (214).JPG,2025_12_21_IMG (214).JPG,Citrus canker,test,2025-12-21,214
dataset/test/Citrus canker/2025_12_21_IMG (215).JPG,2025_12_21_IMG (215).JPG,Citrus canker,test,2025-12-21,215
dataset/test/Citrus canker/2025_12_21_IMG (217).JPG,2025_12_21_IMG (217).JPG,Citrus canker,test,2025-12-21,217
dataset/test/Citrus canker/2025_12_21_IMG (218).JPG,2025_12_21_IMG (218).JPG,Citrus canker,test,2025-12-21,218
dataset/test/Citrus canker/2025_12_21_IMG (224).JPG,2025_12_21_IMG (224).JPG,Citrus canker,test,2025-12-21,224
dataset/test/Citrus canker/2025_12_21_IMG (242).JPG,2025_12_21_IMG (242).JPG,Citrus canker,test,2025-12-21,242
dataset/test/Citrus canker/2025_12_21_IMG (246).JPG,2025_12_21_IMG (246).JPG,Citrus canker,test,2025-12-21,246
dataset/test/Citrus canker/2025_12_21_IMG (249).JPG,2025_12_21_IMG (249).JPG,Citrus canker,test,2025-12-21,249
dataset/test/Citrus canker/2025_12_21_IMG (251).JPG,2025_12_21_IMG (251).JPG,Citrus canker,test,2025-12-21,251
dataset/test/Citrus canker/2025_12_21_IMG (254).JPG,2025_12_21_IMG (254).JPG,Citrus canker,test,2025-12-21,254
dataset/test/Citrus canker/2025_12_21_IMG (259).JPG,2025_12_21_IMG (259).JPG,Citrus canker,test,2025-12-21,259
dataset/test/Citrus canker/2025_12_21_IMG (265).JPG,2025_12_21_IMG (265).JPG,Citrus canker,test,2025-12-21,265
dataset/test/Citrus canker/2025_12_21_IMG (273).JPG,2025_12_21_IMG (273).JPG,Citrus canker,test,2025-12-21,273
dataset/test/Citrus canker/2025_12_21_IMG (281).JPG,2025_12_21_IMG (281).JPG,Citrus canker,test,2025-12-21,281
dataset/test/Citrus canker/2025_12_21_IMG (283).JPG,2025_12_21_IMG (283).JPG,Citrus canker,test,2025-12-21,283
dataset/test/Citrus canker/2025_12_21_IMG (303).JPG,2025_12_21_IMG (303).JPG,Citrus canker,test,2025-12-21,303
dataset/test/Citrus canker/2025_12_21_IMG (312).JPG,2025_12_21_IMG (312).JPG,Citrus canker,test,2025-12-21,312
dataset/test/Citrus canker/2025_12_21_IMG (313).JPG,2025_12_21_IMG (313).JPG,Citrus canker,test,2025-12-21,313
dataset/test/Citrus canker/2025_12_21_IMG (314).JPG,2025_12_21_IMG (314).JPG,Citrus canker,test,2025-12-21,314
dataset/test/Citrus canker/2025_12_21_IMG (316).JPG,2025_12_21_IMG (316).JPG,Citrus canker,test,2025-12-21,316
dataset/test/Citrus canker/2025_12_21_IMG (321).JPG,2025_12_21_IMG (321).JPG,Citrus canker,test,2025-12-21,321
dataset/test/Citrus canker/2025_12_21_IMG (327).JPG,2025_12_21_IMG (327).JPG,Citrus canker,test,2025-12-21,327
dataset/test/Citrus canker/2025_12_21_IMG (337).JPG,2025_12_21_IMG (337).JPG,Citrus canker,test,2025-12-21,337
dataset/test/Citrus canker/2025_12_21_IMG (342).JPG,2025_12_21_IMG (342).JPG,Citrus canker,test,2025-12-21,342
dataset/test/Citrus canker/2025_12_21_IMG (344).JPG,2025_12_21_IMG (344).JPG,Citrus canker,test,2025-12-21,344
dataset/test/Citrus canker/2025_12_21_IMG (352).JPG,2025_12_21_IMG (352).JPG,Citrus canker,test,2025-12-21,352
dataset/test/Citrus canker/2025_12_21_IMG (374).JPG,2025_12_21_IMG (374).JPG,Citrus canker,test,2025-12-21,374
dataset/test/Citrus canker/2025_12_21_IMG (376).JPG,2025_12_21_IMG (376).JPG,Citrus canker,test,2025-12-21,376
dataset/test/Citrus canker/2025_12_21_IMG (378).JPG,2025_12_21_IMG (378).JPG,Citrus canker,test,2025-12-21,378
dataset/test/Citrus canker/2025_12_21_IMG (385).JPG,2025_12_21_IMG (385).JPG,Citrus canker,test,2025-12-21,385
dataset/test/Citrus canker/2025_12_21_IMG (387).JPG,2025_12_21_IMG (387).JPG,Citrus canker,test,2025-12-21,387
dataset/test/Citrus canker/2025_12_21_IMG (395).JPG,2025_12_21_IMG (395).JPG,Citrus canker,test,2025-12-21,395
dataset/test/Citrus canker/2025_12_21_IMG (396).JPG,2025_12_21_IMG (396).JPG,Citrus canker,test,2025-12-21,396
dataset/test/Citrus canker/2025_12_21_IMG (416).JPG,2025_12_21_IMG (416).JPG,Citrus canker,test,2025-12-21,416
dataset/test/Citrus canker/2025_12_21_IMG (418).JPG,2025_12_21_IMG (418).JPG,Citrus canker,test,2025-12-21,418
dataset/test/Citrus canker/2025_12_21_IMG (431).JPG,2025_12_21_IMG (431).JPG,Citrus canker,test,2025-12-21,431
dataset/test/Citrus canker/2025_12_21_IMG (437).JPG,2025_12_21_IMG (437).JPG,Citrus canker,test,2025-12-21,437
dataset/test/Citrus canker/2025_12_21_IMG (460).JPG,2025_12_21_IMG (460).JPG,Citrus canker,test,2025-12-21,460
dataset/test/Citrus canker/2025_12_21_IMG (476).JPG,2025_12_21_IMG (476).JPG,Citrus canker,test,2025-12-21,476
dataset/test/Citrus canker/2025_12_21_IMG (481).JPG,2025_12_21_IMG (481).JPG,Citrus canker,test,2025-12-21,481
dataset/test/Citrus canker/2025_12_21_IMG (484).JPG,2025_12_21_IMG (484).JPG,Citrus canker,test,2025-12-21,484
dataset/test/Citrus canker/2025_12_21_IMG (489).JPG,2025_12_21_IMG (489).JPG,Citrus canker,test,2025-12-21,489
dataset/test/Citrus canker/2025_12_21_IMG (497).JPG,2025_12_21_IMG (497).JPG,Citrus canker,test,2025-12-21,497
dataset/test/Citrus canker/2025_12_21_IMG (503).JPG,2025_12_21_IMG (503).JPG,Citrus canker,test,2025-12-21,503
dataset/test/Citrus canker/2025_12_21_IMG (504).JPG,2025_12_21_IMG (504).JPG,Citrus canker,test,2025-12-21,504
dataset/test/Citrus canker/2025_12_21_IMG (510).JPG,2025_12_21_IMG (510).JPG,Citrus canker,test,2025-12-21,510
dataset/test/Citrus canker/2025_12_21_IMG (511).JPG,2025_12_21_IMG (511).JPG,Citrus canker,test,2025-12-21,511
dataset/test/Citrus canker/2025_12_21_IMG (529).JPG,2025_12_21_IMG (529).JPG,Citrus canker,test,2025-12-21,529
dataset/test/Citrus canker/2025_12_21_IMG (534).JPG,2025_12_21_IMG (534).JPG,Citrus canker,test,2025-12-21,534
dataset/test/Citrus canker/2025_12_21_IMG (542).JPG,2025_12_21_IMG (542).JPG,Citrus canker,test,2025-12-21,542
dataset/test/Citrus canker/2025_12_21_IMG (548).JPG,2025_12_21_IMG (548).JPG,Citrus canker,test,2025-12-21,548
dataset/test/Citrus canker/2025_12_21_IMG (556).JPG,2025_12_21_IMG (556).JPG,Citrus canker,test,2025-12-21,556
dataset/test/Citrus canker/2025_12_21_IMG (559).JPG,2025_12_21_IMG (559).JPG,Citrus canker,test,2025-12-21,559
dataset/test/Citrus canker/2025_12_21_IMG (562).JPG,2025_12_21_IMG (562).JPG,Citrus canker,test,2025-12-21,562
dataset/test/Citrus canker/2025_12_21_IMG (564).JPG,2025_12_21_IMG (564).JPG,Citrus canker,test,2025-12-21,564
dataset/test/Citrus pest/2025_12_20_IMG (103).JPG,2025_12_20_IMG (103).JPG,Citrus pest,test,2025-12-20,103
dataset/test/Citrus pest/2025_12_20_IMG (112).JPG,2025_12_20_IMG (112).JPG,Citrus pest,test,2025-12-20,112
dataset/test/Citrus pest/2025_12_20_IMG (113).JPG,2025_12_20_IMG (113).JPG,Citrus pest,test,2025-12-20,113
dataset/test/Citrus pest/2025_12_20_IMG (115).JPG,2025_12_20_IMG (115).JPG,Citrus pest,test,2025-12-20,115
dataset/test/Citrus pest/2025_12_20_IMG (116).JPG,2025_12_20_IMG (116).JPG,Citrus pest,test,2025-12-20,116
dataset/test/Citrus pest/2025_12_20_IMG (122).JPG,2025_12_20_IMG (122).JPG,Citrus pest,test,2025-12-20,122
dataset/test/Citrus pest/2025_12_20_IMG (140).JPG,2025_12_20_IMG (140).JPG,Citrus pest,test,2025-12-20,140
dataset/test/Citrus pest/2025_12_20_IMG (144).JPG,2025_12_20_IMG (144).JPG,Citrus pest,test,2025-12-20,144
dataset/test/Citrus pest/2025_12_20_IMG (147).JPG,2025_12_20_IMG (147).JPG,Citrus pest,test,2025-12-20,147
dataset/test/Citrus pest/2025_12_20_IMG (149).JPG,2025_12_20_IMG (149).JPG,Citrus pest,test,2025-12-20,149
dataset/test/Citrus pest/2025_12_20_IMG (152).JPG,2025_12_20_IMG (152).JPG,Citrus pest,test,2025-12-20,152
dataset/test/Citrus pest/2025_12_20_IMG (157).JPG,2025_12_20_IMG (157).JPG,Citrus pest,test,2025-12-20,157
dataset/test/Citrus pest/2025_12_20_IMG (163).JPG,2025_12_20_IMG (163).JPG,Citrus pest,test,2025-12-20,163
dataset/test/Citrus pest/2025_12_20_IMG (171).JPG,2025_12_20_IMG (171).JPG,Citrus pest,test,2025-12-20,171
dataset/test/Citrus pest/2025_12_20_IMG (179).JPG,2025_12_20_IMG (179).JPG,Citrus pest,test,2025-12-20,179
dataset/test/Citrus pest/2025_12_20_IMG (180).JPG,2025_12_20_IMG (180).JPG,Citrus pest,test,2025-12-20,180
dataset/test/Citrus pest/2025_12_20_IMG (199).JPG,2025_12_20_IMG (199).JPG,Citrus pest,test,2025-12-20,199
dataset/test/Citrus pest/2025_12_20_IMG (207).JPG,2025_12_20_IMG (207).JPG,Citrus pest,test,2025-12-20,207
dataset/test/Citrus pest/2025_12_20_IMG (208).JPG,2025_12_20_IMG (208).JPG,Citrus pest,test,2025-12-20,208
dataset/test/Citrus pest/2025_12_20_IMG (209).JPG,2025_12_20_IMG (209).JPG,Citrus pest,test,2025-12-20,209
dataset/test/Citrus pest/2025_12_20_IMG (210).JPG,2025_12_20_IMG (210).JPG,Citrus pest,test,2025-12-20,210
dataset/test/Citrus pest/2025_12_20_IMG (215).JPG,2025_12_20_IMG (215).JPG,Citrus pest,test,2025-12-20,215
dataset/test/Citrus pest/2025_12_20_IMG (220).JPG,2025_12_20_IMG (220).JPG,Citrus pest,test,2025-12-20,220
dataset/test/Citrus pest/2025_12_20_IMG (23).JPG,2025_12_20_IMG (23).JPG,Citrus pest,test,2025-12-20,23
dataset/test/Citrus pest/2025_12_20_IMG (234).JPG,2025_12_20_IMG (234).JPG,Citrus pest,test,2025-12-20,234
dataset/test/Citrus pest/2025_12_20_IMG (236).JPG,2025_12_20_IMG (236).JPG,Citrus pest,test,2025-12-20,236
dataset/test/Citrus pest/2025_12_20_IMG (243).JPG,2025_12_20_IMG (243).JPG,Citrus pest,test,2025-12-20,243
dataset/test/Citrus pest/2025_12_20_IMG (263).JPG,2025_12_20_IMG (263).JPG,Citrus pest,test,2025-12-20,263
dataset/test/Citrus pest/2025_12_20_IMG (265).JPG,2025_12_20_IMG (265).JPG,Citrus pest,test,2025-12-20,265
dataset/test/Citrus pest/2025_12_20_IMG (267).JPG,2025_12_20_IMG (267).JPG,Citrus pest,test,2025-12-20,267
dataset/test/Citrus pest/2025_12_20_IMG (273).JPG,2025_12_20_IMG (273).JPG,Citrus pest,test,2025-12-20,273
dataset/test/Citrus pest/2025_12_20_IMG (282).JPG,2025_12_20_IMG (282).JPG,Citrus pest,test,2025-12-20,282
dataset/test/Citrus pest/2025_12_20_IMG (283).JPG,2025_12_20_IMG (283).JPG,Citrus pest,test,2025-12-20,283
dataset/test/Citrus pest/2025_12_20_IMG (301).JPG,2025_12_20_IMG (301).JPG,Citrus pest,test,2025-12-20,301
dataset/test/Citrus pest/2025_12_20_IMG (303).JPG,2025_12_20_IMG (303).JPG,Citrus pest,test,2025-12-20,303
dataset/test/Citrus pest/2025_12_20_IMG (315).JPG,2025_12_20_IMG (315).JPG,Citrus pest,test,2025-12-20,315
dataset/test/Citrus pest/2025_12_20_IMG (320).JPG,2025_12_20_IMG (320).JPG,Citrus pest,test,2025-12-20,320
dataset/test/Citrus pest/2025_12_20_IMG (341).JPG,2025_12_20_IMG (341).JPG,Citrus pest,test,2025-12-20,341
dataset/test/Citrus pest/2025_12_20_IMG (356).JPG,2025_12_20_IMG (356).JPG,Citrus pest,test,2025-12-20,356
dataset/test/Citrus pest/2025_12_20_IMG (360).JPG,2025_12_20_IMG (360).JPG,Citrus pest,test,2025-12-20,360
dataset/test/Citrus pest/2025_12_20_IMG (363).JPG,2025_12_20_IMG (363).JPG,Citrus pest,test,2025-12-20,363
dataset/test/Citrus pest/2025_12_20_IMG (368).JPG,2025_12_20_IMG (368).JPG,Citrus pest,test,2025-12-20,368
dataset/test/Citrus pest/2025_12_20_IMG (380).JPG,2025_12_20_IMG (380).JPG,Citrus pest,test,2025-12-20,380
dataset/test/Citrus pest/2025_12_20_IMG (381).JPG,2025_12_20_IMG (381).JPG,Citrus pest,test,2025-12-20,381
dataset/test/Citrus pest/2025_12_20_IMG (387).JPG,2025_12_20_IMG (387).JPG,Citrus pest,test,2025-12-20,387
dataset/test/Citrus pest/2025_12_20_IMG (388).JPG,2025_12_20_IMG (388).JPG,Citrus pest,test,2025-12-20,388
dataset/test/Citrus pest/2025_12_20_IMG (394).JPG,2025_12_20_IMG (394).JPG,Citrus pest,test,2025-12-20,394
dataset/test/Citrus pest/2025_12_20_IMG (399).JPG,2025_12_20_IMG (399).JPG,Citrus pest,test,2025-12-20,399
dataset/test/Citrus pest/2025_12_20_IMG (404).JPG,2025_12_20_IMG (404).JPG,Citrus pest,test,2025-12-20,404
dataset/test/Citrus pest/2025_12_20_IMG (42).JPG,2025_12_20_IMG (42).JPG,Citrus pest,test,2025-12-20,42
dataset/test/Citrus pest/2025_12_20_IMG (56).JPG,2025_12_20_IMG (56).JPG,Citrus pest,test,2025-12-20,56
dataset/test/Citrus pest/2025_12_20_IMG (67).JPG,2025_12_20_IMG (67).JPG,Citrus pest,test,2025-12-20,67
dataset/test/Citrus pest/2025_12_20_IMG (69).JPG,2025_12_20_IMG (69).JPG,Citrus pest,test,2025-12-20,69
dataset/test/Citrus pest/2025_12_20_IMG (82).JPG,2025_12_20_IMG (82).JPG,Citrus pest,test,2025-12-20,82
dataset/test/Citrus pest/2025_12_20_IMG (85).JPG,2025_12_20_IMG (85).JPG,Citrus pest,test,2025-12-20,85
dataset/test/Citrus pest/2025_12_20_IMG (87).JPG,2025_12_20_IMG (87).JPG,Citrus pest,test,2025-12-20,87
dataset/test/Citrus pest/2025_12_20_IMG (88).JPG,2025_12_20_IMG (88).JPG,Citrus pest,test,2025-12-20,88
dataset/test/Citrus pest/2025_12_20_IMG (89).JPG,2025_12_20_IMG (89).JPG,Citrus pest,test,2025-12-20,89
dataset/test/Citrus pest/2025_12_20_IMG (90).JPG,2025_12_20_IMG (90).JPG,Citrus pest,test,2025-12-20,90
dataset/test/Greening/2025_12_21_IMG (101).JPG,2025_12_21_IMG (101).JPG,Greening,test,2025-12-21,101
dataset/test/Greening/2025_12_21_IMG (11).JPG,2025_12_21_IMG (11).JPG,Greening,test,2025-12-21,11
dataset/test/Greening/2025_12_21_IMG (110).JPG,2025_12_21_IMG (110).JPG,Greening,test,2025-12-21,110
dataset/test/Greening/2025_12_21_IMG (112).JPG,2025_12_21_IMG (112).JPG,Greening,test,2025-12-21,112
dataset/test/Greening/2025_12_21_IMG (113).JPG,2025_12_21_IMG (113).JPG,Greening,test,2025-12-21,113
dataset/test/Greening/2025_12_21_IMG (119).JPG,2025_12_21_IMG (119).JPG,Greening,test,2025-12-21,119
dataset/test/Greening/2025_12_21_IMG (135).JPG,2025_12_21_IMG (135).JPG,Greening,test,2025-12-21,135
dataset/test/Greening/2025_12_21_IMG (139).JPG,2025_12_21_IMG (139).JPG,Greening,test,2025-12-21,139
dataset/test/Greening/2025_12_21_IMG (141).JPG,2025_12_21_IMG (141).JPG,Greening,test,2025-12-21,141
dataset/test/Greening/2025_12_21_IMG (143).JPG,2025_12_21_IMG (143).JPG,Greening,test,2025-12-21,143
dataset/test/Greening/2025_12_21_IMG (146).JPG,2025_12_21_IMG (146).JPG,Greening,test,2025-12-21,146
dataset/test/Greening/2025_12_21_IMG (150).JPG,2025_12_21_IMG (150).JPG,Greening,test,2025-12-21,150
dataset/test/Greening/2025_12_21_IMG (156).JPG,2025_12_21_IMG (156).JPG,Greening,test,2025-12-21,156
dataset/test/Greening/2025_12_21_IMG (163).JPG,2025_12_21_IMG (163).JPG,Greening,test,2025-12-21,163
dataset/test/Greening/2025_12_21_IMG (170).JPG,2025_12_21_IMG (170).JPG,Greening,test,2025-12-21,170
dataset/test/Greening/2025_12_21_IMG (172).JPG,2025_12_21_IMG (172).JPG,Greening,test,2025-12-21,172
dataset/test/Greening/2025_12_21_IMG (188).JPG,2025_12_21_IMG (188).JPG,Greening,test,2025-12-21,188
dataset/test/Greening/2025_12_21_IMG (190).JPG,2025_12_21_IMG (190).JPG,Greening,test,2025-12-21,190
dataset/test/Greening/2025_12_21_IMG (199).JPG,2025_12_21_IMG (199).JPG,Greening,test,2025-12-21,199
dataset/test/Greening/2025_12_21_IMG (2).JPG,2025_12_21_IMG (2).JPG,Greening,test,2025-12-21,2
dataset/test/Greening/2025_12_21_IMG (20).JPG,2025_12_21_IMG (20).JPG,Greening,test,2025-12-21,20
dataset/test/Greening/2025_12_21_IMG (201).JPG,2025_12_21_IMG (201).JPG,Greening,test,2025-12-21,201
dataset/test/Greening/2025_12_21_IMG (206).JPG,2025_12_21_IMG (206).JPG,Greening,test,2025-12-21,206
dataset/test/Greening/2025_12_21_IMG (211).JPG,2025_12_21_IMG (211).JPG,Greening,test,2025-12-21,211
dataset/test/Greening/2025_12_21_IMG (220).JPG,2025_12_21_IMG (220).JPG,Greening,test,2025-12-21,220
dataset/test/Greening/2025_12_21_IMG (225).JPG,2025_12_21_IMG (225).JPG,Greening,test,2025-12-21,225
dataset/test/Greening/2025_12_21_IMG (227).JPG,2025_12_21_IMG (227).JPG,Greening,test,2025-12-21,227
dataset/test/Greening/2025_12_21_IMG (234).JPG,2025_12_21_IMG (234).JPG,Greening,test,2025-12-21,234
dataset/test/Greening/2025_12_21_IMG (254).JPG,2025_12_21_IMG (254).JPG,Greening,test,2025-12-21,254
dataset/test/Greening/2025_12_21_IMG (256).JPG,2025_12_21_IMG (256).JPG,Greening,test,2025-12-21,256
dataset/test/Greening/2025_12_21_IMG (258).JPG,2025_12_21_IMG (258).JPG,Greening,test,2025-12-21,258
dataset/test/Greening/2025_12_21_IMG (264).JPG,2025_12_21_IMG (264).JPG,Greening,test,2025-12-21,264
dataset/test/Greening/2025_12_21_IMG (266).JPG,2025_12_21_IMG (266).JPG,Greening,test,2025-12-21,266
dataset/test/Greening/2025_12_21_IMG (273).JPG,2025_12_21_IMG (273).JPG,Greening,test,2025-12-21,273
dataset/test/Greening/2025_12_21_IMG (274).JPG,2025_12_21_IMG (274).JPG,Greening,test,2025-12-21,274
dataset/test/Greening/2025_12_21_IMG (292).JPG,2025_12_21_IMG (292).JPG,Greening,test,2025-12-21,292
dataset/test/Greening/2025_12_21_IMG (294).JPG,2025_12_21_IMG (294).JPG,Greening,test,2025-12-21,294
dataset/test/Greening/2025_12_21_IMG (305).JPG,2025_12_21_IMG (305).JPG,Greening,test,2025-12-21,305
dataset/test/Greening/2025_12_21_IMG (310).JPG,2025_12_21_IMG (310).JPG,Greening,test,2025-12-21,310
dataset/test/Greening/2025_12_21_IMG (331).JPG,2025_12_21_IMG (331).JPG,Greening,test,2025-12-21,331
dataset/test/Greening/2025_12_21_IMG (346).JPG,2025_12_21_IMG (346).JPG,Greening,test,2025-12-21,346
dataset/test/Greening/2025_12_21_IMG (350).JPG,2025_12_21_IMG (350).JPG,Greening,test,2025-12-21,350
dataset/test/Greening/2025_12_21_IMG (38).JPG,2025_12_21_IMG (38).JPG,Greening,test,2025-12-21,38
dataset/test/Greening/2025_12_21_IMG (42).JPG,2025_12_21_IMG (42).JPG,Greening,test,2025-12-21,42
dataset/test/Greening/2025_12_21_IMG (5).JPG,2025_12_21_IMG (5).JPG,Greening,test,2025-12-21,5
dataset/test/Greening/2025_12_21_IMG (55).JPG,2025_12_21_IMG (55).JPG,Greening,test,2025-12-21,55
dataset/test/Greening/2025_12_21_IMG (56).JPG,2025_12_21_IMG (56).JPG,Greening,test,2025-12-21,56
dataset/test/Greening/2025_12_21_IMG (61).JPG,2025_12_21_IMG (61).JPG,Greening,test,2025-12-21,61
dataset/test/Greening/2025_12_21_IMG (74).JPG,2025_12_21_IMG (74).JPG,Greening,test,2025-12-21,74
dataset/test/Greening/2025_12_21_IMG (79).JPG,2025_12_21_IMG (79).JPG,Greening,test,2025-12-21,79
dataset/test/Greening/2025_12_21_IMG (86).JPG,2025_12_21_IMG (86).JPG,Greening,test,2025-12-21,86
dataset/test/Greening/2025_12_21_IMG (89).JPG,2025_12_21_IMG (89).JPG,Greening,test,2025-12-21,89
dataset/test/Greening/2025_12_21_IMG (91).JPG,2025_12_21_IMG (91).JPG,Greening,test,2025-12-21,91
dataset/test/Greening/2025_12_21_IMG (92).JPG,2025_12_21_IMG (92).JPG,Greening,test,2025-12-21,92
dataset/test/Healthy leaf/2025_11_21_IMG (101).JPG,2025_11_21_IMG (101).JPG,Healthy leaf,test,2025-11-21,101
dataset/test/Healthy leaf/2025_11_21_IMG (11).JPG,2025_11_21_IMG (11).JPG,Healthy leaf,test,2025-11-21,11
dataset/test/Healthy leaf/2025_11_21_IMG (110).JPG,2025_11_21_IMG (110).JPG,Healthy leaf,test,2025-11-21,110
dataset/test/Healthy leaf/2025_11_21_IMG (112).JPG,2025_11_21_IMG (112).JPG,Healthy leaf,test,2025-11-21,112
dataset/test/Healthy leaf/2025_11_21_IMG (113).JPG,2025_11_21_IMG (113).JPG,Healthy leaf,test,2025-11-21,113
dataset/test/Healthy leaf/2025_11_21_IMG (119).JPG,2025_11_21_IMG (119).JPG,Healthy leaf,test,2025-11-21,119
dataset/test/Healthy leaf/2025_11_21_IMG (135).JPG,2025_11_21_IMG (135).JPG,Healthy leaf,test,2025-11-21,135
dataset/test/Healthy leaf/2025_11_21_IMG (139).JPG,2025_11_21_IMG (139).JPG,Healthy leaf,test,2025-11-21,139
dataset/test/Healthy leaf/2025_11_21_IMG (141).JPG,2025_11_21_IMG (141).JPG,Healthy leaf,test,2025-11-21,141
dataset/test/Healthy leaf/2025_11_21_IMG (143).JPG,2025_11_21_IMG (143).JPG,Healthy leaf,test,2025-11-21,143
dataset/test/Healthy leaf/2025_11_21_IMG (146).JPG,2025_11_21_IMG (146).JPG,Healthy leaf,test,2025-11-21,146
dataset/test/Healthy leaf/2025_11_21_IMG (150).JPG,2025_11_21_IMG (150).JPG,Healthy leaf,test,2025-11-21,150
dataset/test/Healthy leaf/2025_11_21_IMG (156).JPG,2025_11_21_IMG (156).JPG,Healthy leaf,test,2025-11-21,156
dataset/test/Healthy leaf/2025_11_21_IMG (163).JPG,2025_11_21_IMG (163).JPG,Healthy leaf,test,2025-11-21,163
dataset/test/Healthy leaf/2025_11_21_IMG (170).JPG,2025_11_21_IMG (170).JPG,Healthy leaf,test,2025-11-21,170
dataset/test/Healthy leaf/2025_11_21_IMG (172).JPG,2025_11_21_IMG (172).JPG,Healthy leaf,test,2025-11-21,172
dataset/test/Healthy leaf/2025_11_21_IMG (190).JPG,2025_11_21_IMG (190).JPG,Healthy leaf,test,2025-11-21,190
dataset/test/Healthy leaf/2025_11_21_IMG (199).JPG,2025_11_21_IMG (199).JPG,Healthy leaf,test,2025-11-21,199
dataset/test/Healthy leaf/2025_11_21_IMG (2).JPG,2025_11_21_IMG (2).JPG,Healthy leaf,test,2025-11-21,2
dataset/test/Healthy leaf/2025_11_21_IMG (20).JPG,2025_11_21_IMG (20).JPG,Healthy leaf,test,2025-11-21,20
dataset/test/Healthy leaf/2025_11_21_IMG (201).JPG,2025_11_21_IMG (201).JPG,Healthy leaf,test,2025-11-21,201
dataset/test/Healthy leaf/2025_11_21_IMG (206).JPG,2025_11_21_IMG (206).JPG,Healthy leaf,test,2025-11-21,206
dataset/test/Healthy leaf/2025_11_21_IMG (211).JPG,2025_11_21_IMG (211).JPG,Healthy leaf,test,2025-11-21,211
dataset/test/Healthy leaf/2025_11_21_IMG (220).JPG,2025_11_21_IMG (220).JPG,Healthy leaf,test,2025-11-21,220
dataset/test/Healthy leaf/2025_11_21_IMG (225).JPG,2025_11_21_IMG (225).JPG,Healthy leaf,test,2025-11-21,225
dataset/test/Healthy leaf/2025_11_21_IMG (227).JPG,2025_11_21_IMG (227).JPG,Healthy leaf,test,2025-11-21,227
dataset/test/Healthy leaf/2025_11_21_IMG (234).JPG,2025_11_21_IMG (234).JPG,Healthy leaf,test,2025-11-21,234
dataset/test/Healthy leaf/2025_11_21_IMG (254).JPG,2025_11_21_IMG (254).JPG,Healthy leaf,test,2025-11-21,254
dataset/test/Healthy leaf/2025_11_21_IMG (256).JPG,2025_11_21_IMG (256).JPG,Healthy leaf,test,2025-11-21,256
dataset/test/Healthy leaf/2025_11_21_IMG (258).JPG,2025_11_21_IMG (258).JPG,Healthy leaf,test,2025-11-21,258
dataset/test/Healthy leaf/2025_11_21_IMG (264).JPG,2025_11_21_IMG (264).JPG,Healthy leaf,test,2025-11-21,264
dataset/test/Healthy leaf/2025_11_21_IMG (266).JPG,2025_11_21_IMG (266).JPG,Healthy leaf,test,2025-11-21,266
dataset/test/Healthy leaf/2025_11_21_IMG (273).JPG,2025_11_21_IMG (273).JPG,Healthy leaf,test,2025-11-21,273
dataset/test/Healthy leaf/2025_11_21_IMG (274).JPG,2025_11_21_IMG (274).JPG,Healthy leaf,test,2025-11-21,274
dataset/test/Healthy leaf/2025_11_21_IMG (292).JPG,2025_11_21_IMG (292).JPG,Healthy leaf,test,2025-11-21,292
dataset/test/Healthy leaf/2025_11_21_IMG (294).JPG,2025_11_21_IMG (294).JPG,Healthy leaf,test,2025-11-21,294
dataset/test/Healthy leaf/2025_11_21_IMG (35).JPG,2025_11_21_IMG (35).JPG,Healthy leaf,test,2025-11-21,35
dataset/test/Healthy leaf/2025_11_21_IMG (40).JPG,2025_11_21_IMG (40).JPG,Healthy leaf,test,2025-11-21,40
dataset/test/Healthy leaf/2025_11_21_IMG (61).JPG,2025_11_21_IMG (61).JPG,Healthy leaf,test,2025-11-21,61
dataset/test/Healthy leaf/2025_11_21_IMG (79).JPG,2025_11_21_IMG (79).JPG,Healthy leaf,test,2025-11-21,79
dataset/test/Healthy leaf/2025_11_21_IMG (80).JPG,2025_11_21_IMG (80).JPG,Healthy leaf,test,2025-11-21,80
dataset/test/Healthy leaf/2025_11_21_IMG (88).JPG,2025_11_21_IMG (88).JPG,Healthy leaf,test,2025-11-21,88
dataset/test/Healthy leaf/2025_11_21_IMG (90).JPG,2025_11_21_IMG (90).JPG,Healthy leaf,test,2025-11-21,90
dataset/test/Healthy leaf/2025_11_21_IMG (92).JPG,2025_11_21_IMG (92).JPG,Healthy leaf,test,2025-11-21,92
dataset/test/Healthy leaf/2025_11_21_IMG (93).JPG,2025_11_21_IMG (93).JPG,Healthy leaf,test,2025-11-21,93
