filepath,filename,class,split,extension,width,height,mode,format,frames,file_size_bytes,sha256,decode_ok,error,pillow_warnings
dataset/train/Algal leaf spot/2025_12_21_IMG (1).JPG,2025_12_21_IMG (1).JPG,Algal leaf spot,train,.jpg,560,420,RGB,JPEG,1,41553,e8deabec6be8f185cff4875552617d9a3c5b3ec613356cec28a22aa4d6e8ee98,True,,
dataset/train/Algal leaf spot/2025_12_21_IMG (10).JPG,2025_12_21_IMG (10).JPG,Algal leaf spot,train,.jpg,560,420,RGB,JPEG,1,31530,58664ae5dc9734d41cd6b671c3621f754a812fad92207412080cf15732108eaa,True,,
dataset/train/Algal leaf spot/2025_12_21_IMG (100).JPG,2025_12_21_IMG (100).JPG,Algal leaf spot,train,.jpg,560,420,RGB,JPEG,1,51910,19b1a10eb5c858a573da6cc499779aeea7ac495c9b77e1e58b2d9862c97de22f,True,,
dataset/train/Algal leaf spot/2025_12_21_IMG (102).JPG,2025_12_21_IMG (102).JPG,Algal leaf spot,train,.jpg,560,420,RGB,JPEG,1,55292,a6798ec47d6e4b1a9932b7f31e1104e88c8a4aed495e78324980541736ace8bb,True,,
dataset/train/Algal leaf spot/2025_12_21_IMG (103).JPG,2025_12_21_IMG (103).JPG,Algal leaf spot,train,.jpg,560,420,RGB,JPEG,1,54322,3f17f7c68aad7b5f290f3c18d93badba926f0115aef92880028e0a55b5db9795,True,,
dataset/train/Algal leaf spot/2025_12_21_IMG (104).JPG,2025_12_21_IMG (104).JPG,Algal leaf spot,train,.jpg,560,420,RGB,JPEG,1,48649,3621ab506529d1409d01c264dad7927ef0b30bdcd17b5b774915680358889208,True,,
dataset/train/Algal leaf spot/2025_12_21_IMG (105).JPG,2025_12_21_IMG (105).JPG,Algal leaf spot,train,.jpg,560,420,RGB,JPEG,1,50345,0bd4912f399e4d356ff49d4eefc8ebe56a681e6e3ae73d81040149e15be95ebd,True,,
dataset/train/Algal leaf spot/2025_12_21_IMG (106).JPG,2025_12_21_IMG (106).JPG,Algal leaf spot,train,.jpg,560,420,RGB,JPEG,1,54654,e8f60dd7b62fbba4fb7da215b2e73809ce29ef2e0c0aa380b930bb78b6c9f322,True,,
dataset/train/Algal leaf spot/2025_12_21_IMG (107).JPG,2025_12_21_IMG (107).JPG,Algal leaf spot,train,.jpg,560,420,RGB,JPEG,1,54119,b6e12bbac3989dd2097d4837d48a6914a848547d9b1aa60780d510b91d3fa785,True,,
dataset/train/Algal leaf spot/2025_12_21_IMG (108).JPG,2025_12_21_IMG (108).JPG,Algal leaf spot,train,.jpg,560,420,RGB,JPEG,1,58956,7d2d8da62a68f4bdff38821d4aa8c66cdb7397916cebfb0c8ad06546948982aa,True,,
dataset/train/Algal leaf spot/2025_12_21_IMG (109).JPG,2025_12_21_IMG (109).JPG,Algal leaf spot,train,.jpg,560,420,RGB,JPEG,1,60199,31febe4292d8c8c61863f3301da4ca8ac69877f8dd58bd081d64ad35f949ae9c,True,,
dataset/train/Algal leaf spot/2025_12_21_IMG (114).JPG,2025_12_21_IMG (114).JPG,Algal leaf spot,train,.jpg,560,420,RGB,JPEG,1,52477,7b25e0a5d22a0102b1d5e8709ef353a6528818540ab2ea334b61f1abc1304383,True,,
dataset/train/Algal leaf spot/2025_12_21_IMG (116).JPG,2025_12_21_IMG (116).JPG,Algal leaf spot,train,.jpg,560,420,RGB,JPEG,1,52454,8cf0a84747e5e2228144ee48cbc38e58fc92e5788067369c04b568ed72eac400,True,,
dataset/train/Algal leaf spot/2025_12_21_IMG (117).JPG,2025_12_21_IMG (117).JPG,Algal leaf spot,train,.jpg,560,420,RGB,JPEG,1,49643,d05e4d5c4ea6208f9416d5d948c9f19e100d9f2fad7c2551edcd2d98bdd85cef,True,,
dataset/train/Algal leaf spot/2025_12_21_IMG (118).JPG,2025_12_21_IMG (118).JPG,Algal leaf spot,train,.jpg,560,420,RGB,JPEG,1,48208,6cf305dd9b11191de88311b7639279879c06e1949cc57aaa6c2d3e932019421e,True,,
dataset/train/Algal leaf spot/2025_12_21_IMG (120).JPG,2025_12_21_IMG (120).JPG,Algal leaf spot,train,.jpg,560,420,RGB,JPEG,1,47437,fbe880fb61b35acadc63df2a8e3ac6abbb43b6e2b57e9023fb754710b2d5b18a,True,,
dataset/train/Algal leaf spot/2025_12_21_IMG (121).JPG,2025_12_21_IMG (121).JPG,Algal leaf spot,train,.jpg,560,420,RGB,JPEG,1,46380,7f7140d0cf6392a9e656af36dab5e28fdb4df74f9426a21a144cae24b03628c5,True,,
dataset/train/Algal leaf spot/2025_12_21_IMG (122).JPG,2025_12_21_IMG (122).JPG,Algal leaf spot,train,.jpg,560,420,RGB,JPEG,1,45438,a15b9ca989133ed6866bc0a99d42b75a9907774df9d2800c6911f927f20deaa4,True,,
dataset/train/Algal leaf spot/2025_12_21_IMG (123).JPG,2025_12_21_IMG (123).JPG,Algal leaf spot,train,.jpg,560,420,RGB,JPEG,1,46856,68dcf82c1409e524cae731ccef8de6e2a39f3e4a082deb4eec90ae11decd6aae,True,,
dataset/train/Algal leaf spot/2025_12_21_IMG (124).JPG,2025_12_21_IMG (124).JPG,Algal leaf spot,train,.jpg,560,420,RGB,JPEG,1,55096,322a0d7745cb5eb4e674cbc9993c0fe2b28cfc36434ac8b0cb62cdaa40753710,True,,
dataset/train/Algal leaf spot/2025_12_21_IMG (125).JPG,2025_12_21_IMG (125).JPG,Algal leaf spot,train,.jpg,560,420,RGB,JPEG,1,53751,8929caa9c928c5b2cf2f5311f61be9bbe3c678393b8eb17c3e827bd9637e6e3e,True,,
dataset/train/Algal leaf spot/2025_12_21_IMG (126).JPG,2025_12_21_IMG (126).JPG,Algal leaf spot,train,.jpg,560,420,RGB,JPEG,1,53056,6821ed7e1d8f978575391bc0ffab8b790da4c9b16d97109d2b2b4279c4849540,True,,
dataset/train/Algal leaf spot/2025_12_21_IMG (127).JPG,2025_12_21_IMG (127).JPG,Algal leaf spot,train,.jpg,560,420,RGB,JPEG,1,52672,83fc775b9958dc76e0dfaf81881535fa88d7113f4f5c3eb238b51dded7f48897,True,,
dataset/train/Algal leaf spot/2025_12_21_IMG (128).JPG,2025_12_21_IMG (128).JPG,Algal leaf spot,train,.jpg,560,420,RGB,JPEG,1,53435,6c5e31e4bff9bd240a0bc5bccd4d00f652fa7224dc483b6deac118b6bfa98728,True,,
dataset/train/Algal leaf spot/2025_12_21_IMG (129).JPG,2025_12_21_IMG (129).JPG,Algal leaf spot,train,.jpg,560,420,RGB,JPEG,1,53216,c97950a74ce9777d8c732776fe85a6b216383778f1d2f086d60fbe9d0f0f68d5,True,,
dataset/train/Algal leaf spot/2025_12_21_IMG (13).JPG,2025_12_21_IMG (13).JPG,Algal leaf spot,train,.jpg,560,420,RGB,JPEG,1,46938,1be60080e1fd3249caa6a1fc3a74532bce72333c413dce8d49d9ae4ae3b93544,True,,
dataset/train/Algal leaf spot/2025_12_21_IMG (131).JPG,2025_12_21_IMG (131).JPG,Algal leaf spot,train,.jpg,560,420,RGB,JPEG,1,47339,526dcf759f09e6edb42ebdb858105e1dd58be3c8ae856457ea48948636573c69,True,,
dataset/train/Algal leaf spot/2025_12_21_IMG (132).JPG,2025_12_21_IMG (132).JPG,Algal leaf spot,train,.jpg,560,420,RGB,JPEG,1,45612,7d7c0fe2caf894be80c9d3b0f5d465e1cdcc62cfb4c18ce630bc0a70f7873c3b,True,,
dataset/train/Algal leaf spot/2025_12_21_IMG (133).JPG,2025_12_21_IMG (133).JPG,Algal leaf spot,train,.jpg,560,420,RGB,JPEG,1,57178,58905c0b3c16655d6832ece7750bec1f260a64cf6c6d1ebe92fd03a420859f0a,True,,
dataset/train/Algal leaf spot/2025_12_21_IMG (134).JPG,2025_12_21_IMG (134).JPG,Algal leaf spot,train,.jpg,560,420,RGB,JPEG,1,57229,66a506d32f483333bdf9d1f7a04a1440dd536a307e658e2603ab71b18ea7b297,True,,
dataset/train/Algal leaf spot/2025_12_21_IMG (137).JPG,2025_12_21_IMG (137).JPG,Algal leaf spot,train,.jpg,560,420,RGB,JPEG,1,45370,c7baf52722a1e247c7cb2a7386d3a27cb82a9764352ac3a9ed306af726f5a0bd,True,,
dataset/train/Algal leaf spot/2025_12_21_IMG (14).JPG,2025_12_21_IMG (14).JPG,Algal leaf spot,train,.jpg,560,420,RGB,JPEG,1,43334,9ff7f8d122991cb5e2d3a09169db1178906d0631f52debd1451a8c96ba59f983,True,,
dataset/train/Algal leaf spot/2025_12_21_IMG (140).JPG,2025_12_21_IMG (140).JPG,Algal leaf spot,train,.jpg,560,420,RGB,JPEG,1,59705,00f9e6ede44cfb4e3f83d37a293cdee9f86f3e86696f6e368e2dd4502c9b5c87,True,,
dataset/train/Algal leaf spot/2025_12_21_IMG (142).JPG,2025_12_21_IMG (142).JPG,Algal leaf spot,train,.jpg,560,420,RGB,JPEG,1,43296,e002ddd5a2a886a74d6d51e45c525c3d129bd59a5b263d2bb4a4e1358f4ba9e3,True,,
dataset/train/Algal leaf spot/2025_12_21_IMG (144).JPG,2025_12_21_IMG (144).JPG,Algal leaf spot,train,.jpg,560,420,RGB,JPEG,1,63655,fda2b98547491a2434100624bb0a9c49319ea1b0c8e15efa4fab616de233d50e,True,,
dataset/train/Algal leaf spot/2025_12_21_IMG (148).JPG,2025_12_21_IMG (148).JPG,Algal leaf spot,train,.jpg,560,420,RGB,JPEG,1,51478,b4b305ba4869d2cb6245250a41db6122738a3ae17b887320967d19835dc9882c,True,,
dataset/train/Algal leaf spot/2025_12_21_IMG (149).JPG,2025_12_21_IMG (149).JPG,Algal leaf spot,train,.jpg,560,420,RGB,JPEG,1,52240,37e9e413c13788cfb792f53cee3ee17d400a9c66d83ea050a354e633dd552485,True,,
dataset/train/Algal leaf spot/2025_12_21_IMG (152).JPG,2025_12_21_IMG (152).JPG,Algal leaf spot,train,.jpg,560,420,RGB,JPEG,1,50284,2cb92e847345505ac5f193a60db399469dd2cc8e3c18760a33bc7170b73644f8,True,,
dataset/train/Algal leaf spot/2025_12_21_IMG (153).JPG,2025_12_21_IMG (153).JPG,Algal leaf spot,train,.jpg,560,420,RGB,JPEG,1,51212,0f0a0f8bfb8f50ceba1c3937e10559e324098efb43267096dd33b6da6ad9b802,True,,
dataset/train/Algal leaf spot/2025_12_21_IMG (154).JPG,2025_12_21_IMG (154).JPG,Algal leaf spot,train,.jpg,560,420,RGB,JPEG,1,50650,7656fe4c371cd879107f5639a4d67d6afde14a46a547aa21e416df42a079c059,True,,
dataset/train/Algal leaf spot/2025_12_21_IMG (157).JPG,2025_12_21_IMG (157).JPG,Algal leaf spot,train,.jpg,560,420,RGB,JPEG,1,48680,4d2e16c9a10dff0558e575876e4b44eee887a86670c02b719d364a2b7fb83014,True,,
dataset/train/Algal leaf spot/2025_12_21_IMG (158).JPG,2025_12_21_IMG (158).JPG,Algal leaf spot,train,.jpg,560,420,RGB,JPEG,1,48652,43d5b7b32c05f76518030b392b1c069b8c296541c1acdf0b530b6bb8afec4b43,True,,
dataset/train/Algal leaf spot/2025_12_21_IMG (159).JPG,2025_12_21_IMG (159).JPG,Algal leaf spot,train,.jpg,560,420,RGB,JPEG,1,46965,42c71aebb60b71a44e031b3085ec817a893ed55fce43df548ae6f5b3bc36ef0c,True,,
dataset/train/Algal leaf spot/2025_12_21_IMG (16).JPG,2025_12_21_IMG (16).JPG,Algal leaf spot,train,.jpg,560,420,RGB,JPEG,1,37101,595630861c81c85b3230accddd126527649f99710d3671c272dcf0d8ad3f27bd,True,,
dataset/train/Algal leaf spot/2025_12_21_IMG (162).JPG,2025_12_21_IMG (162).JPG,Algal leaf spot,train,.jpg,560,420,RGB,JPEG,1,46547,26896423f510c2838fd47f1c06e81317569f9e3ec1a3478f19d236a900167d9b,True,,
dataset/train/Algal leaf spot/2025_12_21_IMG (164).JPG,2025_12_21_IMG (164).JPG,Algal leaf spot,train,.jpg,560,420,RGB,JPEG,1,36999,eec1e5ed6db9c7f0014226bd4d798950423c9f0ceb35e0f44fc06ee56b272078,True,,
dataset/train/Algal leaf spot/2025_12_21_IMG (165).JPG,2025_12_21_IMG (165).JPG,Algal leaf spot,train,.jpg,560,420,RGB,JPEG,1,33214,b36e7b4c510eda0495fb587ef008ba9936347cc2846917567c1513a7f4d21b65,True,,
dataset/train/Algal leaf spot/2025_12_21_IMG (166).JPG,2025_12_21_IMG (166).JPG,Algal leaf spot,train,.jpg,560,420,RGB,JPEG,1,35943,144f1c4e9b731a4e07dcdce934bb725883bf6536fde60e67493ba8c10c9d2b20,True,,
dataset/train/Algal leaf spot/2025_12_21_IMG (167).JPG,2025_12_21_IMG (167).JPG,Algal leaf spot,train,.jpg,560,420,RGB,JPEG,1,34300,948db8caa7980cd376fd82b07621e9d5ea4d892436105214ef682a2a9b6c61b5,True,,
dataset/train/Algal leaf spot/2025_12_21_IMG (168).JPG,2025_12_21_IMG (168).JPG,Algal leaf spot,train,.jpg,560,420,RGB,JPEG,1,39717,8080324ac1052599ef6caefa62fb43584f047b99f5ed210625d33dc7662896a2,True,,
dataset/train/Algal leaf spot/2025_12_21_IMG (169).JPG,2025_12_21_IMG (169).JPG,Algal leaf spot,train,.jpg,560,420,RGB,JPEG,1,35103,f5ef2f60090e0806750d3ac3c58b5cf460e67ef92d936e18a98d1fd3e1b15bfd,True,,
dataset/train/Algal leaf spot/2025_12_21_IMG (17).JPG,2025_12_21_IMG (17).JPG,Algal leaf spot,train,.jpg,560,420,RGB,JPEG,1,42706,cb6fd5f5ecae3ca48bb62581c2449a4bbad41765c2132f740d78f3603e6ab140,True,,
dataset/train/Algal leaf spot/2025_12_21_IMG (171).JPG,2025_12_21_IMG (171).JPG,Algal leaf spot,train,.jpg,560,420,RGB,JPEG,1,36616,f333e46566083f572a1491f542cb6bef082c7152117772c01472c62d13bc50e2,True,,
dataset/train/Algal leaf spot/2025_12_21_IMG (173).JPG,2025_12_21_IMG (173).JPG,Algal leaf spot,train,.jpg,560,420,RGB,JPEG,1,36691,fde3823a2f8dc3a00447ec5bc68f6b9f29814a514901e2c5ff686f364ff5abdb,True,,
dataset/train/Algal leaf spot/2025_12_21_IMG (175).JPG,2025_12_21_IMG (175).JPG,Algal leaf spot,train,.jpg,560,420,RGB,JPEG,1,35647,0c42abcf8663bb7343f68683fa82ea22e5d1c7c0c7c999f81ad2c3f748497fb3,True,,
dataset/train/Algal leaf spot/2025_12_21_IMG (176).JPG,2025_12_21_IMG (176).JPG,Algal leaf spot,train,.jpg,560,420,RGB,JPEG,1,33091,d4ba996068a38c91d6818271970b37ccb2a9d16dd2487ef2472b77ac9f362200,True,,
dataset/train/Algal leaf spot/2025_12_21_IMG (177).JPG,2025_12_21_IMG (177).JPG,Algal leaf spot,train,.jpg,560,420,RGB,JPEG,1,43584,962222a097e21934877084748c5f90e635eca23401b9840328f63109e8b839be,True,,
dataset/train/Algal leaf spot/2025_12_21_IMG (178).JPG,2025_12_21_IMG (178).JPG,Algal leaf spot,train,.jpg,560,420,RGB,JPEG,1,41145,e66059a6100640f3c04d5cebf42a7f5d83c11e0745224f28cc859ac9f4532e95,True,,
dataset/train/Algal leaf spot/2025_12_21_IMG (179).JPG,2025_12_21_IMG (179).JPG,Algal leaf spot,train,.jpg,560,420,RGB,JPEG,1,39618,302a0d3292567d0df15cccc89b1de55763da242c453532f3f8547f3ce119cfa9,True,,
dataset/train/Algal leaf spot/2025_12_21_IMG (18).JPG,2025_12_21_IMG (18).JPG,Algal leaf spot,train,.jpg,560,420,RGB,JPEG,1,44651,2d908f45928fb83d519094ccc5c6a3a54330524bba35e42d2bde12e1e8972a5e,True,,
dataset/train/Algal leaf spot/2025_12_21_IMG (181).JPG,2025_12_21_IMG (181).JPG,Algal leaf spot,train,.jpg,560,420,RGB,JPEG,1,40471,0fd980134a2953dc0fc4506e6265a298f47122355aa2ed193143c18e6229a55e,True,,
dataset/train/Algal leaf spot/2025_12_21_IMG (182).JPG,2025_12_21_IMG (182).JPG,Algal leaf spot,train,.jpg,560,420,RGB,JPEG,1,39008,0274f43745c143fce0eb8e88d4137a2d198f18480f2a30be9139f992dde9bc2d,True,,
dataset/train/Algal leaf spot/2025_12_21_IMG (185).JPG,2025_12_21_IMG (185).JPG,Algal leaf spot,train,.jpg,560,420,RGB,JPEG,1,39794,7ffb7347929c45f98e900e55f0f103fa1b5d0ec87d00fae75b6fe2adb22625aa,True,,
dataset/train/Algal leaf spot/2025_12_21_IMG (186).JPG,2025_12_21_IMG (186).JPG,Algal leaf spot,train,.jpg,560,420,RGB,JPEG,1,40456,5cece352ce25f335ac9a43d2dd136f79f82b7e5fc2ad8295b063e9c416f3a79f,True,,
dataset/train/Algal leaf spot/2025_12_21_IMG (189).JPG,2025_12_21_IMG (189).JPG,Algal leaf spot,train,.jpg,560,420,RGB,JPEG,1,36912,a1cd2bd528b27c9144464dd897a4f609b1528fdd6473d9d1feaee91e1ce9f16a,True,,
dataset/train/Algal leaf spot/2025_12_21_IMG (19).JPG,2025_12_21_IMG (19).JPG,Algal leaf spot,train,.jpg,560,420,RGB,JPEG,1,42098,85e2ae7b13a4bc6d3ada1b23b19c941f46c24cb0a432a8fa05425309186cc0f2,True,,
dataset/train/Algal leaf spot/2025_12_21_IMG (191).JPG,2025_12_21_IMG (191).JPG,Algal leaf spot,train,.jpg,560,420,RGB,JPEG,1,35922,edac13c4c14427b5e9f28cb6953ec7191d1faac803fc8766f1e3c9a90bc08817,True,,
dataset/train/Algal leaf spot/2025_12_21_IMG (192).JPG,2025_12_21_IMG (192).JPG,Algal leaf spot,train,.jpg,560,420,RGB,JPEG,1,36957,4ada017e790b63290a842524c3c3d29b7cdca772505f7dcb5335f673bbc84b64,True,,
dataset/train/Algal leaf spot/2025_12_21_IMG (193).JPG,2025_12_21_IMG (193).JPG,Algal leaf spot,train,.jpg,560,420,RGB,JPEG,1,36910,07e156b525309fd8dd3736bcf67e96ae740757e92633378b3313147694c20184,True,,
dataset/train/Algal leaf spot/2025_12_21_IMG (194).JPG,2025_12_21_IMG (194).JPG,Algal leaf spot,train,.jpg,560,420,RGB,JPEG,1,38744,95885d159159afef4989278a615d7bcaa905fdf03d5161bab5134a5ae4a81467,True,,
dataset/train/Algal leaf spot/2025_12_21_IMG (195).JPG,2025_12_21_IMG (195).JPG,Algal leaf spot,train,.jpg,560,420,RGB,JPEG,1,40772,bbd0f0a312f26bd97a226d31839d21284c05023166be78effc9599e83683b999,True,,
dataset/train/Algal leaf spot/2025_12_21_IMG (196).JPG,2025_12_21_IMG (196).JPG,Algal leaf spot,train,.jpg,560,420,RGB,JPEG,1,42357,f0777b6c3a2d2b9702657f12ce566a1701546826e18b9b6ecd5d9916f6c3256e,True,,
dataset/train/Algal leaf spot/2025_12_21_IMG (197).JPG,2025_12_21_IMG (197).JPG,Algal leaf spot,train,.jpg,560,420,RGB,JPEG,1,35298,44248926bc7495a0f2d36111d25885272028ddefcda3f3ad4015c53f302a8f6b,True,,
dataset/train/Algal leaf spot/2025_12_21_IMG (198).JPG,2025_12_21_IMG (198).JPG,Algal leaf spot,train,.jpg,560,420,RGB,JPEG,1,38878,08b2c56ba018fd4773a9ea93482ebfe2d5b5dce64136e8d1f1ecad3a479d19e3,True,,
dataset/train/Algal leaf spot/2025_12_21_IMG (200).JPG,2025_12_21_IMG (200).JPG,Algal leaf spot,train,.jpg,560,420,RGB,JPEG,1,34870,0cb5ddb0dcbaa2cef4580598905a9371c639662d2f827d04af5e9d5d7b68def1,True,,
dataset/train/Algal leaf spot/2025_12_21_IMG (202).JPG,2025_12_21_IMG (202).JPG,Algal leaf spot,train,.jpg,560,420,RGB,JPEG,1,45520,d236cd864073d8a15253c9952d448c02094821a297613d2df08ae51f7d9da809,True,,
dataset/train/Algal leaf spot/2025_12_21_IMG (204).JPG,2025_12_21_IMG (204).JPG,Algal leaf spot,train,.jpg,560,420,RGB,JPEG,1,44145,d8047200c69ade83ef377c984c4626ee250af54221d23e87b8491ff9ff3deabd,True,,
dataset/train/Algal leaf spot/2025_12_21_IMG (207).JPG,2025_12_21_IMG (207).JPG,Algal leaf spot,train,.jpg,560,420,RGB,JPEG,1,40943,2c71a2d08db20104fa0f95018ad381835a9e5302d49390ab8e3b7739f714a7c1,True,,
dataset/train/Algal leaf spot/2025_12_21_IMG (208).JPG,2025_12_21_IMG (208).JPG,Algal leaf spot,train,.jpg,560,420,RGB,JPEG,1,41123,f9fab7aa54fb3f6950ed2d9d9dae35fc31d201ebb3fc0f7f410f3f532e79963e,True,,
dataset/train/Algal leaf spot/2025_12_21_IMG (209).JPG,2025_12_21_IMG (209).JPG,Algal leaf spot,train,.jpg,560,420,RGB,JPEG,1,36835,5d7472868557a9b1b9005eb042593664f4a92269166a5166dcf17579943f379a,True,,
dataset/train/Algal leaf spot/2025_12_21_IMG (21).JPG,2025_12_21_IMG (21).JPG,Algal leaf spot,train,.jpg,560,420,RGB,JPEG,1,44245,2fac19cbb6c59e3b61be968051b099bbc3bc36c41cf9b39394278c200b29cbd1,True,,
dataset/train/Algal leaf spot/2025_12_21_IMG (210).JPG,2025_12_21_IMG (210).JPG,Algal leaf spot,train,.jpg,560,420,RGB,JPEG,1,35464,d719615734a8cd2d592a2e31583d60f08a45d61f5020b382a78c39ba8c2c8c08,True,,
dataset/train/Algal leaf spot/2025_12_21_IMG (212).JPG,2025_12_21_IMG (212).JPG,Algal leaf spot,train,.jpg,560,420,RGB,JPEG,1,45231,53a14b87acf58b2584ad4644f0aa7022f29b22cc3331db9cea8cb8d715385443,True,,
dataset/train/Algal leaf spot/2025_12_21_IMG (213).JPG,2025_12_21_IMG (213).JPG,Algal leaf spot,train,.jpg,560,420,RGB,JPEG,1,45484,8bc1d6f92721d5f82227c83fb17ecd26d776fa1aed2489bc6f3b4de768bc74a1,True,,
dataset/train/Algal leaf spot/2025_12_21_IMG (214).JPG,2025_12_21_IMG (214).JPG,Algal leaf spot,train,.jpg,560,420,RGB,JPEG,1,42702,6ba901eb23cddb4c12e9f756d2a0b986dba793c6d2c7b634c509a3d3227badeb,True,,
dataset/train/Algal leaf spot/2025_12_21_IMG (215).JPG,2025_12_21_IMG (215).JPG,Algal leaf spot,train,.jpg,560,420,RGB,JPEG,1,34230,1e8d62a2afd3f216bacc86080bacc0327a056608b38b9ad345ecb85617164808,True,,
dataset/train/Algal leaf spot/2025_12_21_IMG (216).JPG,2025_12_21_IMG (216).JPG,Algal leaf spot,train,.jpg,560,420,RGB,JPEG,1,44904,aac078d4dbbfde17254f4d1d956059f9e1b12c94296c52c04a2b413e5776e60e,True,,
dataset/train/Algal leaf spot/2025_12_21_IMG (217).JPG,2025_12_21_IMG (217).JPG,Algal leaf spot,train,.jpg,560,420,RGB,JPEG,1,42917,d6525f13cd1ac6a797e3f0f300a977dc98fe7be3fa1e1385ddaf5a28df590278,True,,
dataset/train/Algal leaf spot/2025_12_21_IMG (218).JPG,2025_12_21_IMG (218).JPG,Algal leaf spot,train,.jpg,560,420,RGB,JPEG,1,38787,4450e3c831adb6c9ce6870b70468489b8ffd07e4a603c9ddef31bb5aa5a41d2f,True,,
dataset/train/Algal leaf spot/2025_12_21_IMG (219).JPG,2025_12_21_IMG (219).JPG,Algal leaf spot,train,.jpg,560,420,RGB,JPEG,1,34764,62f3528c877514d9d4e9bbc8560dce8d92ec11cbbfd8794095e477938a3a23ef,True,,
dataset/train/Algal leaf spot/2025_12_21_IMG (22).JPG,2025_12_21_IMG (22).JPG,Algal leaf spot,train,.jpg,560,420,RGB,JPEG,1,43346,927414f25236332118e2cb6440d3a5c29ab8615e49c7aac40c29e955154e9a9b,True,,
dataset/train/Algal leaf spot/2025_12_21_IMG (222).JPG,2025_12_21_IMG (222).JPG,Algal leaf spot,train,.jpg,560,420,RGB,JPEG,1,42477,cb0c60ba5ba65a75920e8dfe5b633e73f64459392fadcab4274689f9ac91de35,True,,
dataset/train/Algal leaf spot/2025_12_21_IMG (223).JPG,2025_12_21_IMG (223).JPG,Algal leaf spot,train,.jpg,560,420,RGB,JPEG,1,33475,f6a3bd91b5069e3a13b1b6d5fd87ba9f8d0a80906fb221d26af31ac7f41a3f33,True,,
dataset/train/Algal leaf spot/2025_12_21_IMG (224).JPG,2025_12_21_IMG (224).JPG,Algal leaf spot,train,.jpg,560,420,RGB,JPEG,1,31876,c116ea81bd80d86c272f9bc1de55076606e763913e5e2e7808c8fde1e6af5804,True,,
dataset/train/Algal leaf spot/2025_12_21_IMG (226).JPG,2025_12_21_IMG (226).JPG,Algal leaf spot,train,.jpg,560,420,RGB,JPEG,1,40264,def4dbabd4654d37f312e9a644f49711499b8c1065c95975486c681435adf2b1,True,,
dataset/train/Algal leaf spot/2025_12_21_IMG (228).JPG,2025_12_21_IMG (228).JPG,Algal leaf spot,train,.jpg,560,420,RGB,JPEG,1,37607,c4e86b2d9701705d2fd451d691ce59b9befb2a450faddcc766c2863137398459,True,,
dataset/train/Algal leaf spot/2025_12_21_IMG (229).JPG,2025_12_21_IMG (229).JPG,Algal leaf spot,train,.jpg,560,420,RGB,JPEG,1,39333,2e4a67db06a27bda53171119171882737adb1c1f9408d2e2a852b4de9a7908f7,True,,
dataset/train/Algal leaf spot/2025_12_21_IMG (23).JPG,2025_12_21_IMG (23).JPG,Algal leaf spot,train,.jpg,560,420,RGB,JPEG,1,40593,74ca8e657ef60cfb17a9349c2be991e2662fb54c739ecffd9e418a4153973d50,True,,
dataset/train/Algal leaf spot/2025_12_21_IMG (230).JPG,2025_12_21_IMG (230).JPG,Algal leaf spot,train,.jpg,560,420,RGB,JPEG,1,36600,cd5e2b4366585cdb2966980550a5d8f92e3a5e992cbf46fc428452693cb3561d,True,,
dataset/train/Algal leaf spot/2025_12_21_IMG (231).JPG,2025_12_21_IMG (231).JPG,Algal leaf spot,train,.jpg,560,420,RGB,JPEG,1,39030,b72291c8164317cc461076b27c49c9fb82e5a0426903891533d4a7cfa0023e07,True,,
dataset/train/Algal leaf spot/2025_12_21_IMG (233).JPG,2025_12_21_IMG (233).JPG,Algal leaf spot,train,.jpg,560,420,RGB,JPEG,1,34939,8c2d0ce67b8edc79f1673b8af7d5a8a28caafe1d8e110cfb5ee5c30e2ce2fc44,True,,
dataset/train/Algal leaf spot/2025_12_21_IMG (235).JPG,2025_12_21_IMG (235).JPG,Algal leaf spot,train,.jpg,560,420,RGB,JPEG,1,34490,71a6d1919dd5629c826f14e55b78f1823c5efa604bdeb0e27c021918d336d612,True,,
dataset/train/Algal leaf spot/2025_12_21_IMG (236).JPG,2025_12_21_IMG (236).JPG,Algal leaf spot,train,.jpg,560,420,RGB,JPEG,1,38013,03b1bdef7d62270d0bd7fec893fb31c9245c68c1c06a3e51e2c3efbc3298e8fd,True,,
dataset/train/Algal leaf spot/2025_12_21_IMG (237).JPG,2025_12_21_IMG (237).JPG,Algal leaf spot,train,.jpg,560,420,RGB,JPEG,1,46446,1770c0b3d733433375b1c6fb2c74c5e1b06f714848deefcd8690ef040251f482,True,,
dataset/train/Algal leaf spot/2025_12_21_IMG (238).JPG,2025_12_21_IMG (238).JPG,Algal leaf spot,train,.jpg,560,420,RGB,JPEG,1,47645,ca8b5778367c65dd03df2cd29a6b34fbfb4d815e6e9f18bb959bf1c8154af85d,True,,
dataset/train/Algal leaf spot/2025_12_21_IMG (24).JPG,2025_12_21_IMG (24).JPG,Algal leaf spot,train,.jpg,560,420,RGB,JPEG,1,41746,679f2cb258748a49c6f05f6d916f6c5d9fcbc5fec808bec30ca3275690e40132,True,,
dataset/train/Algal leaf spot/2025_12_21_IMG (240).JPG,2025_12_21_IMG (240).JPG,Algal leaf spot,train,.jpg,560,420,RGB,JPEG,1,52082,da1d9ff9e4e61a39f39071825a3100d41a278a0e6b188d80a40aa93af74115ef,True,,
dataset/train/Algal leaf spot/2025_12_21_IMG (241).JPG,2025_12_21_IMG (241).JPG,Algal leaf spot,train,.jpg,560,420,RGB,JPEG,1,50092,fe7305d21cef89df98aed8530949f2eb883aec21f3c89ab207e2eb5d2090ba8b,True,,
dataset/train/Algal leaf spot/2025_12_21_IMG (242).JPG,2025_12_21_IMG (242).JPG,Algal leaf spot,train,.jpg,560,420,RGB,JPEG,1,43751,91d6c140270b3d4ffa6dcdf2ed173c4a35ffd93ea435f6b70a2f32f98b628bf3,True,,
dataset/train/Algal leaf spot/2025_12_21_IMG (243).JPG,2025_12_21_IMG (243).JPG,Algal leaf spot,train,.jpg,560,420,RGB,JPEG,1,50700,666b47a82c9092fa9a93a357742a8836c2180b4cc9176a0844e958447fa29bbc,True,,
dataset/train/Algal leaf spot/2025_12_21_IMG (244).JPG,2025_12_21_IMG (244).JPG,Algal leaf spot,train,.jpg,560,420,RGB,JPEG,1,52074,fc42fd216d20bcf1a09fa05b6fb51e9f26f6ce00d4e691d6c5bb184f40e86610,True,,
dataset/train/Algal leaf spot/2025_12_21_IMG (247).JPG,2025_12_21_IMG (247).JPG,Algal leaf spot,train,.jpg,560,420,RGB,JPEG,1,56742,a3e34e91d43c7ce81dc3c619247a6b25fdaf11a1c1470f72387952b9deb64278,True,,
dataset/train/Algal leaf spot/2025_12_21_IMG (249).JPG,2025_12_21_IMG (249).JPG,Algal leaf spot,train,.jpg,560,420,RGB,JPEG,1,55832,44e1bfdf2d43c2cf796026cf4fa0d4ea7d1b59e367fe35da5b5207f972d1c44e,True,,
dataset/train/Algal leaf spot/2025_12_21_IMG (25).JPG,2025_12_21_IMG (25).JPG,Algal leaf spot,train,.jpg,560,420,RGB,JPEG,1,35326,4f4d4eefb6bd8bea9bc316d370cd5f521c7be5a3ba32bc6b317f3af97b0a7462,True,,
dataset/train/Algal leaf spot/2025_12_21_IMG (250).JPG,2025_12_21_IMG (250).JPG,Algal leaf spot,train,.jpg,560,420,RGB,JPEG,1,58223,4048d561471fc854581a1ae6f83607fc468db93ef8afc15e697e4b7cff3ecf96,True,,
dataset/train/Algal leaf spot/2025_12_21_IMG (251).JPG,2025_12_21_IMG (251).JPG,Algal leaf spot,train,.jpg,560,420,RGB,JPEG,1,49578,c0db14a7d529326ca00b8a9bfa64944a42535577ac2eee5d4a900af56953d463,True,,
dataset/train/Algal leaf spot/2025_12_21_IMG (252).JPG,2025_12_21_IMG (252).JPG,Algal leaf spot,train,.jpg,560,420,RGB,JPEG,1,48983,75674693e287912e5071162b826319dba75e8d99e0600c38018d96b14881d6d8,True,,
dataset/train/Algal leaf spot/2025_12_21_IMG (255).JPG,2025_12_21_IMG (255).JPG,Algal leaf spot,train,.jpg,560,420,RGB,JPEG,1,55674,b2d5d5ccb7b5be2c971528c984ed505e58eb6ce3ca9ec60b0247f347098f890b,True,,
dataset/train/Algal leaf spot/2025_12_21_IMG (259).JPG,2025_12_21_IMG (259).JPG,Algal leaf spot,train,.jpg,560,420,RGB,JPEG,1,59619,be24b1fcf0c38abac1fd9604ca17acfdeb6051d1e8ce6e423efc96885826edf6,True,,
dataset/train/Algal leaf spot/2025_12_21_IMG (26).JPG,2025_12_21_IMG (26).JPG,Algal leaf spot,train,.jpg,560,420,RGB,JPEG,1,46648,be75c1cf537b5ade1b5d94280105576646ceb0af6bf96e081ac65d5b1484f1a6,True,,
dataset/train/Algal leaf spot/2025_12_21_IMG (261).JPG,2025_12_21_IMG (261).JPG,Algal leaf spot,train,.jpg,560,420,RGB,JPEG,1,46380,0d3113a7391f256b3db1443f1e6f3265e3be970aeabb304905e4cbea3a631947,True,,
dataset/train/Algal leaf spot/2025_12_21_IMG (262).JPG,2025_12_21_IMG (262).JPG,Algal leaf spot,train,.jpg,560,420,RGB,JPEG,1,47056,36495e044e9e8845d3238ce77d5efa449253c835b7fb7ca2a06a25d82d8858a2,True,,
dataset/train/Algal leaf spot/2025_12_21_IMG (263).JPG,2025_12_21_IMG (263).JPG,Algal leaf spot,train,.jpg,560,420,RGB,JPEG,1,56158,830f09500f36116a254bf1041fa9d6767f2ffe4902ce534b3fe42032b26f5a9b,True,,
dataset/train/Algal leaf spot/2025_12_21_IMG (265).JPG,2025_12_21_IMG (265).JPG,Algal leaf spot,train,.jpg,560,420,RGB,JPEG,1,54836,148223c56dd2e0f79a2627fb739bd9bf886d7bb781df665d7d533f6a569d7cac,True,,
dataset/train/Algal leaf spot/2025_12_21_IMG (268).JPG,2025_12_21_IMG (268).JPG,Algal leaf spot,train,.jpg,560,420,RGB,JPEG,1,40292,b2dae075d0c8945e7798fb89616b1b821d4e5f343b1e9cb7dd1ecc45e7ab93dd,True,,
dataset/train/Algal leaf spot/2025_12_21_IMG (269).JPG,2025_12_21_IMG (269).JPG,Algal leaf spot,train,.jpg,560,420,RGB,JPEG,1,39805,950d8c9447fcd9448afbf12ec6437dd50260a640b71b2b620eb12f8d9a210b32,True,,
dataset/train/Algal leaf spot/2025_12_21_IMG (27).JPG,2025_12_21_IMG (27).JPG,Algal leaf spot,train,.jpg,560,420,RGB,JPEG,1,46742,b03e3ac900e7566574741f440bdb8bc1664203405418cb0c33fd165475c5f3c8,True,,
dataset/train/Algal leaf spot/2025_12_21_IMG (270).JPG,2025_12_21_IMG (270).JPG,Algal leaf spot,train,.jpg,560,420,RGB,JPEG,1,33826,3e3234f914d5169d16c4860ddcf2ba37eda9c4b4f824e05a34f719f2200d7a78,True,,
dataset/train/Algal leaf spot/2025_12_21_IMG (271).JPG,2025_12_21_IMG (271).JPG,Algal leaf spot,train,.jpg,560,420,RGB,JPEG,1,34165,9c93484e07bd3b2f0dc873acf909ef0c6e02691d475af3001019fa787dd93783,True,,
dataset/train/Algal leaf spot/2025_12_21_IMG (272).JPG,2025_12_21_IMG (272).JPG,Algal leaf spot,train,.jpg,560,420,RGB,JPEG,1,34732,0b74efcc7dd5370183e358e6acb3c5cb96dedcc8137373a5100c145e49ef8b71,True,,
dataset/train/Algal leaf spot/2025_12_21_IMG (275).JPG,2025_12_21_IMG (275).JPG,Algal leaf spot,train,.jpg,560,420,RGB,JPEG,1,39149,bcdee8c20ce5939b40485008b2657ba4e23cc433c110dc2a01e99dd7195be631,True,,
dataset/train/Algal leaf spot/2025_12_21_IMG (277).JPG,2025_12_21_IMG (277).JPG,Algal leaf spot,train,.jpg,560,420,RGB,JPEG,1,34034,6b7b4c2dc5651f6a679113042809e52e4894508eaf9d6ab9b28ead712e6c5e52,True,,
dataset/train/Algal leaf spot/2025_12_21_IMG (279).JPG,2025_12_21_IMG (279).JPG,Algal leaf spot,train,.jpg,560,420,RGB,JPEG,1,43096,41a59a92a0fa13111c7a28aba6cc8ec2871b6b2b061b4df4bf2aaf2ccec6ba06,True,,
dataset/train/Algal leaf spot/2025_12_21_IMG (28).JPG,2025_12_21_IMG (28).JPG,Algal leaf spot,train,.jpg,560,420,RGB,JPEG,1,46212,28fd78d531662c14947412975877a7cb9d6d8259145012c6bd8ab550cc16e55c,True,,
dataset/train/Algal leaf spot/2025_12_21_IMG (280).JPG,2025_12_21_IMG (280).JPG,Algal leaf spot,train,.jpg,560,420,RGB,JPEG,1,38369,46086fcb464471de3112cd80003f5e67db866d52cfa380a29ed20d4a5949e0e8,True,,
dataset/train/Algal leaf spot/2025_12_21_IMG (281).JPG,2025_12_21_IMG (281).JPG,Algal leaf spot,train,.jpg,560,420,RGB,JPEG,1,37528,2e60afbd37c9257f8217e17c8cfd03077228d4dc8480be66bdb22a8999a6e170,True,,
dataset/train/Algal leaf spot/2025_12_21_IMG (282).JPG,2025_12_21_IMG (282).JPG,Algal leaf spot,train,.jpg,560,420,RGB,JPEG,1,37927,ca6548f90a5e04c393778055ab549288202af73334e1f305b6a76345afc95492,True,,
dataset/train/Algal leaf spot/2025_12_21_IMG (283).JPG,2025_12_21_IMG (283).JPG,Algal leaf spot,train,.jpg,560,420,RGB,JPEG,1,42528,d705a242866c7b738cbfe30a605e30930d1209d8d8fbd955ba82716fe96f6d7a,True,,
dataset/train/Algal leaf spot/2025_12_21_IMG (284).JPG,2025_12_21_IMG (284).JPG,Algal leaf spot,train,.jpg,560,420,RGB,JPEG,1,44509,d9cf39691af0beb8ca277a31e0bcc4578c10e024f54a72391e76acc373c5ff59,True,,
dataset/train/Algal leaf spot/2025_12_21_IMG (285).JPG,2025_12_21_IMG (285).JPG,Algal leaf spot,train,.jpg,560,420,RGB,JPEG,1,43115,f6a7832c86b1a7c7cbe9a163993e8ff1c9d09af2cb805f6471a992a056bd1988,True,,
dataset/train/Algal leaf spot/2025_12_21_IMG (286).JPG,2025_12_21_IMG (286).JPG,Algal leaf spot,train,.jpg,560,420,RGB,JPEG,1,34703,6ab7155e00192d33670cdb92885aae6582a701ba2217b0834b163cafc9702a28,True,,
dataset/train/Algal leaf spot/2025_12_21_IMG (287).JPG,2025_12_21_IMG (287).JPG,Algal leaf spot,train,.jpg,560,420,RGB,JPEG,1,32203,ac4c6ddbeab1d08180ed338d896f0bf50a5e350b4529f54251c8d2eeb1dde944,True,,
dataset/train/Algal leaf spot/2025_12_21_IMG (288).JPG,2025_12_21_IMG (288).JPG,Algal leaf spot,train,.jpg,560,420,RGB,JPEG,1,41362,7918fc1518b6f4b32bc7cc9baeb74bea5614df14e185ad9eb9ad49025b25c3d2,True,,
dataset/train/Algal leaf spot/2025_12_21_IMG (29).JPG,2025_12_21_IMG (29).JPG,Algal leaf spot,train,.jpg,560,420,RGB,JPEG,1,46965,27774d95f7e450e7157a3c90a52b2f03f380942c3a1e8879a994360aaca7be9e,True,,
dataset/train/Algal leaf spot/2025_12_21_IMG (290).JPG,2025_12_21_IMG (290).JPG,Algal leaf spot,train,.jpg,560,420,RGB,JPEG,1,37359,c464293038a9631f935ae00251b29cdae3654d5881bc6c9edab12369f212ff63,True,,
dataset/train/Algal leaf spot/2025_12_21_IMG (295).JPG,2025_12_21_IMG (295).JPG,Algal leaf spot,train,.jpg,560,420,RGB,JPEG,1,39823,aa283a5db744e6e0d719669a4512af8e416b5f20d7869a9b1c02a451c6d31160,True,,
dataset/train/Algal leaf spot/2025_12_21_IMG (296).JPG,2025_12_21_IMG (296).JPG,Algal leaf spot,train,.jpg,560,420,RGB,JPEG,1,41595,73ddb283bcef391ae39105d42b1b7f370161a10ece0b023fb7afd3a961205352,True,,
dataset/train/Algal leaf spot/2025_12_21_IMG (297).JPG,2025_12_21_IMG (297).JPG,Algal leaf spot,train,.jpg,560,420,RGB,JPEG,1,40557,8046c723c3e58e92e5076d56f8dfa8c2a4d13765132a663e9f52793528589362,True,,
dataset/train/Algal leaf spot/2025_12_21_IMG (298).JPG,2025_12_21_IMG (298).JPG,Algal leaf spot,train,.jpg,560,420,RGB,JPEG,1,45294,b092ed22528c994a4a4889350afa18b31aa75d0805560d422300ed4483fa4b67,True,,
dataset/train/Algal leaf spot/2025_12_21_IMG (299).JPG,2025_12_21_IMG (299).JPG,Algal leaf spot,train,.jpg,560,420,RGB,JPEG,1,48500,5dd3348eb49665fa61eabe2a44d68269c28cc98c6a89e87f514118afef51f728,True,,
dataset/train/Algal leaf spot/2025_12_21_IMG (3).JPG,2025_12_21_IMG (3).JPG,Algal leaf spot,train,.jpg,560,420,RGB,JPEG,1,38138,cb20b8bfb8ad70988eb874eba26985e0a66d2a883697ae3a1200d2d8c805062e,True,,
dataset/train/Algal leaf spot/2025_12_21_IMG (30).JPG,2025_12_21_IMG (30).JPG,Algal leaf spot,train,.jpg,560,420,RGB,JPEG,1,52555,a7c520742f0ed50240ed128de06183ab2ef992d2c378260d1ee70ab2fd17d091,True,,
dataset/train/Algal leaf spot/2025_12_21_IMG (300).JPG,2025_12_21_IMG (300).JPG,Algal leaf spot,train,.jpg,560,420,RGB,JPEG,1,45788,a25466816374d808aea3e0077992db0f176cb3817cf6ca4797f716a02f8c09ac,True,,
dataset/train/Algal leaf spot/2025_12_21_IMG (301).JPG,2025_12_21_IMG (301).JPG,Algal leaf spot,train,.jpg,560,420,RGB,JPEG,1,43563,2576ff631e6477cb4eb50ca64fedc9853b5ea5fa99b7d9e6a40a9a1b8c596ffd,True,,
dataset/train/Algal leaf spot/2025_12_21_IMG (302).JPG,2025_12_21_IMG (302).JPG,Algal leaf spot,train,.jpg,560,420,RGB,JPEG,1,42190,a5b0110a7a9b62f9422465ff1339dbd90e1f457655efc939f4cff2485a9fd86c,True,,
dataset/train/Algal leaf spot/2025_12_21_IMG (303).JPG,2025_12_21_IMG (303).JPG,Algal leaf spot,train,.jpg,560,420,RGB,JPEG,1,42883,4f51ec50e68f649d450bca9bd90c0606f6a86be957911749ad9c73ca4e315a13,True,,
dataset/train/Algal leaf spot/2025_12_21_IMG (304).JPG,2025_12_21_IMG (304).JPG,Algal leaf spot,train,.jpg,560,420,RGB,JPEG,1,45961,cf8c484dd9d9ef93914a1b47a81c2760f7083ee5ad7c1b60ca6c818e4196b4ca,True,,
dataset/train/Algal leaf spot/2025_12_21_IMG (306).JPG,2025_12_21_IMG (306).JPG,Algal leaf spot,train,.jpg,560,420,RGB,JPEG,1,39544,1fc5cb7a49e3a3ae13d996dbd64f75a8dcdd19fcf65b2f50f6fb80d67b8c649c,True,,
dataset/train/Algal leaf spot/2025_12_21_IMG (307).JPG,2025_12_21_IMG (307).JPG,Algal leaf spot,train,.jpg,560,420,RGB,JPEG,1,44452,68148c60f5e983e2be326f5d890f72644e6c118a128f0800dd164dcbb3bd2835,True,,
dataset/train/Algal leaf spot/2025_12_21_IMG (308).JPG,2025_12_21_IMG (308).JPG,Algal leaf spot,train,.jpg,560,420,RGB,JPEG,1,38989,96879c78a7330218190146e1fab3e52609aa92c17dbf9655eeeba576a00295c5,True,,
dataset/train/Algal leaf spot/2025_12_21_IMG (309).JPG,2025_12_21_IMG (309).JPG,Algal leaf spot,train,.jpg,560,420,RGB,JPEG,1,38695,e66ac92ed7ca3524175836a16e322c4900d1add445e887009aee8d306fa17734,True,,
dataset/train/Algal leaf spot/2025_12_21_IMG (31).JPG,2025_12_21_IMG (31).JPG,Algal leaf spot,train,.jpg,560,420,RGB,JPEG,1,54586,5ea6ab3b994a58b0b98294dc64c9bdc7c6865d319425a24ac100797d07da8a97,True,,
dataset/train/Algal leaf spot/2025_12_21_IMG (32).JPG,2025_12_21_IMG (32).JPG,Algal leaf spot,train,.jpg,560,420,RGB,JPEG,1,50674,3e5826aba76ec996c974bf482a1ac4196da89548c88ae095db98f79b8c40b0c9,True,,
dataset/train/Algal leaf spot/2025_12_21_IMG (33).JPG,2025_12_21_IMG (33).JPG,Algal leaf spot,train,.jpg,560,420,RGB,JPEG,1,52483,78af954d855b5951cad5346521d04f20a7388c0c8aee41a6108106b07a34b102,True,,
dataset/train/Algal leaf spot/2025_12_21_IMG (34).JPG,2025_12_21_IMG (34).JPG,Algal leaf spot,train,.jpg,560,420,RGB,JPEG,1,54791,32f77003112f5073b71dbfbb304b041fc1914f424302d046cd463d8cf325a717,True,,
dataset/train/Algal leaf spot/2025_12_21_IMG (36).JPG,2025_12_21_IMG (36).JPG,Algal leaf spot,train,.jpg,560,420,RGB,JPEG,1,58249,b43be325a657ab8c7bd348ce6effbd4219f3e562ed234b4f4d65d66b6306a712,True,,
dataset/train/Algal leaf spot/2025_12_21_IMG (37).JPG,2025_12_21_IMG (37).JPG,Algal leaf spot,train,.jpg,560,420,RGB,JPEG,1,61356,badab2636266775539d6b7d7e9530949f9d690124455ae54c944f496b23c1cf5,True,,
dataset/train/Algal leaf spot/2025_12_21_IMG (38).JPG,2025_12_21_IMG (38).JPG,Algal leaf spot,train,.jpg,560,420,RGB,JPEG,1,61759,5d8aad79b5d7e8b6566bd19957ba83481e17707610305f223e4ab363bad6763a,True,,
dataset/train/Algal leaf spot/2025_12_21_IMG (39).JPG,2025_12_21_IMG (39).JPG,Algal leaf spot,train,.jpg,560,420,RGB,JPEG,1,60634,90a92fdf2b8a84710a5f04c99f1ea1585309ac513c784779992ba03484cc4fd7,True,,
dataset/train/Algal leaf spot/2025_12_21_IMG (4).JPG,2025_12_21_IMG (4).JPG,Algal leaf spot,train,.jpg,560,420,RGB,JPEG,1,37386,b6ace772da02d21ebd9e8e237ecc517c1a3b5041d8e5bd37e548628d3459601f,True,,
dataset/train/Algal leaf spot/2025_12_21_IMG (40).JPG,2025_12_21_IMG (40).JPG,Algal leaf spot,train,.jpg,560,420,RGB,JPEG,1,60314,8b56f3359dae0cb0b73542331110cdf0dca3aeecbbbe6e2b759ff71d61604515,True,,
dataset/train/Algal leaf spot/2025_12_21_IMG (41).JPG,2025_12_21_IMG (41).JPG,Algal leaf spot,train,.jpg,560,420,RGB,JPEG,1,61344,bacedf460276d9e8b51a13d2f229a436318ff63ae17415792eaebe3dede88934,True,,
dataset/train/Algal leaf spot/2025_12_21_IMG (42).JPG,2025_12_21_IMG (42).JPG,Algal leaf spot,train,.jpg,560,420,RGB,JPEG,1,56913,8cbf99066a4bedc23bf4ee6072d362287fd8345c1dfdd3ef766443a2216776ff,True,,
dataset/train/Algal leaf spot/2025_12_21_IMG (43).JPG,2025_12_21_IMG (43).JPG,Algal leaf spot,train,.jpg,560,420,RGB,JPEG,1,55375,dd1daa640c8b21cd064780b870faccccce3c0be02c14a547c0c8053b96b77f8b,True,,
dataset/train/Algal leaf spot/2025_12_21_IMG (45).JPG,2025_12_21_IMG (45).JPG,Algal leaf spot,train,.jpg,560,420,RGB,JPEG,1,60162,29ae06bb78a3897f5dd27f227d44a86fc981787d8fc159a4b121bb90adf93f75,True,,
dataset/train/Algal leaf spot/2025_12_21_IMG (46).JPG,2025_12_21_IMG (46).JPG,Algal leaf spot,train,.jpg,560,420,RGB,JPEG,1,57438,d98e238f0385375200b2559b102ac3b425c2302f8cf13322dfc19fe2ff955c71,True,,
dataset/train/Algal leaf spot/2025_12_21_IMG (48).JPG,2025_12_21_IMG (48).JPG,Algal leaf spot,train,.jpg,560,420,RGB,JPEG,1,43672,eccf32c380d1f3c8a35ea6e0142708dc3c0774a544e8c1d9c4a7d1b8721effae,True,,
dataset/train/Algal leaf spot/2025_12_21_IMG (49).JPG,2025_12_21_IMG (49).JPG,Algal leaf spot,train,.jpg,560,420,RGB,JPEG,1,45924,fec51b24eb98a734478cc63c11d49bcf0f248cdc0439ed84715b6edd21e0265b,True,,
dataset/train/Algal leaf spot/2025_12_21_IMG (5).JPG,2025_12_21_IMG (5).JPG,Algal leaf spot,train,.jpg,560,420,RGB,JPEG,1,45579,381a0a90a894fe351c494ee588b04a3712d39726538beee3fefcf46dc2165953,True,,
dataset/train/Algal leaf spot/2025_12_21_IMG (50).JPG,2025_12_21_IMG (50).JPG,Algal leaf spot,train,.jpg,560,420,RGB,JPEG,1,56801,edfb665b7a24671009b059801f338187c47f64f192dd94ca29420656db3e9b7a,True,,
dataset/train/Algal leaf spot/2025_12_21_IMG (51).JPG,2025_12_21_IMG (51).JPG,Algal leaf spot,train,.jpg,560,420,RGB,JPEG,1,56300,2c8a25f2b1e3b7089a3d4f3d7fdce5e937d01b07fd035715114d89e826ddaa0d,True,,
dataset/train/Algal leaf spot/2025_12_21_IMG (53).JPG,2025_12_21_IMG (53).JPG,Algal leaf spot,train,.jpg,560,420,RGB,JPEG,1,59475,a4ec75b6850609aa876e3a913625fe85b44a63f72f0f12638446cb9546d36065,True,,
dataset/train/Algal leaf spot/2025_12_21_IMG (55).JPG,2025_12_21_IMG (55).JPG,Algal leaf spot,train,.jpg,560,420,RGB,JPEG,1,51641,3daf9ef6497b8b3e8355f1ec2a4c0450769ec31e8e88d05e0c7fdb65c7c02c7a,True,,
dataset/train/Algal leaf spot/2025_12_21_IMG (56).JPG,2025_12_21_IMG (56).JPG,Algal leaf spot,train,.jpg,560,420,RGB,JPEG,1,43469,905bf30b681be11b8a5abcbc3f5dd18f0ad7b26a324a1cf5bfc809f80850a529,True,,
dataset/train/Algal leaf spot/2025_12_21_IMG (57).JPG,2025_12_21_IMG (57).JPG,Algal leaf spot,train,.jpg,560,420,RGB,JPEG,1,43006,221acf9f8047cc00299ed65768f0ff17e6b923e23e4d846d518130baeffdaa0b,True,,
dataset/train/Algal leaf spot/2025_12_21_IMG (58).JPG,2025_12_21_IMG (58).JPG,Algal leaf spot,train,.jpg,560,420,RGB,JPEG,1,44103,2a2d61168d39ff6495196d99a10f771801126452f80eb2987c6de82a4c5365c9,True,,
dataset/train/Algal leaf spot/2025_12_21_IMG (59).JPG,2025_12_21_IMG (59).JPG,Algal leaf spot,train,.jpg,560,420,RGB,JPEG,1,43467,e35316c736e9e4d86e7c4b1e3e4b187dfd3d7d251a30943d879f115cba08be3f,True,,
dataset/train/Algal leaf spot/2025_12_21_IMG (60).JPG,2025_12_21_IMG (60).JPG,Algal leaf spot,train,.jpg,560,420,RGB,JPEG,1,62266,8a393be1609b3af39d2a4d88ad60a0afe50a726e21ec436e2e0a0e97126e79f3,True,,
dataset/train/Algal leaf spot/2025_12_21_IMG (61).JPG,2025_12_21_IMG (61).JPG,Algal leaf spot,train,.jpg,560,420,RGB,JPEG,1,63070,e1d661229d7b7ca495abba561db8fbdb6281bcdb533238c0457c09d030ea3173,True,,
dataset/train/Algal leaf spot/2025_12_21_IMG (62).JPG,2025_12_21_IMG (62).JPG,Algal leaf spot,train,.jpg,560,420,RGB,JPEG,1,56318,d6c3c2bd1d22dfe06119e69154e436c4a9637117c473ad01f3077e1c12071342,True,,
dataset/train/Algal leaf spot/2025_12_21_IMG (63).JPG,2025_12_21_IMG (63).JPG,Algal leaf spot,train,.jpg,560,420,RGB,JPEG,1,58400,9cf1983e54c9bdd8fbc25f3b3f44bda07000208e54ab345e98f962dea1274de8,True,,
dataset/train/Algal leaf spot/2025_12_21_IMG (64).JPG,2025_12_21_IMG (64).JPG,Algal leaf spot,train,.jpg,560,420,RGB,JPEG,1,57505,4e74ff90f5fdf52422b24bcc642060947daae40b0f17f6e3e0d88e2e4c89d5bf,True,,
dataset/train/Algal leaf spot/2025_12_21_IMG (66).JPG,2025_12_21_IMG (66).JPG,Algal leaf spot,train,.jpg,560,420,RGB,JPEG,1,60691,f10db19f737e4c7d98d31a186e35cd30dfdf914a6ce1d1c4bc2619a052738c37,True,,
dataset/train/Algal leaf spot/2025_12_21_IMG (67).JPG,2025_12_21_IMG (67).JPG,Algal leaf spot,train,.jpg,560,420,RGB,JPEG,1,51868,78c7b20d941dd9732dbb4f15a0f598c7302a28316535a5b0d6b6c6f6a762e9d1,True,,
dataset/train/Algal leaf spot/2025_12_21_IMG (69).JPG,2025_12_21_IMG (69).JPG,Algal leaf spot,train,.jpg,560,420,RGB,JPEG,1,44871,4aa65e6892cfb736373b1e51816ed8ea92cac90944a7ebae21bec5667de4a642,True,,
dataset/train/Algal leaf spot/2025_12_21_IMG (7).JPG,2025_12_21_IMG (7).JPG,Algal leaf spot,train,.jpg,560,420,RGB,JPEG,1,42942,825d7aa644e1e395c925f3613db9ce75215776501bafa347865be50dc8de94ee,True,,
dataset/train/Algal leaf spot/2025_12_21_IMG (70).JPG,2025_12_21_IMG (70).JPG,Algal leaf spot,train,.jpg,560,420,RGB,JPEG,1,47271,ccc7a1fbd7202b581bcaa6c3f8652b3137516016d6d9a23935879c54fb1986df,True,,
dataset/train/Algal leaf spot/2025_12_21_IMG (72).JPG,2025_12_21_IMG (72).JPG,Algal leaf spot,train,.jpg,560,420,RGB,JPEG,1,55204,88d124539206b3eb20c549d8b19b33252d51e28ee0a09b169dbb08c5c8ea8293,True,,
dataset/train/Algal leaf spot/2025_12_21_IMG (75).JPG,2025_12_21_IMG (75).JPG,Algal leaf spot,train,.jpg,560,420,RGB,JPEG,1,52142,dee120eb20e48916d8d26a29e03ff5dd206c8d3c03dc5c1435908b6327cd2d31,True,,
dataset/train/Algal leaf spot/2025_12_21_IMG (76).JPG,2025_12_21_IMG (76).JPG,Algal leaf spot,train,.jpg,560,420,RGB,JPEG,1,54079,125bca07014ea39655cb4d578f86cf8ded25db5b4232832e7ee174b624a06789,True,,
dataset/train/Algal leaf spot/2025_12_21_IMG (77).JPG,2025_12_21_IMG (77).JPG,Algal leaf spot,train,.jpg,560,420,RGB,JPEG,1,50412,35466c507d8883f7fbfe3cfd487a9d1e686cb6cc52eeb8c640b1ed229265f762,True,,
dataset/train/Algal leaf spot/2025_12_21_IMG (8).JPG,2025_12_21_IMG (8).JPG,Algal leaf spot,train,.jpg,560,420,RGB,JPEG,1,45880,142b02953c342be654a4d84f8e3ee97155c073cd909de7119318179639a5753a,True,,
dataset/train/Algal leaf spot/2025_12_21_IMG (80).JPG,2025_12_21_IMG (80).JPG,Algal leaf spot,train,.jpg,560,420,RGB,JPEG,1,49255,e5e9bb7e00efa7178071b7c63110a5ee1f70848792de8713edae187587690b83,True,,
dataset/train/Algal leaf spot/2025_12_21_IMG (81).JPG,2025_12_21_IMG (81).JPG,Algal leaf spot,train,.jpg,560,420,RGB,JPEG,1,61843,35a0cecbfc5a0e478db8fa17b722915517bdcc029ad990475524f7dc2fb5d2f6,True,,
dataset/train/Algal leaf spot/2025_12_21_IMG (82).JPG,2025_12_21_IMG (82).JPG,Algal leaf spot,train,.jpg,560,420,RGB,JPEG,1,60748,c8aedff3504feec20e49ed8b03852f03899498644c0b0a5e7a2d318b3291c003,True,,
dataset/train/Algal leaf spot/2025_12_21_IMG (83).JPG,2025_12_21_IMG (83).JPG,Algal leaf spot,train,.jpg,560,420,RGB,JPEG,1,61196,7621138cdb1426bf495844ac176dc57b6e160cc518c54ddd0380bc3bcbf87a2e,True,,
dataset/train/Algal leaf spot/2025_12_21_IMG (84).JPG,2025_12_21_IMG (84).JPG,Algal leaf spot,train,.jpg,560,420,RGB,JPEG,1,61186,0c51570d80432e4163c824d187c646709a6e00e8f5ac86445509a5eeb4e82f04,True,,
dataset/train/Algal leaf spot/2025_12_21_IMG (85).JPG,2025_12_21_IMG (85).JPG,Algal leaf spot,train,.jpg,560,420,RGB,JPEG,1,60247,66bfcd12f2011c515f54fc0d8a24f554738ffec232cfe2ebd1c94f59a7fbf02b,True,,
dataset/train/Algal leaf spot/2025_12_21_IMG (87).JPG,2025_12_21_IMG (87).JPG,Algal leaf spot,train,.jpg,560,420,RGB,JPEG,1,60954,ebc688a0d1449f410c06014b214e50f1b8701dbcff88d7474b5064643b7c846d,True,,
dataset/train/Algal leaf spot/2025_12_21_IMG (89).JPG,2025_12_21_IMG (89).JPG,Algal leaf spot,train,.jpg,560,420,RGB,JPEG,1,60244,cea5cb55eb539bb68bdb8a333e87dfdf7f8c1e11fcc745e77d6101505232d67d,True,,
dataset/train/Algal leaf spot/2025_12_21_IMG (9).JPG,2025_12_21_IMG (9).JPG,Algal leaf spot,train,.jpg,560,420,RGB,JPEG,1,45744,3d6bb341ccc703d4ad6e1f80a5da7d207fc3f8f4fab7af78b33fc9b6044e9067,True,,
dataset/train/Algal leaf spot/2025_12_21_IMG (91).JPG,2025_12_21_IMG (91).JPG,Algal leaf spot,train,.jpg,560,420,RGB,JPEG,1,47733,297ed7ceeae14bc9d5fec3f663b3749326e836081d20438c177b5429353ae817,True,,
dataset/train/Algal leaf spot/2025_12_21_IMG (95).JPG,2025_12_21_IMG (95).JPG,Algal leaf spot,train,.jpg,560,420,RGB,JPEG,1,52963,9a0ed174a82c354748598096108d18301d3b1305e25cc511ad2f4f971b20f363,True,,
dataset/train/Algal leaf spot/2025_12_21_IMG (96).JPG,2025_12_21_IMG (96).JPG,Algal leaf spot,train,.jpg,560,420,RGB,JPEG,1,53512,8d938fd089aa43b231b48a09909628cb12cf3e205e47f7d85d070c17aca2b713,True,,
dataset/train/Algal leaf spot/2025_12_21_IMG (97).JPG,2025_12_21_IMG (97).JPG,Algal leaf spot,train,.jpg,560,420,RGB,JPEG,1,51195,358e7dea13fec20bc37ebb20f2ae31de650be44461ec2039e82ff29490760eaf,True,,
dataset/train/Algal leaf spot/2025_12_21_IMG (98).JPG,2025_12_21_IMG (98).JPG,Algal leaf spot,train,.jpg,560,420,RGB,JPEG,1,50939,1c8b5781a0d5500246245453144515059080f85d0e37d15ed9c81f09292d5ae0,True,,
dataset/train/Algal leaf spot/2025_12_21_IMG (99).JPG,2025_12_21_IMG (99).JPG,Algal leaf spot,train,.jpg,560,420,RGB,JPEG,1,50783,d25a407ea656f5b4b5b2f44ed1ec9cb32d8e15160dc49421cbc6c7d6403989c4,True,,
dataset/train/Black spot/2025_12_20_IMG (1).JPG,2025_12_20_IMG (1).JPG,Black spot,train,.jpg,560,420,RGB,JPEG,1,40047,60866d6a92db8540ff97951be0041d3298bbea33babdc7086f7878a92d80c905,True,,
dataset/train/Black spot/2025_12_20_IMG (10).JPG,2025_12_20_IMG (10).JPG,Black spot,train,.jpg,560,420,RGB,JPEG,1,36725,d91e33d916af7e4ba9cf2b55999754b38187aa742974bbd136c92f19da5aa0a1,True,,
dataset/train/Black spot/2025_12_20_IMG (100).JPG,2025_12_20_IMG (100).JPG,Black spot,train,.jpg,560,420,RGB,JPEG,1,53219,30a0c8894b8d54ebb5315c904c7ccfb74e8988378ea004853a3a27f8fde3e140,True,,
dataset/train/Black spot/2025_12_20_IMG (102).JPG,2025_12_20_IMG (102).JPG,Black spot,train,.jpg,560,420,RGB,JPEG,1,47225,e30f7fadf2fac799b769377a48bbaeaeba488f12f26593b6149bceeba27c8d5a,True,,
dataset/train/Black spot/2025_12_20_IMG (103).JPG,2025_12_20_IMG (103).JPG,Black spot,train,.jpg,560,420,RGB,JPEG,1,52534,17f20dc4296acec2f9a06c1d5406299fd4498a81ef65a6a87545947935b2c875,True,,
dataset/train/Black spot/2025_12_20_IMG (104).JPG,2025_12_20_IMG (104).JPG,Black spot,train,.jpg,560,420,RGB,JPEG,1,52017,587399646e23463645f478512f888d7cec9e61ee9d0b4e70f2d51e65af88ecc3,True,,
dataset/train/Black spot/2025_12_20_IMG (105).JPG,2025_12_20_IMG (105).JPG,Black spot,train,.jpg,560,420,RGB,JPEG,1,48211,a24ac35114c6210f0f112595d4086adfd82fe38b0679dfb9503eba70b4f22c6f,True,,
dataset/train/Black spot/2025_12_20_IMG (107).JPG,2025_12_20_IMG (107).JPG,Black spot,train,.jpg,560,420,RGB,JPEG,1,49626,eebe1616b71bc0e543ea984b59cd4158a47a72b485b973e910d66344a00a2925,True,,
dataset/train/Black spot/2025_12_20_IMG (108).JPG,2025_12_20_IMG (108).JPG,Black spot,train,.jpg,560,420,RGB,JPEG,1,50338,3e405738ea7627d6957fa8d17babf5f092092b71612a8a540532e93f93535e55,True,,
dataset/train/Black spot/2025_12_20_IMG (109).JPG,2025_12_20_IMG (109).JPG,Black spot,train,.jpg,560,420,RGB,JPEG,1,50516,2cbc4bc6f7718a78aa20d9688b3ed2a6a9e5b24cb313f471525451da1b2cc5a6,True,,
dataset/train/Black spot/2025_12_20_IMG (114).JPG,2025_12_20_IMG (114).JPG,Black spot,train,.jpg,560,420,RGB,JPEG,1,37282,19671a840c3322b3c94cf5c7c2476e79e098ceffec12b7d6225ef5502a545e54,True,,
dataset/train/Black spot/2025_12_20_IMG (115).JPG,2025_12_20_IMG (115).JPG,Black spot,train,.jpg,560,420,RGB,JPEG,1,37408,bc366d373e7780a1e89d9bfc005b64241ffa1e67985a14768689545ea1f6afa0,True,,
dataset/train/Black spot/2025_12_20_IMG (116).JPG,2025_12_20_IMG (116).JPG,Black spot,train,.jpg,560,420,RGB,JPEG,1,34927,f301f4d4077b112feb3454d82c2dccfc6bf03599b7da10f6012f80bea5b0ad98,True,,
dataset/train/Black spot/2025_12_20_IMG (117).JPG,2025_12_20_IMG (117).JPG,Black spot,train,.jpg,560,420,RGB,JPEG,1,34261,ff2b52cdd1e1c7f67645b05771e5c1d5b59a752f772cb4d9894223bd12ba90bb,True,,
dataset/train/Black spot/2025_12_20_IMG (118).JPG,2025_12_20_IMG (118).JPG,Black spot,train,.jpg,560,420,RGB,JPEG,1,35244,1d53fc16cf6836ec730bebf8e18ca2dd7d1befb36025dba2961c63b507fa7e03,True,,
dataset/train/Black spot/2025_12_20_IMG (120).JPG,2025_12_20_IMG (120).JPG,Black spot,train,.jpg,560,420,RGB,JPEG,1,33692,b227df6499c846e581e20008e4559cdb23a10dabff2c888a279d1150b4dd7a37,True,,
dataset/train/Black spot/2025_12_20_IMG (121).JPG,2025_12_20_IMG (121).JPG,Black spot,train,.jpg,560,420,RGB,JPEG,1,33503,c8742438dfc1bb83df43ce9b4380f5ff2cb6230db5761a31eeeef5b9e06d8432,True,,
dataset/train/Black spot/2025_12_20_IMG (122).JPG,2025_12_20_IMG (122).JPG,Black spot,train,.jpg,560,420,RGB,JPEG,1,45648,3b6eb65110812e3f2e710472f49727358a9168cdafc57d7fd7ada730469ce9cc,True,,
dataset/train/Black spot/2025_12_20_IMG (123).JPG,2025_12_20_IMG (123).JPG,Black spot,train,.jpg,560,420,RGB,JPEG,1,45554,5dea4d4b7371716f1416ff84046d426e5380aba31ae4fe80851a9d5b92795f83,True,,
dataset/train/Black spot/2025_12_20_IMG (124).JPG,2025_12_20_IMG (124).JPG,Black spot,train,.jpg,560,420,RGB,JPEG,1,41118,6b4bb280a78c82ad22a0615762db1882566e680c728f5bd48039921afd737e15,True,,
dataset/train/Black spot/2025_12_20_IMG (125).JPG,2025_12_20_IMG (125).JPG,Black spot,train,.jpg,560,420,RGB,JPEG,1,44861,6d73979430f933e51f4e5abcba04d90343a2a873893bae4de2cdb8a6a66c1a03,True,,
dataset/train/Black spot/2025_12_20_IMG (126).JPG,2025_12_20_IMG (126).JPG,Black spot,train,.jpg,560,420,RGB,JPEG,1,40509,a78de55aa35649037b972b2ce416689eadabb920f88c11da562342da9e0e94a3,True,,
dataset/train/Black spot/2025_12_20_IMG (127).JPG,2025_12_20_IMG (127).JPG,Black spot,train,.jpg,560,420,RGB,JPEG,1,42198,3775cbf4cb0f42aa810bfd8ba3463aaeae1a4175ee84cbf0e801272a9a497194,True,,
dataset/train/Black spot/2025_12_20_IMG (128).JPG,2025_12_20_IMG (128).JPG,Black spot,train,.jpg,560,420,RGB,JPEG,1,36920,cceb88a2661baea86bf226f91ec51f279d109abf632e2592881399e5f96e900f,True,,
dataset/train/Black spot/2025_12_20_IMG (129).JPG,2025_12_20_IMG (129).JPG,Black spot,train,.jpg,560,420,RGB,JPEG,1,38492,48a5abc6fbdf7525c210950c10c1e7cbf53bf3a4a4d7cf9220053e99cb4179a3,True,,
dataset/train/Black spot/2025_12_20_IMG (13).JPG,2025_12_20_IMG (13).JPG,Black spot,train,.jpg,4032,3024,RGB,JPEG,1,890083,fde84a24f4fe258a48b0344d9da9ccd6ebbb5ab66cae883823e9d36b4a4c2f10,True,,
dataset/train/Black spot/2025_12_20_IMG (132).JPG,2025_12_20_IMG (132).JPG,Black spot,train,.jpg,560,420,RGB,JPEG,1,44320,d663b3e45e5b93fda4a056c2660493f30468413049bb2b624f10bd9c9043fe86,True,,
dataset/train/Black spot/2025_12_20_IMG (133).JPG,2025_12_20_IMG (133).JPG,Black spot,train,.jpg,560,420,RGB,JPEG,1,42292,278643f65b0be2f9d0d940c5f98735e2b014be2280b6422b9ec897a78684b8cd,True,,
dataset/train/Black spot/2025_12_20_IMG (134).JPG,2025_12_20_IMG (134).JPG,Black spot,train,.jpg,560,420,RGB,JPEG,1,43349,5d3794211779f9d0749b314bde2b825a1d4721914ad0fa5b2ec6a8e6b0c61528,True,,
dataset/train/Black spot/2025_12_20_IMG (136).JPG,2025_12_20_IMG (136).JPG,Black spot,train,.jpg,560,420,RGB,JPEG,1,48188,953be9b7dddd72025f2dd6515e70b0e712fa258fd37b8e20d5b79953688ab52e,True,,
dataset/train/Black spot/2025_12_20_IMG (137).JPG,2025_12_20_IMG (137).JPG,Black spot,train,.jpg,560,420,RGB,JPEG,1,46387,118c405f2d80cbb52ad8be50ea84c1a5cdd5c0354e59997b073c332b0a0d4fee,True,,
dataset/train/Black spot/2025_12_20_IMG (138).JPG,2025_12_20_IMG (138).JPG,Black spot,train,.jpg,560,420,RGB,JPEG,1,46487,bcd4b392aaad271143f1c3bee69ae8b6584a2fabf97ce2132313c410e3c9e39b,True,,
dataset/train/Black spot/2025_12_20_IMG (14).JPG,2025_12_20_IMG (14).JPG,Black spot,train,.jpg,560,420,RGB,JPEG,1,44167,8d0ff8ec5b34abb5b48e8ecc837ff2cd53b02dc81e94ffb9ba018da2abc8ab7a,True,,
dataset/train/Black spot/2025_12_20_IMG (140).JPG,2025_12_20_IMG (140).JPG,Black spot,train,.jpg,560,420,RGB,JPEG,1,43987,e19cee0308f7722d2a11c8cdb766b5f2f89ae10d9d0ab3b4cde180c41e436934,True,,
dataset/train/Black spot/2025_12_20_IMG (142).JPG,2025_12_20_IMG (142).JPG,Black spot,train,.jpg,560,420,RGB,JPEG,1,45796,6d7b1c82b1d50a0a52f0db065eabf97d4047cff47f130fc184577d74ae5717ab,True,,
dataset/train/Black spot/2025_12_20_IMG (144).JPG,2025_12_20_IMG (144).JPG,Black spot,train,.jpg,560,420,RGB,JPEG,1,44294,af5dd8deafc27f0a2fb50c420b79bb0ff569b278097f28d379cc015c3cbb22bb,True,,
dataset/train/Black spot/2025_12_20_IMG (147).JPG,2025_12_20_IMG (147).JPG,Black spot,train,.jpg,560,420,RGB,JPEG,1,44623,4390601f514c11e1e1a94ee38f526eed8536d9c4f3cc4229206afaac254b8b4b,True,,
dataset/train/Black spot/2025_12_20_IMG (149).JPG,2025_12_20_IMG (149).JPG,Black spot,train,.jpg,560,420,RGB,JPEG,1,41820,b6e18f2ba0a4f908b85472366966ba763f4b9765cfbd17b89db1486f713fc1eb,True,,
dataset/train/Black spot/2025_12_20_IMG (152).JPG,2025_12_20_IMG (152).JPG,Black spot,train,.jpg,560,420,RGB,JPEG,1,39719,3d0a5df244feee3f6280c32fd4933645bad1527443e2b97af842d683f15d1f41,True,,
dataset/train/Black spot/2025_12_20_IMG (153).JPG,2025_12_20_IMG (153).JPG,Black spot,train,.jpg,560,420,RGB,JPEG,1,40521,07f7a9112caa2a0a88b2a162632f3968b532bf67087058b5209f55a0aab79000,True,,
dataset/train/Black spot/2025_12_20_IMG (154).JPG,2025_12_20_IMG (154).JPG,Black spot,train,.jpg,560,420,RGB,JPEG,1,40178,18c4ee94e95ee80b923abb323b57dc166a37f3beda7995a2b54f88f700a12d85,True,,
dataset/train/Black spot/2025_12_20_IMG (155).JPG,2025_12_20_IMG (155).JPG,Black spot,train,.jpg,560,420,RGB,JPEG,1,40191,6456832391150a080abf9e01ff0ffbfadcd13caaabd500498649c2ff76c731bd,True,,
dataset/train/Black spot/2025_12_20_IMG (157).JPG,2025_12_20_IMG (157).JPG,Black spot,train,.jpg,560,420,RGB,JPEG,1,40478,6ca9c9e0660b55b618302319922f994a3cccf1e39194cac4814d256172f51ab2,True,,
dataset/train/Black spot/2025_12_20_IMG (158).JPG,2025_12_20_IMG (158).JPG,Black spot,train,.jpg,560,420,RGB,JPEG,1,42384,56e75454107f621a06b704a1cdf4e62a2c761fa14ee3b4139c665694aa9dbe65,True,,
dataset/train/Black spot/2025_12_20_IMG (159).JPG,2025_12_20_IMG (159).JPG,Black spot,train,.jpg,560,420,RGB,JPEG,1,42976,fffd3c6f26a896ef178d0d65fe9b54610bf9559ab6a0ce81a3b9d19741ecf00e,True,,
dataset/train/Black spot/2025_12_20_IMG (16).JPG,2025_12_20_IMG (16).JPG,Black spot,train,.jpg,560,420,RGB,JPEG,1,36294,3273906abf05a85dc12026bb2558eee041deb0c7635be2ec2e572affb50cde54,True,,
dataset/train/Black spot/2025_12_20_IMG (161).JPG,2025_12_20_IMG (161).JPG,Black spot,train,.jpg,560,420,RGB,JPEG,1,38808,a21b65a160055acf5ffa53631c42d3394371472e01b46134168d9f29e671ce45,True,,
dataset/train/Black spot/2025_12_20_IMG (162).JPG,2025_12_20_IMG (162).JPG,Black spot,train,.jpg,560,420,RGB,JPEG,1,39480,c042de1d1bbeeee65975d50fc3edf7e60dd78c5582a9bb7076f28205a79af347,True,,
dataset/train/Black spot/2025_12_20_IMG (164).JPG,2025_12_20_IMG (164).JPG,Black spot,train,.jpg,560,420,RGB,JPEG,1,38760,1726747f6bafbd93fa50150ea9bc234c58ec50e81d89b9ca9ad0e9c5ee53046d,True,,
dataset/train/Black spot/2025_12_20_IMG (165).JPG,2025_12_20_IMG (165).JPG,Black spot,train,.jpg,560,420,RGB,JPEG,1,39218,2b31d6083adaa8efa7ad467db3c67e9de2fdb20e4acaf9e6b4c7977fc6cd15ab,True,,
dataset/train/Black spot/2025_12_20_IMG (166).JPG,2025_12_20_IMG (166).JPG,Black spot,train,.jpg,560,420,RGB,JPEG,1,39070,1fb093b2292cfa71e1a70b781d0bd533f98901a9ca5f9cd97bde11a3321128b0,True,,
dataset/train/Black spot/2025_12_20_IMG (167).JPG,2025_12_20_IMG (167).JPG,Black spot,train,.jpg,560,420,RGB,JPEG,1,39922,328d8155dd565faa08c49261053f8d54c9fbc6353e01beb239cac06e7f61daf8,True,,
dataset/train/Black spot/2025_12_20_IMG (168).JPG,2025_12_20_IMG (168).JPG,Black spot,train,.jpg,560,420,RGB,JPEG,1,47694,4847bb806ad4dfcf1bf77b758453e30547db9d107c7fef2cd618c532dd6e5a0d,True,,
dataset/train/Black spot/2025_12_20_IMG (169).JPG,2025_12_20_IMG (169).JPG,Black spot,train,.jpg,560,420,RGB,JPEG,1,47384,d3a92416335ff618788c336b8d4b209b69fe08a113786bb2ff6ae28eb366348e,True,,
dataset/train/Black spot/2025_12_20_IMG (17).JPG,2025_12_20_IMG (17).JPG,Black spot,train,.jpg,560,420,RGB,JPEG,1,34183,ad725b0ac5e268546b684a867d6c6537985c569489684afd48e4dba7f514b37d,True,,
dataset/train/Black spot/2025_12_20_IMG (173).JPG,2025_12_20_IMG (173).JPG,Black spot,train,.jpg,560,420,RGB,JPEG,1,48338,9828cfa7f62916027b3bdbc9f93b3d6d9e9948c3a26af4e2e2e9b243f00aa790,True,,
dataset/train/Black spot/2025_12_20_IMG (175).JPG,2025_12_20_IMG (175).JPG,Black spot,train,.jpg,560,420,RGB,JPEG,1,45619,10ddca5600ab50f80a03f273028f65dee2f5e2167c02655ff16a164f84655210,True,,
dataset/train/Black spot/2025_12_20_IMG (176).JPG,2025_12_20_IMG (176).JPG,Black spot,train,.jpg,560,420,RGB,JPEG,1,45804,dd9632a474db4eec0f89f2e625a36d20dcbbc4783dd5e44e5120263ac8f6f855,True,,
dataset/train/Black spot/2025_12_20_IMG (177).JPG,2025_12_20_IMG (177).JPG,Black spot,train,.jpg,560,420,RGB,JPEG,1,46399,a622781cecaeff14cd9ac75b15ca821215f688a75b6ef89760a3e439669174ae,True,,
dataset/train/Black spot/2025_12_20_IMG (179).JPG,2025_12_20_IMG (179).JPG,Black spot,train,.jpg,560,420,RGB,JPEG,1,44486,7bcf99176bf48299b66bf5f3a7236f33117f168f5776919d131ef5e75ec67d1a,True,,
dataset/train/Black spot/2025_12_20_IMG (18).JPG,2025_12_20_IMG (18).JPG,Black spot,train,.jpg,560,420,RGB,JPEG,1,37704,1214f1915e35745c2ac6b0387c3386203c39d78efdb1ab09e4ea97612c452ee9,True,,
dataset/train/Black spot/2025_12_20_IMG (180).JPG,2025_12_20_IMG (180).JPG,Black spot,train,.jpg,560,420,RGB,JPEG,1,45161,33d7e9a79d8f43b76fd3044fb50517986fa2ac23c1cb2c62a0149404da9fb755,True,,
dataset/train/Black spot/2025_12_20_IMG (181).JPG,2025_12_20_IMG (181).JPG,Black spot,train,.jpg,560,420,RGB,JPEG,1,43961,e241344be08bde3d31cca30de5e991aee747a2f1b8c732cd7fc1fbfd303dbf24,True,,
dataset/train/Black spot/2025_12_20_IMG (182).JPG,2025_12_20_IMG (182).JPG,Black spot,train,.jpg,560,420,RGB,JPEG,1,44558,815d58e9c7706503501a8680da1e4ea69fc05bd8a0701837e531c97794bb5f31,True,,
dataset/train/Black spot/2025_12_20_IMG (183).JPG,2025_12_20_IMG (183).JPG,Black spot,train,.jpg,560,420,RGB,JPEG,1,44132,c6313934fe16ef9e71168567806037e21566ceebc88eeb57eb3601814b7daaba,True,,
dataset/train/Black spot/2025_12_20_IMG (184).JPG,2025_12_20_IMG (184).JPG,Black spot,train,.jpg,853,640,RGB,JPEG,1,93044,69dd9f56b37531fc6dc90bc05ee7b92b3125f7e5a95ea147189e0593d370ebb7,True,,
dataset/train/Black spot/2025_12_20_IMG (185).JPG,2025_12_20_IMG (185).JPG,Black spot,train,.jpg,560,420,RGB,JPEG,1,47159,0840173f3ce76d2c8728ef9552e2f8ed8c9afe98cece95873fe5583177667389,True,,
dataset/train/Black spot/2025_12_20_IMG (186).JPG,2025_12_20_IMG (186).JPG,Black spot,train,.jpg,560,420,RGB,JPEG,1,49367,7406ba449b2c55aa7d3b14e6f3832fe30a995f1dd8c99d5b52e994aa63a1c594,True,,
dataset/train/Black spot/2025_12_20_IMG (187).JPG,2025_12_20_IMG (187).JPG,Black spot,train,.jpg,560,420,RGB,JPEG,1,39689,6e5120e46659392997e5b1f08c97fb104c65df8bf810892fb1614b79c76ebd5e,True,,
dataset/train/Black spot/2025_12_20_IMG (189).JPG,2025_12_20_IMG (189).JPG,Black spot,train,.jpg,560,420,RGB,JPEG,1,41898,8380bbf5632e61b4ae373910879942fa696933a4a9a1e013561176059de73d17,True,,
dataset/train/Black spot/2025_12_20_IMG (19).JPG,2025_12_20_IMG (19).JPG,Black spot,train,.jpg,560,420,RGB,JPEG,1,37810,d85b964ae46b7f590fc0154e148abfe306bea5da42a862e2afc2c3d2b0bacb76,True,,
dataset/train/Black spot/2025_12_20_IMG (192).JPG,2025_12_20_IMG (192).JPG,Black spot,train,.jpg,560,420,RGB,JPEG,1,48769,6fc3ec8ec757cd12d1650a44b4a471fd4a046851fd0150b47ee011f78173c47b,True,,
dataset/train/Black spot/2025_12_20_IMG (193).JPG,2025_12_20_IMG (193).JPG,Black spot,train,.jpg,560,420,RGB,JPEG,1,49172,2732608aaaa511f8b2221736d7e31b5210b105ad92b22e3435aa73b013fcf4db,True,,
dataset/train/Black spot/2025_12_20_IMG (194).JPG,2025_12_20_IMG (194).JPG,Black spot,train,.jpg,560,420,RGB,JPEG,1,49294,a454b706790df1fdd69d4fe1cb04865c64af32c9611b7f608c229aa7ac9b2bd5,True,,
dataset/train/Black spot/2025_12_20_IMG (195).JPG,2025_12_20_IMG (195).JPG,Black spot,train,.jpg,560,420,RGB,JPEG,1,37647,87ce49e5f72d4e8d06058b384c7ec959d54150f46912c4d2d0346cf78996d7b6,True,,
dataset/train/Black spot/2025_12_20_IMG (197).JPG,2025_12_20_IMG (197).JPG,Black spot,train,.jpg,560,420,RGB,JPEG,1,41833,34630692cea07c4f998ad40c279810eae54698ca703595405f4323ed5dd7a873,True,,
dataset/train/Black spot/2025_12_20_IMG (198).JPG,2025_12_20_IMG (198).JPG,Black spot,train,.jpg,560,420,RGB,JPEG,1,43891,701a3c16bfa2e7ae450f6d331f8c829f71fd93e108fe2a5deadeb016b845b226,True,,
dataset/train/Black spot/2025_12_20_IMG (200).JPG,2025_12_20_IMG (200).JPG,Black spot,train,.jpg,560,420,RGB,JPEG,1,35713,2703b9ce1b13a1ea0fd132d8bd182c7fa6fb4dcba44681557599fc2ae7001dbd,True,,
dataset/train/Black spot/2025_12_20_IMG (202).JPG,2025_12_20_IMG (202).JPG,Black spot,train,.jpg,560,420,RGB,JPEG,1,37709,ee890acc8636e710ddff67883202a9af4387bc8124d316f64b22e7c3e91ae66d,True,,
dataset/train/Black spot/2025_12_20_IMG (204).JPG,2025_12_20_IMG (204).JPG,Black spot,train,.jpg,560,420,RGB,JPEG,1,39423,76107aa48e9dc9c91c6e870809079ef0c43a1224e8ac631fff3299ee56796bcf,True,,
dataset/train/Black spot/2025_12_20_IMG (205).JPG,2025_12_20_IMG (205).JPG,Black spot,train,.jpg,560,420,RGB,JPEG,1,37230,fb4c3718ef7c2276d81af864a16141858c6bf3ae482e4a548bf369a56d365d69,True,,
dataset/train/Black spot/2025_12_20_IMG (207).JPG,2025_12_20_IMG (207).JPG,Black spot,train,.jpg,560,420,RGB,JPEG,1,39596,4db18f78e9610e1ae6db373469c32776dc8580fbe5f3a6b2f9d0af094f146701,True,,
dataset/train/Black spot/2025_12_20_IMG (208).JPG,2025_12_20_IMG (208).JPG,Black spot,train,.jpg,560,420,RGB,JPEG,1,37062,5b1d648dc4f25174b859a88dc7f3140142bdc2886b919aa9236a6da4a7af6e1c,True,,
dataset/train/Black spot/2025_12_20_IMG (209).JPG,2025_12_20_IMG (209).JPG,Black spot,train,.jpg,560,420,RGB,JPEG,1,43000,875e76ea656761531a237a4e985329b50a886c85009d6c4c4e88508182e08542,True,,
dataset/train/Black spot/2025_12_20_IMG (21).JPG,2025_12_20_IMG (21).JPG,Black spot,train,.jpg,560,420,RGB,JPEG,1,38617,b6de34df42df5656a825b9d0e4eaddfbd3c2edc20ca7c593d2a72cdbd81a5d85,True,,
dataset/train/Black spot/2025_12_20_IMG (210).JPG,2025_12_20_IMG (210).JPG,Black spot,train,.jpg,560,420,RGB,JPEG,1,38320,29c7c80b2e2cc16009aebea75926af4811d0f92440d921a1b1d72afb8b334e84,True,,
dataset/train/Black spot/2025_12_20_IMG (212).JPG,2025_12_20_IMG (212).JPG,Black spot,train,.jpg,560,420,RGB,JPEG,1,30681,5c3826a67bbca2f822482d0c8cf396a86d57483fef6dd095e6ed6c234291c5a5,True,,
dataset/train/Black spot/2025_12_20_IMG (213).JPG,2025_12_20_IMG (213).JPG,Black spot,train,.jpg,560,420,RGB,JPEG,1,33773,f4f665bfcc140c0854aa07c9b0be23691743797e3644723baf2f5974de1483fb,True,,
dataset/train/Black spot/2025_12_20_IMG (214).JPG,2025_12_20_IMG (214).JPG,Black spot,train,.jpg,560,420,RGB,JPEG,1,31470,6f429376da68350304ff918c2baf2fab50e6f2d4d3e13e065c9ef47a5701f8e8,True,,
dataset/train/Black spot/2025_12_20_IMG (215).JPG,2025_12_20_IMG (215).JPG,Black spot,train,.jpg,560,420,RGB,JPEG,1,37185,19e6c7160cb1084f8a4233114e79e76e4b5ca9dda275eae16cde0c9333c38c18,True,,
dataset/train/Black spot/2025_12_20_IMG (216).JPG,2025_12_20_IMG (216).JPG,Black spot,train,.jpg,560,420,RGB,JPEG,1,37500,f636eed3141450e164b885e9546e317c6110674c70c6b9d7b77156c1169aa303,True,,
dataset/train/Black spot/2025_12_20_IMG (217).JPG,2025_12_20_IMG (217).JPG,Black spot,train,.jpg,560,420,RGB,JPEG,1,36735,2bbf606cf16629846883bb342701b74c4395bdc862cd05c6f21ab0692a3ab0c0,True,,
dataset/train/Black spot/2025_12_20_IMG (218).JPG,2025_12_20_IMG (218).JPG,Black spot,train,.jpg,560,420,RGB,JPEG,1,35050,734cae4c3b20f26da0ae0dfd78f88c7dd7975096b83c2515f378f99a5e2fdd02,True,,
dataset/train/Black spot/2025_12_20_IMG (219).JPG,2025_12_20_IMG (219).JPG,Black spot,train,.jpg,560,420,RGB,JPEG,1,33036,cff0458c303f1d4baf6dd40bf6423e1652c9ab1fb9b7b3fd3db97fb49eb75b8d,True,,
dataset/train/Black spot/2025_12_20_IMG (22).JPG,2025_12_20_IMG (22).JPG,Black spot,train,.jpg,560,420,RGB,JPEG,1,36471,aeb7d0e5fa456db388d038a8a861162be9088468296039b629ba08487f105adc,True,,
dataset/train/Black spot/2025_12_20_IMG (222).JPG,2025_12_20_IMG (222).JPG,Black spot,train,.jpg,560,420,RGB,JPEG,1,35984,90d135d58d631ee4a14562624bb4f7f64b9589b7ea31c1e38dd3753b25bfda00,True,,
dataset/train/Black spot/2025_12_20_IMG (224).JPG,2025_12_20_IMG (224).JPG,Black spot,train,.jpg,4032,3024,RGB,JPEG,1,713501,ec604ef0a26b8bd65a9ee6a7786de62383e5b5d9d0187a69897a2cc765eaf643,True,,
dataset/train/Black spot/2025_12_20_IMG (226).JPG,2025_12_20_IMG (226).JPG,Black spot,train,.jpg,560,420,RGB,JPEG,1,34178,0da904619981141da9029d469aa1992422299f10f31ef602cb508dd89f64403b,True,,
dataset/train/Black spot/2025_12_20_IMG (228).JPG,2025_12_20_IMG (228).JPG,Black spot,train,.jpg,560,420,RGB,JPEG,1,30049,d9501f031ca2d24022e49a992e111cb66af835309ba708a9f2c66e9d3103944b,True,,
dataset/train/Black spot/2025_12_20_IMG (229).JPG,2025_12_20_IMG (229).JPG,Black spot,train,.jpg,560,420,RGB,JPEG,1,27059,43af3944539472859104a0eb561905dd87cb7f24503c035458531299b329d35c,True,,
dataset/train/Black spot/2025_12_20_IMG (230).JPG,2025_12_20_IMG (230).JPG,Black spot,train,.jpg,560,420,RGB,JPEG,1,26572,fbd83f56fa102337d68c1955bbff4c16a0200c9fac0a5395fe5e16f4312cc10f,True,,
dataset/train/Black spot/2025_12_20_IMG (231).JPG,2025_12_20_IMG (231).JPG,Black spot,train,.jpg,560,420,RGB,JPEG,1,31284,d27754b5dfc25774988443cfff2f17fc3a8c13a83c3a43588643f4ed61dc89b7,True,,
dataset/train/Black spot/2025_12_20_IMG (233).JPG,2025_12_20_IMG (233).JPG,Black spot,train,.jpg,560,420,RGB,JPEG,1,37859,284616e103f92ee472bcd00c83c21ac9a1d5613089611a073f8484de5bd83850,True,,
dataset/train/Black spot/2025_12_20_IMG (235).JPG,2025_12_20_IMG (235).JPG,Black spot,train,.jpg,560,420,RGB,JPEG,1,34229,24ca8cc22b5b10c77cfa16805594fa0a9361bc73562441668a0a6c4a35f7e0c6,True,,
dataset/train/Black spot/2025_12_20_IMG (236).JPG,2025_12_20_IMG (236).JPG,Black spot,train,.jpg,560,420,RGB,JPEG,1,34532,198f795f837601300bf9fd074ffba613abdbf66ae7a0b137c8b88df17aa9dcde,True,,
dataset/train/Black spot/2025_12_20_IMG (237).JPG,2025_12_20_IMG (237).JPG,Black spot,train,.jpg,560,420,RGB,JPEG,1,42325,efa28121002b4781043d1dac7e246f99d09972a53aed0154035f61f90dceb465,True,,
dataset/train/Black spot/2025_12_20_IMG (238).JPG,2025_12_20_IMG (238).JPG,Black spot,train,.jpg,560,420,RGB,JPEG,1,36017,b2b406306ce2ecb3a76c1ec02972f105f76b605f76f5e5f1dcca02a27af21cad,True,,
dataset/train/Black spot/2025_12_20_IMG (239).JPG,2025_12_20_IMG (239).JPG,Black spot,train,.jpg,560,420,RGB,JPEG,1,33952,b31153165b9b291846ced1e968bf0e0a16dafe2d85b9d01210b54206bde372cf,True,,
dataset/train/Black spot/2025_12_20_IMG (24).JPG,2025_12_20_IMG (24).JPG,Black spot,train,.jpg,560,420,RGB,JPEG,1,42980,7a7d683b5fe0402a65d6f81c1fc0a965c86f3bc521d4390e597b84aac7f2b961,True,,
dataset/train/Black spot/2025_12_20_IMG (240).JPG,2025_12_20_IMG (240).JPG,Black spot,train,.jpg,560,420,RGB,JPEG,1,33154,c39e78839ddef7bc64145c5310b9ba8fe5c37a4567a254d8982ae91e66939773,True,,
dataset/train/Black spot/2025_12_20_IMG (241).JPG,2025_12_20_IMG (241).JPG,Black spot,train,.jpg,560,420,RGB,JPEG,1,36221,028e3ea86eb632f7b73983a1f7b9ecb4317565253401e36096af2baab80cb743,True,,
dataset/train/Black spot/2025_12_20_IMG (242).JPG,2025_12_20_IMG (242).JPG,Black spot,train,.jpg,560,420,RGB,JPEG,1,40880,872c0f84c376840853a18df61df81286080b28bce22640dc3c23c9e9d27a736c,True,,
dataset/train/Black spot/2025_12_20_IMG (243).JPG,2025_12_20_IMG (243).JPG,Black spot,train,.jpg,560,420,RGB,JPEG,1,39057,e37d29fb8bb810231648f13f7013849714c029cf5a25f191d3386fa4d2addc0f,True,,
dataset/train/Black spot/2025_12_20_IMG (244).JPG,2025_12_20_IMG (244).JPG,Black spot,train,.jpg,560,420,RGB,JPEG,1,38343,148d0edf2530defdf3e28cc257121bed3095695265bc753a46f597072c44607c,True,,
dataset/train/Black spot/2025_12_20_IMG (245).JPG,2025_12_20_IMG (245).JPG,Black spot,train,.jpg,4032,3024,RGB,JPEG,1,913401,7b98396c73767d374d9a36decb78dc38c8ab233ac90e8fbe57630c33444260a6,True,,
dataset/train/Black spot/2025_12_20_IMG (247).JPG,2025_12_20_IMG (247).JPG,Black spot,train,.jpg,560,420,RGB,JPEG,1,40163,12e3c47296b95340bde5d9a50bfc3be1500a0ee41be8175d554001c571c6dc77,True,,
dataset/train/Black spot/2025_12_20_IMG (248).JPG,2025_12_20_IMG (248).JPG,Black spot,train,.jpg,560,420,RGB,JPEG,1,36970,9d45486936121441565b779efc96194c31a04861de6cba7fe657f88af491b41e,True,,
dataset/train/Black spot/2025_12_20_IMG (249).JPG,2025_12_20_IMG (249).JPG,Black spot,train,.jpg,560,420,RGB,JPEG,1,37706,8b89dcf8d83f755d91d706c214ba9046628508e990fe75544787660bf71f8fc0,True,,
dataset/train/Black spot/2025_12_20_IMG (25).JPG,2025_12_20_IMG (25).JPG,Black spot,train,.jpg,4032,3024,RGB,JPEG,1,755145,43eb8bbfa85185ea679a0504915b9d82244d27ed5e62757f801c84193acc75a0,True,,
dataset/train/Black spot/2025_12_20_IMG (250).JPG,2025_12_20_IMG (250).JPG,Black spot,train,.jpg,4032,3024,RGB,JPEG,1,777529,5bfe6c63e08214c64613d3c90d3d477462be878286968637fc7324ba4d185a77,True,,
dataset/train/Black spot/2025_12_20_IMG (251).JPG,2025_12_20_IMG (251).JPG,Black spot,train,.jpg,560,420,RGB,JPEG,1,36358,76ecf4b146423fe66e4da32f98973213544e4cf169e810242ac03a5838aa6d50,True,,
dataset/train/Black spot/2025_12_20_IMG (252).JPG,2025_12_20_IMG (252).JPG,Black spot,train,.jpg,560,420,RGB,JPEG,1,39994,6a605a9f590ac2492d5820027640b17051bf3b32d6d9775b55fdd150773e0ee3,True,,
dataset/train/Black spot/2025_12_20_IMG (253).JPG,2025_12_20_IMG (253).JPG,Black spot,train,.jpg,560,420,RGB,JPEG,1,35203,e1d650f053865efc8e94d3a8edddb7e6d661f286028c44d9f4893d4235679738,True,,
dataset/train/Black spot/2025_12_20_IMG (255).JPG,2025_12_20_IMG (255).JPG,Black spot,train,.jpg,4032,3024,RGB,JPEG,1,531140,ef37aed89e46389255147603b45380b8712f24fd53f2bcd1fe9a0dabb4767e3b,True,,
dataset/train/Black spot/2025_12_20_IMG (259).JPG,2025_12_20_IMG (259).JPG,Black spot,train,.jpg,560,420,RGB,JPEG,1,29880,cf8d16d3f721febadae37e1dcde0ac5305dd1c08c4fa32a9f17d453baf9d607f,True,,
dataset/train/Black spot/2025_12_20_IMG (26).JPG,2025_12_20_IMG (26).JPG,Black spot,train,.jpg,560,420,RGB,JPEG,1,37101,c0c7c4b3521375c11cb5898676d21cce57c8a72df73efaea5c11cb51198d55c4,True,,
dataset/train/Black spot/2025_12_20_IMG (260).JPG,2025_12_20_IMG (260).JPG,Black spot,train,.jpg,560,420,RGB,JPEG,1,32150,3aa0eb2869e6d462ac8debc96e40279661bab5b98230c1d23095012f757ac8be,True,,
dataset/train/Black spot/2025_12_20_IMG (261).JPG,2025_12_20_IMG (261).JPG,Black spot,train,.jpg,560,420,RGB,JPEG,1,32478,278d05239827f308c26711679dba801974124e4b05f43e0a56c4d46435cc12f3,True,,
dataset/train/Black spot/2025_12_20_IMG (263).JPG,2025_12_20_IMG (263).JPG,Black spot,train,.jpg,560,420,RGB,JPEG,1,35787,65a712d43fea2d502797f05556e160b8fe8ac3b8e8af6eeaeaa5ed2af5613523,True,,
dataset/train/Black spot/2025_12_20_IMG (265).JPG,2025_12_20_IMG (265).JPG,Black spot,train,.jpg,560,420,RGB,JPEG,1,31988,29baee385863044c5112be270af8c8e2fb88fc4fd058f09d925677e137421f57,True,,
dataset/train/Black spot/2025_12_20_IMG (268).JPG,2025_12_20_IMG (268).JPG,Black spot,train,.jpg,560,420,RGB,JPEG,1,37085,bb41c1a81885f3163a9a15c220597f311083914cd6e45f7fffec591013d19077,True,,
dataset/train/Black spot/2025_12_20_IMG (269).JPG,2025_12_20_IMG (269).JPG,Black spot,train,.jpg,4032,3024,RGB,JPEG,1,709653,a57fa8f95d2053c2cea8d53441f233af1371eb9696bc97b491ae1abf456654f5,True,,
dataset/train/Black spot/2025_12_20_IMG (270).JPG,2025_12_20_IMG (270).JPG,Black spot,train,.jpg,560,420,RGB,JPEG,1,37172,54af682e98257fbea9c1657e83eb2c8dc114c61878dd3060a2187b5728223906,True,,
dataset/train/Black spot/2025_12_20_IMG (271).JPG,2025_12_20_IMG (271).JPG,Black spot,train,.jpg,560,420,RGB,JPEG,1,36199,e4b18ed4e25193d1192322623ba162dde2391d314a8f742e59c4317eeecc15d3,True,,
dataset/train/Black spot/2025_12_20_IMG (272).JPG,2025_12_20_IMG (272).JPG,Black spot,train,.jpg,560,420,RGB,JPEG,1,34320,0107052cfc5d653b474a9cbf26792a5b014deda6945fb5013e7560d3d5f38c7d,True,,
dataset/train/Black spot/2025_12_20_IMG (275).JPG,2025_12_20_IMG (275).JPG,Black spot,train,.jpg,560,420,RGB,JPEG,1,37128,9ba14e32836be7ed910a23b151ec490f87e7092cd7d2925781cf4bde6d9313e0,True,,
dataset/train/Black spot/2025_12_20_IMG (277).JPG,2025_12_20_IMG (277).JPG,Black spot,train,.jpg,560,420,RGB,JPEG,1,39600,3332719f84a85235aab9cc40d4dcf317ce5ab402a10f9693452f5c5e0a6b782d,True,,
dataset/train/Black spot/2025_12_20_IMG (279).JPG,2025_12_20_IMG (279).JPG,Black spot,train,.jpg,560,420,RGB,JPEG,1,37328,ed7cc99c1ad807ca31578f4e729e7c588f0b160c6451e75b3027e040d5c9727c,True,,
dataset/train/Black spot/2025_12_20_IMG (28).JPG,2025_12_20_IMG (28).JPG,Black spot,train,.jpg,560,420,RGB,JPEG,1,42585,a69c34fc427fd9bfb926056c73ee4fdea8a4cedbf12e744c31116cdbfa7a2ecb,True,,
dataset/train/Black spot/2025_12_20_IMG (280).JPG,2025_12_20_IMG (280).JPG,Black spot,train,.jpg,560,420,RGB,JPEG,1,38292,95a2752175f3442b56c921ca65746020d5fdbd0a1089459d21cb203d6abcabc7,True,,
dataset/train/Black spot/2025_12_20_IMG (281).JPG,2025_12_20_IMG (281).JPG,Black spot,train,.jpg,560,420,RGB,JPEG,1,36492,23d56f719aa77d7e4ab4ea480c4e55962e331c8be7e04a93828c3028ba07dfb5,True,,
dataset/train/Black spot/2025_12_20_IMG (282).JPG,2025_12_20_IMG (282).JPG,Black spot,train,.jpg,560,420,RGB,JPEG,1,38921,cca64d34b268da11e8b9e184e31819079cb58f0946cf2f624f78595fb9682037,True,,
dataset/train/Black spot/2025_12_20_IMG (283).JPG,2025_12_20_IMG (283).JPG,Black spot,train,.jpg,560,420,RGB,JPEG,1,41134,8c62b9545d4147e819056c53af7c3fe93500cec2d1dfac771c6465e3ece23d7a,True,,
dataset/train/Black spot/2025_12_20_IMG (284).JPG,2025_12_20_IMG (284).JPG,Black spot,train,.jpg,560,420,RGB,JPEG,1,41878,f440365688c2fa20aed353a453ee9d053420616f5c275a870699ffa6567e973b,True,,
dataset/train/Black spot/2025_12_20_IMG (286).JPG,2025_12_20_IMG (286).JPG,Black spot,train,.jpg,560,420,RGB,JPEG,1,36592,6e8a55963fc4f155f15a66b2165451ff2839b1104fb8ed80ee6169bea3f5b2ca,True,,
dataset/train/Black spot/2025_12_20_IMG (287).JPG,2025_12_20_IMG (287).JPG,Black spot,train,.jpg,560,420,RGB,JPEG,1,46302,15cc03495bf1571adfec3403d570821f739161af555d5a3dadb89fa5d8ec265f,True,,
dataset/train/Black spot/2025_12_20_IMG (288).JPG,2025_12_20_IMG (288).JPG,Black spot,train,.jpg,560,420,RGB,JPEG,1,45308,c403a4ac4f13b6b50b0d67840521c69ff1fb7b88af137543db04d4fea442c5cc,True,,
dataset/train/Black spot/2025_12_20_IMG (29).JPG,2025_12_20_IMG (29).JPG,Black spot,train,.jpg,560,420,RGB,JPEG,1,39303,6f3f3bbd9c8706d9c337c31cbdd571e65796f6dbb0b02124224e92c243494df9,True,,
dataset/train/Black spot/2025_12_20_IMG (290).JPG,2025_12_20_IMG (290).JPG,Black spot,train,.jpg,560,420,RGB,JPEG,1,33652,a2af7ac01a34254d5a162b13ce3d95d16ef8bb001a585bd8290f6ac4511863f8,True,,
dataset/train/Black spot/2025_12_20_IMG (291).JPG,2025_12_20_IMG (291).JPG,Black spot,train,.jpg,560,420,RGB,JPEG,1,33670,85a2d342a94973167b22d3f327329f90da047e1ffddd6ec63603a4df57e0fa0e,True,,
dataset/train/Black spot/2025_12_20_IMG (295).JPG,2025_12_20_IMG (295).JPG,Black spot,train,.jpg,560,420,RGB,JPEG,1,32681,c63945d8f72cf05106c682ec0055fbdf6f434d69363aa14d765556a4d36dea6d,True,,
dataset/train/Black spot/2025_12_20_IMG (296).JPG,2025_12_20_IMG (296).JPG,Black spot,train,.jpg,560,420,RGB,JPEG,1,44865,cd9d909ae91cc36717f674cb24a214fad0751671abf619c2f282b6ca24ee0219,True,,
dataset/train/Black spot/2025_12_20_IMG (297).JPG,2025_12_20_IMG (297).JPG,Black spot,train,.jpg,4032,3024,RGB,JPEG,1,706499,feba47d4e1c50220d1beec3fabf270b4c1fc6cd66da337cea46660a540a3702d,True,,
dataset/train/Black spot/2025_12_20_IMG (298).JPG,2025_12_20_IMG (298).JPG,Black spot,train,.jpg,560,420,RGB,JPEG,1,43514,e2f1cd94c393360eb7582d4b12e842f46abb799c0a2c292773c0de9d6a3ce2de,True,,
dataset/train/Black spot/2025_12_20_IMG (299).JPG,2025_12_20_IMG (299).JPG,Black spot,train,.jpg,560,420,RGB,JPEG,1,44069,25a99eee4b9599a9b8aeb94cf424da60ac106f66cb220e70f1cd63471cf6eba9,True,,
dataset/train/Black spot/2025_12_20_IMG (3).JPG,2025_12_20_IMG (3).JPG,Black spot,train,.jpg,560,420,RGB,JPEG,1,33973,100e4ea180fd0ad35aa9b94363caec2168c793b1ec52690f0b8341c4814fc754,True,,
dataset/train/Black spot/2025_12_20_IMG (30).JPG,2025_12_20_IMG (30).JPG,Black spot,train,.jpg,560,420,RGB,JPEG,1,41205,c150b6362ad9f1861878125d2228504fa1562ed29a5a1ca7ff78f3d3d74199bc,True,,
dataset/train/Black spot/2025_12_20_IMG (301).JPG,2025_12_20_IMG (301).JPG,Black spot,train,.jpg,560,420,RGB,JPEG,1,43604,adf9fcc9d3c1ce7c79c4fbc79f38dbe844cc9fc2b90fa28c5ac982baae8c682d,True,,
dataset/train/Black spot/2025_12_20_IMG (302).JPG,2025_12_20_IMG (302).JPG,Black spot,train,.jpg,560,420,RGB,JPEG,1,40286,0f2c31ba8bcfa1e2419e3fb412a99ba493e8fe5ae21614955e4ff3ff21f40ade,True,,
dataset/train/Black spot/2025_12_20_IMG (303).JPG,2025_12_20_IMG (303).JPG,Black spot,train,.jpg,560,420,RGB,JPEG,1,34894,e32ed2a991ef5f3cf75048a2c4c6d922b2bca79c5d19323bf7d4c2c656e35728,True,,
dataset/train/Black spot/2025_12_20_IMG (304).JPG,2025_12_20_IMG (304).JPG,Black spot,train,.jpg,560,420,RGB,JPEG,1,32468,cf1d305d07601baf7a522cc5622e3567a1da788395f0c90a5c1fa4bdc3eeb811,True,,
dataset/train/Black spot/2025_12_20_IMG (306).JPG,2025_12_20_IMG (306).JPG,Black spot,train,.jpg,560,420,RGB,JPEG,1,41737,4c203a3bc4a8f596d9fc67dfdd2988c971f8ac7d20118c433d6514ac4d84a16b,True,,
dataset/train/Black spot/2025_12_20_IMG (307).JPG,2025_12_20_IMG (307).JPG,Black spot,train,.jpg,560,420,RGB,JPEG,1,35582,2c2cb8e37acba40e7741196905f24f12c74c1e46be9719e3e6dc61c3a82b132f,True,,
dataset/train/Black spot/2025_12_20_IMG (31).JPG,2025_12_20_IMG (31).JPG,Black spot,train,.jpg,560,420,RGB,JPEG,1,35814,6fdd972ba3a5578db3ebe8b35d845a6d1d42757b256bdd2f0c6389d45438aa2d,True,,
dataset/train/Black spot/2025_12_20_IMG (312).JPG,2025_12_20_IMG (312).JPG,Black spot,train,.jpg,560,420,RGB,JPEG,1,43275,ccc9e31c5920990961100ce0ac9529462c11e8d42523ccb74c5d441f3e64846e,True,,
dataset/train/Black spot/2025_12_20_IMG (313).JPG,2025_12_20_IMG (313).JPG,Black spot,train,.jpg,560,420,RGB,JPEG,1,45553,9f193e88e8106e2af7afbcadca08c28374828255616698bbcfe57d73cf8b6c73,True,,
dataset/train/Black spot/2025_12_20_IMG (314).JPG,2025_12_20_IMG (314).JPG,Black spot,train,.jpg,4032,3024,RGB,JPEG,1,664132,06043455cdca74d739e30e66062b60baa8ac67914e6fd70b2c5366b5267fc42b,True,,
dataset/train/Black spot/2025_12_20_IMG (315).JPG,2025_12_20_IMG (315).JPG,Black spot,train,.jpg,560,420,RGB,JPEG,1,42960,6270d2415926a61c1844c53d930c353c3008c5e97d7660742fbc2b48183572cf,True,,
dataset/train/Black spot/2025_12_20_IMG (316).JPG,2025_12_20_IMG (316).JPG,Black spot,train,.jpg,560,420,RGB,JPEG,1,44516,f7df2743b51e5dbf0a20d64aa909cb91984f19ae145913b38c6826a023e1245f,True,,
dataset/train/Black spot/2025_12_20_IMG (317).JPG,2025_12_20_IMG (317).JPG,Black spot,train,.jpg,4032,3024,RGB,JPEG,1,829292,eff1ec0d3d165c1497391eb2fcf17a19bfc1c8a8fcab89d7d80428406af11c85,True,,
dataset/train/Black spot/2025_12_20_IMG (318).JPG,2025_12_20_IMG (318).JPG,Black spot,train,.jpg,560,420,RGB,JPEG,1,33975,f7ccb6e66d3ac65578b06c332134bc9e625e25c64e588fbda246d5482b9c7980,True,,
dataset/train/Black spot/2025_12_20_IMG (319).JPG,2025_12_20_IMG (319).JPG,Black spot,train,.jpg,4032,3024,RGB,JPEG,1,1052584,14e3dbd44eee34fe590531a6bbf4164fb613d04b50287a1302da17b93d6d43a5,True,,
dataset/train/Black spot/2025_12_20_IMG (32).JPG,2025_12_20_IMG (32).JPG,Black spot,train,.jpg,560,420,RGB,JPEG,1,42668,c074adf6b1ce62a31afdea9103dda870f483a22bb550bf8a2ae9b4d21d98046b,True,,
dataset/train/Black spot/2025_12_20_IMG (320).JPG,2025_12_20_IMG (320).JPG,Black spot,train,.jpg,560,420,RGB,JPEG,1,35270,72ac9037802b998884ec44206afc3f03e4fe466e9aee0a9c1e8e2435b56e31cc,True,,
dataset/train/Black spot/2025_12_20_IMG (321).JPG,2025_12_20_IMG (321).JPG,Black spot,train,.jpg,560,420,RGB,JPEG,1,40907,2ab78d58b7ecbf97fc12f8f0f3759b494c235495a6d62c634c8775742be7b6fc,True,,
dataset/train/Black spot/2025_12_20_IMG (322).JPG,2025_12_20_IMG (322).JPG,Black spot,train,.jpg,560,420,RGB,JPEG,1,41533,64a3951b0045d96a9653c28617a09b83f2fc688076f08b842dfc20be09771905,True,,
dataset/train/Black spot/2025_12_20_IMG (323).JPG,2025_12_20_IMG (323).JPG,Black spot,train,.jpg,560,420,RGB,JPEG,1,41082,3333515ab19bc6187182931867f8faf9a27eecc244dab93802b8c712c274d1dd,True,,
dataset/train/Black spot/2025_12_20_IMG (324).JPG,2025_12_20_IMG (324).JPG,Black spot,train,.jpg,560,420,RGB,JPEG,1,33631,f01c110daba7be0a801e0dc486842e17caccaa8d5a0f604ac859a373d80aef5c,True,,
dataset/train/Black spot/2025_12_20_IMG (325).JPG,2025_12_20_IMG (325).JPG,Black spot,train,.jpg,560,420,RGB,JPEG,1,35248,db6ee31a8168ad5c3620118a64e176b5483ab488f98774bb15378f4378f680f0,True,,
dataset/train/Black spot/2025_12_20_IMG (326).JPG,2025_12_20_IMG (326).JPG,Black spot,train,.jpg,4032,3024,RGB,JPEG,1,424903,e6f2a7b8ac2e03b72525f156e8fc8104765058086440dfea31e9c50d0d4c7154,True,,
dataset/train/Black spot/2025_12_20_IMG (328).JPG,2025_12_20_IMG (328).JPG,Black spot,train,.jpg,560,420,RGB,JPEG,1,35566,1253db8a6add0e79576e644cbef90037edaa86702da54d167474ae2a2512942a,True,,
dataset/train/Black spot/2025_12_20_IMG (329).JPG,2025_12_20_IMG (329).JPG,Black spot,train,.jpg,560,420,RGB,JPEG,1,36296,905f04596dd4d8cf52d8fb3d4eb7b91c4af2ea34ea05ed3c9ba06216b1399bdf,True,,
dataset/train/Black spot/2025_12_20_IMG (33).JPG,2025_12_20_IMG (33).JPG,Black spot,train,.jpg,560,420,RGB,JPEG,1,37409,e11e7c2dd814516b8bc0aa787fb405be17b75d03afd643673e992194c28d641e,True,,
dataset/train/Black spot/2025_12_20_IMG (35).JPG,2025_12_20_IMG (35).JPG,Black spot,train,.jpg,560,420,RGB,JPEG,1,44537,bf0fe19fd706c8874b82d10824bc467f094186a7f9fbd24cf2b89154c11dd06d,True,,
dataset/train/Black spot/2025_12_20_IMG (36).JPG,2025_12_20_IMG (36).JPG,Black spot,train,.jpg,560,420,RGB,JPEG,1,34299,749871a067f7e739d530d2d2c4812d6950827d05a3357dab87e4f79c63436c1e,True,,
dataset/train/Black spot/2025_12_20_IMG (37).JPG,2025_12_20_IMG (37).JPG,Black spot,train,.jpg,560,420,RGB,JPEG,1,33705,572e25b5919a460c5d37d96ce0893e5e927e68c7a6f2f8179b941826cf343d4c,True,,
dataset/train/Black spot/2025_12_20_IMG (38).JPG,2025_12_20_IMG (38).JPG,Black spot,train,.jpg,560,420,RGB,JPEG,1,33221,6cd1daec0c63b6083762917f3a7103b5cf7e0affc7c480b5104ff8e3fde4ef46,True,,
dataset/train/Black spot/2025_12_20_IMG (39).JPG,2025_12_20_IMG (39).JPG,Black spot,train,.jpg,560,420,RGB,JPEG,1,33024,a8e688e0f54e82d71615ec0cdea75014f26fa2bccc235877a9fe3ecbf55923bd,True,,
dataset/train/Black spot/2025_12_20_IMG (4).JPG,2025_12_20_IMG (4).JPG,Black spot,train,.jpg,560,420,RGB,JPEG,1,34703,ef7ef5ba7ffb586040d33c1a2a2dc5089cfc1246ac4bbc36518b66140443a9cc,True,,
dataset/train/Black spot/2025_12_20_IMG (40).JPG,2025_12_20_IMG (40).JPG,Black spot,train,.jpg,560,420,RGB,JPEG,1,32160,e91a1aa956609538a4084015176c63319b182133b924a7ee9605ccb6f11ceaf8,True,,
dataset/train/Black spot/2025_12_20_IMG (42).JPG,2025_12_20_IMG (42).JPG,Black spot,train,.jpg,560,420,RGB,JPEG,1,38688,546f5f71f8e3f242ba2ccb909ea822d5240d3d63171f305b21d910205015f1d4,True,,
dataset/train/Black spot/2025_12_20_IMG (43).JPG,2025_12_20_IMG (43).JPG,Black spot,train,.jpg,4032,3024,RGB,JPEG,1,715634,8d6f87ab9133e8a5f45d21155a8e643316c7a9d0bad8ea992e9deef04a693e94,True,,
dataset/train/Black spot/2025_12_20_IMG (46).JPG,2025_12_20_IMG (46).JPG,Black spot,train,.jpg,560,420,RGB,JPEG,1,45793,c01c20dcbc0b99cf38c2f2eadef2513b2c59fc80742699ee08089c97de900a09,True,,
dataset/train/Black spot/2025_12_20_IMG (47).JPG,2025_12_20_IMG (47).JPG,Black spot,train,.jpg,560,420,RGB,JPEG,1,41533,33c1fd7a9e547f55ba503e57b09b71f7269c1d90a8617c02be5ecb20816860f2,True,,
dataset/train/Black spot/2025_12_20_IMG (48).JPG,2025_12_20_IMG (48).JPG,Black spot,train,.jpg,4032,3024,RGB,JPEG,1,871172,a0d7b13985f98688a88951363ec5d937e2824b3786dd8d134e9fc8b40bf8e661,True,,
dataset/train/Black spot/2025_12_20_IMG (5).JPG,2025_12_20_IMG (5).JPG,Black spot,train,.jpg,560,420,RGB,JPEG,1,43160,78ef88b2ecec9c17b34d7b0b2a044cfe7101836d8c8c8869c007ace02e571e92,True,,
dataset/train/Black spot/2025_12_20_IMG (50).JPG,2025_12_20_IMG (50).JPG,Black spot,train,.jpg,560,420,RGB,JPEG,1,41744,70e5771b1a9d179fb3e5e93dfd16366fc0fcf3365436348bb1eae9f80e0bd0cb,True,,
dataset/train/Black spot/2025_12_20_IMG (51).JPG,2025_12_20_IMG (51).JPG,Black spot,train,.jpg,560,420,RGB,JPEG,1,44297,438e638426b9645a2f2048dbd5c8731761a412e4c46cfb41c8f0d96d5618bbcb,True,,
dataset/train/Black spot/2025_12_20_IMG (52).JPG,2025_12_20_IMG (52).JPG,Black spot,train,.jpg,560,420,RGB,JPEG,1,37723,99c1cb6ca2f3ef808ba936ef758a150e82a07710b9d1f3aeca10751a126cf653,True,,
dataset/train/Black spot/2025_12_20_IMG (54).JPG,2025_12_20_IMG (54).JPG,Black spot,train,.jpg,560,420,RGB,JPEG,1,45292,998b3822376c8809c6ffdc3963d0ef10d636e3673d4d913c498915f630b70cca,True,,
dataset/train/Black spot/2025_12_20_IMG (56).JPG,2025_12_20_IMG (56).JPG,Black spot,train,.jpg,560,420,RGB,JPEG,1,48049,6d67706244107547da446ef15e67c4f6d8da885541f0e1870744ea44bdb46685,True,,
dataset/train/Black spot/2025_12_20_IMG (57).JPG,2025_12_20_IMG (57).JPG,Black spot,train,.jpg,560,420,RGB,JPEG,1,44711,7aa5c3c04c2b41027e57c8f671a063766568193def3c486dac905731f1a387f2,True,,
dataset/train/Black spot/2025_12_20_IMG (58).JPG,2025_12_20_IMG (58).JPG,Black spot,train,.jpg,560,420,RGB,JPEG,1,44058,6b2664917b46686e74e7b7d477088983ad7a990e38c20c18d995e43f0f96b001,True,,
dataset/train/Black spot/2025_12_20_IMG (59).JPG,2025_12_20_IMG (59).JPG,Black spot,train,.jpg,560,420,RGB,JPEG,1,37268,7feba1a20a8009e575a8e151fd7362277cd8bee0ad68b566449768667e786edd,True,,
dataset/train/Black spot/2025_12_20_IMG (6).JPG,2025_12_20_IMG (6).JPG,Black spot,train,.jpg,560,420,RGB,JPEG,1,44570,a6a73c46dac92c9cded72bcfcffbbe03baaf346711e7305787433e8442c3a747,True,,
dataset/train/Black spot/2025_12_20_IMG (63).JPG,2025_12_20_IMG (63).JPG,Black spot,train,.jpg,560,420,RGB,JPEG,1,42146,022be004e33d4d8b12d75f49bcc2ec75766d033fc27c00bb78db76c75a435e59,True,,
dataset/train/Black spot/2025_12_20_IMG (65).JPG,2025_12_20_IMG (65).JPG,Black spot,train,.jpg,560,420,RGB,JPEG,1,41049,ba41f2231a2d88123fe48f81f1482d82c6c5d58a592b9f7d9e81433a726b9d2e,True,,
dataset/train/Black spot/2025_12_20_IMG (66).JPG,2025_12_20_IMG (66).JPG,Black spot,train,.jpg,560,420,RGB,JPEG,1,41023,bf8feac51b618967f4b8f82edeaaf6a085c4cf037c8efe77e960b4045d58684a,True,,
dataset/train/Black spot/2025_12_20_IMG (67).JPG,2025_12_20_IMG (67).JPG,Black spot,train,.jpg,560,420,RGB,JPEG,1,41538,c766b115eb997b2e2b6940deed974013cf9ce10dc531e0163970f88fbdb822d5,True,,
dataset/train/Black spot/2025_12_20_IMG (68).JPG,2025_12_20_IMG (68).JPG,Black spot,train,.jpg,560,420,RGB,JPEG,1,40621,86dd0778974b89f73c7a5c5b062bb02ba9c9aed6114f361a0fc9a2396715ab46,True,,
dataset/train/Black spot/2025_12_20_IMG (69).JPG,2025_12_20_IMG (69).JPG,Black spot,train,.jpg,560,420,RGB,JPEG,1,40721,5d1eb72a2426d31874a90b6fe1bb9dd775aa87189c7cb30cce79abbe00938e79,True,,
dataset/train/Black spot/2025_12_20_IMG (70).JPG,2025_12_20_IMG (70).JPG,Black spot,train,.jpg,560,420,RGB,JPEG,1,41552,c71cd568d2c5b0c2f5039168585fde64ae2b36d270352f02a4fa5c6663349a38,True,,
dataset/train/Black spot/2025_12_20_IMG (71).JPG,2025_12_20_IMG (71).JPG,Black spot,train,.jpg,560,420,RGB,JPEG,1,45636,e7337d3dc44c617c572ee40849755bd3db33ae6d49080755daf76ec99d00ac45,True,,
dataset/train/Black spot/2025_12_20_IMG (72).JPG,2025_12_20_IMG (72).JPG,Black spot,train,.jpg,560,420,RGB,JPEG,1,46897,dcb964b71396aa99258665f8e32b35f737b9853f6bab3658eacd804e00c437d8,True,,
dataset/train/Black spot/2025_12_20_IMG (75).JPG,2025_12_20_IMG (75).JPG,Black spot,train,.jpg,560,420,RGB,JPEG,1,28276,d32e13303de34a7f09eb3a2d273786b16811aea343f08d643353f961852fd69e,True,,
dataset/train/Black spot/2025_12_20_IMG (76).JPG,2025_12_20_IMG (76).JPG,Black spot,train,.jpg,560,420,RGB,JPEG,1,37361,dc4ac1a0f03b1712b8d015cecc8a3ebc721cc82cc6fbd12e8706362db7ba8af5,True,,
dataset/train/Black spot/2025_12_20_IMG (77).JPG,2025_12_20_IMG (77).JPG,Black spot,train,.jpg,560,420,RGB,JPEG,1,37137,f02292bd34cd193c75b64b1360b6628817ce0eb0ceaf6fc3b3ae7ad3ede15c9e,True,,
dataset/train/Black spot/2025_12_20_IMG (78).JPG,2025_12_20_IMG (78).JPG,Black spot,train,.jpg,560,420,RGB,JPEG,1,42891,56e41b92e9dbab0edda4cc9bb3e94dae6708fe44da3d7dea5d0ea98c4a8b2546,True,,
dataset/train/Black spot/2025_12_20_IMG (79).JPG,2025_12_20_IMG (79).JPG,Black spot,train,.jpg,560,420,RGB,JPEG,1,37327,8337997f77727e66865fe2801b3c8d191e3088e193ff46c37ee2ab8104dc0847,True,,
dataset/train/Black spot/2025_12_20_IMG (80).JPG,2025_12_20_IMG (80).JPG,Black spot,train,.jpg,560,420,RGB,JPEG,1,37406,e35b9c1cf340c85d69ba62e326a26e805481767f9befcd78986843bcd3996e0d,True,,
dataset/train/Black spot/2025_12_20_IMG (81).JPG,2025_12_20_IMG (81).JPG,Black spot,train,.jpg,560,420,RGB,JPEG,1,35682,40b5f4e3faa23c73925862572a234e418bb5579911ddd6704b99b2a4aaacc50a,True,,
dataset/train/Black spot/2025_12_20_IMG (82).JPG,2025_12_20_IMG (82).JPG,Black spot,train,.jpg,560,420,RGB,JPEG,1,42092,9f43d3ec09e61a6b11099055617586ebe95a8bd347ef8cb5a2e9909dfeccd763,True,,
dataset/train/Black spot/2025_12_20_IMG (85).JPG,2025_12_20_IMG (85).JPG,Black spot,train,.jpg,560,420,RGB,JPEG,1,49008,430e4ff73bb3a406e48e482b5065cbf59629d52ff6ce31bec58e24d971a63d6f,True,,
dataset/train/Black spot/2025_12_20_IMG (87).JPG,2025_12_20_IMG (87).JPG,Black spot,train,.jpg,560,420,RGB,JPEG,1,41246,d970186102d3a0690d4c59291191af4eff446f47964c43a5d778fd1817a44d03,True,,
dataset/train/Black spot/2025_12_20_IMG (90).JPG,2025_12_20_IMG (90).JPG,Black spot,train,.jpg,560,420,RGB,JPEG,1,51079,0fe5f96ffa8cbb58b51d24771085b20488f9d50ba427048418be38915e95ce56,True,,
dataset/train/Black spot/2025_12_20_IMG (93).JPG,2025_12_20_IMG (93).JPG,Black spot,train,.jpg,560,420,RGB,JPEG,1,48854,ed9f9408351caf18513fcc0d3cc2b5523811a266ce189cba5a5c843ed4360d8f,True,,
dataset/train/Black spot/2025_12_20_IMG (94).JPG,2025_12_20_IMG (94).JPG,Black spot,train,.jpg,560,420,RGB,JPEG,1,48666,8866f52f8c743b8aec4793d0e52933a3f9b33f2e6d803c8d5f0288f5955ccb2c,True,,
dataset/train/Black spot/2025_12_20_IMG (96).JPG,2025_12_20_IMG (96).JPG,Black spot,train,.jpg,560,420,RGB,JPEG,1,53445,09b34057ef7420c45609d1534b015ab7bab246efa49fc59b77cfdbd2b21512f3,True,,
dataset/train/Black spot/2025_12_20_IMG (98).JPG,2025_12_20_IMG (98).JPG,Black spot,train,.jpg,560,420,RGB,JPEG,1,53369,6949072f6b83628fbcaa3fcb308ac8c32b6bac87b97fac88d2e71cd7788d2054,True,,
dataset/train/Black spot/2025_12_20_IMG (99).JPG,2025_12_20_IMG (99).JPG,Black spot,train,.jpg,560,420,RGB,JPEG,1,54084,f5ea463474ce42841f77c419085c40db3712b64815f19c58a442197f9cc2d032,True,,
dataset/train/Citrus canker/2025_12_21_IMG (202).JPG,2025_12_21_IMG (202).JPG,Citrus canker,train,.jpg,560,420,RGB,JPEG,1,41999,18ca4b672079d964a2c85bbf919b2f0bcb691f1ea0a410b2672341ef21b7bef4,True,,
dataset/train/Citrus canker/2025_12_21_IMG (203).JPG,2025_12_21_IMG (203).JPG,Citrus canker,train,.jpg,560,420,RGB,JPEG,1,42025,54a7d52a89535d30abc9d58bef7dfc02865307ecbdb41ad1db092a789cc58e2c,True,,
dataset/train/Citrus canker/2025_12_21_IMG (204).JPG,2025_12_21_IMG (204).JPG,Citrus canker,train,.jpg,560,420,RGB,JPEG,1,45500,85316dbd4b2f23fc73d535e9d52a2d93f8ae84ceb9b7e8f758f92be11084e427,True,,
dataset/train/Citrus canker/2025_12_21_IMG (206).JPG,2025_12_21_IMG (206).JPG,Citrus canker,train,.jpg,560,420,RGB,JPEG,1,40602,56245a538a8433591ebf9a85d9c93e42dc8ba216a7eefdeaaf83b758120bd067,True,,
dataset/train/Citrus canker/2025_12_21_IMG (207).JPG,2025_12_21_IMG (207).JPG,Citrus canker,train,.jpg,560,420,RGB,JPEG,1,41170,d7cebe4f648835f9e1294fc562b3c8b3789cd0d3228d090877827f222a170c91,True,,
dataset/train/Citrus canker/2025_12_21_IMG (208).JPG,2025_12_21_IMG (208).JPG,Citrus canker,train,.jpg,560,420,RGB,JPEG,1,40435,358fad59f381819cca1076bdaf55e482aa7a34ce2ab3db5f65e00e235babd90a,True,,
dataset/train/Citrus canker/2025_12_21_IMG (209).JPG,2025_12_21_IMG (209).JPG,Citrus canker,train,.jpg,560,420,RGB,JPEG,1,54161,b3768d0125f8cbb9b54fef00e8e85aa7a9b1df7ee5b5729d32601e2fb38da2e9,True,,
dataset/train/Citrus canker/2025_12_21_IMG (210).JPG,2025_12_21_IMG (210).JPG,Citrus canker,train,.jpg,560,420,RGB,JPEG,1,52731,c56d1fd4ac77ec14b3c1829929dea13651a9b56920bf6856cf2dfcc1647e158c,True,,
dataset/train/Citrus canker/2025_12_21_IMG (211).JPG,2025_12_21_IMG (211).JPG,Citrus canker,train,.jpg,560,420,RGB,JPEG,1,42887,96d6298d45354fd44372b39b958417bf85a9dc70d1e664aaa4189afbcc491d86,True,,
dataset/train/Citrus canker/2025_12_21_IMG (212).JPG,2025_12_21_IMG (212).JPG,Citrus canker,train,.jpg,560,420,RGB,JPEG,1,42635,7ab4163a1f411983821e83c6c593400f476626b8ac5644cb390e9bc9d106d1c6,True,,
dataset/train/Citrus canker/2025_12_21_IMG (213).JPG,2025_12_21_IMG (213).JPG,Citrus canker,train,.jpg,560,420,RGB,JPEG,1,53028,e9402a1f7493d4f9d1f1ebcdc7d7577a9a37fd07c76023e282885232fde30552,True,,
dataset/train/Citrus canker/2025_12_21_IMG (216).JPG,2025_12_21_IMG (216).JPG,Citrus canker,train,.jpg,560,420,RGB,JPEG,1,42653,44d9852949890a88d1e910ba48f3936a740b640cef25668590c8532d7c4268ee,True,,
dataset/train/Citrus canker/2025_12_21_IMG (219).JPG,2025_12_21_IMG (219).JPG,Citrus canker,train,.jpg,560,420,RGB,JPEG,1,52710,f2aff3dfe7354218719794face4933cc2fdadeb47cb3059f9a601ae68f19f81f,True,,
dataset/train/Citrus canker/2025_12_21_IMG (220).JPG,2025_12_21_IMG (220).JPG,Citrus canker,train,.jpg,560,420,RGB,JPEG,1,49402,b94ed296c496dca52b8eceefce0336a302d8c7f94b3097dbf894338117fa688f,True,,
dataset/train/Citrus canker/2025_12_21_IMG (221).JPG,2025_12_21_IMG (221).JPG,Citrus canker,train,.jpg,560,420,RGB,JPEG,1,43083,3aa288a4d9a28b110f730bcb165a339c70d32f30d4f8c640d8a8a6b320d9a527,True,,
dataset/train/Citrus canker/2025_12_21_IMG (222).JPG,2025_12_21_IMG (222).JPG,Citrus canker,train,.jpg,560,420,RGB,JPEG,1,44155,08650d6bb63e89247268c49f0f37e0d92f0a29709b2cf78f0976e90db3230852,True,,
dataset/train/Citrus canker/2025_12_21_IMG (223).JPG,2025_12_21_IMG (223).JPG,Citrus canker,train,.jpg,560,420,RGB,JPEG,1,41142,240f4603793437408a67f7cd16e8763a8abc80889754923ba42194fe2b41735d,True,,
dataset/train/Citrus canker/2025_12_21_IMG (227).JPG,2025_12_21_IMG (227).JPG,Citrus canker,train,.jpg,560,420,RGB,JPEG,1,42434,1a14c19982b3bb58e5dc04dd9209a1576b4a17931aeada9aa1a5719897f6009f,True,,
dataset/train/Citrus canker/2025_12_21_IMG (228).JPG,2025_12_21_IMG (228).JPG,Citrus canker,train,.jpg,560,420,RGB,JPEG,1,41453,0bff104648ba194ca2d1bf852bd3ef34b349e23d704dd182701643fea52589b3,True,,
dataset/train/Citrus canker/2025_12_21_IMG (229).JPG,2025_12_21_IMG (229).JPG,Citrus canker,train,.jpg,560,420,RGB,JPEG,1,55890,7f10cb353336608fe50f35e7c9f505d6837d8205306f69e0ebb19712f5a0b737,True,,
dataset/train/Citrus canker/2025_12_21_IMG (231).JPG,2025_12_21_IMG (231).JPG,Citrus canker,train,.jpg,560,420,RGB,JPEG,1,58723,2ff5c855bede4b14f32ae0bd626a6ba9f94029c6bf73a4a065a57e693d7306e4,True,,
dataset/train/Citrus canker/2025_12_21_IMG (232).JPG,2025_12_21_IMG (232).JPG,Citrus canker,train,.jpg,560,420,RGB,JPEG,1,50894,e0632dca1395d59fa4eea24af561452ebc9e26fac230939231cdd04fed10b416,True,,
dataset/train/Citrus canker/2025_12_21_IMG (233).JPG,2025_12_21_IMG (233).JPG,Citrus canker,train,.jpg,560,420,RGB,JPEG,1,55854,d71e8501a17ab187bdf8d7fcde7dec1744032309bf7e5111181eedfec02d965e,True,,
dataset/train/Citrus canker/2025_12_21_IMG (234).JPG,2025_12_21_IMG (234).JPG,Citrus canker,train,.jpg,560,420,RGB,JPEG,1,37743,a4e08ff72f763597b1ad6641cc2c07323773058bf2bfb3af14d33a3025ce8c51,True,,
dataset/train/Citrus canker/2025_12_21_IMG (236).JPG,2025_12_21_IMG (236).JPG,Citrus canker,train,.jpg,560,420,RGB,JPEG,1,54100,532f1bbb4e1f6769d89b520a0fc010aec5b52df96fff18b3d568916650c8e608,True,,
dataset/train/Citrus canker/2025_12_21_IMG (239).JPG,2025_12_21_IMG (239).JPG,Citrus canker,train,.jpg,560,420,RGB,JPEG,1,41918,de5bb590a95ca2945d979d1617bcfe5812ff7e56d44f4075a9414f3b42773668,True,,
dataset/train/Citrus canker/2025_12_21_IMG (240).JPG,2025_12_21_IMG (240).JPG,Citrus canker,train,.jpg,560,420,RGB,JPEG,1,44780,55efd2d853b2628316d59e1516b2372a948f9a5a56f086e9f9f5ca7f4cfdef7f,True,,
dataset/train/Citrus canker/2025_12_21_IMG (241).JPG,2025_12_21_IMG (241).JPG,Citrus canker,train,.jpg,560,420,RGB,JPEG,1,50696,f7b96a119b90a713d1e2da5e8c72734a90a077be6d0d553b6e337e8cc226559b,True,,
dataset/train/Citrus canker/2025_12_21_IMG (243).JPG,2025_12_21_IMG (243).JPG,Citrus canker,train,.jpg,560,420,RGB,JPEG,1,54336,9311b663f0872cf1bfe1dd65ceec502faca5e32edf58237a95bd8c8fa09347d7,True,,
dataset/train/Citrus canker/2025_12_21_IMG (244).JPG,2025_12_21_IMG (244).JPG,Citrus canker,train,.jpg,560,420,RGB,JPEG,1,47759,c0fb7b611b4b791d14195df493a1d6629d4e07a485a745f3e7f99ca10781b025,True,,
dataset/train/Citrus canker/2025_12_21_IMG (245).JPG,2025_12_21_IMG (245).JPG,Citrus canker,train,.jpg,560,420,RGB,JPEG,1,51671,a9c4d9a060e370fc6dfccf28ebdec90a05f1fee3fc1d2d3095e3e344c469c20f,True,,
dataset/train/Citrus canker/2025_12_21_IMG (247).JPG,2025_12_21_IMG (247).JPG,Citrus canker,train,.jpg,560,420,RGB,JPEG,1,40377,790cbbf79bff93c57c5478242c750ef2cc6f75dc463de79fc60280d9494d96be,True,,
dataset/train/Citrus canker/2025_12_21_IMG (250).JPG,2025_12_21_IMG (250).JPG,Citrus canker,train,.jpg,560,420,RGB,JPEG,1,48371,457849ff2b66dde9838cf7ef7e7670d6c10a3ef019dd287e7bb1e2a646e62b7d,True,,
dataset/train/Citrus canker/2025_12_21_IMG (252).JPG,2025_12_21_IMG (252).JPG,Citrus canker,train,.jpg,560,420,RGB,JPEG,1,42387,4d6a3766a6b2545cf5f4f6fd87175e19c4758f21a84560d26896cb1388ba47a3,True,,
dataset/train/Citrus canker/2025_12_21_IMG (255).JPG,2025_12_21_IMG (255).JPG,Citrus canker,train,.jpg,560,420,RGB,JPEG,1,50918,def055dbf819489a6f6cbc1b49ca8530c473793812e9470f541478a0171f9e03,True,,
dataset/train/Citrus canker/2025_12_21_IMG (256).JPG,2025_12_21_IMG (256).JPG,Citrus canker,train,.jpg,560,420,RGB,JPEG,1,43125,b817050a9ba733725cada74a161a56accd84ba456f1fecdcb7a3304fd087a4d2,True,,
dataset/train/Citrus canker/2025_12_21_IMG (257).JPG,2025_12_21_IMG (257).JPG,Citrus canker,train,.jpg,560,420,RGB,JPEG,1,41936,dc60d039ce46ec79a4db6a3279fc7867141a3bfc0e21164711e8c82ba561bc73,True,,
dataset/train/Citrus canker/2025_12_21_IMG (258).JPG,2025_12_21_IMG (258).JPG,Citrus canker,train,.jpg,560,420,RGB,JPEG,1,49862,76e72e3fab260daf71ada8018fa41e43b0174faf94be17549c7a9d4df3d9ba17,True,,
dataset/train/Citrus canker/2025_12_21_IMG (260).JPG,2025_12_21_IMG (260).JPG,Citrus canker,train,.jpg,560,420,RGB,JPEG,1,48949,114448862f2ab2566d5a38500d712102d13ce1f848d6324a2260c528203740a5,True,,
dataset/train/Citrus canker/2025_12_21_IMG (261).JPG,2025_12_21_IMG (261).JPG,Citrus canker,train,.jpg,560,420,RGB,JPEG,1,42698,6a10a0b52898173f7b51012f05bf9753257eea9604fd38b4cebccbd28035e5e9,True,,
dataset/train/Citrus canker/2025_12_21_IMG (262).JPG,2025_12_21_IMG (262).JPG,Citrus canker,train,.jpg,560,420,RGB,JPEG,1,49076,8c1c2389dc58477f6fb26c1aed80b3e0589acce45b1ff3ec84e688090c9d5157,True,,
dataset/train/Citrus canker/2025_12_21_IMG (263).JPG,2025_12_21_IMG (263).JPG,Citrus canker,train,.jpg,560,420,RGB,JPEG,1,53744,37c8585eab9f9f269d3658ad962fd58813c26a4a7d436e57b987d14782d41c61,True,,
dataset/train/Citrus canker/2025_12_21_IMG (264).JPG,2025_12_21_IMG (264).JPG,Citrus canker,train,.jpg,560,420,RGB,JPEG,1,47790,26de5c9b819c408e2ccf90f3eaac7feb75852d9a0b86da0c6c4fca274460e12d,True,,
dataset/train/Citrus canker/2025_12_21_IMG (266).JPG,2025_12_21_IMG (266).JPG,Citrus canker,train,.jpg,560,420,RGB,JPEG,1,44083,d349bbac83dc9932645bb18ceec0681935a7cf65a0de1d4ecb96f89cccc3c370,True,,
dataset/train/Citrus canker/2025_12_21_IMG (267).JPG,2025_12_21_IMG (267).JPG,Citrus canker,train,.jpg,560,420,RGB,JPEG,1,39498,cef01114d389b544a1d9cfb531e44b28b63cc26766aee05f90db3351faf395e0,True,,
dataset/train/Citrus canker/2025_12_21_IMG (268).JPG,2025_12_21_IMG (268).JPG,Citrus canker,train,.jpg,560,420,RGB,JPEG,1,43098,d04c23de16645edeb631b8161107356c8d894eb594be72ca79b7451ea090a8c6,True,,
dataset/train/Citrus canker/2025_12_21_IMG (269).JPG,2025_12_21_IMG (269).JPG,Citrus canker,train,.jpg,560,420,RGB,JPEG,1,40246,45ab835a6ee259fa204fe6926c7b5b71a148f0d6f4dadc611d3d33e00bca5f1c,True,,
dataset/train/Citrus canker/2025_12_21_IMG (270).JPG,2025_12_21_IMG (270).JPG,Citrus canker,train,.jpg,560,420,RGB,JPEG,1,36298,71aa7395b79a8b8402dcbe774bcbd2d19fb2829b5d9db42ff49e06b5642ac6fe,True,,
dataset/train/Citrus canker/2025_12_21_IMG (271).JPG,2025_12_21_IMG (271).JPG,Citrus canker,train,.jpg,560,420,RGB,JPEG,1,35379,6921ee9aace32dde575ef140533b39ed5b91e0d8a57a05d177858283c700c917,True,,
dataset/train/Citrus canker/2025_12_21_IMG (274).JPG,2025_12_21_IMG (274).JPG,Citrus canker,train,.jpg,560,420,RGB,JPEG,1,40085,f56e8164e205ed24e38e47861871803eeda2a0d36a1d67b581520dcf56b12dba,True,,
dataset/train/Citrus canker/2025_12_21_IMG (276).JPG,2025_12_21_IMG (276).JPG,Citrus canker,train,.jpg,560,420,RGB,JPEG,1,42024,93dd5e2966e2421fcd189f70b1e1b9cdee9e05d59c541056ef02f2aa871592ae,True,,
dataset/train/Citrus canker/2025_12_21_IMG (277).JPG,2025_12_21_IMG (277).JPG,Citrus canker,train,.jpg,560,420,RGB,JPEG,1,35343,5b67dff74698afbc53f648dc4e6b0a054d618bb21dfdb0bca31eaeda5b5729ce,True,,
dataset/train/Citrus canker/2025_12_21_IMG (278).JPG,2025_12_21_IMG (278).JPG,Citrus canker,train,.jpg,560,420,RGB,JPEG,1,35089,4bdb813f697ac1c44660f54da1c89dce1d87fdd4721fb21d24afaa33159e9269,True,,
dataset/train/Citrus canker/2025_12_21_IMG (279).JPG,2025_12_21_IMG (279).JPG,Citrus canker,train,.jpg,560,420,RGB,JPEG,1,42112,c3fae6009322a9178114d96f30a0df8af426cd97adcbfc80e3f159052c850c32,True,,
dataset/train/Citrus canker/2025_12_21_IMG (280).JPG,2025_12_21_IMG (280).JPG,Citrus canker,train,.jpg,560,420,RGB,JPEG,1,40618,a9cb318d944e4eb1a80ffde59c997a4fd30a6a86281254ff6f7679a33f70a073,True,,
dataset/train/Citrus canker/2025_12_21_IMG (282).JPG,2025_12_21_IMG (282).JPG,Citrus canker,train,.jpg,560,420,RGB,JPEG,1,46379,899fb35836f17a54e0546b4d872c32f33f984636484da6c7789b839c5c4c290a,True,,
dataset/train/Citrus canker/2025_12_21_IMG (284).JPG,2025_12_21_IMG (284).JPG,Citrus canker,train,.jpg,560,420,RGB,JPEG,1,40637,b180a76a8059c5494107253565e09f4035af841db65ec23c574d65a2e5f95e95,True,,
dataset/train/Citrus canker/2025_12_21_IMG (286).JPG,2025_12_21_IMG (286).JPG,Citrus canker,train,.jpg,560,420,RGB,JPEG,1,36088,a7adb86b1710fd9786fa4453e3e4dfcc8ee21181f499a5e6e1b3bbf22d320172,True,,
dataset/train/Citrus canker/2025_12_21_IMG (287).JPG,2025_12_21_IMG (287).JPG,Citrus canker,train,.jpg,560,420,RGB,JPEG,1,44501,7d1aa30f4b4dd8793a10dc6db81b5aee44c27f8ac57ccb8812aa5d8756359faa,True,,
dataset/train/Citrus canker/2025_12_21_IMG (288).JPG,2025_12_21_IMG (288).JPG,Citrus canker,train,.jpg,560,420,RGB,JPEG,1,46215,d5b35b0ed900b325f5ffa383b73cf5dc83f4782067fcd565ca5acb203554b4cc,True,,
dataset/train/Citrus canker/2025_12_21_IMG (290).JPG,2025_12_21_IMG (290).JPG,Citrus canker,train,.jpg,560,420,RGB,JPEG,1,41661,c134a4edb5a5203fb1c7ad0e1de759cfc82ead1878ae08c24429c8cccf26c43a,True,,
dataset/train/Citrus canker/2025_12_21_IMG (291).JPG,2025_12_21_IMG (291).JPG,Citrus canker,train,.jpg,560,420,RGB,JPEG,1,46589,ecd209949837196097b8ebe136b7d1553185fbce95bea1df737bf8a2e68a6613,True,,
dataset/train/Citrus canker/2025_12_21_IMG (292).JPG,2025_12_21_IMG (292).JPG,Citrus canker,train,.jpg,560,420,RGB,JPEG,1,46633,e893d4fbceb12ab3c545fd33c00aef0f3eb9062c652383d2be038761e03ccf79,True,,
dataset/train/Citrus canker/2025_12_21_IMG (293).JPG,2025_12_21_IMG (293).JPG,Citrus canker,train,.jpg,560,420,RGB,JPEG,1,59569,edb98406fd7512c669294749d4890f53a3e511821a65fe9e344dab53a13c3d1b,True,,
dataset/train/Citrus canker/2025_12_21_IMG (294).JPG,2025_12_21_IMG (294).JPG,Citrus canker,train,.jpg,560,420,RGB,JPEG,1,56788,b61693e6ba873023c814fffba10ecda6f8e546925a56398a30820992a8fef821,True,,
dataset/train/Citrus canker/2025_12_21_IMG (295).JPG,2025_12_21_IMG (295).JPG,Citrus canker,train,.jpg,560,420,RGB,JPEG,1,51238,ae516f3578cdef67a383c3e51c08870b3e65c361214a29358e7b3fd7c2a1d42e,True,,
dataset/train/Citrus canker/2025_12_21_IMG (296).JPG,2025_12_21_IMG (296).JPG,Citrus canker,train,.jpg,560,420,RGB,JPEG,1,50360,caa05d741c9d0ce72f0577eba0698d810f2fdcc73e752bbb8f49f51962436f3e,True,,
dataset/train/Citrus canker/2025_12_21_IMG (297).JPG,2025_12_21_IMG (297).JPG,Citrus canker,train,.jpg,560,420,RGB,JPEG,1,54535,33f7723469575925a5550f02a9fda7a0c64faad68362d8a464a6a98cd598ace4,True,,
dataset/train/Citrus canker/2025_12_21_IMG (298).JPG,2025_12_21_IMG (298).JPG,Citrus canker,train,.jpg,560,420,RGB,JPEG,1,59690,1106bbda9c9f02aced85e307c5e9ee8daa4ff5ff38a9e1ed4cd410a0a75ebc31,True,,
dataset/train/Citrus canker/2025_12_21_IMG (299).JPG,2025_12_21_IMG (299).JPG,Citrus canker,train,.jpg,560,420,RGB,JPEG,1,60406,5b89fee729ae42b5ea54dbee042e22c791852beab0932d91b3f87e09afd96407,True,,
dataset/train/Citrus canker/2025_12_21_IMG (301).JPG,2025_12_21_IMG (301).JPG,Citrus canker,train,.jpg,560,420,RGB,JPEG,1,53586,2b40ffd6e059b61e50bb6bcbfa294849191d992f5f3ad52681febaf9a08ad394,True,,
dataset/train/Citrus canker/2025_12_21_IMG (302).JPG,2025_12_21_IMG (302).JPG,Citrus canker,train,.jpg,560,420,RGB,JPEG,1,46255,4277f05d71e6e82e2648657243d24937ce92abbf91f46d813884b150e94655e0,True,,
dataset/train/Citrus canker/2025_12_21_IMG (304).JPG,2025_12_21_IMG (304).JPG,Citrus canker,train,.jpg,560,420,RGB,JPEG,1,60013,8f2985784d6789b084cd4d7583bedd8e22f6b000d16371b216342f1e535bd450,True,,
dataset/train/Citrus canker/2025_12_21_IMG (305).JPG,2025_12_21_IMG (305).JPG,Citrus canker,train,.jpg,560,420,RGB,JPEG,1,53170,1be0c93e2d4dd60de1cba23eb4cd373b6c2a35008c0de797a42e8f31ad4ca5d1,True,,
dataset/train/Citrus canker/2025_12_21_IMG (306).JPG,2025_12_21_IMG (306).JPG,Citrus canker,train,.jpg,560,420,RGB,JPEG,1,51683,50e7b61db465bc71617f79d5c7b3c8ecb430471c7b5ae987009df10aeea5fe32,True,,
dataset/train/Citrus canker/2025_12_21_IMG (307).JPG,2025_12_21_IMG (307).JPG,Citrus canker,train,.jpg,560,420,RGB,JPEG,1,56036,f0556674634cb306a98d282a743ff1eb774025e59240fdda1d75fcc79013cbca,True,,
dataset/train/Citrus canker/2025_12_21_IMG (308).JPG,2025_12_21_IMG (308).JPG,Citrus canker,train,.jpg,560,420,RGB,JPEG,1,44985,75bbda5800a2655eb86035eb7fc4486e4452e98bab4e65f7c9a035a3fcd5b70d,True,,
dataset/train/Citrus canker/2025_12_21_IMG (311).JPG,2025_12_21_IMG (311).JPG,Citrus canker,train,.jpg,560,420,RGB,JPEG,1,50103,5464b47420260ecf462496e88b80cd15ce53eae9ebf6a44d01f74dcb37b03c24,True,,
dataset/train/Citrus canker/2025_12_21_IMG (315).JPG,2025_12_21_IMG (315).JPG,Citrus canker,train,.jpg,560,420,RGB,JPEG,1,48588,4982f411ae83891ee6a96e17ea54d3980414b0bfd9f4454431e5504da09ed127,True,,
dataset/train/Citrus canker/2025_12_21_IMG (317).JPG,2025_12_21_IMG (317).JPG,Citrus canker,train,.jpg,560,420,RGB,JPEG,1,46159,25f2ac8740cda6cf9cca983a194a43ea0aa0b96ba3ac4668cfc205fefdbcaa7f,True,,
dataset/train/Citrus canker/2025_12_21_IMG (320).JPG,2025_12_21_IMG (320).JPG,Citrus canker,train,.jpg,560,420,RGB,JPEG,1,45596,a7cbd5e0ce81018c357ca80175b0d85f8278467331750f4f188466c176bc153b,True,,
dataset/train/Citrus canker/2025_12_21_IMG (322).JPG,2025_12_21_IMG (322).JPG,Citrus canker,train,.jpg,560,420,RGB,JPEG,1,43939,30ea2fb0a9ce258af312098974804de33985b74c72e7a986d0dc867241282874,True,,
dataset/train/Citrus canker/2025_12_21_IMG (323).JPG,2025_12_21_IMG (323).JPG,Citrus canker,train,.jpg,560,420,RGB,JPEG,1,46428,8e7f2b14c8650f8d503b2d1b460646a787d819a269fc39d995ccc60a8f9d40f1,True,,
dataset/train/Citrus canker/2025_12_21_IMG (324).JPG,2025_12_21_IMG (324).JPG,Citrus canker,train,.jpg,560,420,RGB,JPEG,1,47513,4598332e357d64eb2d70a5ee13bd7b2e84e49dc439fbc2e9b7599e1c4d83e8d5,True,,
dataset/train/Citrus canker/2025_12_21_IMG (325).JPG,2025_12_21_IMG (325).JPG,Citrus canker,train,.jpg,560,420,RGB,JPEG,1,41493,e36529f0024730f036358e95750e21dc45ef55f0790e53f3c7a4820a0f37e947,True,,
dataset/train/Citrus canker/2025_12_21_IMG (326).JPG,2025_12_21_IMG (326).JPG,Citrus canker,train,.jpg,560,420,RGB,JPEG,1,39424,4e650427f51077799bd8e8dba306ca00e5adf5e1e73f52ffd130f12c4ea3e825,True,,
dataset/train/Citrus canker/2025_12_21_IMG (329).JPG,2025_12_21_IMG (329).JPG,Citrus canker,train,.jpg,560,420,RGB,JPEG,1,49573,0798c76fabf42e65e805704eb10a9e1f9a2eefde21951fcc8f8346160ae707cd,True,,
dataset/train/Citrus canker/2025_12_21_IMG (330).JPG,2025_12_21_IMG (330).JPG,Citrus canker,train,.jpg,560,420,RGB,JPEG,1,59508,bc1da55af8288a8dcaa4ebf2dd5fc28851e3c8126b705725fee00ebdb426844c,True,,
dataset/train/Citrus canker/2025_12_21_IMG (331).JPG,2025_12_21_IMG (331).JPG,Citrus canker,train,.jpg,560,420,RGB,JPEG,1,55072,b6becc9cbff81e92a8dacd41c13020a62f985de538552fa9bab39c760e216d9f,True,,
dataset/train/Citrus canker/2025_12_21_IMG (332).JPG,2025_12_21_IMG (332).JPG,Citrus canker,train,.jpg,560,420,RGB,JPEG,1,50721,e62014100f5feb68df7da2225963d88ff9203d2ca519bc279718b5961edfd855,True,,
dataset/train/Citrus canker/2025_12_21_IMG (333).JPG,2025_12_21_IMG (333).JPG,Citrus canker,train,.jpg,560,420,RGB,JPEG,1,48407,ad01ea5f556a6ebb5daf5aec2373f129a7f1da25db9043ebc7f4e605decc29fa,True,,
dataset/train/Citrus canker/2025_12_21_IMG (334).JPG,2025_12_21_IMG (334).JPG,Citrus canker,train,.jpg,560,420,RGB,JPEG,1,59283,ba890c4fc0e269423005b0ff7c1b0a6b036eea4b9fce857c49743e2f64b3e74e,True,,
dataset/train/Citrus canker/2025_12_21_IMG (335).JPG,2025_12_21_IMG (335).JPG,Citrus canker,train,.jpg,560,420,RGB,JPEG,1,56391,1f0ec38ae1cfc820737990aca2e051eba3c5f4076c66ad72c6c7e1362e503d91,True,,
dataset/train/Citrus canker/2025_12_21_IMG (341).JPG,2025_12_21_IMG (341).JPG,Citrus canker,train,.jpg,560,420,RGB,JPEG,1,36488,a23e6608a84edbc4ec3e1c8ada9ed8cb7a35cf7e6e16dfcb874adca45554b6e5,True,,
dataset/train/Citrus canker/2025_12_21_IMG (343).JPG,2025_12_21_IMG (343).JPG,Citrus canker,train,.jpg,560,420,RGB,JPEG,1,36812,10e5f478f697d5a171536e6563228a3c27b97eeeb760fb4784f28845bd89f6fb,True,,
dataset/train/Citrus canker/2025_12_21_IMG (345).JPG,2025_12_21_IMG (345).JPG,Citrus canker,train,.jpg,560,420,RGB,JPEG,1,40528,4627223d71b1be441a1c38059f0430f4942b71641ef738a64ab15e93c92b7f87,True,,
dataset/train/Citrus canker/2025_12_21_IMG (346).JPG,2025_12_21_IMG (346).JPG,Citrus canker,train,.jpg,560,420,RGB,JPEG,1,40470,919e996938e939393a494af53ce64220c7a016e48a92f4d8a52f72c3b958c63c,True,,
dataset/train/Citrus canker/2025_12_21_IMG (347).JPG,2025_12_21_IMG (347).JPG,Citrus canker,train,.jpg,560,420,RGB,JPEG,1,39956,c59b2d82d2dd5affc521e439749aaffe156ca30575f629719575d10613a0c845,True,,
dataset/train/Citrus canker/2025_12_21_IMG (348).JPG,2025_12_21_IMG (348).JPG,Citrus canker,train,.jpg,560,420,RGB,JPEG,1,44082,70d0642c29c8733fb1f5e686b4b142a5d21fa39efc8afaec837af8efbc203ba9,True,,
dataset/train/Citrus canker/2025_12_21_IMG (349).JPG,2025_12_21_IMG (349).JPG,Citrus canker,train,.jpg,560,420,RGB,JPEG,1,43255,c306bc8df67a18d6413ee4800570370483a3cef38b8ceb4bc68a12e7628caa9f,True,,
dataset/train/Citrus canker/2025_12_21_IMG (351).JPG,2025_12_21_IMG (351).JPG,Citrus canker,train,.jpg,560,420,RGB,JPEG,1,42346,ac8dc3b1f9b86150091561e8672ae399b08ac181a454156379fa3b5596b62130,True,,
dataset/train/Citrus canker/2025_12_21_IMG (353).JPG,2025_12_21_IMG (353).JPG,Citrus canker,train,.jpg,560,420,RGB,JPEG,1,42198,a1ce139d2173f6aa7796f8a62c0e5015ae1d82be35b177c83e94b51490e26c26,True,,
dataset/train/Citrus canker/2025_12_21_IMG (354).JPG,2025_12_21_IMG (354).JPG,Citrus canker,train,.jpg,560,420,RGB,JPEG,1,42280,9377ced24e29fa660fa2519a60f4d4b7e81cb73a79d1088c40b2e082a40d4de2,True,,
dataset/train/Citrus canker/2025_12_21_IMG (355).JPG,2025_12_21_IMG (355).JPG,Citrus canker,train,.jpg,560,420,RGB,JPEG,1,43126,690413695015adebdbeb6cabedb8dd7cd03626771eae99230db452d05d9b7933,True,,
dataset/train/Citrus canker/2025_12_21_IMG (356).JPG,2025_12_21_IMG (356).JPG,Citrus canker,train,.jpg,560,420,RGB,JPEG,1,37608,471f9d28f4e123f42fb381b67f1bab628d7f51f6ac0e8868f0d2016b33435488,True,,
dataset/train/Citrus canker/2025_12_21_IMG (357).JPG,2025_12_21_IMG (357).JPG,Citrus canker,train,.jpg,560,420,RGB,JPEG,1,42323,8dd7439a1da08aa32491c51c8a46583531982d3bf28f07d454d30ac5211f9259,True,,
dataset/train/Citrus canker/2025_12_21_IMG (358).JPG,2025_12_21_IMG (358).JPG,Citrus canker,train,.jpg,560,420,RGB,JPEG,1,36965,99601adafe14f8ce7552706cbc6c93b49a1a1afd259e969b5665210dfe3acca5,True,,
dataset/train/Citrus canker/2025_12_21_IMG (359).JPG,2025_12_21_IMG (359).JPG,Citrus canker,train,.jpg,560,420,RGB,JPEG,1,46187,3be49b70a1a6d9dc1e2e3cb7de7b1f0138a430ca9e669c9c49edfcbf1ff70917,True,,
dataset/train/Citrus canker/2025_12_21_IMG (360).JPG,2025_12_21_IMG (360).JPG,Citrus canker,train,.jpg,560,420,RGB,JPEG,1,45366,b8d580170c1d8472a6785ac2225c87f8872ee19ddeb22b0c5417d908404f8d89,True,,
dataset/train/Citrus canker/2025_12_21_IMG (361).JPG,2025_12_21_IMG (361).JPG,Citrus canker,train,.jpg,560,420,RGB,JPEG,1,39230,c9c2e4010a1dbc82535d42b02f2997a3b69aa20eaf662895d903b099ae367b25,True,,
dataset/train/Citrus canker/2025_12_21_IMG (362).JPG,2025_12_21_IMG (362).JPG,Citrus canker,train,.jpg,560,420,RGB,JPEG,1,42657,4a6930754f4315a715a8c0d9e0b5e97bd69e24d7ce5228dc2a3af4e54efec572,True,,
dataset/train/Citrus canker/2025_12_21_IMG (364).JPG,2025_12_21_IMG (364).JPG,Citrus canker,train,.jpg,560,420,RGB,JPEG,1,40759,16a1dc19c053409ba74760e994c3d3845743c6a6d5aff87641040bdfd2a1819c,True,,
dataset/train/Citrus canker/2025_12_21_IMG (365).JPG,2025_12_21_IMG (365).JPG,Citrus canker,train,.jpg,560,420,RGB,JPEG,1,42400,d2b9d5ac2a965473882b7cc770f85feb7802abc8f907b76a4051e3a8a046ed80,True,,
dataset/train/Citrus canker/2025_12_21_IMG (366).JPG,2025_12_21_IMG (366).JPG,Citrus canker,train,.jpg,560,420,RGB,JPEG,1,40350,0f738c7f2d58aa59df60dbd13364fc8cb99ad2ded3d06d6b263a0f1385ec92a9,True,,
dataset/train/Citrus canker/2025_12_21_IMG (367).JPG,2025_12_21_IMG (367).JPG,Citrus canker,train,.jpg,560,420,RGB,JPEG,1,39772,f83b8a47cae4fda7267eb7c1b08dcf756ccbba7c0e3e0c9fa8ae5ae998f10221,True,,
dataset/train/Citrus canker/2025_12_21_IMG (369).JPG,2025_12_21_IMG (369).JPG,Citrus canker,train,.jpg,560,420,RGB,JPEG,1,37133,6b0ce3cdbad2fd942d311738690214f72532800bb3c64a9a248f57df90f43a30,True,,
dataset/train/Citrus canker/2025_12_21_IMG (370).JPG,2025_12_21_IMG (370).JPG,Citrus canker,train,.jpg,560,420,RGB,JPEG,1,34322,eb3e096d4781be219d78977033e6fffdcdb3e82bba40afab90b04dd2d34790dd,True,,
dataset/train/Citrus canker/2025_12_21_IMG (371).JPG,2025_12_21_IMG (371).JPG,Citrus canker,train,.jpg,560,420,RGB,JPEG,1,36110,7f567ff2046d4ffc77b7388909986d2f9e9ad08b181f2dd0c149f0c4ccaf8cb0,True,,
dataset/train/Citrus canker/2025_12_21_IMG (372).JPG,2025_12_21_IMG (372).JPG,Citrus canker,train,.jpg,560,420,RGB,JPEG,1,38221,ceb0d31b23d45fe8d91a5f2159179d6ddd493dda56b5e0339922dbe3ae381ccb,True,,
dataset/train/Citrus canker/2025_12_21_IMG (373).JPG,2025_12_21_IMG (373).JPG,Citrus canker,train,.jpg,560,420,RGB,JPEG,1,36442,e1f6f9139bdcd37b48c8f752300cc8bd65f3d074fc22a07237cb1d38e034e858,True,,
dataset/train/Citrus canker/2025_12_21_IMG (375).JPG,2025_12_21_IMG (375).JPG,Citrus canker,train,.jpg,560,420,RGB,JPEG,1,44342,8402d687397e3d1b5f539b0affc7eba5d6a09cd06fb1b20a489f0ae0de6311d3,True,,
dataset/train/Citrus canker/2025_12_21_IMG (377).JPG,2025_12_21_IMG (377).JPG,Citrus canker,train,.jpg,560,420,RGB,JPEG,1,36342,18105485d15f6a7bd372b0de5c967847c881c8f2264f7ba80342d4de67be675e,True,,
dataset/train/Citrus canker/2025_12_21_IMG (379).JPG,2025_12_21_IMG (379).JPG,Citrus canker,train,.jpg,560,420,RGB,JPEG,1,38733,914cb46633d9c682a19f8cb9c1c72f0f420e32dc5afa112e34b9e0c5b98593b7,True,,
dataset/train/Citrus canker/2025_12_21_IMG (380).JPG,2025_12_21_IMG (380).JPG,Citrus canker,train,.jpg,560,420,RGB,JPEG,1,33509,be961908c03363b1998d6b90af7bf9f0f85bfab80febe7b73ed32bbb93d20bd6,True,,
dataset/train/Citrus canker/2025_12_21_IMG (381).JPG,2025_12_21_IMG (381).JPG,Citrus canker,train,.jpg,560,420,RGB,JPEG,1,31189,91f22d5501f39b8d8e3f636222ae0ea9e32f20e3b555a9a3956b75b7983b8e94,True,,
dataset/train/Citrus canker/2025_12_21_IMG (382).JPG,2025_12_21_IMG (382).JPG,Citrus canker,train,.jpg,560,420,RGB,JPEG,1,40593,26a1e967f820906644ffeb1f5c3984d8e20edfd92b25d366274d525d41434f6c,True,,
dataset/train/Citrus canker/2025_12_21_IMG (384).JPG,2025_12_21_IMG (384).JPG,Citrus canker,train,.jpg,560,420,RGB,JPEG,1,39074,40305921ac0c5877d1031350988e4584706d0d336aac38d5d7748052e47edfea,True,,
dataset/train/Citrus canker/2025_12_21_IMG (386).JPG,2025_12_21_IMG (386).JPG,Citrus canker,train,.jpg,560,420,RGB,JPEG,1,45591,4ffd268059adabaed0a5689432e23694a5d4f774191db5e838ccbd474bd5df6e,True,,
dataset/train/Citrus canker/2025_12_21_IMG (389).JPG,2025_12_21_IMG (389).JPG,Citrus canker,train,.jpg,560,420,RGB,JPEG,1,46320,b506c83ecad173ff4de9854c2ecbd0ba880cc7e949156b467222945b37764bf5,True,,
dataset/train/Citrus canker/2025_12_21_IMG (390).JPG,2025_12_21_IMG (390).JPG,Citrus canker,train,.jpg,560,420,RGB,JPEG,1,40855,8c033768ceeba27229770e41831826e1fc68340906e56562263ffcbd31f490cf,True,,
dataset/train/Citrus canker/2025_12_21_IMG (392).JPG,2025_12_21_IMG (392).JPG,Citrus canker,train,.jpg,560,420,RGB,JPEG,1,44356,d959305592459ab0992427c53a1e3c0e9f6fbb70d64d53c56712917667f90703,True,,
dataset/train/Citrus canker/2025_12_21_IMG (393).JPG,2025_12_21_IMG (393).JPG,Citrus canker,train,.jpg,560,420,RGB,JPEG,1,36228,bb934780de05d49249b79effe1900bff26c1bb7283eff1a97c8027c1a28b3d6c,True,,
dataset/train/Citrus canker/2025_12_21_IMG (394).JPG,2025_12_21_IMG (394).JPG,Citrus canker,train,.jpg,560,420,RGB,JPEG,1,39268,23ee8eaaeb64a6dbfdfe965729cb50cb8fd0aaa98da8799deaa291806934cd51,True,,
dataset/train/Citrus canker/2025_12_21_IMG (397).JPG,2025_12_21_IMG (397).JPG,Citrus canker,train,.jpg,560,420,RGB,JPEG,1,32343,fd480e4217fc7a904589702c7e1ed40c790e676d09df189c4ab5889fa00a58ba,True,,
dataset/train/Citrus canker/2025_12_21_IMG (398).JPG,2025_12_21_IMG (398).JPG,Citrus canker,train,.jpg,560,420,RGB,JPEG,1,30541,09529e0a74395a4acfb7c22976dd4fe3e11be25a1d6dc1d48f27643a8841b4fe,True,,
dataset/train/Citrus canker/2025_12_21_IMG (399).JPG,2025_12_21_IMG (399).JPG,Citrus canker,train,.jpg,560,420,RGB,JPEG,1,47619,26a62a4220be7ead6e16ea6df3d8b5a95296010ec1c2cd8c921faae204026e84,True,,
dataset/train/Citrus canker/2025_12_21_IMG (400).JPG,2025_12_21_IMG (400).JPG,Citrus canker,train,.jpg,560,420,RGB,JPEG,1,45658,179c285f3d9f7f57652bc6fd3174f6b4681901f4486be0ef9f3960ca6db79912,True,,
dataset/train/Citrus canker/2025_12_21_IMG (401).JPG,2025_12_21_IMG (401).JPG,Citrus canker,train,.jpg,560,420,RGB,JPEG,1,37419,22b4d3631742391004d63c021d8fa6dddc3b75a1ffc50c85878ee27becb2fc76,True,,
dataset/train/Citrus canker/2025_12_21_IMG (402).JPG,2025_12_21_IMG (402).JPG,Citrus canker,train,.jpg,560,420,RGB,JPEG,1,36405,7197b4e745b8b306cdfcbed068d9c087135ff79436911d6fdad4892f9a682515,True,,
dataset/train/Citrus canker/2025_12_21_IMG (403).JPG,2025_12_21_IMG (403).JPG,Citrus canker,train,.jpg,560,420,RGB,JPEG,1,40919,7fd2ca5003042b8b1d5e3e4cc074e9d07e34228bc974c5877d735685f818690e,True,,
dataset/train/Citrus canker/2025_12_21_IMG (405).JPG,2025_12_21_IMG (405).JPG,Citrus canker,train,.jpg,560,420,RGB,JPEG,1,38782,de89be157be12459f425fbaa5e0e8f60a06a7f8d92bb87e67e8fb755c3e8473d,True,,
dataset/train/Citrus canker/2025_12_21_IMG (408).JPG,2025_12_21_IMG (408).JPG,Citrus canker,train,.jpg,560,420,RGB,JPEG,1,26465,bd9f5da541d8ca09e5f00fc8f9950bac13e071bbd4d179562059d2f7360b9a00,True,,
dataset/train/Citrus canker/2025_12_21_IMG (409).JPG,2025_12_21_IMG (409).JPG,Citrus canker,train,.jpg,560,420,RGB,JPEG,1,27236,1ce367e916d7ca69c8e9db061cb949aacba08714d178be08fc0758a020580513,True,,
dataset/train/Citrus canker/2025_12_21_IMG (410).JPG,2025_12_21_IMG (410).JPG,Citrus canker,train,.jpg,560,420,RGB,JPEG,1,26691,e758ea5c3c2a3822e1e2f3bebf73d9ef998352ed89d886fae4f4f0d8235d01e6,True,,
dataset/train/Citrus canker/2025_12_21_IMG (411).JPG,2025_12_21_IMG (411).JPG,Citrus canker,train,.jpg,560,420,RGB,JPEG,1,38205,62646140b18378bf699a555cf2b4f3f8d22ee37eb47389ae14ebc4c03cab24dc,True,,
dataset/train/Citrus canker/2025_12_21_IMG (412).JPG,2025_12_21_IMG (412).JPG,Citrus canker,train,.jpg,560,420,RGB,JPEG,1,35864,90c50565067036d2f8a6e092b3ebc09fb7369a6d2c9dcb495779bcb8d269b2a8,True,,
dataset/train/Citrus canker/2025_12_21_IMG (413).JPG,2025_12_21_IMG (413).JPG,Citrus canker,train,.jpg,560,420,RGB,JPEG,1,37103,8948682170440eb72be3472c21265678ff027a2606a0d800ee7f7814c2104f5b,True,,
dataset/train/Citrus canker/2025_12_21_IMG (414).JPG,2025_12_21_IMG (414).JPG,Citrus canker,train,.jpg,560,420,RGB,JPEG,1,40570,a682a583c84b6f0cfb6dcf825e5e7502cd5eb45cdadbc3d90c895e651d059744,True,,
dataset/train/Citrus canker/2025_12_21_IMG (415).JPG,2025_12_21_IMG (415).JPG,Citrus canker,train,.jpg,560,420,RGB,JPEG,1,31687,e512197b282b092e475384e3ddd084cac570103084d00b2179ba14adfcf8c0a2,True,,
dataset/train/Citrus canker/2025_12_21_IMG (417).JPG,2025_12_21_IMG (417).JPG,Citrus canker,train,.jpg,560,420,RGB,JPEG,1,28030,90a3a5fbfa14b3ba134086027b5a4143dce797ad3956087a81378a276771ae15,True,,
dataset/train/Citrus canker/2025_12_21_IMG (419).JPG,2025_12_21_IMG (419).JPG,Citrus canker,train,.jpg,560,420,RGB,JPEG,1,37449,a758a23b2359cbd59160ba749d80748b222bb2edb808a1d580f0df306b312e40,True,,
dataset/train/Citrus canker/2025_12_21_IMG (420).JPG,2025_12_21_IMG (420).JPG,Citrus canker,train,.jpg,560,420,RGB,JPEG,1,39333,3dcac3008e25eade471753f121a67f6df7a33ff4e7e1090f0fe3ba14c62ba995,True,,
dataset/train/Citrus canker/2025_12_21_IMG (422).JPG,2025_12_21_IMG (422).JPG,Citrus canker,train,.jpg,560,420,RGB,JPEG,1,38946,97086733f4da773e4693d67f18dc68edf733bd1ce8c3271e92edec38f28d8beb,True,,
dataset/train/Citrus canker/2025_12_21_IMG (423).JPG,2025_12_21_IMG (423).JPG,Citrus canker,train,.jpg,560,420,RGB,JPEG,1,41374,96543de73ddbd0d677d1492f98a1522e7c8da5fff39bf2b217ea25a8a1c78500,True,,
dataset/train/Citrus canker/2025_12_21_IMG (424).JPG,2025_12_21_IMG (424).JPG,Citrus canker,train,.jpg,560,420,RGB,JPEG,1,39594,0c355a071b9aa674a9faeb0450f3797ff072752c8b28908af049d0bcb943faec,True,,
dataset/train/Citrus canker/2025_12_21_IMG (425).JPG,2025_12_21_IMG (425).JPG,Citrus canker,train,.jpg,560,420,RGB,JPEG,1,44565,beb6fe134a4ba34cdfba1e7e97e7a9554745fdad1a31dda39d086a85498c43ba,True,,
dataset/train/Citrus canker/2025_12_21_IMG (426).JPG,2025_12_21_IMG (426).JPG,Citrus canker,train,.jpg,560,420,RGB,JPEG,1,44567,9d705ef05ffd89f69cc3b3896822f7a3e559a6ca2edcfe6d113455c79cec1b1a,True,,
dataset/train/Citrus canker/2025_12_21_IMG (427).JPG,2025_12_21_IMG (427).JPG,Citrus canker,train,.jpg,560,420,RGB,JPEG,1,38485,715995befa5f02441def7c92689c50bf08126706566fd6bbbb5a76e3090111f7,True,,
dataset/train/Citrus canker/2025_12_21_IMG (428).JPG,2025_12_21_IMG (428).JPG,Citrus canker,train,.jpg,560,420,RGB,JPEG,1,39794,6e5c7e927a7f0fd759b868a9e3f26f5238dcfac705e8f05fd1f9f66f79d047ec,True,,
dataset/train/Citrus canker/2025_12_21_IMG (429).JPG,2025_12_21_IMG (429).JPG,Citrus canker,train,.jpg,560,420,RGB,JPEG,1,35238,79e27bec83deba10843b560f6b721f10fb7d263fc7bc4e54b6e63c7f551e37d6,True,,
dataset/train/Citrus canker/2025_12_21_IMG (430).JPG,2025_12_21_IMG (430).JPG,Citrus canker,train,.jpg,560,420,RGB,JPEG,1,42600,724fe2ad0c4ac03d39988f18a86b3287c9ba9edaf9b9c9f38ef3575bd020efce,True,,
dataset/train/Citrus canker/2025_12_21_IMG (432).JPG,2025_12_21_IMG (432).JPG,Citrus canker,train,.jpg,560,420,RGB,JPEG,1,39531,84e04fba877de67f5c0ea32b9af9e4bc040013975c326b48c1aa26a1fedcd00c,True,,
dataset/train/Citrus canker/2025_12_21_IMG (433).JPG,2025_12_21_IMG (433).JPG,Citrus canker,train,.jpg,560,420,RGB,JPEG,1,39417,9bb143d48f1abfcadae64ad506f98c8f5acb48f0cfd57818644e66547b060a39,True,,
dataset/train/Citrus canker/2025_12_21_IMG (435).JPG,2025_12_21_IMG (435).JPG,Citrus canker,train,.jpg,560,420,RGB,JPEG,1,30509,8909805f62c4f18c70e75775f12ca5c0fad4c6660cff2e3ce932c93c4e694f48,True,,
dataset/train/Citrus canker/2025_12_21_IMG (439).JPG,2025_12_21_IMG (439).JPG,Citrus canker,train,.jpg,560,420,RGB,JPEG,1,39388,b3f9a0df7eb9b7bb96c3452790af8ace47e969d6edcf96518dc7a96d5c4360ec,True,,
dataset/train/Citrus canker/2025_12_21_IMG (440).JPG,2025_12_21_IMG (440).JPG,Citrus canker,train,.jpg,560,420,RGB,JPEG,1,29518,1b07fb94de1088e524c1abccc4424b41642be147859b16499bd9e94fa7507dc3,True,,
dataset/train/Citrus canker/2025_12_21_IMG (441).JPG,2025_12_21_IMG (441).JPG,Citrus canker,train,.jpg,560,420,RGB,JPEG,1,41023,f0ed7803af205ef7a5c80689c4281a9693d3ea45080beec7dd875c7892052344,True,,
dataset/train/Citrus canker/2025_12_21_IMG (442).JPG,2025_12_21_IMG (442).JPG,Citrus canker,train,.jpg,560,420,RGB,JPEG,1,40117,cabcccec1baa1415763bec40ed3845bc1986ecd9175301ab4ebb8a69fcb54add,True,,
dataset/train/Citrus canker/2025_12_21_IMG (443).JPG,2025_12_21_IMG (443).JPG,Citrus canker,train,.jpg,560,420,RGB,JPEG,1,37381,386099db7ea30f69ed50e36adc2ba5767e23cac125ee0283a1614ec703eec475,True,,
dataset/train/Citrus canker/2025_12_21_IMG (444).JPG,2025_12_21_IMG (444).JPG,Citrus canker,train,.jpg,560,420,RGB,JPEG,1,49410,96df95740258b3c22ab01164afa27eb9da23dc2f1af6553ec437432d1c3622c1,True,,
dataset/train/Citrus canker/2025_12_21_IMG (445).JPG,2025_12_21_IMG (445).JPG,Citrus canker,train,.jpg,560,420,RGB,JPEG,1,51280,c85a0fa3a1d92c477e76235cee533a761983a8623f56fc339604271e88858bbf,True,,
dataset/train/Citrus canker/2025_12_21_IMG (446).JPG,2025_12_21_IMG (446).JPG,Citrus canker,train,.jpg,560,420,RGB,JPEG,1,47444,d4847caa26b750dd07d1f6a5ea893f1a21f985206a8f163faedde161dfed0079,True,,
dataset/train/Citrus canker/2025_12_21_IMG (447).JPG,2025_12_21_IMG (447).JPG,Citrus canker,train,.jpg,560,420,RGB,JPEG,1,49805,035f01d95b5e791da07bb6f67fae45de9d015193dc5d65cc6634c2a03fe18c46,True,,
dataset/train/Citrus canker/2025_12_21_IMG (448).JPG,2025_12_21_IMG (448).JPG,Citrus canker,train,.jpg,560,420,RGB,JPEG,1,39182,9119974b29709da573c3f6494cb2f1e16e9724feed1a7ad249147436b1934412,True,,
dataset/train/Citrus canker/2025_12_21_IMG (449).JPG,2025_12_21_IMG (449).JPG,Citrus canker,train,.jpg,560,420,RGB,JPEG,1,36843,7d914472a1dd41f012a7453050439fe808e20e85b7c8b19177f71e237dc068a8,True,,
dataset/train/Citrus canker/2025_12_21_IMG (450).JPG,2025_12_21_IMG (450).JPG,Citrus canker,train,.jpg,560,420,RGB,JPEG,1,34539,0b11f445afe86b98d978a49b34fff2b6ba479f382e01bcacb4fa3a6edcd3e01b,True,,
dataset/train/Citrus canker/2025_12_21_IMG (451).JPG,2025_12_21_IMG (451).JPG,Citrus canker,train,.jpg,560,420,RGB,JPEG,1,47369,3630e8159a349efff452327c621e428860969e90d0b0b45befb117e2909c88d3,True,,
dataset/train/Citrus canker/2025_12_21_IMG (452).JPG,2025_12_21_IMG (452).JPG,Citrus canker,train,.jpg,560,420,RGB,JPEG,1,45986,c2a8ca644839ddee421b5900b8163b6826d986c9a9200d21ae31f112c972321a,True,,
dataset/train/Citrus canker/2025_12_21_IMG (453).JPG,2025_12_21_IMG (453).JPG,Citrus canker,train,.jpg,560,420,RGB,JPEG,1,47225,4668e3d9145da35474eef4c8d1cc10947d6e00e4af0b4b76ce060d8b1be505c4,True,,
dataset/train/Citrus canker/2025_12_21_IMG (455).JPG,2025_12_21_IMG (455).JPG,Citrus canker,train,.jpg,560,420,RGB,JPEG,1,42988,8997e0674ac12a4150bde345b958c414275aeba30744c1bc33de9eb0a90fe475,True,,
dataset/train/Citrus canker/2025_12_21_IMG (456).JPG,2025_12_21_IMG (456).JPG,Citrus canker,train,.jpg,560,420,RGB,JPEG,1,43550,02dad0a6545faf8d0b7d406e1e422abe11e019ef8918c19e97efc9828fe52e6b,True,,
dataset/train/Citrus canker/2025_12_21_IMG (458).JPG,2025_12_21_IMG (458).JPG,Citrus canker,train,.jpg,560,420,RGB,JPEG,1,47110,cc4bb5a9e56fbe88111fa69e9a439dd4c747964da7f09dec474722c7461b315f,True,,
dataset/train/Citrus canker/2025_12_21_IMG (459).JPG,2025_12_21_IMG (459).JPG,Citrus canker,train,.jpg,560,420,RGB,JPEG,1,45443,1566cf5ca292b779463ad88b18a6bfee02c8ebba10f08d5ddd6e970f9f894580,True,,
dataset/train/Citrus canker/2025_12_21_IMG (461).JPG,2025_12_21_IMG (461).JPG,Citrus canker,train,.jpg,560,420,RGB,JPEG,1,47189,7bd0bd8e4ed8c217974df5e0bbd108a0b1f460a4383cfa2ba8007ca93e3bde44,True,,
dataset/train/Citrus canker/2025_12_21_IMG (463).JPG,2025_12_21_IMG (463).JPG,Citrus canker,train,.jpg,560,420,RGB,JPEG,1,42451,43a8c2e799c9f0ebf8ef80984069642f9d39bb987831961ce1d38876b3f2074d,True,,
dataset/train/Citrus canker/2025_12_21_IMG (464).JPG,2025_12_21_IMG (464).JPG,Citrus canker,train,.jpg,560,420,RGB,JPEG,1,37946,c0280f5c311f3019f29617ed63f8e42e4cb46bdb345dd695c24bd3cd201dd93a,True,,
dataset/train/Citrus canker/2025_12_21_IMG (465).JPG,2025_12_21_IMG (465).JPG,Citrus canker,train,.jpg,560,420,RGB,JPEG,1,43738,7511da57a2e7a30ba9740fdea2d0a09a9d8327e8f55c7d4ff21ac76f834bb346,True,,
dataset/train/Citrus canker/2025_12_21_IMG (466).JPG,2025_12_21_IMG (466).JPG,Citrus canker,train,.jpg,560,420,RGB,JPEG,1,39249,818419dd0b35389fea79ac87b4670f5f5a8d060bea99965d06d3c5865c3b4865,True,,
dataset/train/Citrus canker/2025_12_21_IMG (467).JPG,2025_12_21_IMG (467).JPG,Citrus canker,train,.jpg,560,420,RGB,JPEG,1,42854,a4a6c41e5dd1b5e544454aa893b7015c176887b1cdbe095323e4d5081affc1af,True,,
dataset/train/Citrus canker/2025_12_21_IMG (468).JPG,2025_12_21_IMG (468).JPG,Citrus canker,train,.jpg,560,420,RGB,JPEG,1,44413,c99b0d1fab4c97e7bd401401ed33db8b987ba1a22c9db028b263edb3d5171fe0,True,,
dataset/train/Citrus canker/2025_12_21_IMG (469).JPG,2025_12_21_IMG (469).JPG,Citrus canker,train,.jpg,560,420,RGB,JPEG,1,41675,954337d111f3732912ac00dc388f1d2167dd155e9ca7431f367635043e07d285,True,,
dataset/train/Citrus canker/2025_12_21_IMG (470).JPG,2025_12_21_IMG (470).JPG,Citrus canker,train,.jpg,560,420,RGB,JPEG,1,40389,0c7a631199f64db46cbca14e1347965660f9032667f71564c9f3c4d11bbadc40,True,,
dataset/train/Citrus canker/2025_12_21_IMG (471).JPG,2025_12_21_IMG (471).JPG,Citrus canker,train,.jpg,560,420,RGB,JPEG,1,40946,6befd1b49763632ded2265c33780950406938c17d6a86a5f20888219cbfa1808,True,,
dataset/train/Citrus canker/2025_12_21_IMG (472).JPG,2025_12_21_IMG (472).JPG,Citrus canker,train,.jpg,560,420,RGB,JPEG,1,35743,94513dbf577faadf43d0a8d06c693888dd255ce71d0df0d7fd2ddd63ae9b860b,True,,
dataset/train/Citrus canker/2025_12_21_IMG (473).JPG,2025_12_21_IMG (473).JPG,Citrus canker,train,.jpg,560,420,RGB,JPEG,1,37943,b49e36174b280038f1af703d1573b3c375028c568dc9f08510d26f36bed89ad6,True,,
dataset/train/Citrus canker/2025_12_21_IMG (474).JPG,2025_12_21_IMG (474).JPG,Citrus canker,train,.jpg,560,420,RGB,JPEG,1,38423,511b4ad88da15b528972bbc83e1f8e81e63772c620fd40c38fc1330b81cdda2f,True,,
dataset/train/Citrus canker/2025_12_21_IMG (477).JPG,2025_12_21_IMG (477).JPG,Citrus canker,train,.jpg,560,420,RGB,JPEG,1,37754,a0016138064ec15926823f2172f86d2b8ed735deac9113effab3ef2b294755ad,True,,
dataset/train/Citrus canker/2025_12_21_IMG (478).JPG,2025_12_21_IMG (478).JPG,Citrus canker,train,.jpg,560,420,RGB,JPEG,1,37299,c8d2426a9df97f93cdc2814374e951c50033fe7f8c7bf2a12a7550f196449b42,True,,
dataset/train/Citrus canker/2025_12_21_IMG (479).JPG,2025_12_21_IMG (479).JPG,Citrus canker,train,.jpg,560,420,RGB,JPEG,1,37026,d31c692bf19b099dadb7586bf3579917c7249ae0f497939929cc71f28c9c9d31,True,,
dataset/train/Citrus canker/2025_12_21_IMG (482).JPG,2025_12_21_IMG (482).JPG,Citrus canker,train,.jpg,560,420,RGB,JPEG,1,30566,ba64cef7b37418a3568abce176b884fb946a84f87ccc15e49391783e6bf3d416,True,,
dataset/train/Citrus canker/2025_12_21_IMG (483).JPG,2025_12_21_IMG (483).JPG,Citrus canker,train,.jpg,560,420,RGB,JPEG,1,35314,cda576c0d8a7363eb201fc4aeb02e2ef135baf3311d76a586f41f5ecf8f48c17,True,,
dataset/train/Citrus canker/2025_12_21_IMG (485).JPG,2025_12_21_IMG (485).JPG,Citrus canker,train,.jpg,560,420,RGB,JPEG,1,39594,900d69d726985a5d31c792a12162396b6b52c254cdbcedc41ec75442f9da9852,True,,
dataset/train/Citrus canker/2025_12_21_IMG (486).JPG,2025_12_21_IMG (486).JPG,Citrus canker,train,.jpg,560,420,RGB,JPEG,1,39583,e280f27bb071b0dd5ea89353896bb4f441823bc8b887de40e7a92879f17a954a,True,,
dataset/train/Citrus canker/2025_12_21_IMG (488).JPG,2025_12_21_IMG (488).JPG,Citrus canker,train,.jpg,560,420,RGB,JPEG,1,41006,5f8d0fa61260c6c02912d7118b8e524affaecc286a47f1afe968f50ba6126daf,True,,
dataset/train/Citrus canker/2025_12_21_IMG (490).JPG,2025_12_21_IMG (490).JPG,Citrus canker,train,.jpg,560,420,RGB,JPEG,1,41471,d834c7fcd3136dee2c58184624f4f3a1bdf155c31f1cb2accfee7975e366775b,True,,
dataset/train/Citrus canker/2025_12_21_IMG (491).JPG,2025_12_21_IMG (491).JPG,Citrus canker,train,.jpg,560,420,RGB,JPEG,1,45039,d0ac5080de1295a5276999251742d5cac4606ff822e4e9af8b61e4ea4fd952a7,True,,
dataset/train/Citrus canker/2025_12_21_IMG (492).JPG,2025_12_21_IMG (492).JPG,Citrus canker,train,.jpg,560,420,RGB,JPEG,1,45853,90d78300d96f38a287246bf2e5fc936d4f67ccfaac8b67140f4be6f9ddf37931,True,,
dataset/train/Citrus canker/2025_12_21_IMG (493).JPG,2025_12_21_IMG (493).JPG,Citrus canker,train,.jpg,560,420,RGB,JPEG,1,39309,9063e3ee13149919c9c267912ad895adffb0d34bdc65e27917afc27850587dd5,True,,
dataset/train/Citrus canker/2025_12_21_IMG (494).JPG,2025_12_21_IMG (494).JPG,Citrus canker,train,.jpg,560,420,RGB,JPEG,1,43111,e50f6367f8ba4c59fa4e0c86e00e94daa3a1723059d2137800e708137f387c71,True,,
dataset/train/Citrus canker/2025_12_21_IMG (495).JPG,2025_12_21_IMG (495).JPG,Citrus canker,train,.jpg,560,420,RGB,JPEG,1,39151,0d168cde83d3d7039e852bc5addcd40aa6449f1c9251bcb1b38af2def84f5124,True,,
dataset/train/Citrus canker/2025_12_21_IMG (496).JPG,2025_12_21_IMG (496).JPG,Citrus canker,train,.jpg,560,420,RGB,JPEG,1,42807,9997000c9d6780d33671751aa8c6add1c4ca7c389ec1a9bf568a9c3e138079ba,True,,
dataset/train/Citrus canker/2025_12_21_IMG (498).JPG,2025_12_21_IMG (498).JPG,Citrus canker,train,.jpg,560,420,RGB,JPEG,1,34393,ba1733ff6a03e15a943992f50c657be19759dc255774e89e3b053b2420aa3e30,True,,
dataset/train/Citrus canker/2025_12_21_IMG (499).JPG,2025_12_21_IMG (499).JPG,Citrus canker,train,.jpg,560,420,RGB,JPEG,1,32318,5f7362673867173789ab5fcbd4e6031c928340bcd5b2c1204193f8c5802cd7c2,True,,
dataset/train/Citrus canker/2025_12_21_IMG (500).JPG,2025_12_21_IMG (500).JPG,Citrus canker,train,.jpg,560,420,RGB,JPEG,1,35058,70ffca072fce6603998014479c72ab2023e32d982e87b362802d2f0b798607d3,True,,
dataset/train/Citrus canker/2025_12_21_IMG (501).JPG,2025_12_21_IMG (501).JPG,Citrus canker,train,.jpg,560,420,RGB,JPEG,1,34970,f58f64cac444a886a57b1aa2b9e0787faf4a9bab015a6edfaf2fd3e8c9336d60,True,,
dataset/train/Citrus canker/2025_12_21_IMG (502).JPG,2025_12_21_IMG (502).JPG,Citrus canker,train,.jpg,560,420,RGB,JPEG,1,29831,f2dec54a8b7ac416d8d397558fb7f1abeeb13cd2774b13fdfc6a3d21a84ef15e,True,,
dataset/train/Citrus canker/2025_12_21_IMG (505).JPG,2025_12_21_IMG (505).JPG,Citrus canker,train,.jpg,560,420,RGB,JPEG,1,42541,bf3b3566a4b1e92b8281a9335f819180f1d178cd58ef40aa1df943a86de84ac7,True,,
dataset/train/Citrus canker/2025_12_21_IMG (506).JPG,2025_12_21_IMG (506).JPG,Citrus canker,train,.jpg,560,420,RGB,JPEG,1,40050,86237919f165e387f1a55317e00ed22957c26c5045192bac3c24de58ed2e0de7,True,,
dataset/train/Citrus canker/2025_12_21_IMG (508).JPG,2025_12_21_IMG (508).JPG,Citrus canker,train,.jpg,560,420,RGB,JPEG,1,45114,80d0bb520e4f2d1c92325ca35e4c81056639c262d48d060dbf52b9cc90e7a26d,True,,
dataset/train/Citrus canker/2025_12_21_IMG (509).JPG,2025_12_21_IMG (509).JPG,Citrus canker,train,.jpg,560,420,RGB,JPEG,1,37055,179fd8dbfeb1c80262a93309258d479b1a3c44c141b6c9f08133570c0cb77b86,True,,
dataset/train/Citrus canker/2025_12_21_IMG (512).JPG,2025_12_21_IMG (512).JPG,Citrus canker,train,.jpg,560,420,RGB,JPEG,1,40572,6c537974384d5ffb28ae40dd27d237c1127e78ac956a7a8f7081284fb41073c6,True,,
dataset/train/Citrus canker/2025_12_21_IMG (513).JPG,2025_12_21_IMG (513).JPG,Citrus canker,train,.jpg,560,420,RGB,JPEG,1,34419,3ecba51cb605195a2f2aaf6ac7b655f6a1c2152351c29111befba658a290181e,True,,
dataset/train/Citrus canker/2025_12_21_IMG (514).JPG,2025_12_21_IMG (514).JPG,Citrus canker,train,.jpg,560,420,RGB,JPEG,1,33161,cf6529d4e19d7bad0a789804f0c80b91c1e5cb305c370b89fbc257c820d5aa90,True,,
dataset/train/Citrus canker/2025_12_21_IMG (515).JPG,2025_12_21_IMG (515).JPG,Citrus canker,train,.jpg,560,420,RGB,JPEG,1,42002,f94cae863d18297cba40e1ef76f5f0ae8a0e1b812d33acc863c3d9f588cb81d4,True,,
dataset/train/Citrus canker/2025_12_21_IMG (516).JPG,2025_12_21_IMG (516).JPG,Citrus canker,train,.jpg,560,420,RGB,JPEG,1,41403,9ac92c7371797f7e5626d497d98e315a4e396aeeb5e834f78f33a11b8fc2fcb9,True,,
dataset/train/Citrus canker/2025_12_21_IMG (518).JPG,2025_12_21_IMG (518).JPG,Citrus canker,train,.jpg,560,420,RGB,JPEG,1,37776,4ba8a9831f4d068226271470d607b8b3cc875cec9ee308cda103236c69adf70c,True,,
dataset/train/Citrus canker/2025_12_21_IMG (521).JPG,2025_12_21_IMG (521).JPG,Citrus canker,train,.jpg,560,420,RGB,JPEG,1,38100,3b6ccc018961b7859797aceab2f9cc1ac657aef42eff7e20f648cbae3d7e08ea,True,,
dataset/train/Citrus canker/2025_12_21_IMG (522).JPG,2025_12_21_IMG (522).JPG,Citrus canker,train,.jpg,560,420,RGB,JPEG,1,32675,3f59e3462aa0c9e3486f81cdd2e246d4ef0e88192c6d2e5deefaf620f2ac9738,True,,
dataset/train/Citrus canker/2025_12_21_IMG (523).JPG,2025_12_21_IMG (523).JPG,Citrus canker,train,.jpg,560,420,RGB,JPEG,1,40650,e7fd7b52d0a656a4cc52324f86e33348df1577c492a0bf399c4be85fe3605448,True,,
dataset/train/Citrus canker/2025_12_21_IMG (524).JPG,2025_12_21_IMG (524).JPG,Citrus canker,train,.jpg,560,420,RGB,JPEG,1,42516,e1aa21ddde5fb5c23d75f8a0f21cc9743e09eeae90df3e3c47cd3c5ec05bd87a,True,,
dataset/train/Citrus canker/2025_12_21_IMG (525).JPG,2025_12_21_IMG (525).JPG,Citrus canker,train,.jpg,560,420,RGB,JPEG,1,36318,48eb06c025eb9a8c63a8a158c556da8003b41ef1698b642c497a7846533fccc4,True,,
dataset/train/Citrus canker/2025_12_21_IMG (527).JPG,2025_12_21_IMG (527).JPG,Citrus canker,train,.jpg,560,420,RGB,JPEG,1,45966,4bd80394e15be22d32e13f55837aa76f540a150758d9fb51b1aa311155b8322c,True,,
dataset/train/Citrus canker/2025_12_21_IMG (528).JPG,2025_12_21_IMG (528).JPG,Citrus canker,train,.jpg,560,420,RGB,JPEG,1,47449,85480d1b3f8214a0160de7629630b342a3c19baea8218ea043c3da8326a4e43a,True,,
dataset/train/Citrus canker/2025_12_21_IMG (530).JPG,2025_12_21_IMG (530).JPG,Citrus canker,train,.jpg,560,420,RGB,JPEG,1,45921,51d38c97b05648744e8c791462b40c8f4167c4189559109360fc4a6eaf8c09dc,True,,
dataset/train/Citrus canker/2025_12_21_IMG (532).JPG,2025_12_21_IMG (532).JPG,Citrus canker,train,.jpg,560,420,RGB,JPEG,1,40367,fbc2f5211f03c7a493b94a3caef03c63c7e2c12cbdb0dcd72d3449d1a32da9f7,True,,
dataset/train/Citrus canker/2025_12_21_IMG (533).JPG,2025_12_21_IMG (533).JPG,Citrus canker,train,.jpg,560,420,RGB,JPEG,1,45185,c8da5e3e89c86da3b01adb7d46c61815051bb4be43517e7f1a1ccd5289d7853f,True,,
dataset/train/Citrus canker/2025_12_21_IMG (535).JPG,2025_12_21_IMG (535).JPG,Citrus canker,train,.jpg,560,420,RGB,JPEG,1,39939,9c302790f6b204dc269f36051f42300130112d25141daaa47cf8d82f32359b73,True,,
dataset/train/Citrus canker/2025_12_21_IMG (536).JPG,2025_12_21_IMG (536).JPG,Citrus canker,train,.jpg,560,420,RGB,JPEG,1,38042,5c49041ea65ce292dc2f0bab92b95ee88a2ab878789fd68acba5a724be740aa3,True,,
dataset/train/Citrus canker/2025_12_21_IMG (538).JPG,2025_12_21_IMG (538).JPG,Citrus canker,train,.jpg,560,420,RGB,JPEG,1,32797,7333c3aecaccf481a4e3b01c7eb6ce98622783bc0b724f9325519c0cebe73edb,True,,
dataset/train/Citrus canker/2025_12_21_IMG (539).JPG,2025_12_21_IMG (539).JPG,Citrus canker,train,.jpg,560,420,RGB,JPEG,1,33698,6ee10b38a0e9dd109216ee41b0c933d389e747f936129f140fb0f890409a0072,True,,
dataset/train/Citrus canker/2025_12_21_IMG (540).JPG,2025_12_21_IMG (540).JPG,Citrus canker,train,.jpg,560,420,RGB,JPEG,1,36058,25dacff3c34cba542ff8f73efb29b38898593f4e818869ff9aaf0e8323450dd6,True,,
dataset/train/Citrus canker/2025_12_21_IMG (541).JPG,2025_12_21_IMG (541).JPG,Citrus canker,train,.jpg,560,420,RGB,JPEG,1,38900,e6d1446d60ccd464ca18308fd841d4bfd8e88fb7c7e37977b330cd1d832ab9c3,True,,
dataset/train/Citrus canker/2025_12_21_IMG (544).JPG,2025_12_21_IMG (544).JPG,Citrus canker,train,.jpg,560,420,RGB,JPEG,1,41503,4f149c8b18af8ba6d8269db126807f4ce90625dd3af6b0b5f88f1bdea86f9a4b,True,,
dataset/train/Citrus canker/2025_12_21_IMG (546).JPG,2025_12_21_IMG (546).JPG,Citrus canker,train,.jpg,560,420,RGB,JPEG,1,42993,ec66d5d17f3459cd922b6dc47502bdfc1f5ec433b6dd5af034b6851735f4bb2d,True,,
dataset/train/Citrus canker/2025_12_21_IMG (547).JPG,2025_12_21_IMG (547).JPG,Citrus canker,train,.jpg,560,420,RGB,JPEG,1,42886,b3ccc06486d0d6dcc471b145bcc62a35261fe414557afd02e1692af20581b631,True,,
dataset/train/Citrus canker/2025_12_21_IMG (549).JPG,2025_12_21_IMG (549).JPG,Citrus canker,train,.jpg,560,420,RGB,JPEG,1,40813,d9d81bf77e64395371f517a5f3e302d50bf213771ae40eaa6b593373877e9cbb,True,,
dataset/train/Citrus canker/2025_12_21_IMG (551).JPG,2025_12_21_IMG (551).JPG,Citrus canker,train,.jpg,560,420,RGB,JPEG,1,46527,ecbd798eb2ebb17a76f00b2a1a23dc956ca52bab2cc01ba52cfa3fdafcb8e626,True,,
dataset/train/Citrus canker/2025_12_21_IMG (552).JPG,2025_12_21_IMG (552).JPG,Citrus canker,train,.jpg,560,420,RGB,JPEG,1,43985,de26e0e52b37bf6e7cdd1a568d469fa46d9acaadb581ceced2ac6cf269a25899,True,,
dataset/train/Citrus canker/2025_12_21_IMG (553).JPG,2025_12_21_IMG (553).JPG,Citrus canker,train,.jpg,560,420,RGB,JPEG,1,46120,817d2b155ae60ab0af523bfb5785bf8dd961919e72dd81b15a853fb591a067ed,True,,
dataset/train/Citrus canker/2025_12_21_IMG (555).JPG,2025_12_21_IMG (555).JPG,Citrus canker,train,.jpg,560,420,RGB,JPEG,1,42560,b3bec0f0c8eef67f9ea84bc1a8e802e7c982df03064d2ac3208ab90a39b302bb,True,,
dataset/train/Citrus canker/2025_12_21_IMG (557).JPG,2025_12_21_IMG (557).JPG,Citrus canker,train,.jpg,560,420,RGB,JPEG,1,44713,8bb8e6d0fc33036d71c844e188339fa58f039d076340f19895f5792ba63b6d92,True,,
dataset/train/Citrus canker/2025_12_21_IMG (560).JPG,2025_12_21_IMG (560).JPG,Citrus canker,train,.jpg,560,420,RGB,JPEG,1,43309,8b34b70b460cefae18103c67e999fe64e70d5ee631607b52c22e9b2c240b9908,True,,
dataset/train/Citrus canker/2025_12_21_IMG (561).JPG,2025_12_21_IMG (561).JPG,Citrus canker,train,.jpg,560,420,RGB,JPEG,1,48706,3ebd1e04f2fb176de07bc75f650994b7d5e2638187f78a8149c2f7ca60a6ac2b,True,,
dataset/train/Citrus canker/2025_12_21_IMG (563).JPG,2025_12_21_IMG (563).JPG,Citrus canker,train,.jpg,560,420,RGB,JPEG,1,36465,aa984d3334aeb9c14014aa674c11933d65672485292e72c4dfd82f59965b8b63,True,,
dataset/train/Citrus canker/2025_12_21_IMG (566).JPG,2025_12_21_IMG (566).JPG,Citrus canker,train,.jpg,560,420,RGB,JPEG,1,38564,65661e96a16860f4b8788e909687c086ecf0417f344642beef1e8b4e64e3618a,True,,
dataset/train/Citrus canker/2025_12_21_IMG (568).JPG,2025_12_21_IMG (568).JPG,Citrus canker,train,.jpg,560,420,RGB,JPEG,1,45343,f9848792f6c352e4323baffab645d7ec0a25a525d27779b6a01c7b6be2c94638,True,,
dataset/train/Citrus canker/2025_12_21_IMG (569).JPG,2025_12_21_IMG (569).JPG,Citrus canker,train,.jpg,560,420,RGB,JPEG,1,43497,d7a2cf90d4812d32e460aba4c02d48731842a9fd5610d0724702959118be9c00,True,,
dataset/train/Citrus canker/2025_12_21_IMG (570).JPG,2025_12_21_IMG (570).JPG,Citrus canker,train,.jpg,560,420,RGB,JPEG,1,36025,55ebb47d1da9d860d6e793871e9180d90a4eca614a2b01711d66f3eecf1f485f,True,,
dataset/train/Citrus canker/2025_12_21_IMG (571).JPG,2025_12_21_IMG (571).JPG,Citrus canker,train,.jpg,560,420,RGB,JPEG,1,37077,32156b7aca8c86fe643391d67b42b0baacaa020d86332e5817d67903e1f3e8f0,True,,
dataset/train/Citrus pest/2025_12_20_IMG (100).JPG,2025_12_20_IMG (100).JPG,Citrus pest,train,.jpg,560,420,RGB,JPEG,1,38880,3115031b62080aa549ba7b2a35d5bd2531d79d2c8ebae15c533d93a8ab31b857,True,,
dataset/train/Citrus pest/2025_12_20_IMG (101).JPG,2025_12_20_IMG (101).JPG,Citrus pest,train,.jpg,560,420,RGB,JPEG,1,45094,e648992c0827b507e9560ffe3aee2d2c455506eaf2b5bfb794795a9bec869c0b,True,,
dataset/train/Citrus pest/2025_12_20_IMG (102).JPG,2025_12_20_IMG (102).JPG,Citrus pest,train,.jpg,560,420,RGB,JPEG,1,38952,57e5e0cec263543b7179d2cc61442e23fd76b38ca1abc84eeee5224fae054a96,True,,
dataset/train/Citrus pest/2025_12_20_IMG (104).JPG,2025_12_20_IMG (104).JPG,Citrus pest,train,.jpg,560,420,RGB,JPEG,1,43121,1cd049d748d2d584dff9adb596a6523e2d77bc6c14880acc83644ce37ef7a0fe,True,,
dataset/train/Citrus pest/2025_12_20_IMG (105).JPG,2025_12_20_IMG (105).JPG,Citrus pest,train,.jpg,560,420,RGB,JPEG,1,43221,9d8db73dd9734d26301e5f25b55c8124374cf7ac097b1a5022072e51bc0ef6dc,True,,
dataset/train/Citrus pest/2025_12_20_IMG (106).JPG,2025_12_20_IMG (106).JPG,Citrus pest,train,.jpg,560,420,RGB,JPEG,1,40575,0fa001f6e8e029b1e4ef428e84b2b5d2ab4e60acc250bb6cbecd1205cfd121d8,True,,
dataset/train/Citrus pest/2025_12_20_IMG (107).JPG,2025_12_20_IMG (107).JPG,Citrus pest,train,.jpg,560,420,RGB,JPEG,1,33251,9aa0aac5c54538e31c455e799abfc22db8755656b35568d3986bed01121abc35,True,,
dataset/train/Citrus pest/2025_12_20_IMG (108).JPG,2025_12_20_IMG (108).JPG,Citrus pest,train,.jpg,560,420,RGB,JPEG,1,40744,53fb16353fa0cddc44ef0aa3b513bec49df999400a690b10857eca34660f3817,True,,
dataset/train/Citrus pest/2025_12_20_IMG (109).JPG,2025_12_20_IMG (109).JPG,Citrus pest,train,.jpg,560,420,RGB,JPEG,1,34089,04f2bc7f2fc18a8c8d1eee7c4045a60169b7dcb35503bde7125381273049f290,True,,
dataset/train/Citrus pest/2025_12_20_IMG (110).JPG,2025_12_20_IMG (110).JPG,Citrus pest,train,.jpg,560,420,RGB,JPEG,1,41175,ca87a1acb23ddfa8b98b0b46a443920929b233dcef2b721045becff357173cc7,True,,
dataset/train/Citrus pest/2025_12_20_IMG (111).JPG,2025_12_20_IMG (111).JPG,Citrus pest,train,.jpg,560,420,RGB,JPEG,1,46418,5ff1e23a4370b067a3ebc4bf5fb0b779759c39449c2adf092afb0990bd901a0c,True,,
dataset/train/Citrus pest/2025_12_20_IMG (114).JPG,2025_12_20_IMG (114).JPG,Citrus pest,train,.jpg,560,420,RGB,JPEG,1,40729,7602ca0a4be441f51a2fb80f064e988adaf2a225907dc082150d5e6b0a7239a7,True,,
dataset/train/Citrus pest/2025_12_20_IMG (117).JPG,2025_12_20_IMG (117).JPG,Citrus pest,train,.jpg,560,420,RGB,JPEG,1,45268,e6afee7feb34b6d680bc757d545df06df5de9d4f1239277a4023f832c864ec68,True,,
dataset/train/Citrus pest/2025_12_20_IMG (118).JPG,2025_12_20_IMG (118).JPG,Citrus pest,train,.jpg,560,420,RGB,JPEG,1,47323,72e58c66b2a3935d8ce01714921bee767ac977bca61ae57c0ba98e88e0651d3d,True,,
dataset/train/Citrus pest/2025_12_20_IMG (119).JPG,2025_12_20_IMG (119).JPG,Citrus pest,train,.jpg,560,420,RGB,JPEG,1,45141,99c26b6e855df16a5b72198f6771e34a2a8297b470b318c89e97ac7a1e2e0e44,True,,
dataset/train/Citrus pest/2025_12_20_IMG (120).JPG,2025_12_20_IMG (120).JPG,Citrus pest,train,.jpg,560,420,RGB,JPEG,1,41262,43ae76a9a7cf75aea23969082396a63fd3f84154f27b10a5a7380a6cc92a9edd,True,,
dataset/train/Citrus pest/2025_12_20_IMG (121).JPG,2025_12_20_IMG (121).JPG,Citrus pest,train,.jpg,560,420,RGB,JPEG,1,46292,9c3077e75738465ec78059cc727d3a5161820ecb937fe24add3e2692fdea0aea,True,,
dataset/train/Citrus pest/2025_12_20_IMG (124).JPG,2025_12_20_IMG (124).JPG,Citrus pest,train,.jpg,560,420,RGB,JPEG,1,44583,793263dbc1ffecfbbd364ea7af9a2d16b87c3e51b1fc1b984bc14b57dcf08509,True,,
dataset/train/Citrus pest/2025_12_20_IMG (125).JPG,2025_12_20_IMG (125).JPG,Citrus pest,train,.jpg,560,420,RGB,JPEG,1,39923,c59ae6bab252d4df7ed7a5f49830bf8a8b1ec31334f68605c23c6c8eaed8b30d,True,,
dataset/train/Citrus pest/2025_12_20_IMG (126).JPG,2025_12_20_IMG (126).JPG,Citrus pest,train,.jpg,560,420,RGB,JPEG,1,49150,8a9f297a90ec33cce83981e96f2824fc886485e1e47bb41fb61219dc048ce5f2,True,,
dataset/train/Citrus pest/2025_12_20_IMG (127).JPG,2025_12_20_IMG (127).JPG,Citrus pest,train,.jpg,560,420,RGB,JPEG,1,49196,9b5155dc829afdbfa63e618caa6248cb17b737173f19d37a9470547edb6828e7,True,,
dataset/train/Citrus pest/2025_12_20_IMG (129).JPG,2025_12_20_IMG (129).JPG,Citrus pest,train,.jpg,560,420,RGB,JPEG,1,47509,7011b47020f27e4ee2afd58d4f4fed8e8a629d5b550fdae39696c37bc54c42e3,True,,
dataset/train/Citrus pest/2025_12_20_IMG (130).JPG,2025_12_20_IMG (130).JPG,Citrus pest,train,.jpg,560,420,RGB,JPEG,1,43853,340529a3fc5df08a847b00b75a7eb35611dcfc2fd52dfdc40952886b0a2e10f7,True,,
dataset/train/Citrus pest/2025_12_20_IMG (131).JPG,2025_12_20_IMG (131).JPG,Citrus pest,train,.jpg,560,420,RGB,JPEG,1,43830,838ac0228cb0dcd68fc91ed5c19bfa7d279dec4a3c88ad12e4057d63653b7375,True,,
dataset/train/Citrus pest/2025_12_20_IMG (132).JPG,2025_12_20_IMG (132).JPG,Citrus pest,train,.jpg,560,420,RGB,JPEG,1,47783,532cb01d5752d593d5cdc474184991345ed2a073aa5c6f0086da472d405b2459,True,,
dataset/train/Citrus pest/2025_12_20_IMG (134).JPG,2025_12_20_IMG (134).JPG,Citrus pest,train,.jpg,560,420,RGB,JPEG,1,48120,82a506be02aa8ba8eedf63556833332f802475d7e2e6c4d5ac82478b42e4aed0,True,,
dataset/train/Citrus pest/2025_12_20_IMG (137).JPG,2025_12_20_IMG (137).JPG,Citrus pest,train,.jpg,560,420,RGB,JPEG,1,46499,2f22aa6cbcba27d5c5cde5c33fbd79340e0e618e96b341a8b22934bbe291d478,True,,
dataset/train/Citrus pest/2025_12_20_IMG (138).JPG,2025_12_20_IMG (138).JPG,Citrus pest,train,.jpg,560,420,RGB,JPEG,1,50737,ed706c39ffcbc86cab319a82ac18ad596a4bf03170b60fca2daeebe5f0c13907,True,,
dataset/train/Citrus pest/2025_12_20_IMG (139).JPG,2025_12_20_IMG (139).JPG,Citrus pest,train,.jpg,560,420,RGB,JPEG,1,47792,da442f3fce5b86021e37efa5c88044555fb45eac98cbe55ba9e8d985f4b71a04,True,,
dataset/train/Citrus pest/2025_12_20_IMG (141).JPG,2025_12_20_IMG (141).JPG,Citrus pest,train,.jpg,560,420,RGB,JPEG,1,44254,a71468ff0cf70aa80ff2397a5d2e180f14e042ab967b235a09cb1f965baed875,True,,
dataset/train/Citrus pest/2025_12_20_IMG (142).JPG,2025_12_20_IMG (142).JPG,Citrus pest,train,.jpg,560,420,RGB,JPEG,1,45183,57d6babdb933b56369b9e54e08648c73486e386927aa151301a52f753382ab54,True,,
dataset/train/Citrus pest/2025_12_20_IMG (143).JPG,2025_12_20_IMG (143).JPG,Citrus pest,train,.jpg,560,420,RGB,JPEG,1,54933,11f13cb3fbb03fc4571afd30c616d93097816107e492d678421d6961b117f63d,True,,
dataset/train/Citrus pest/2025_12_20_IMG (145).JPG,2025_12_20_IMG (145).JPG,Citrus pest,train,.jpg,560,420,RGB,JPEG,1,54377,159315b105371b50ee0a582b8a9585f729982a601e7894da8d6e04d64570f55d,True,,
dataset/train/Citrus pest/2025_12_20_IMG (148).JPG,2025_12_20_IMG (148).JPG,Citrus pest,train,.jpg,560,420,RGB,JPEG,1,44343,1b617b9eb21ce4589db25992458583d0a76e8c7728b58f69c6246219f3389a02,True,,
dataset/train/Citrus pest/2025_12_20_IMG (150).JPG,2025_12_20_IMG (150).JPG,Citrus pest,train,.jpg,560,420,RGB,JPEG,1,38235,741013d24f6a147ad0688df574665f36c2c37b6a982b7cafa249bc02f53c2ff0,True,,
dataset/train/Citrus pest/2025_12_20_IMG (153).JPG,2025_12_20_IMG (153).JPG,Citrus pest,train,.jpg,560,420,RGB,JPEG,1,45829,0f00fb1567b67b4c60f1b3f5fb3ba059ee590cd0cf1f9c8929a1aceac71e527d,True,,
dataset/train/Citrus pest/2025_12_20_IMG (154).JPG,2025_12_20_IMG (154).JPG,Citrus pest,train,.jpg,560,420,RGB,JPEG,1,48874,88e10ee8d921b9c42fc316561f96e2ee86e61a1f18d9cb88a4b6b157c54c1227,True,,
dataset/train/Citrus pest/2025_12_20_IMG (155).JPG,2025_12_20_IMG (155).JPG,Citrus pest,train,.jpg,560,420,RGB,JPEG,1,37359,ec79c1053f9d2d3716367c3ffa0004f397f44bf44548df4c473af98d6d9b37c4,True,,
dataset/train/Citrus pest/2025_12_20_IMG (156).JPG,2025_12_20_IMG (156).JPG,Citrus pest,train,.jpg,560,420,RGB,JPEG,1,37658,1503bba1df561d051d6f3d35ec58ec3e83ff56b7514686dc81203b23736cd631,True,,
dataset/train/Citrus pest/2025_12_20_IMG (158).JPG,2025_12_20_IMG (158).JPG,Citrus pest,train,.jpg,560,420,RGB,JPEG,1,55075,0cb7e48467336376600214a7e8b1d9a760bbba12a68e33e64889707a21d4b324,True,,
dataset/train/Citrus pest/2025_12_20_IMG (159).JPG,2025_12_20_IMG (159).JPG,Citrus pest,train,.jpg,560,420,RGB,JPEG,1,52881,86c5a96bb586da717e1e37b732ae96b6fa2335bb5e89a1f0e7ad50d0c0e09fc5,True,,
dataset/train/Citrus pest/2025_12_20_IMG (160).JPG,2025_12_20_IMG (160).JPG,Citrus pest,train,.jpg,560,420,RGB,JPEG,1,46237,fae3b0912395188169fe1fbe02b97bd331b5899fee760b417a17920b0853b001,True,,
dataset/train/Citrus pest/2025_12_20_IMG (161).JPG,2025_12_20_IMG (161).JPG,Citrus pest,train,.jpg,560,420,RGB,JPEG,1,47958,00fcf815da024ec4f62b037e2f8d709d3886016077e0ac9f6c096ae488c88bcc,True,,
dataset/train/Citrus pest/2025_12_20_IMG (162).JPG,2025_12_20_IMG (162).JPG,Citrus pest,train,.jpg,560,420,RGB,JPEG,1,40906,09efc301bd5dcb4e79e8d55ed6851f463768e8cd131056842097accfe539cfa6,True,,
dataset/train/Citrus pest/2025_12_20_IMG (164).JPG,2025_12_20_IMG (164).JPG,Citrus pest,train,.jpg,560,420,RGB,JPEG,1,39101,90e46529b05fc8c938fe5634cbc4dc21cbf9672b4d24b2d42d36153ac2131b7b,True,,
dataset/train/Citrus pest/2025_12_20_IMG (165).JPG,2025_12_20_IMG (165).JPG,Citrus pest,train,.jpg,560,420,RGB,JPEG,1,48015,ecfdbeaa9ff39d47f99ccff051ea0c6530d4e0b4e273b7f3a71384ccde411f65,True,,
dataset/train/Citrus pest/2025_12_20_IMG (166).JPG,2025_12_20_IMG (166).JPG,Citrus pest,train,.jpg,560,420,RGB,JPEG,1,42911,f6469222d1355d0b0d2217b20be274da40ea53480f2a77ab85352984d6e9c7aa,True,,
dataset/train/Citrus pest/2025_12_20_IMG (167).JPG,2025_12_20_IMG (167).JPG,Citrus pest,train,.jpg,560,420,RGB,JPEG,1,48309,2a632f5d5cdec26b9144c355c12d6628e168010b517ca6860b80dd03462635ad,True,,
dataset/train/Citrus pest/2025_12_20_IMG (168).JPG,2025_12_20_IMG (168).JPG,Citrus pest,train,.jpg,560,420,RGB,JPEG,1,42706,afe8a1b460207f25a2b21dcaa1cae80a6152af8b8dc762d513ea1a6ad04588de,True,,
dataset/train/Citrus pest/2025_12_20_IMG (169).JPG,2025_12_20_IMG (169).JPG,Citrus pest,train,.jpg,560,420,RGB,JPEG,1,40525,06eba7298b0da1dde8ce6dfc8eca6cb6546742fa5cca41b4ecc51f333d90b84d,True,,
dataset/train/Citrus pest/2025_12_20_IMG (172).JPG,2025_12_20_IMG (172).JPG,Citrus pest,train,.jpg,560,420,RGB,JPEG,1,56678,32ba575d8bf25b29a9bf211b6e57bb991417f886e3c8dfdba29624e566a7cdc1,True,,
dataset/train/Citrus pest/2025_12_20_IMG (174).JPG,2025_12_20_IMG (174).JPG,Citrus pest,train,.jpg,560,420,RGB,JPEG,1,43247,161dc745af3c9e3df356f8e4753888595c80b8d147c360403c189fe030c17f85,True,,
dataset/train/Citrus pest/2025_12_20_IMG (175).JPG,2025_12_20_IMG (175).JPG,Citrus pest,train,.jpg,560,420,RGB,JPEG,1,42003,8749ca89ceada87800591e1c40331a54479634326b626ea64cd4a36769e098a5,True,,
dataset/train/Citrus pest/2025_12_20_IMG (176).JPG,2025_12_20_IMG (176).JPG,Citrus pest,train,.jpg,560,420,RGB,JPEG,1,38715,159557bd9863ad443d73dd1006ea48b26b8b9970df7c3a43308899b9743f9668,True,,
dataset/train/Citrus pest/2025_12_20_IMG (177).JPG,2025_12_20_IMG (177).JPG,Citrus pest,train,.jpg,560,420,RGB,JPEG,1,36782,8dc7ed63ae76eaf306c2c30a460e7d31cadc6858866d9c8ea902bf029c4db975,True,,
dataset/train/Citrus pest/2025_12_20_IMG (178).JPG,2025_12_20_IMG (178).JPG,Citrus pest,train,.jpg,560,420,RGB,JPEG,1,43694,28568a9ef5a38ff4d2d890bdfc1aefbf956409e75a4652afdd68d4d5ee451917,True,,
dataset/train/Citrus pest/2025_12_20_IMG (18).JPG,2025_12_20_IMG (18).JPG,Citrus pest,train,.jpg,560,420,RGB,JPEG,1,39995,8cc0819cfe9a3016352f4644f1945c3a6c19597f39ff0059757eafe5681fa3db,True,,
dataset/train/Citrus pest/2025_12_20_IMG (181).JPG,2025_12_20_IMG (181).JPG,Citrus pest,train,.jpg,560,420,RGB,JPEG,1,37802,490f354c13efed0c77555786c5364b53fe0814233ba0a4ea85346256d4f4e8ca,True,,
dataset/train/Citrus pest/2025_12_20_IMG (183).JPG,2025_12_20_IMG (183).JPG,Citrus pest,train,.jpg,560,420,RGB,JPEG,1,42116,83bf93409d54bb2b53e554f825d6d4d192ea921448e68f1b6e6516e08d532beb,True,,
dataset/train/Citrus pest/2025_12_20_IMG (184).JPG,2025_12_20_IMG (184).JPG,Citrus pest,train,.jpg,560,420,RGB,JPEG,1,36302,1c943041157603237e03fb545610a94b920161d1fc1c301619fdcc38848c373d,True,,
dataset/train/Citrus pest/2025_12_20_IMG (185).JPG,2025_12_20_IMG (185).JPG,Citrus pest,train,.jpg,560,420,RGB,JPEG,1,36892,75055e42620ca2944146f6a3ad0fc6a2388b8f422ea2bca737ca2824fa4c0450,True,,
dataset/train/Citrus pest/2025_12_20_IMG (187).JPG,2025_12_20_IMG (187).JPG,Citrus pest,train,.jpg,560,420,RGB,JPEG,1,39634,da0c50de9af004a47e207db3e3120b9a9f351e2cc44c45ef332a38460736da1e,True,,
dataset/train/Citrus pest/2025_12_20_IMG (188).JPG,2025_12_20_IMG (188).JPG,Citrus pest,train,.jpg,560,420,RGB,JPEG,1,42655,b2bf5ddfc077bed807a05ad697f5b2b99fbd6f527eb5092fc060617b5577c650,True,,
dataset/train/Citrus pest/2025_12_20_IMG (189).JPG,2025_12_20_IMG (189).JPG,Citrus pest,train,.jpg,560,420,RGB,JPEG,1,45940,2d9dd0787c45112aadd1ff81f32f72638afd0a21bf2726bd6e49f69cfc189fe4,True,,
dataset/train/Citrus pest/2025_12_20_IMG (19).JPG,2025_12_20_IMG (19).JPG,Citrus pest,train,.jpg,560,420,RGB,JPEG,1,47832,e97017411cd4b561ba0e4b6d9b68fa01234eb17859175b9fdfc906a82e83b619,True,,
dataset/train/Citrus pest/2025_12_20_IMG (190).JPG,2025_12_20_IMG (190).JPG,Citrus pest,train,.jpg,560,420,RGB,JPEG,1,44961,263ca295a921495c2e16b6b677f6890b0aa9353d492b820a55bcb7141ead85a8,True,,
dataset/train/Citrus pest/2025_12_20_IMG (191).JPG,2025_12_20_IMG (191).JPG,Citrus pest,train,.jpg,560,420,RGB,JPEG,1,52427,8ce5f1dac83bbf70cca7b3987a25a2d9a724cd3304f14c04068b59410d99cc4f,True,,
dataset/train/Citrus pest/2025_12_20_IMG (192).JPG,2025_12_20_IMG (192).JPG,Citrus pest,train,.jpg,560,420,RGB,JPEG,1,52941,b69b697b5e7d7ccb5877a49ee6ea11c75d94afd5c4f98c2b2b217f399d3e5258,True,,
dataset/train/Citrus pest/2025_12_20_IMG (193).JPG,2025_12_20_IMG (193).JPG,Citrus pest,train,.jpg,560,420,RGB,JPEG,1,38450,7409257c14c8565b51b1cb81c43a4405d776ee868a7ef2e2e8146bc622eff095,True,,
dataset/train/Citrus pest/2025_12_20_IMG (194).JPG,2025_12_20_IMG (194).JPG,Citrus pest,train,.jpg,560,420,RGB,JPEG,1,35723,8bc4f7e480ccdf40adae648a408b479b0cd72ba9ad4554005c50bac8201a8f68,True,,
dataset/train/Citrus pest/2025_12_20_IMG (195).JPG,2025_12_20_IMG (195).JPG,Citrus pest,train,.jpg,560,420,RGB,JPEG,1,35942,5d4677b0e6f350020ff079ffb6208aa2d4d3068eb75ea8faf611333c98987331,True,,
dataset/train/Citrus pest/2025_12_20_IMG (197).JPG,2025_12_20_IMG (197).JPG,Citrus pest,train,.jpg,560,420,RGB,JPEG,1,39419,b51181b49ce387c4ebc97cdff08e1b4ca737d07415b223c6a0add0fb724b7505,True,,
dataset/train/Citrus pest/2025_12_20_IMG (198).JPG,2025_12_20_IMG (198).JPG,Citrus pest,train,.jpg,560,420,RGB,JPEG,1,32006,8f39117378ad109a203eb5442c6993e2ba95273b08cbbc5729570135f8738113,True,,
dataset/train/Citrus pest/2025_12_20_IMG (20).JPG,2025_12_20_IMG (20).JPG,Citrus pest,train,.jpg,560,420,RGB,JPEG,1,35842,26baf397571f9894499199cc870c3f4c9064bc75a3bc6484d4190e81c45531d1,True,,
dataset/train/Citrus pest/2025_12_20_IMG (200).JPG,2025_12_20_IMG (200).JPG,Citrus pest,train,.jpg,560,420,RGB,JPEG,1,40302,19f401d65822636fcea46d3c0277c65587d677299731a7b3d3d95bac19b0bec3,True,,
dataset/train/Citrus pest/2025_12_20_IMG (201).JPG,2025_12_20_IMG (201).JPG,Citrus pest,train,.jpg,560,420,RGB,JPEG,1,43892,a0632443d912c121918e44808984ab517f8851e8143d7f960d9b1ab8ae3779d3,True,,
dataset/train/Citrus pest/2025_12_20_IMG (202).JPG,2025_12_20_IMG (202).JPG,Citrus pest,train,.jpg,560,420,RGB,JPEG,1,43018,59f325a719339cf86f2873344268f99625b27f70986ef2b8cf6958801b346c4c,True,,
dataset/train/Citrus pest/2025_12_20_IMG (203).JPG,2025_12_20_IMG (203).JPG,Citrus pest,train,.jpg,560,420,RGB,JPEG,1,40206,adf7d1b0a5ebdc17eb3d8890f9bff2f433a9937794ce70603a94ca64f5e29196,True,,
dataset/train/Citrus pest/2025_12_20_IMG (206).JPG,2025_12_20_IMG (206).JPG,Citrus pest,train,.jpg,560,420,RGB,JPEG,1,41300,45082f76a1884c9bbd1ac63ee539b964aa1346e637045add314489dd561e4550,True,,
dataset/train/Citrus pest/2025_12_20_IMG (21).JPG,2025_12_20_IMG (21).JPG,Citrus pest,train,.jpg,560,420,RGB,JPEG,1,41242,20797fed9351b5ef726781fa39b02053e2c58ef46d2429badc97fa47fe7c1380,True,,
dataset/train/Citrus pest/2025_12_20_IMG (211).JPG,2025_12_20_IMG (211).JPG,Citrus pest,train,.jpg,560,420,RGB,JPEG,1,39871,4da59f5b7de0e5b43088601cbcda2dba05a0fa7f236270ea02d6b79d58660214,True,,
dataset/train/Citrus pest/2025_12_20_IMG (214).JPG,2025_12_20_IMG (214).JPG,Citrus pest,train,.jpg,560,420,RGB,JPEG,1,40005,7612312ded1becc4091f62a42af9cb2ed7eb84e9cd6f658f4e35d1160830c10f,True,,
dataset/train/Citrus pest/2025_12_20_IMG (216).JPG,2025_12_20_IMG (216).JPG,Citrus pest,train,.jpg,560,420,RGB,JPEG,1,39404,5845705bfb5740805f2328dfdf2f2727006df65cc82070983ca35c45d8bc44f8,True,,
dataset/train/Citrus pest/2025_12_20_IMG (217).JPG,2025_12_20_IMG (217).JPG,Citrus pest,train,.jpg,560,420,RGB,JPEG,1,40043,5877e54b5689751f94a2422ae62e86f5f01b09c63af039a494b21a7918b4bebb,True,,
dataset/train/Citrus pest/2025_12_20_IMG (218).JPG,2025_12_20_IMG (218).JPG,Citrus pest,train,.jpg,560,420,RGB,JPEG,1,36798,13dffa4bd8c34a05d663c8eeefc64f64f451a60781bfa442a28d9c480d0eeae7,True,,
dataset/train/Citrus pest/2025_12_20_IMG (219).JPG,2025_12_20_IMG (219).JPG,Citrus pest,train,.jpg,560,420,RGB,JPEG,1,38748,bcaa1b9f103c566690bc5f19c53454a830298a3364a7e1c1e40c6c15dc1734cd,True,,
dataset/train/Citrus pest/2025_12_20_IMG (22).JPG,2025_12_20_IMG (22).JPG,Citrus pest,train,.jpg,560,420,RGB,JPEG,1,46691,733d7491dc79689abe3636372d2db539ab9f86267f50e3580a7a1f462dd8e888,True,,
dataset/train/Citrus pest/2025_12_20_IMG (222).JPG,2025_12_20_IMG (222).JPG,Citrus pest,train,.jpg,560,420,RGB,JPEG,1,38480,49d42aa6a1daeafd848a5291776d4fca2708cc33199f7b989dbcecaf16d1a092,True,,
dataset/train/Citrus pest/2025_12_20_IMG (223).JPG,2025_12_20_IMG (223).JPG,Citrus pest,train,.jpg,560,420,RGB,JPEG,1,37177,6a931e17498bc9d02b97a68df80a78a73aed9863bac5bd12c628023439ca746f,True,,
dataset/train/Citrus pest/2025_12_20_IMG (224).JPG,2025_12_20_IMG (224).JPG,Citrus pest,train,.jpg,560,420,RGB,JPEG,1,40497,87ef9e09da2a3110b8eb91b2742f524956b2b8b1af4a9e9efc60db70263cb8c2,True,,
dataset/train/Citrus pest/2025_12_20_IMG (225).JPG,2025_12_20_IMG (225).JPG,Citrus pest,train,.jpg,560,420,RGB,JPEG,1,41302,117f7fe1dc83f8c29de4c99585af2eadb7bd935f96166a1142c17ccc1d267528,True,,
dataset/train/Citrus pest/2025_12_20_IMG (226).JPG,2025_12_20_IMG (226).JPG,Citrus pest,train,.jpg,560,420,RGB,JPEG,1,42863,4c35a55442e86bc1798f2aead80d0a8d5b325f94ca7aa3d68d8bd55a6ce5f99e,True,,
dataset/train/Citrus pest/2025_12_20_IMG (227).JPG,2025_12_20_IMG (227).JPG,Citrus pest,train,.jpg,560,420,RGB,JPEG,1,43512,a3016c8ed517a98179b69ac36c990f209ed626c50a3d06939997660f3e2fe2d7,True,,
dataset/train/Citrus pest/2025_12_20_IMG (228).JPG,2025_12_20_IMG (228).JPG,Citrus pest,train,.jpg,560,420,RGB,JPEG,1,49788,32ed7b4c87c3d1aef507374a3739a1f1f262e358c1f8b6aa408613219976aefd,True,,
dataset/train/Citrus pest/2025_12_20_IMG (233).JPG,2025_12_20_IMG (233).JPG,Citrus pest,train,.jpg,560,420,RGB,JPEG,1,42696,890e3c836ad870cbb2e6c59f21c4daef558e6d4ef8a55f8b66e867ead7927693,True,,
dataset/train/Citrus pest/2025_12_20_IMG (235).JPG,2025_12_20_IMG (235).JPG,Citrus pest,train,.jpg,560,420,RGB,JPEG,1,44024,3cd71ac632093584aa3ba79cf4cac78182512262bc4bb2c26a5bfc49cbc0de30,True,,
dataset/train/Citrus pest/2025_12_20_IMG (237).JPG,2025_12_20_IMG (237).JPG,Citrus pest,train,.jpg,560,420,RGB,JPEG,1,45728,64db9f31f512a7fa8a92bc5f107afa6fac4ad97c8c7cc8544bb9532ae419373b,True,,
dataset/train/Citrus pest/2025_12_20_IMG (238).JPG,2025_12_20_IMG (238).JPG,Citrus pest,train,.jpg,560,420,RGB,JPEG,1,42534,41a1568edb3637b0d4c8e0d1d836eac64c6244edb5b595d8ac68d8f8128392b2,True,,
dataset/train/Citrus pest/2025_12_20_IMG (239).JPG,2025_12_20_IMG (239).JPG,Citrus pest,train,.jpg,560,420,RGB,JPEG,1,37627,1c1f02c45a394b893bff8e15a0b38e653253a2aa45c472d95faf7b1c725b0b7a,True,,
dataset/train/Citrus pest/2025_12_20_IMG (24).JPG,2025_12_20_IMG (24).JPG,Citrus pest,train,.jpg,560,420,RGB,JPEG,1,41960,dfb1da9e8e83cb196a7dec6a92bf793557fe505e71520529da4e3525f4901c36,True,,
dataset/train/Citrus pest/2025_12_20_IMG (240).JPG,2025_12_20_IMG (240).JPG,Citrus pest,train,.jpg,560,420,RGB,JPEG,1,41906,d8b2b90fec795c2aa8a9c2051aeba3d32059b4620f2fcc94b03dc58a85eb597e,True,,
dataset/train/Citrus pest/2025_12_20_IMG (242).JPG,2025_12_20_IMG (242).JPG,Citrus pest,train,.jpg,560,420,RGB,JPEG,1,38930,3feb3615c8e3aadead68c8b7482c444389350f77263da9fe012d18cce6e48e7c,True,,
dataset/train/Citrus pest/2025_12_20_IMG (244).JPG,2025_12_20_IMG (244).JPG,Citrus pest,train,.jpg,560,420,RGB,JPEG,1,39650,1e8d24ce938de9aa72fd5659dd500271b16b69acb096fc12d557df08d924ffbf,True,,
dataset/train/Citrus pest/2025_12_20_IMG (245).JPG,2025_12_20_IMG (245).JPG,Citrus pest,train,.jpg,560,420,RGB,JPEG,1,38718,06941bfe1abe640c6e2d4deae3ea3b91a0a4b7aca9f8f0c89bcc8f3f6737dc06,True,,
dataset/train/Citrus pest/2025_12_20_IMG (246).JPG,2025_12_20_IMG (246).JPG,Citrus pest,train,.jpg,560,420,RGB,JPEG,1,38447,f7d8110456122da80c25bd508e16c5c76ed708250fc6d4e41131ca29ca6e350f,True,,
dataset/train/Citrus pest/2025_12_20_IMG (247).JPG,2025_12_20_IMG (247).JPG,Citrus pest,train,.jpg,560,420,RGB,JPEG,1,44648,5ae9c813d079d4f51d779f757424c49bfaf0819f67b13fb099557f66c2778bc1,True,,
dataset/train/Citrus pest/2025_12_20_IMG (248).JPG,2025_12_20_IMG (248).JPG,Citrus pest,train,.jpg,560,420,RGB,JPEG,1,45632,7cb666085c7a85e8fb8e9a9f1dfd80c6ce5c442215385d80cbacd75034ab019e,True,,
dataset/train/Citrus pest/2025_12_20_IMG (249).JPG,2025_12_20_IMG (249).JPG,Citrus pest,train,.jpg,560,420,RGB,JPEG,1,40714,a9a1bd29df64da90121a87f26a61bc2de6af1f2e83bc5f0cb42d74ba7791bd56,True,,
dataset/train/Citrus pest/2025_12_20_IMG (25).JPG,2025_12_20_IMG (25).JPG,Citrus pest,train,.jpg,560,420,RGB,JPEG,1,31302,fb010dde4a22560d0c584c39bfd7bc7a47ae99176204c2190dc85585588bc3ec,True,,
dataset/train/Citrus pest/2025_12_20_IMG (250).JPG,2025_12_20_IMG (250).JPG,Citrus pest,train,.jpg,560,420,RGB,JPEG,1,38767,2e31b6f0fccc3467a9c6e9920cd32815fe877113034b220adf03196622787d3b,True,,
dataset/train/Citrus pest/2025_12_20_IMG (251).JPG,2025_12_20_IMG (251).JPG,Citrus pest,train,.jpg,560,420,RGB,JPEG,1,43579,444af56dabffa2728612494d3a80428f92a64a8ac6e59085cafe34372bbca665,True,,
dataset/train/Citrus pest/2025_12_20_IMG (252).JPG,2025_12_20_IMG (252).JPG,Citrus pest,train,.jpg,560,420,RGB,JPEG,1,41406,35869082be4ab3abcf37e6e0b73515d0ab698d1fe36cdbe9e62863fb19f11fdb,True,,
dataset/train/Citrus pest/2025_12_20_IMG (254).JPG,2025_12_20_IMG (254).JPG,Citrus pest,train,.jpg,560,420,RGB,JPEG,1,48356,d7e77bdd0b1eb78c8e11083f7aabef58dc14b5e8d2650c01238306f0363b6bea,True,,
dataset/train/Citrus pest/2025_12_20_IMG (255).JPG,2025_12_20_IMG (255).JPG,Citrus pest,train,.jpg,560,420,RGB,JPEG,1,42325,226ca3e5ff89aa8c9c807d5e71a68175b23320e48cca177737b7f69f2ff184e5,True,,
dataset/train/Citrus pest/2025_12_20_IMG (256).JPG,2025_12_20_IMG (256).JPG,Citrus pest,train,.jpg,560,420,RGB,JPEG,1,38345,98bdd3f509ecd1f60139b70a36d7aa3657b4bcb0045cb89457f51d330100c53f,True,,
dataset/train/Citrus pest/2025_12_20_IMG (257).JPG,2025_12_20_IMG (257).JPG,Citrus pest,train,.jpg,560,420,RGB,JPEG,1,39271,64d515fc1e4c163cbb5f8650a1efe880cd8ad3d2e5d0f7cae79424758317051e,True,,
dataset/train/Citrus pest/2025_12_20_IMG (259).JPG,2025_12_20_IMG (259).JPG,Citrus pest,train,.jpg,560,420,RGB,JPEG,1,43437,ecb42be1d97a4ca8aacc68d8a53a63edeb24246876e4e8c3cb133e7f5febd95f,True,,
dataset/train/Citrus pest/2025_12_20_IMG (26).JPG,2025_12_20_IMG (26).JPG,Citrus pest,train,.jpg,560,420,RGB,JPEG,1,39836,050c41e785a3fd95fe401b0bf982cbf9db27705a53660300a800879d7741bc92,True,,
dataset/train/Citrus pest/2025_12_20_IMG (260).JPG,2025_12_20_IMG (260).JPG,Citrus pest,train,.jpg,560,420,RGB,JPEG,1,42751,d177e872e950640af6189244d6fbbc5d3fba75d1e29f5dd78d7529a1a818f029,True,,
dataset/train/Citrus pest/2025_12_20_IMG (261).JPG,2025_12_20_IMG (261).JPG,Citrus pest,train,.jpg,560,420,RGB,JPEG,1,43384,dc6a19b7130371159b89c5fc70d952141ae27b89113bc5c7bde066126d8c7442,True,,
dataset/train/Citrus pest/2025_12_20_IMG (262).JPG,2025_12_20_IMG (262).JPG,Citrus pest,train,.jpg,560,420,RGB,JPEG,1,44584,414c7fbd6a6619ffaedf20de93d99824313de8b4ae248fd20306681b565e4f21,True,,
dataset/train/Citrus pest/2025_12_20_IMG (264).JPG,2025_12_20_IMG (264).JPG,Citrus pest,train,.jpg,560,420,RGB,JPEG,1,40523,e8a856efd09f94d96bcf9f034f432dd6911bbbf15fb1d62ea28ab634943ba7ac,True,,
dataset/train/Citrus pest/2025_12_20_IMG (266).JPG,2025_12_20_IMG (266).JPG,Citrus pest,train,.jpg,560,420,RGB,JPEG,1,39154,05b2986e7d605e4fb8bf40add32544a527860897f16d3dbd4ad9692ee83df83d,True,,
dataset/train/Citrus pest/2025_12_20_IMG (268).JPG,2025_12_20_IMG (268).JPG,Citrus pest,train,.jpg,560,420,RGB,JPEG,1,42746,39341f903c7712a53c3413b1b91703e359ea171cff441c24bed6b55c502c66db,True,,
dataset/train/Citrus pest/2025_12_20_IMG (269).JPG,2025_12_20_IMG (269).JPG,Citrus pest,train,.jpg,560,420,RGB,JPEG,1,41806,49af53767f6c9b2419f2a20f07ae4fc411777120ce3f6f8c84f68bc392579883,True,,
dataset/train/Citrus pest/2025_12_20_IMG (27).JPG,2025_12_20_IMG (27).JPG,Citrus pest,train,.jpg,560,420,RGB,JPEG,1,26860,587d34f720bb88b2ec3bde35507acf783325eed15a02b9a2205ff32c514de099,True,,
dataset/train/Citrus pest/2025_12_20_IMG (270).JPG,2025_12_20_IMG (270).JPG,Citrus pest,train,.jpg,560,420,RGB,JPEG,1,44306,f4f49231f0991b80f7d4bb3f7530ad18fd6b42ccc7fefbe76f25c6b75c5d5dce,True,,
dataset/train/Citrus pest/2025_12_20_IMG (272).JPG,2025_12_20_IMG (272).JPG,Citrus pest,train,.jpg,560,420,RGB,JPEG,1,35470,d4a6fb22280fcd4a3712c40a1a456d3f6e2915ad0df168e57830df75a4c5582c,True,,
dataset/train/Citrus pest/2025_12_20_IMG (274).JPG,2025_12_20_IMG (274).JPG,Citrus pest,train,.jpg,560,420,RGB,JPEG,1,41324,330aa1f9e33b08c2cf45d7c4253d2622543a1d0c2b4f424991e9ec3f1a30e674,True,,
dataset/train/Citrus pest/2025_12_20_IMG (277).JPG,2025_12_20_IMG (277).JPG,Citrus pest,train,.jpg,560,420,RGB,JPEG,1,30251,529f6a56fe1a857242b755f0fa453135f0c7f3d4b05dab844dfb05087500e63e,True,,
dataset/train/Citrus pest/2025_12_20_IMG (278).JPG,2025_12_20_IMG (278).JPG,Citrus pest,train,.jpg,560,420,RGB,JPEG,1,29289,8ba70354e68ce07987eb7515903b01cabc4aae09aff6935b2ecec97937a28d67,True,,
dataset/train/Citrus pest/2025_12_20_IMG (28).JPG,2025_12_20_IMG (28).JPG,Citrus pest,train,.jpg,560,420,RGB,JPEG,1,39816,a817ed398063260f35f71fb4bfd6a84ff955a9daf16b2d37112550b7cad7bd1d,True,,
dataset/train/Citrus pest/2025_12_20_IMG (280).JPG,2025_12_20_IMG (280).JPG,Citrus pest,train,.jpg,560,420,RGB,JPEG,1,32254,cdea33cb222e2d69f07a9c68b2f1d9c55af0b40a57ab6dc5e3b84af5bf8d8334,True,,
dataset/train/Citrus pest/2025_12_20_IMG (281).JPG,2025_12_20_IMG (281).JPG,Citrus pest,train,.jpg,560,420,RGB,JPEG,1,32179,68ff181b458181419c9d6b0f8ef103b3ad6759a370fe74deb5309cd4dc1e5c6c,True,,
dataset/train/Citrus pest/2025_12_20_IMG (284).JPG,2025_12_20_IMG (284).JPG,Citrus pest,train,.jpg,560,420,RGB,JPEG,1,40311,903c332ecc24ff05bcae7f5d4b7350ccbeb649f98bd0cf1299171314463f33a1,True,,
dataset/train/Citrus pest/2025_12_20_IMG (285).JPG,2025_12_20_IMG (285).JPG,Citrus pest,train,.jpg,560,420,RGB,JPEG,1,37305,15fdcbeb6b80dd3821aa710334745436df4c887db84296238057b9c4d8659497,True,,
dataset/train/Citrus pest/2025_12_20_IMG (286).JPG,2025_12_20_IMG (286).JPG,Citrus pest,train,.jpg,560,420,RGB,JPEG,1,38646,40d2ead7f51c7e7b6a5622cc649e9fa972564f841630851fe625959045ee12b8,True,,
dataset/train/Citrus pest/2025_12_20_IMG (287).JPG,2025_12_20_IMG (287).JPG,Citrus pest,train,.jpg,560,420,RGB,JPEG,1,38281,2fa885af4c85b92dfc149d24635cdae052d33a0aea79cea51e78d70b2a979245,True,,
dataset/train/Citrus pest/2025_12_20_IMG (288).JPG,2025_12_20_IMG (288).JPG,Citrus pest,train,.jpg,560,420,RGB,JPEG,1,29567,b2f75472cdc1d9c450ac0ba5ffe4a5a204a3cea5eeb75fc700134648b7fa14ef,True,,
dataset/train/Citrus pest/2025_12_20_IMG (289).JPG,2025_12_20_IMG (289).JPG,Citrus pest,train,.jpg,560,420,RGB,JPEG,1,41457,7d8ff63c56095847de1ee1501d724895ab8714438b43bcd01871e5daf11f1524,True,,
dataset/train/Citrus pest/2025_12_20_IMG (29).JPG,2025_12_20_IMG (29).JPG,Citrus pest,train,.jpg,560,420,RGB,JPEG,1,46891,e26c6677690743bbb3c909f71f2e717f28f766fca131c1216997906054b05348,True,,
dataset/train/Citrus pest/2025_12_20_IMG (291).JPG,2025_12_20_IMG (291).JPG,Citrus pest,train,.jpg,560,420,RGB,JPEG,1,37330,30738c0b29d8db10a4ec6422d7902453784a76ed83044c4c97d7d8a85c59e806,True,,
dataset/train/Citrus pest/2025_12_20_IMG (294).JPG,2025_12_20_IMG (294).JPG,Citrus pest,train,.jpg,560,420,RGB,JPEG,1,38898,79b93bb8b67821676afc3e5abd868425419ced55396e2e46da038a76fc053991,True,,
dataset/train/Citrus pest/2025_12_20_IMG (295).JPG,2025_12_20_IMG (295).JPG,Citrus pest,train,.jpg,560,420,RGB,JPEG,1,35966,017d47e580c21fca0417858adb5d6a9a5e7d83f9d49da1bb544f3c5defa18226,True,,
dataset/train/Citrus pest/2025_12_20_IMG (296).JPG,2025_12_20_IMG (296).JPG,Citrus pest,train,.jpg,560,420,RGB,JPEG,1,40380,c7d0a98242e4e25021ec940fd6c54283b084a7b74782f488b574285650130b0f,True,,
dataset/train/Citrus pest/2025_12_20_IMG (297).JPG,2025_12_20_IMG (297).JPG,Citrus pest,train,.jpg,560,420,RGB,JPEG,1,42858,53e23329438918f0360140bbb63db51f2fda2bc6099f0203ab9f54189525411c,True,,
dataset/train/Citrus pest/2025_12_20_IMG (298).JPG,2025_12_20_IMG (298).JPG,Citrus pest,train,.jpg,560,420,RGB,JPEG,1,41276,675d55d6e9a246a0c186119cfee048a60f20d1f8fc1f61b24bce60a7d150c2e9,True,,
dataset/train/Citrus pest/2025_12_20_IMG (299).JPG,2025_12_20_IMG (299).JPG,Citrus pest,train,.jpg,560,420,RGB,JPEG,1,41789,60501615af7c14f26f263909a48e70780928df890d8f9f23e78f9d87eb465b21,True,,
dataset/train/Citrus pest/2025_12_20_IMG (30).JPG,2025_12_20_IMG (30).JPG,Citrus pest,train,.jpg,560,420,RGB,JPEG,1,44725,93a32c75cfdb759ffaaa67c8945a6a61e51177316d59bfc07fea894d1db707c3,True,,
dataset/train/Citrus pest/2025_12_20_IMG (300).JPG,2025_12_20_IMG (300).JPG,Citrus pest,train,.jpg,560,420,RGB,JPEG,1,40350,935759ab1b2beb162a308b7ed58f17e62600211b9189df49c11a5ccf5d7b640a,True,,
dataset/train/Citrus pest/2025_12_20_IMG (302).JPG,2025_12_20_IMG (302).JPG,Citrus pest,train,.jpg,560,420,RGB,JPEG,1,41735,e6dc6b950416d390e405a801ef047c3111d74c95c7f3da05b039e397b5bc897e,True,,
dataset/train/Citrus pest/2025_12_20_IMG (304).JPG,2025_12_20_IMG (304).JPG,Citrus pest,train,.jpg,560,420,RGB,JPEG,1,32211,3d79e876fb593fbdbec240443146c770bcc8fca625c5a6aed24113e8c49cb3e1,True,,
dataset/train/Citrus pest/2025_12_20_IMG (305).JPG,2025_12_20_IMG (305).JPG,Citrus pest,train,.jpg,560,420,RGB,JPEG,1,30623,dfc0c26be0b2f7bdf72aa6845980562930c7d38d7a6884d80b56f0fb76d69308,True,,
dataset/train/Citrus pest/2025_12_20_IMG (307).JPG,2025_12_20_IMG (307).JPG,Citrus pest,train,.jpg,560,420,RGB,JPEG,1,31201,48b881ee7dc35395b154a14cb43cc813e9d656b24b5b4ab97c379186b525ea71,True,,
dataset/train/Citrus pest/2025_12_20_IMG (308).JPG,2025_12_20_IMG (308).JPG,Citrus pest,train,.jpg,560,420,RGB,JPEG,1,34309,274bf264ec0ebcb1cece13c1a932ffa68e95543682d9802eca452528354c806c,True,,
dataset/train/Citrus pest/2025_12_20_IMG (309).JPG,2025_12_20_IMG (309).JPG,Citrus pest,train,.jpg,560,420,RGB,JPEG,1,31765,3278391eed11624314c40ad99ecb87ff4fbe1bdb039d87128f88b507f55e8e52,True,,
dataset/train/Citrus pest/2025_12_20_IMG (31).JPG,2025_12_20_IMG (31).JPG,Citrus pest,train,.jpg,560,420,RGB,JPEG,1,49548,88f9639152c8b900f8a5f2b301492f56dea720fc93ab6b0a62537b366139041c,True,,
dataset/train/Citrus pest/2025_12_20_IMG (310).JPG,2025_12_20_IMG (310).JPG,Citrus pest,train,.jpg,560,420,RGB,JPEG,1,27517,107ae089faf28f9c268a9f94922ade1749daa675074b5053c3365ba9d4d4f23d,True,,
dataset/train/Citrus pest/2025_12_20_IMG (311).JPG,2025_12_20_IMG (311).JPG,Citrus pest,train,.jpg,560,420,RGB,JPEG,1,31762,e8f6a5d9bcda59ad0387fda0d29cc3d977e3b0e55fb320edb57f06e1a745b68c,True,,
dataset/train/Citrus pest/2025_12_20_IMG (312).JPG,2025_12_20_IMG (312).JPG,Citrus pest,train,.jpg,560,420,RGB,JPEG,1,29110,7644afeeac68a3234710eb94532978d353cf0bebfcf741b57a82da399b27262b,True,,
dataset/train/Citrus pest/2025_12_20_IMG (313).JPG,2025_12_20_IMG (313).JPG,Citrus pest,train,.jpg,560,420,RGB,JPEG,1,28018,af1499e676b6317b505a99a878d087897077dfbceb3f8d3d9cd192164252fdd6,True,,
dataset/train/Citrus pest/2025_12_20_IMG (314).JPG,2025_12_20_IMG (314).JPG,Citrus pest,train,.jpg,560,420,RGB,JPEG,1,30239,99b332b71361e194b951e5c9829594126489819000eda530f71c13d2bc7607a4,True,,
dataset/train/Citrus pest/2025_12_20_IMG (316).JPG,2025_12_20_IMG (316).JPG,Citrus pest,train,.jpg,560,420,RGB,JPEG,1,31231,08f5760fd76fadf8aa4dd9b32d90e03f461d901b830b97d1accbcc59a0a5a2a5,True,,
dataset/train/Citrus pest/2025_12_20_IMG (317).JPG,2025_12_20_IMG (317).JPG,Citrus pest,train,.jpg,560,420,RGB,JPEG,1,39326,8b953eba156f3628a74604e783b89505583c306c1af0cb75bfd537aa481045a2,True,,
dataset/train/Citrus pest/2025_12_20_IMG (319).JPG,2025_12_20_IMG (319).JPG,Citrus pest,train,.jpg,560,420,RGB,JPEG,1,41230,1e313129e7380ee27692d7b11f61384411391d066ee89c5472c78df362022840,True,,
dataset/train/Citrus pest/2025_12_20_IMG (322).JPG,2025_12_20_IMG (322).JPG,Citrus pest,train,.jpg,560,420,RGB,JPEG,1,42378,be9410982c8eb40d1f8876664e2d67abb88a359625998683856aa6ac0fe9c68d,True,,
dataset/train/Citrus pest/2025_12_20_IMG (323).JPG,2025_12_20_IMG (323).JPG,Citrus pest,train,.jpg,560,420,RGB,JPEG,1,32719,98b4278cf32917e6c7c6702ec404f2188613f15da87fd383aaf5e427347a5a34,True,,
dataset/train/Citrus pest/2025_12_20_IMG (324).JPG,2025_12_20_IMG (324).JPG,Citrus pest,train,.jpg,560,420,RGB,JPEG,1,30341,884a7b8bd7b958b7efff90fecd3df9d1a8fc429aa1c8a5d7ca0970ec03785bf8,True,,
dataset/train/Citrus pest/2025_12_20_IMG (325).JPG,2025_12_20_IMG (325).JPG,Citrus pest,train,.jpg,560,420,RGB,JPEG,1,29089,b36b7e91ffaa71b06c874e3ee3929828a08eaaae0dc561337e628db151b305ea,True,,
dataset/train/Citrus pest/2025_12_20_IMG (326).JPG,2025_12_20_IMG (326).JPG,Citrus pest,train,.jpg,560,420,RGB,JPEG,1,31113,b279d71fb0ec8ca5a7d7f9fa6ca18f40b1b991c10cf03fb161c3254e69795918,True,,
dataset/train/Citrus pest/2025_12_20_IMG (327).JPG,2025_12_20_IMG (327).JPG,Citrus pest,train,.jpg,560,420,RGB,JPEG,1,40465,c24d60469164c018bba5fbeaf60c2370aebaf2b2a13328cd39f7efa77e3c3588,True,,
dataset/train/Citrus pest/2025_12_20_IMG (328).JPG,2025_12_20_IMG (328).JPG,Citrus pest,train,.jpg,560,420,RGB,JPEG,1,40244,e2b41712539d302f6d5c4bc3f42962a158cffe002dd4a38d45493ff1763b92bc,True,,
dataset/train/Citrus pest/2025_12_20_IMG (329).JPG,2025_12_20_IMG (329).JPG,Citrus pest,train,.jpg,560,420,RGB,JPEG,1,43408,04be503e7efd2f73bbd64c56d898f9501b21898a95bf6ab0b0d49afd069cd83e,True,,
dataset/train/Citrus pest/2025_12_20_IMG (33).JPG,2025_12_20_IMG (33).JPG,Citrus pest,train,.jpg,560,420,RGB,JPEG,1,46726,d0f0b540e1a684095de7dfc1dcf1d23bc765dc65b9017c0bf8dc19618dd6eb7c,True,,
dataset/train/Citrus pest/2025_12_20_IMG (330).JPG,2025_12_20_IMG (330).JPG,Citrus pest,train,.jpg,560,420,RGB,JPEG,1,30197,63c42805fab8a9c65b79ee89a9e0f3fcdeb60a7e5705c14d9d48614006eba68b,True,,
dataset/train/Citrus pest/2025_12_20_IMG (331).JPG,2025_12_20_IMG (331).JPG,Citrus pest,train,.jpg,560,420,RGB,JPEG,1,31409,1cc16c8c9dedcadc5ce2adda287ced1e7d2063d65e21a9b64f93783510774261,True,,
dataset/train/Citrus pest/2025_12_20_IMG (332).JPG,2025_12_20_IMG (332).JPG,Citrus pest,train,.jpg,560,420,RGB,JPEG,1,38532,185c8cff7c3c8d41f4489259622bc3ea4f0dff8ffd103903f30d6d323b9782c1,True,,
dataset/train/Citrus pest/2025_12_20_IMG (333).JPG,2025_12_20_IMG (333).JPG,Citrus pest,train,.jpg,560,420,RGB,JPEG,1,38026,5add6178367ca6d411062805f2dd7bbf1dc5d46f8f874b641b7a39b87daca8d1,True,,
dataset/train/Citrus pest/2025_12_20_IMG (334).JPG,2025_12_20_IMG (334).JPG,Citrus pest,train,.jpg,560,420,RGB,JPEG,1,40605,6cd18073f00ac3d2f200050f9de5d19aa5dea5b78e764fde5f3c2e005abf24d1,True,,
dataset/train/Citrus pest/2025_12_20_IMG (335).JPG,2025_12_20_IMG (335).JPG,Citrus pest,train,.jpg,560,420,RGB,JPEG,1,39888,3b2e93400c0bc70ad0f89771858ceb649da17bb21eca7ba3f1cdfb2c54be7b3b,True,,
dataset/train/Citrus pest/2025_12_20_IMG (337).JPG,2025_12_20_IMG (337).JPG,Citrus pest,train,.jpg,560,420,RGB,JPEG,1,38136,aadafd1047814361d6ee57f3960a7d66ad3b48e5e2067800d5a7b692a006aae8,True,,
dataset/train/Citrus pest/2025_12_20_IMG (338).JPG,2025_12_20_IMG (338).JPG,Citrus pest,train,.jpg,560,420,RGB,JPEG,1,39223,3d1891b37200c0b3d47d9b07d6a5dbc860a8796589c9d8b3b039fc52b157223b,True,,
dataset/train/Citrus pest/2025_12_20_IMG (34).JPG,2025_12_20_IMG (34).JPG,Citrus pest,train,.jpg,560,420,RGB,JPEG,1,46894,5d54ffd54e1243cdc149ae0b4b7c8a52e46d3fae81e28dda67d0fa4bfaad2e2c,True,,
dataset/train/Citrus pest/2025_12_20_IMG (340).JPG,2025_12_20_IMG (340).JPG,Citrus pest,train,.jpg,560,420,RGB,JPEG,1,29646,51312db1118d89c58991ddbeb31e304c921557cfa41c9e5f76c5b3fd8ed7144e,True,,
dataset/train/Citrus pest/2025_12_20_IMG (342).JPG,2025_12_20_IMG (342).JPG,Citrus pest,train,.jpg,560,420,RGB,JPEG,1,42572,e7a4d1b8984f5957879856ac0b2ccfc17f7c63acf5998fc35ce3b8ed563967df,True,,
dataset/train/Citrus pest/2025_12_20_IMG (344).JPG,2025_12_20_IMG (344).JPG,Citrus pest,train,.jpg,560,420,RGB,JPEG,1,42791,68fc7733d901d1ea3bb89eaa090aac80cfc1b76a355c9fe9f27f0ea2a8edcf19,True,,
dataset/train/Citrus pest/2025_12_20_IMG (345).JPG,2025_12_20_IMG (345).JPG,Citrus pest,train,.jpg,560,420,RGB,JPEG,1,37280,2eee2b20495ecfaa7e19caa81e0fb5dbeaa0e442a718a79102e781d30f819d85,True,,
dataset/train/Citrus pest/2025_12_20_IMG (346).JPG,2025_12_20_IMG (346).JPG,Citrus pest,train,.jpg,560,420,RGB,JPEG,1,39883,4690b4997e471f8f55bf791a7158ee4cded5a9421e4f3469736147afadf9e6a9,True,,
dataset/train/Citrus pest/2025_12_20_IMG (347).JPG,2025_12_20_IMG (347).JPG,Citrus pest,train,.jpg,560,420,RGB,JPEG,1,41636,02a8bdd48bc148aa5bb9a7e65068ab11d177667f534eb951b059f401d3d2c3b6,True,,
dataset/train/Citrus pest/2025_12_20_IMG (348).JPG,2025_12_20_IMG (348).JPG,Citrus pest,train,.jpg,560,420,RGB,JPEG,1,40994,ab8e05479122a4321572e258b079e5b052a322fc696467e58ac9bcf46143b07d,True,,
dataset/train/Citrus pest/2025_12_20_IMG (349).JPG,2025_12_20_IMG (349).JPG,Citrus pest,train,.jpg,560,420,RGB,JPEG,1,36573,f951f75a340362d5d94e776ea633dcb7ca3eada31fd982bf9f6f46874062df3a,True,,
dataset/train/Citrus pest/2025_12_20_IMG (35).JPG,2025_12_20_IMG (35).JPG,Citrus pest,train,.jpg,560,420,RGB,JPEG,1,46805,851ef300677d1ecb5a682d8601887ed7cf12bfb4b9f7ad78073d2c3a87d7c97e,True,,
dataset/train/Citrus pest/2025_12_20_IMG (350).JPG,2025_12_20_IMG (350).JPG,Citrus pest,train,.jpg,560,420,RGB,JPEG,1,34231,8169e673eb813a9defd58a2df4a3007b349d02bfc1cb146c02ed850e7160a6cc,True,,
dataset/train/Citrus pest/2025_12_20_IMG (351).JPG,2025_12_20_IMG (351).JPG,Citrus pest,train,.jpg,560,420,RGB,JPEG,1,35357,6e98f20590776778b5a20ace08ad2513ac418e0f4274997a5356a306dcf28e79,True,,
dataset/train/Citrus pest/2025_12_20_IMG (352).JPG,2025_12_20_IMG (352).JPG,Citrus pest,train,.jpg,560,420,RGB,JPEG,1,46479,ab78c3a3ae8c4075c5c837ea5a0abcdceeccb00c9159b15489418a4fc50c875f,True,,
dataset/train/Citrus pest/2025_12_20_IMG (353).JPG,2025_12_20_IMG (353).JPG,Citrus pest,train,.jpg,560,420,RGB,JPEG,1,38760,bfc52683dbc3131f3d2d7ba5bc993b73e25ca7cd743ca3c390afafebd62e41ba,True,,
dataset/train/Citrus pest/2025_12_20_IMG (354).JPG,2025_12_20_IMG (354).JPG,Citrus pest,train,.jpg,560,420,RGB,JPEG,1,39576,fa8a59b70a97eafd2bc327a0fe28ca006a95feb47d99f662db4e7d5be4f3b668,True,,
dataset/train/Citrus pest/2025_12_20_IMG (358).JPG,2025_12_20_IMG (358).JPG,Citrus pest,train,.jpg,560,420,RGB,JPEG,1,42535,788833c4ab59167956900e41d94f66995c121549d79f425ba0a402e52b5aa031,True,,
dataset/train/Citrus pest/2025_12_20_IMG (359).JPG,2025_12_20_IMG (359).JPG,Citrus pest,train,.jpg,560,420,RGB,JPEG,1,42423,d7e998cc235632a8f0b4912a9df913337997d3a8081f9e4b8fbf838079c29293,True,,
dataset/train/Citrus pest/2025_12_20_IMG (36).JPG,2025_12_20_IMG (36).JPG,Citrus pest,train,.jpg,560,420,RGB,JPEG,1,47277,9b1dcbd771293d8cfbd662a0322c364e7f6c0b0110a631386ba9ba7bdb730470,True,,
dataset/train/Citrus pest/2025_12_20_IMG (361).JPG,2025_12_20_IMG (361).JPG,Citrus pest,train,.jpg,560,420,RGB,JPEG,1,34775,3cd57092369083de432ddc0bff56e85033254f3912c7f6ce1cde7d7da50d46e2,True,,
dataset/train/Citrus pest/2025_12_20_IMG (362).JPG,2025_12_20_IMG (362).JPG,Citrus pest,train,.jpg,560,420,RGB,JPEG,1,34978,86ae4fca9186ef109e722b02ce41f028a624341778b24aa5372e68605a9802cd,True,,
dataset/train/Citrus pest/2025_12_20_IMG (364).JPG,2025_12_20_IMG (364).JPG,Citrus pest,train,.jpg,560,420,RGB,JPEG,1,42282,ea691bdbc7d5ff7ad1db88b09f3e55a76e85319481a3356007ba72071649d0e8,True,,
dataset/train/Citrus pest/2025_12_20_IMG (365).JPG,2025_12_20_IMG (365).JPG,Citrus pest,train,.jpg,560,420,RGB,JPEG,1,31303,ee77acc196e9572a9d72d44e7860f1b23273291b8752ecdcdea9e046db147eb7,True,,
dataset/train/Citrus pest/2025_12_20_IMG (367).JPG,2025_12_20_IMG (367).JPG,Citrus pest,train,.jpg,560,420,RGB,JPEG,1,27902,920d2d09135753c84590a0b98b01e7d874f5cbaaadca1619b5fbe5cf9991ddb1,True,,
dataset/train/Citrus pest/2025_12_20_IMG (369).JPG,2025_12_20_IMG (369).JPG,Citrus pest,train,.jpg,560,420,RGB,JPEG,1,30952,25ab626bfefc736595c9e936e62a01bb10b280e944f16899395c2d5006f0bfb1,True,,
dataset/train/Citrus pest/2025_12_20_IMG (37).JPG,2025_12_20_IMG (37).JPG,Citrus pest,train,.jpg,560,420,RGB,JPEG,1,48641,fd3fbf5266d066449f052392f9c7d3f6bbcb4753e20ceddbed3fcefec49ec5c9,True,,
dataset/train/Citrus pest/2025_12_20_IMG (371).JPG,2025_12_20_IMG (371).JPG,Citrus pest,train,.jpg,560,420,RGB,JPEG,1,33479,5036e539549d15b31c5801ac4428b065606eeeabf6f56e49d93059d21d6369f0,True,,
dataset/train/Citrus pest/2025_12_20_IMG (372).JPG,2025_12_20_IMG (372).JPG,Citrus pest,train,.jpg,560,420,RGB,JPEG,1,32298,fb633db865db8592e84560e0097bd0265e94b012184ed13a638d7fd8541252ca,True,,
dataset/train/Citrus pest/2025_12_20_IMG (374).JPG,2025_12_20_IMG (374).JPG,Citrus pest,train,.jpg,560,420,RGB,JPEG,1,35635,4a9baad7bb16668f876b35558b63064cca84159a47849e5d47bc0733fbaaf871,True,,
dataset/train/Citrus pest/2025_12_20_IMG (376).JPG,2025_12_20_IMG (376).JPG,Citrus pest,train,.jpg,560,420,RGB,JPEG,1,28585,ecf1c7b59aaea7fa69fa5c9d7092003a09f7b84f3a67bf1d5229bdafeb504307,True,,
dataset/train/Citrus pest/2025_12_20_IMG (378).JPG,2025_12_20_IMG (378).JPG,Citrus pest,train,.jpg,560,420,RGB,JPEG,1,37193,61b0e6a3c3335826985153553388e78c4aa9dd0df7d78ca631b7584596a38b67,True,,
dataset/train/Citrus pest/2025_12_20_IMG (379).JPG,2025_12_20_IMG (379).JPG,Citrus pest,train,.jpg,560,420,RGB,JPEG,1,42376,5ee69ca1be7b5b58800b24137a395f6be785f64b9f085f58c0d5aff47df274e3,True,,
dataset/train/Citrus pest/2025_12_20_IMG (38).JPG,2025_12_20_IMG (38).JPG,Citrus pest,train,.jpg,560,420,RGB,JPEG,1,42101,a10373c7861018a7b1955886257174ca7da8c523a2c55a9699f3c77fe397f58c,True,,
dataset/train/Citrus pest/2025_12_20_IMG (382).JPG,2025_12_20_IMG (382).JPG,Citrus pest,train,.jpg,560,420,RGB,JPEG,1,35783,4c9b1d5260e02573baed99afd56dec82d65dac5fbc498865cc0b3cf17e9d3bef,True,,
dataset/train/Citrus pest/2025_12_20_IMG (383).JPG,2025_12_20_IMG (383).JPG,Citrus pest,train,.jpg,560,420,RGB,JPEG,1,33810,ed240a76fa9ea708a000d0795f5fbdf48b62b5940dca3485562992a4885b2826,True,,
dataset/train/Citrus pest/2025_12_20_IMG (384).JPG,2025_12_20_IMG (384).JPG,Citrus pest,train,.jpg,560,420,RGB,JPEG,1,41184,d8430a1e8625b3a9360baee230eedfd5653643d9bf42903a31cdc9ce6dc66be9,True,,
dataset/train/Citrus pest/2025_12_20_IMG (385).JPG,2025_12_20_IMG (385).JPG,Citrus pest,train,.jpg,560,420,RGB,JPEG,1,42273,54067a30b727855f98c9ac6bccfcc23981c0c1bad142e3e9d8a8c921da88754e,True,,
dataset/train/Citrus pest/2025_12_20_IMG (386).JPG,2025_12_20_IMG (386).JPG,Citrus pest,train,.jpg,560,420,RGB,JPEG,1,39382,f8a9abf588f249d36a878201a3ad6f47f097ce679be87717f5992063fb68e508,True,,
dataset/train/Citrus pest/2025_12_20_IMG (389).JPG,2025_12_20_IMG (389).JPG,Citrus pest,train,.jpg,560,420,RGB,JPEG,1,35100,fc6b7b8b78b415b16d10e3d0d262e654377872b5811a051d691c281757109ff5,True,,
dataset/train/Citrus pest/2025_12_20_IMG (39).JPG,2025_12_20_IMG (39).JPG,Citrus pest,train,.jpg,560,420,RGB,JPEG,1,32993,6f799db368d2c004ce9fdee7aec04acf51a49757b9ff42892d3d3b74a5abb5e7,True,,
dataset/train/Citrus pest/2025_12_20_IMG (390).JPG,2025_12_20_IMG (390).JPG,Citrus pest,train,.jpg,560,420,RGB,JPEG,1,32036,4ad489f36b595066aa1b86c1fc1e5625cc01a6e1dd2df51c750725a18da96f2c,True,,
dataset/train/Citrus pest/2025_12_20_IMG (391).JPG,2025_12_20_IMG (391).JPG,Citrus pest,train,.jpg,560,420,RGB,JPEG,1,31232,5c6192755b09221e21a7ef4f602f00d22a698c82deba439b7177de69d26b3b08,True,,
dataset/train/Citrus pest/2025_12_20_IMG (392).JPG,2025_12_20_IMG (392).JPG,Citrus pest,train,.jpg,560,420,RGB,JPEG,1,31577,33573cc376568e73c3cf2fb89c0a9c546ae97b30bd32fa01d8961e98deb762f6,True,,
dataset/train/Citrus pest/2025_12_20_IMG (393).JPG,2025_12_20_IMG (393).JPG,Citrus pest,train,.jpg,560,420,RGB,JPEG,1,42272,861b29878fd99923920ef7ddd244862c8a2cc2969227e889ae17ca300a7dac99,True,,
dataset/train/Citrus pest/2025_12_20_IMG (395).JPG,2025_12_20_IMG (395).JPG,Citrus pest,train,.jpg,560,420,RGB,JPEG,1,27794,148c089e0389e5cd95b05196862c696dc0621402de7137d9b5705aa5c0718aa9,True,,
dataset/train/Citrus pest/2025_12_20_IMG (396).JPG,2025_12_20_IMG (396).JPG,Citrus pest,train,.jpg,560,420,RGB,JPEG,1,44193,e79342e52f2c82c7c1843746abcb548aef80d34020a28b0e62a98cd4539597a8,True,,
dataset/train/Citrus pest/2025_12_20_IMG (397).JPG,2025_12_20_IMG (397).JPG,Citrus pest,train,.jpg,560,420,RGB,JPEG,1,46093,29f2fdce061a19d2ef1ddf87fe4a53950fd38256fe73c7363c5f922ec2d8036d,True,,
dataset/train/Citrus pest/2025_12_20_IMG (40).JPG,2025_12_20_IMG (40).JPG,Citrus pest,train,.jpg,560,420,RGB,JPEG,1,35315,72570e61a14c2738b1f6d955eee8511f0bacef9c8cf6c64ec78b6c09b7e7f91d,True,,
dataset/train/Citrus pest/2025_12_20_IMG (400).JPG,2025_12_20_IMG (400).JPG,Citrus pest,train,.jpg,560,420,RGB,JPEG,1,40576,26eabe2845098e8c1a1718f123cf0bed58f5f1be24b1589751a76701fcee4111,True,,
dataset/train/Citrus pest/2025_12_20_IMG (401).JPG,2025_12_20_IMG (401).JPG,Citrus pest,train,.jpg,560,420,RGB,JPEG,1,40758,77f716cd68cb8d88194e04f0db3c80beac85883c47ca37cfb66afe75ba387e19,True,,
dataset/train/Citrus pest/2025_12_20_IMG (402).JPG,2025_12_20_IMG (402).JPG,Citrus pest,train,.jpg,560,420,RGB,JPEG,1,41528,b2aeb8abc4dacce5bdb83cc029c3c86f3cf9cfa0c17b2522cb69c713a32acb63,True,,
dataset/train/Citrus pest/2025_12_20_IMG (403).JPG,2025_12_20_IMG (403).JPG,Citrus pest,train,.jpg,560,420,RGB,JPEG,1,41863,c37f8c79aef9e0ab4a0cb4c053370d400d9cc09a0f9807c63ec7eac3907cfd12,True,,
dataset/train/Citrus pest/2025_12_20_IMG (405).JPG,2025_12_20_IMG (405).JPG,Citrus pest,train,.jpg,560,420,RGB,JPEG,1,42177,6fec1d35c398e378abe8e37e7d204d3686c13b2cc22688dedfb9c317681510dd,True,,
dataset/train/Citrus pest/2025_12_20_IMG (406).JPG,2025_12_20_IMG (406).JPG,Citrus pest,train,.jpg,560,420,RGB,JPEG,1,31315,de010407d8c677293684f77465fbd6afbdd23c802875972e94b7c552ec00622d,True,,
dataset/train/Citrus pest/2025_12_20_IMG (43).JPG,2025_12_20_IMG (43).JPG,Citrus pest,train,.jpg,560,420,RGB,JPEG,1,36457,a2452d92631f1048249f8af4c9f054e47dbe06afeb6504a1d1f7a395eec8ce14,True,,
dataset/train/Citrus pest/2025_12_20_IMG (44).JPG,2025_12_20_IMG (44).JPG,Citrus pest,train,.jpg,560,420,RGB,JPEG,1,34159,975cbc0fd2cbb5299847cff982978d9f65774cec172ab4c6bc32f5c6b0928d03,True,,
dataset/train/Citrus pest/2025_12_20_IMG (46).JPG,2025_12_20_IMG (46).JPG,Citrus pest,train,.jpg,560,420,RGB,JPEG,1,37570,98addba40cd7a169a9e7adc326db0531ff28ae5102b028dab6078a576c3c5b6b,True,,
dataset/train/Citrus pest/2025_12_20_IMG (47).JPG,2025_12_20_IMG (47).JPG,Citrus pest,train,.jpg,560,420,RGB,JPEG,1,42141,e0b9d81f7d19d6b832c22ca157b372fbb28a7f1686e1a8d3e5adb1f128b1ff5c,True,,
dataset/train/Citrus pest/2025_12_20_IMG (48).JPG,2025_12_20_IMG (48).JPG,Citrus pest,train,.jpg,560,420,RGB,JPEG,1,33518,b57587de41bd606ebe92133892d2223c0fa815404940352ea2ff3fc65beef531,True,,
dataset/train/Citrus pest/2025_12_20_IMG (49).JPG,2025_12_20_IMG (49).JPG,Citrus pest,train,.jpg,560,420,RGB,JPEG,1,36315,06c1b8712d8c03d892d22fe8b9a3af29c1cc42a917540837fbe16d4ef97da303,True,,
dataset/train/Citrus pest/2025_12_20_IMG (50).JPG,2025_12_20_IMG (50).JPG,Citrus pest,train,.jpg,560,420,RGB,JPEG,1,35579,9afc692b9ca43142f501af2bd2893c41dce7c7d01d7937db2641343f38475f7a,True,,
dataset/train/Citrus pest/2025_12_20_IMG (52).JPG,2025_12_20_IMG (52).JPG,Citrus pest,train,.jpg,560,420,RGB,JPEG,1,35344,ab6c4e2da50de3cced06bba53cac82834b1ac1f4596c1933dc8f64d3fbeb73a8,True,,
dataset/train/Citrus pest/2025_12_20_IMG (53).JPG,2025_12_20_IMG (53).JPG,Citrus pest,train,.jpg,560,420,RGB,JPEG,1,38820,c62cb211c6936d145082bfe0d59eed080a5691d2cde6e6f8569a3e8491943e62,True,,
dataset/train/Citrus pest/2025_12_20_IMG (54).JPG,2025_12_20_IMG (54).JPG,Citrus pest,train,.jpg,560,420,RGB,JPEG,1,35733,fbe82082a525f9404a52f6b51fac50c5fe9386d5c07f6044c5d0f4cd3443e62a,True,,
dataset/train/Citrus pest/2025_12_20_IMG (55).JPG,2025_12_20_IMG (55).JPG,Citrus pest,train,.jpg,560,420,RGB,JPEG,1,41859,970b30990511207b6f2e078c3a3f91ca998ac1040b71d2184fb53aff24ac9393,True,,
dataset/train/Citrus pest/2025_12_20_IMG (57).JPG,2025_12_20_IMG (57).JPG,Citrus pest,train,.jpg,560,420,RGB,JPEG,1,34088,65bc77a1e2a6e973c55a77ea51213b0ee677679c44fe5d8ba60803aea349af1a,True,,
dataset/train/Citrus pest/2025_12_20_IMG (58).JPG,2025_12_20_IMG (58).JPG,Citrus pest,train,.jpg,560,420,RGB,JPEG,1,35370,ac1c57f5bf929ef85f40a4eb8d17f4276859dcfe59e6299ec2a293ea228b4d02,True,,
dataset/train/Citrus pest/2025_12_20_IMG (59).JPG,2025_12_20_IMG (59).JPG,Citrus pest,train,.jpg,560,420,RGB,JPEG,1,42070,40b387b8ed557f074bb21bf841c644a7a7c8218525261ccbe0314e926fcf8d6c,True,,
dataset/train/Citrus pest/2025_12_20_IMG (60).JPG,2025_12_20_IMG (60).JPG,Citrus pest,train,.jpg,560,420,RGB,JPEG,1,35294,abcc1a6ee5cf210a2b93e7668e846349245110ad934f8410c6af52bdc994bb81,True,,
dataset/train/Citrus pest/2025_12_20_IMG (61).JPG,2025_12_20_IMG (61).JPG,Citrus pest,train,.jpg,560,420,RGB,JPEG,1,37616,d510e6bdf4ebf840c790b157bc5d4c77e19286b809c0d2886e2d9a1c49b0444b,True,,
dataset/train/Citrus pest/2025_12_20_IMG (63).JPG,2025_12_20_IMG (63).JPG,Citrus pest,train,.jpg,560,420,RGB,JPEG,1,36698,e724ad8ac3dec3fa544349d1b923030c5111b633301e2da53a04251b4e399d6c,True,,
dataset/train/Citrus pest/2025_12_20_IMG (64).JPG,2025_12_20_IMG (64).JPG,Citrus pest,train,.jpg,560,420,RGB,JPEG,1,43155,840eaa946757ea33462db86c4e76c4000f4f05ac58f070e0abf6f3d05d9b6151,True,,
dataset/train/Citrus pest/2025_12_20_IMG (65).JPG,2025_12_20_IMG (65).JPG,Citrus pest,train,.jpg,560,420,RGB,JPEG,1,38701,a0b66c63d73b10a6a04866f9fd16c1c01ec6a8f9d06ff174956164e558444861,True,,
dataset/train/Citrus pest/2025_12_20_IMG (66).JPG,2025_12_20_IMG (66).JPG,Citrus pest,train,.jpg,560,420,RGB,JPEG,1,40579,9ec4e74ff36a8bebe00943cf2d96b4f11b7a618343255159af3ca030c0e92082,True,,
dataset/train/Citrus pest/2025_12_20_IMG (68).JPG,2025_12_20_IMG (68).JPG,Citrus pest,train,.jpg,560,420,RGB,JPEG,1,34354,3d831018e77059054e3803627f79f2421839aa3d508495bc438c27ad1df8aa57,True,,
dataset/train/Citrus pest/2025_12_20_IMG (71).JPG,2025_12_20_IMG (71).JPG,Citrus pest,train,.jpg,560,420,RGB,JPEG,1,29641,04efff9aabed28e3e1f42220f5faff409508d9a34a1cccaf860f6f318e8659ef,True,,
dataset/train/Citrus pest/2025_12_20_IMG (72).JPG,2025_12_20_IMG (72).JPG,Citrus pest,train,.jpg,560,420,RGB,JPEG,1,30596,639975d6e3f0dc4636b8930f25b988a6a9616c52be444601b89103737f9c8c64,True,,
dataset/train/Citrus pest/2025_12_20_IMG (73).JPG,2025_12_20_IMG (73).JPG,Citrus pest,train,.jpg,560,420,RGB,JPEG,1,43743,8d499b9abeed54fe453961154be113a4fd6c5757faf1a460e16e409fd6ae8df3,True,,
dataset/train/Citrus pest/2025_12_20_IMG (74).JPG,2025_12_20_IMG (74).JPG,Citrus pest,train,.jpg,560,420,RGB,JPEG,1,41574,4a5a6670d349a3613cc8eb5b7e3481ba87625f670133d40312e2c01b27d9b575,True,,
dataset/train/Citrus pest/2025_12_20_IMG (75).JPG,2025_12_20_IMG (75).JPG,Citrus pest,train,.jpg,560,420,RGB,JPEG,1,39465,5f33d5acbc5c09433dd1b07114cc4cb484c62203c802906ce10a42edbcc3a7e9,True,,
dataset/train/Citrus pest/2025_12_20_IMG (76).JPG,2025_12_20_IMG (76).JPG,Citrus pest,train,.jpg,560,420,RGB,JPEG,1,40087,752ec96cb2fbb6af39de2c31fdc355dba632d044edd5ae363b3d46109d3d4a8e,True,,
dataset/train/Citrus pest/2025_12_20_IMG (77).JPG,2025_12_20_IMG (77).JPG,Citrus pest,train,.jpg,560,420,RGB,JPEG,1,50772,864b1ca52383ffee5a062177eca9c8d8725503e317dac3675741e922fead3841,True,,
dataset/train/Citrus pest/2025_12_20_IMG (78).JPG,2025_12_20_IMG (78).JPG,Citrus pest,train,.jpg,560,420,RGB,JPEG,1,33652,eab767b54cb3495cfaa6d3fb17a7a5767e755b2556999dc48deb552b30a4673a,True,,
dataset/train/Citrus pest/2025_12_20_IMG (79).JPG,2025_12_20_IMG (79).JPG,Citrus pest,train,.jpg,560,420,RGB,JPEG,1,33333,88d7cdf220bbf4919414cc5806449b10711425bbd5ebb542e04a7f8a88bcd2eb,True,,
dataset/train/Citrus pest/2025_12_20_IMG (81).JPG,2025_12_20_IMG (81).JPG,Citrus pest,train,.jpg,560,420,RGB,JPEG,1,52919,f6b58899de80cc96d6246a6bf260a6d067628fbfa4201ec1d9d3ac910bebefe6,True,,
dataset/train/Citrus pest/2025_12_20_IMG (83).JPG,2025_12_20_IMG (83).JPG,Citrus pest,train,.jpg,560,420,RGB,JPEG,1,43134,40f111b842b0d428a06e16f3e4cbb0a8b4760b09ee7ccb7a39dd1f4aab940d8c,True,,
dataset/train/Citrus pest/2025_12_20_IMG (91).JPG,2025_12_20_IMG (91).JPG,Citrus pest,train,.jpg,560,420,RGB,JPEG,1,38813,5c5ba076cdd2fcb188e36af1ede282f400c36821c5675f75cb14bef08c269468,True,,
dataset/train/Citrus pest/2025_12_20_IMG (93).JPG,2025_12_20_IMG (93).JPG,Citrus pest,train,.jpg,560,420,RGB,JPEG,1,45559,42941565fef71fd91a9b5730545e7587208b7318661a44940f943f6e00d832f0,True,,
dataset/train/Citrus pest/2025_12_20_IMG (95).JPG,2025_12_20_IMG (95).JPG,Citrus pest,train,.jpg,560,420,RGB,JPEG,1,53293,988f3d73ee62225e09e8ac24e56abdd28a1868dbc1bb5d196d3b520a8920f500,True,,
dataset/train/Citrus pest/2025_12_20_IMG (97).JPG,2025_12_20_IMG (97).JPG,Citrus pest,train,.jpg,560,420,RGB,JPEG,1,48836,abce785e35392264fd494d12275b7c42e31e23f0fcd3946a88c8ec87ab4ddab4,True,,
dataset/train/Citrus pest/2025_12_20_IMG (98).JPG,2025_12_20_IMG (98).JPG,Citrus pest,train,.jpg,560,420,RGB,JPEG,1,55143,189316a278de7ca21addff6d7a0478f56a76c75d156976316dff7cb8baf92472,True,,
dataset/train/Citrus pest/2025_12_20_IMG (99).JPG,2025_12_20_IMG (99).JPG,Citrus pest,train,.jpg,560,420,RGB,JPEG,1,48207,1575a270fa030f8f66de9a022076444718f1b4dd4d79f759d85036dad3b344a5,True,,
dataset/train/Greening/2025_12_21_IMG (1).JPG,2025_12_21_IMG (1).JPG,Greening,train,.jpg,560,420,RGB,JPEG,1,46219,097353b896fcc25ffda06e0fb6a57155a383c58904bdb44962cacf7356f0ef27,True,,
dataset/train/Greening/2025_12_21_IMG (10).JPG,2025_12_21_IMG (10).JPG,Greening,train,.jpg,560,420,RGB,JPEG,1,49926,0e963d623ee1d58fbfe408400127b3e2ffb67f5ff1c88de43a464caa673d4be9,True,,
dataset/train/Greening/2025_12_21_IMG (100).JPG,2025_12_21_IMG (100).JPG,Greening,train,.jpg,560,420,RGB,JPEG,1,40003,638cc115d87a0ba0ba58dfd291c11ea5fba90ed00129d36be9ec18cf4048cfef,True,,
dataset/train/Greening/2025_12_21_IMG (102).JPG,2025_12_21_IMG (102).JPG,Greening,train,.jpg,560,420,RGB,JPEG,1,39369,e80311f48fb254998503e4f7445f75deceb032180bae9682a7a7825b0843511b,True,,
dataset/train/Greening/2025_12_21_IMG (103).JPG,2025_12_21_IMG (103).JPG,Greening,train,.jpg,560,420,RGB,JPEG,1,41899,45804b710b58631ae4d517737543c9d08f3ef97297b46a58ea649a37bc8edd7d,True,,
dataset/train/Greening/2025_12_21_IMG (104).JPG,2025_12_21_IMG (104).JPG,Greening,train,.jpg,560,420,RGB,JPEG,1,27518,2f435efe2a353a5bda83348d170c07c5a4eca58d1be9c26b9b22241acf69948e,True,,
dataset/train/Greening/2025_12_21_IMG (105).JPG,2025_12_21_IMG (105).JPG,Greening,train,.jpg,560,420,RGB,JPEG,1,37305,6504bbf6d5170f8ec393e5ac741402d920babc9c1ef4d760fc65c9b43519f017,True,,
dataset/train/Greening/2025_12_21_IMG (106).JPG,2025_12_21_IMG (106).JPG,Greening,train,.jpg,560,420,RGB,JPEG,1,42984,cf61257b1bd749a392e45a7c82096ce8cead3652c0dfb3419bb1534736c14f3a,True,,
dataset/train/Greening/2025_12_21_IMG (107).JPG,2025_12_21_IMG (107).JPG,Greening,train,.jpg,560,420,RGB,JPEG,1,42648,8c57a74ad6520ab78f5558fc89085a0f6045ab63099af6d298c7778f1c5be60c,True,,
dataset/train/Greening/2025_12_21_IMG (108).JPG,2025_12_21_IMG (108).JPG,Greening,train,.jpg,560,420,RGB,JPEG,1,46156,db25c8ed1e447c1dee08492e0b279ee7116524ca158fd7aa0092d8d7d8207238,True,,
dataset/train/Greening/2025_12_21_IMG (109).JPG,2025_12_21_IMG (109).JPG,Greening,train,.jpg,560,420,RGB,JPEG,1,46386,f1344c5be37160bf95063b195d7271f25f40b3f57a9a70aa88ee6b8b56598f3a,True,,
dataset/train/Greening/2025_12_21_IMG (111).JPG,2025_12_21_IMG (111).JPG,Greening,train,.jpg,560,420,RGB,JPEG,1,40983,b0e469c65e4e4c593b22ab842830bfcd35561bca014391575a688a5c7552a418,True,,
dataset/train/Greening/2025_12_21_IMG (114).JPG,2025_12_21_IMG (114).JPG,Greening,train,.jpg,560,420,RGB,JPEG,1,32144,819908ccf45cf8237acc8a02ace4a53e04f9f2b3cf29acdee9703135aac408f2,True,,
dataset/train/Greening/2025_12_21_IMG (115).JPG,2025_12_21_IMG (115).JPG,Greening,train,.jpg,560,420,RGB,JPEG,1,41642,8f5e4ef8b28c1087fb072f0707bc405fb5b413c86ac4a580d3c6b5faab60d0f9,True,,
dataset/train/Greening/2025_12_21_IMG (116).JPG,2025_12_21_IMG (116).JPG,Greening,train,.jpg,560,420,RGB,JPEG,1,42513,0d8ae30fb739f496c188df76ae3e052284cf760fb6cf056a122b3d1d60db141e,True,,
dataset/train/Greening/2025_12_21_IMG (117).JPG,2025_12_21_IMG (117).JPG,Greening,train,.jpg,560,420,RGB,JPEG,1,40781,16b2fb17c2bdee4b8e24d3c1055b9b68f0b7ba9795f6663d95cf3a3a6df4b518,True,,
dataset/train/Greening/2025_12_21_IMG (118).JPG,2025_12_21_IMG (118).JPG,Greening,train,.jpg,560,420,RGB,JPEG,1,41214,84129e8b3c0603c7092120994de94e334a4774855139a8b55e66a9581b312c8b,True,,
dataset/train/Greening/2025_12_21_IMG (120).JPG,2025_12_21_IMG (120).JPG,Greening,train,.jpg,560,420,RGB,JPEG,1,37454,2e68b223fd3e2588e43cab3e1cc5aafc35d08290200298b6f5c98c0867bc7ccf,True,,
dataset/train/Greening/2025_12_21_IMG (121).JPG,2025_12_21_IMG (121).JPG,Greening,train,.jpg,560,420,RGB,JPEG,1,34329,56e2f0f989d4dbb80e53a4718f94007f10c585ee35bdd38ed60ad742f6d8cc46,True,,
dataset/train/Greening/2025_12_21_IMG (122).JPG,2025_12_21_IMG (122).JPG,Greening,train,.jpg,560,420,RGB,JPEG,1,37371,7f9e47b785f1ceca3700301d5a701cd773bfa0d3838885d0a826c2acde68fa89,True,,
dataset/train/Greening/2025_12_21_IMG (123).JPG,2025_12_21_IMG (123).JPG,Greening,train,.jpg,560,420,RGB,JPEG,1,37900,8ee6c44f1d8abfa2b058940ddbc572c0426784327970f6b6d466cb200912426f,True,,
dataset/train/Greening/2025_12_21_IMG (125).JPG,2025_12_21_IMG (125).JPG,Greening,train,.jpg,560,420,RGB,JPEG,1,37285,a2806de9744409824ae14089ffb5a974b8c63ba89acdc82700448c854e6caefc,True,,
dataset/train/Greening/2025_12_21_IMG (126).JPG,2025_12_21_IMG (126).JPG,Greening,train,.jpg,560,420,RGB,JPEG,1,29902,9eace057921582b0f81461706f27794b142068cec9e80dabbccbbf29c1f6d100,True,,
dataset/train/Greening/2025_12_21_IMG (127).JPG,2025_12_21_IMG (127).JPG,Greening,train,.jpg,560,420,RGB,JPEG,1,37783,4cf7e53c1639ed5848e341ad7569246244c57da94c9c1ac56f9bbc24519bde75,True,,
dataset/train/Greening/2025_12_21_IMG (128).JPG,2025_12_21_IMG (128).JPG,Greening,train,.jpg,560,420,RGB,JPEG,1,35369,0359ca3c46e40e8dfebe88993bb49b48c22e116efa08b5e9760bb255160d398c,True,,
dataset/train/Greening/2025_12_21_IMG (13).JPG,2025_12_21_IMG (13).JPG,Greening,train,.jpg,560,420,RGB,JPEG,1,44770,76e8befd34b1bd2315ae0e8078930a93af8908636a34e2f9a5e9342f5475b3fb,True,,
dataset/train/Greening/2025_12_21_IMG (132).JPG,2025_12_21_IMG (132).JPG,Greening,train,.jpg,560,420,RGB,JPEG,1,32305,180a9226366e51c91b8e730486dbf7eb21642392fdbf48120c10435db8481b80,True,,
dataset/train/Greening/2025_12_21_IMG (133).JPG,2025_12_21_IMG (133).JPG,Greening,train,.jpg,560,420,RGB,JPEG,1,43013,2f955e9bf74a5bdd8e33cb9fce71fbfaa526c502637474f7d33422d30eff92d1,True,,
dataset/train/Greening/2025_12_21_IMG (134).JPG,2025_12_21_IMG (134).JPG,Greening,train,.jpg,560,420,RGB,JPEG,1,41490,fdcede0413c96303203c25a393742126db03bf5c623fbc96baaf38fb7001997e,True,,
dataset/train/Greening/2025_12_21_IMG (136).JPG,2025_12_21_IMG (136).JPG,Greening,train,.jpg,560,420,RGB,JPEG,1,53628,78e04c80b750085ab0ebbd88f3e4f484179326d7fd558560d7b9f4bd4156866a,True,,
dataset/train/Greening/2025_12_21_IMG (137).JPG,2025_12_21_IMG (137).JPG,Greening,train,.jpg,560,420,RGB,JPEG,1,54062,7880457d0d8161adfa2ee18f861956ce8f02fc3e8f09b0a7ef9149cc97843e03,True,,
dataset/train/Greening/2025_12_21_IMG (138).JPG,2025_12_21_IMG (138).JPG,Greening,train,.jpg,560,420,RGB,JPEG,1,48198,3d2db64981c8c6cfacc4fafe01e66697e53b2ee8f10f257d9a4085a22f41e748,True,,
dataset/train/Greening/2025_12_21_IMG (14).JPG,2025_12_21_IMG (14).JPG,Greening,train,.jpg,560,420,RGB,JPEG,1,42876,3a5286eb1f6d238a9baf32256a97c846f0fec70682af8aa397aad44ed0255309,True,,
dataset/train/Greening/2025_12_21_IMG (140).JPG,2025_12_21_IMG (140).JPG,Greening,train,.jpg,560,420,RGB,JPEG,1,39060,3db59dc4f2180b74bc927622accd72a34c3df0e2c48a0d76398fd74f70d75d44,True,,
dataset/train/Greening/2025_12_21_IMG (142).JPG,2025_12_21_IMG (142).JPG,Greening,train,.jpg,560,420,RGB,JPEG,1,55106,9a9b0e02fe300957886e2ffb51f411ac87eff13bddf4e0b0c614a0a11a4d17b0,True,,
dataset/train/Greening/2025_12_21_IMG (144).JPG,2025_12_21_IMG (144).JPG,Greening,train,.jpg,560,420,RGB,JPEG,1,55748,fc0d6a3551eafb721bf96926089c4ad57a632e3df766c7c8e6b7535eb40423aa,True,,
dataset/train/Greening/2025_12_21_IMG (147).JPG,2025_12_21_IMG (147).JPG,Greening,train,.jpg,560,420,RGB,JPEG,1,39559,3ecb4690419c8c720e9353aafd88be13c028a79d791ed387e2c75f122c5ad686,True,,
dataset/train/Greening/2025_12_21_IMG (148).JPG,2025_12_21_IMG (148).JPG,Greening,train,.jpg,560,420,RGB,JPEG,1,44289,251001ff1c04491f0d2fcc1a39fda26712b80d695d256a9848f4c325c3048269,True,,
dataset/train/Greening/2025_12_21_IMG (149).JPG,2025_12_21_IMG (149).JPG,Greening,train,.jpg,560,420,RGB,JPEG,1,49726,d771f9f722aafdb8401b020f60135b94184b28e4d83821389c7dc1031ae848d1,True,,
dataset/train/Greening/2025_12_21_IMG (15).JPG,2025_12_21_IMG (15).JPG,Greening,train,.jpg,560,420,RGB,JPEG,1,41559,2296acce3c8f8c51d60494183c99e5bd8a200b6bcf2ad4616b7d3212b47a3ce8,True,,
dataset/train/Greening/2025_12_21_IMG (151).JPG,2025_12_21_IMG (151).JPG,Greening,train,.jpg,560,420,RGB,JPEG,1,50204,81af58c508588abf9d785103428527750e832700e1f69de01993aa74ce3fc2aa,True,,
dataset/train/Greening/2025_12_21_IMG (152).JPG,2025_12_21_IMG (152).JPG,Greening,train,.jpg,560,420,RGB,JPEG,1,46811,a44f5598d4ecdaf8639ab0320699150a0d24f7431cf83858e8752f3ea260caf4,True,,
dataset/train/Greening/2025_12_21_IMG (153).JPG,2025_12_21_IMG (153).JPG,Greening,train,.jpg,560,420,RGB,JPEG,1,43685,3c27a20a50db2e9f501c19829dbed58cf5c6f064d8c887964865664b724f5a80,True,,
dataset/train/Greening/2025_12_21_IMG (154).JPG,2025_12_21_IMG (154).JPG,Greening,train,.jpg,560,420,RGB,JPEG,1,40286,c1f3769494e52ae64bf16b11d8b175ba7c1e5e472811b0b81ce60d73a43b984f,True,,
dataset/train/Greening/2025_12_21_IMG (155).JPG,2025_12_21_IMG (155).JPG,Greening,train,.jpg,560,420,RGB,JPEG,1,38218,628cdff5701a0abcab298bf6d95d80c15a2db044219fe97e8fe5c152513006d7,True,,
dataset/train/Greening/2025_12_21_IMG (157).JPG,2025_12_21_IMG (157).JPG,Greening,train,.jpg,560,420,RGB,JPEG,1,49215,026b72daaa266d197fc20d6352c8ffbacf0e75f83d9edb19f6bd118052c5132d,True,,
dataset/train/Greening/2025_12_21_IMG (158).JPG,2025_12_21_IMG (158).JPG,Greening,train,.jpg,560,420,RGB,JPEG,1,46956,f21242d8def6d50bff29985eab883bc3ebef9894dae86e550c0d38bf3ffc1aaa,True,,
dataset/train/Greening/2025_12_21_IMG (159).JPG,2025_12_21_IMG (159).JPG,Greening,train,.jpg,560,420,RGB,JPEG,1,50260,171431aafecb7a2c3e9a6ace9a3e4655db921186d82db382f93ffd1f7a2f125f,True,,
dataset/train/Greening/2025_12_21_IMG (160).JPG,2025_12_21_IMG (160).JPG,Greening,train,.jpg,560,420,RGB,JPEG,1,46240,424ff34eed4d91844c20cd629f36e30e097ee612e1ccf77e8787f8609a999519,True,,
dataset/train/Greening/2025_12_21_IMG (161).JPG,2025_12_21_IMG (161).JPG,Greening,train,.jpg,560,420,RGB,JPEG,1,45724,8aec75c1f68280fa777c2451bcbb1657a3d5cf621f24414d5475dc7064fbbe67,True,,
dataset/train/Greening/2025_12_21_IMG (162).JPG,2025_12_21_IMG (162).JPG,Greening,train,.jpg,560,420,RGB,JPEG,1,53821,171d1b6f20e7cbd8e561bbf980d6c4e92ef4bd86e5ba10aad98407de38dfd221,True,,
dataset/train/Greening/2025_12_21_IMG (164).JPG,2025_12_21_IMG (164).JPG,Greening,train,.jpg,560,420,RGB,JPEG,1,39015,896a41e31df18f9c06f37a54d4074487b2609cf46b412d298fdec75cd927ab8f,True,,
dataset/train/Greening/2025_12_21_IMG (166).JPG,2025_12_21_IMG (166).JPG,Greening,train,.jpg,560,420,RGB,JPEG,1,45468,4e36c8e4bc8253cf3437b80be602ebfe37b7063c1d07d41d703d99173da4fec9,True,,
dataset/train/Greening/2025_12_21_IMG (167).JPG,2025_12_21_IMG (167).JPG,Greening,train,.jpg,560,420,RGB,JPEG,1,43286,d7a3cf547681da6241f8c49cd24127bcd1fb660dcf346a9a0ef406a3aca42aa6,True,,
dataset/train/Greening/2025_12_21_IMG (168).JPG,2025_12_21_IMG (168).JPG,Greening,train,.jpg,560,420,RGB,JPEG,1,34848,8db984c8ddea21dc077ad8469a09bf4d2a9cc55ece814dc11652bbb03eece672,True,,
dataset/train/Greening/2025_12_21_IMG (169).JPG,2025_12_21_IMG (169).JPG,Greening,train,.jpg,560,420,RGB,JPEG,1,43628,23b585821ad503a7fd51e6597cb6d10866ceaaecb217ba1123a7b344f3f364c8,True,,
dataset/train/Greening/2025_12_21_IMG (17).JPG,2025_12_21_IMG (17).JPG,Greening,train,.jpg,560,420,RGB,JPEG,1,43954,da4c616b6c15ffcab98bb3c1a917347ddc8bcc85992413a0f3fd352d8d4b56b3,True,,
dataset/train/Greening/2025_12_21_IMG (171).JPG,2025_12_21_IMG (171).JPG,Greening,train,.jpg,560,420,RGB,JPEG,1,50548,8925f9ed57350e9cd841a0dbad178403c0cea249b98670d1eede9f2a734cddc4,True,,
dataset/train/Greening/2025_12_21_IMG (173).JPG,2025_12_21_IMG (173).JPG,Greening,train,.jpg,560,420,RGB,JPEG,1,42952,b95ec9f7f65bbbc4dd94e51cba0624c2680259f3dcbcb7d3c49ac8b2b0a72bc7,True,,
dataset/train/Greening/2025_12_21_IMG (175).JPG,2025_12_21_IMG (175).JPG,Greening,train,.jpg,560,420,RGB,JPEG,1,44077,2c6fdddce3c8a98c3c2696c33dc051865cbc85cf0a543bab9601831cd5064331,True,,
dataset/train/Greening/2025_12_21_IMG (176).JPG,2025_12_21_IMG (176).JPG,Greening,train,.jpg,560,420,RGB,JPEG,1,36319,be3849b02f4736daf3d89465a14eafdfe021ac7c4c8de7a1470422ad34d6ce85,True,,
dataset/train/Greening/2025_12_21_IMG (177).JPG,2025_12_21_IMG (177).JPG,Greening,train,.jpg,560,420,RGB,JPEG,1,38372,a90ddad6fd1ac097a2bb15766e1ad0b7e19d12c4a1745013cfa96942414555fb,True,,
dataset/train/Greening/2025_12_21_IMG (179).JPG,2025_12_21_IMG (179).JPG,Greening,train,.jpg,560,420,RGB,JPEG,1,53364,78103e41e1b97a8fad7166731e016a61782eac1e47d1ee02946b14440fd2d3af,True,,
dataset/train/Greening/2025_12_21_IMG (18).JPG,2025_12_21_IMG (18).JPG,Greening,train,.jpg,560,420,RGB,JPEG,1,52954,04342d85810221c82d2861774c0412a7bb282011e34b2b4e733455549ded9142,True,,
dataset/train/Greening/2025_12_21_IMG (180).JPG,2025_12_21_IMG (180).JPG,Greening,train,.jpg,560,420,RGB,JPEG,1,46817,fb6813c27e28e5c9bfd7a6af4feb961523f06bbda37d7d78fe3ac87328768d35,True,,
dataset/train/Greening/2025_12_21_IMG (181).JPG,2025_12_21_IMG (181).JPG,Greening,train,.jpg,560,420,RGB,JPEG,1,46023,f80e91af044cc2ec569371194e447027b257a3ec25d7a21ff4cccdfa6a12d392,True,,
dataset/train/Greening/2025_12_21_IMG (182).JPG,2025_12_21_IMG (182).JPG,Greening,train,.jpg,560,420,RGB,JPEG,1,48621,652b49666416e2d58f0d37eb14a6dc7b91af54ce9aab05be429696394a58a8e3,True,,
dataset/train/Greening/2025_12_21_IMG (183).JPG,2025_12_21_IMG (183).JPG,Greening,train,.jpg,560,420,RGB,JPEG,1,52789,322ea8d2560f4af4cede8b826efe909443afaabfa4d84704ecc4cf1c0b1072a0,True,,
dataset/train/Greening/2025_12_21_IMG (184).JPG,2025_12_21_IMG (184).JPG,Greening,train,.jpg,560,420,RGB,JPEG,1,45232,e8890a121fbb6098b619b36b59f8fcbb76c5e0978a967132917568090a23cf29,True,,
dataset/train/Greening/2025_12_21_IMG (185).JPG,2025_12_21_IMG (185).JPG,Greening,train,.jpg,560,420,RGB,JPEG,1,51921,3b3a25be1ca06c50e6f8c61a949cb4e3a4032304d97b3336a647c98b5e328d97,True,,
dataset/train/Greening/2025_12_21_IMG (186).JPG,2025_12_21_IMG (186).JPG,Greening,train,.jpg,560,420,RGB,JPEG,1,48866,de5a7a529d8d744419084b6bdfa960f677a4097de5d00f80209158d949736967,True,,
dataset/train/Greening/2025_12_21_IMG (187).JPG,2025_12_21_IMG (187).JPG,Greening,train,.jpg,560,420,RGB,JPEG,1,43042,e838c202e3d99050d6c9548eecd19863f4b5591a1eef78609a3cdd8291a36db0,True,,
dataset/train/Greening/2025_12_21_IMG (189).JPG,2025_12_21_IMG (189).JPG,Greening,train,.jpg,560,420,RGB,JPEG,1,52103,579ed45a65d83e953ccf1aee1357c6d821d9d86a7bedd31f80c57b60ed060158,True,,
dataset/train/Greening/2025_12_21_IMG (19).JPG,2025_12_21_IMG (19).JPG,Greening,train,.jpg,560,420,RGB,JPEG,1,47664,45743cccfec63cea06f2ee803bc3bee602093ecce1c1def80feb8c5798be6ee9,True,,
dataset/train/Greening/2025_12_21_IMG (191).JPG,2025_12_21_IMG (191).JPG,Greening,train,.jpg,560,420,RGB,JPEG,1,55604,a132670adc2625e0113969cb4670deae81335774e8ee40b4f6db5e35d8eb1ee3,True,,
dataset/train/Greening/2025_12_21_IMG (192).JPG,2025_12_21_IMG (192).JPG,Greening,train,.jpg,560,420,RGB,JPEG,1,48568,b8f3703cf2674daab4ecaaf18cff15041173c08b2dd0fe21c6208b01f3459be2,True,,
dataset/train/Greening/2025_12_21_IMG (193).JPG,2025_12_21_IMG (193).JPG,Greening,train,.jpg,560,420,RGB,JPEG,1,41627,4ed1cf88fd7ea65643a8b98472b5e1030348e1df6f645eb645a2d84330494552,True,,
dataset/train/Greening/2025_12_21_IMG (194).JPG,2025_12_21_IMG (194).JPG,Greening,train,.jpg,560,420,RGB,JPEG,1,48678,8278563c14a8969514cd775b61509277bc17b0ac202189cdaebad98719fea3d6,True,,
dataset/train/Greening/2025_12_21_IMG (195).JPG,2025_12_21_IMG (195).JPG,Greening,train,.jpg,560,420,RGB,JPEG,1,40369,7f91e48b0f3482cfd1f6745d15d92676b23358cee113d61c602474323512fcee,True,,
dataset/train/Greening/2025_12_21_IMG (200).JPG,2025_12_21_IMG (200).JPG,Greening,train,.jpg,560,420,RGB,JPEG,1,48679,eeada2a7ce1dabd23eff9467a7b9da12061505e31c8bd56992891a4ca1acc57c,True,,
dataset/train/Greening/2025_12_21_IMG (202).JPG,2025_12_21_IMG (202).JPG,Greening,train,.jpg,560,420,RGB,JPEG,1,51017,0da434edee8747857ae3a38007d0f3ae894489a761aec708161856c7e8dc9651,True,,
dataset/train/Greening/2025_12_21_IMG (205).JPG,2025_12_21_IMG (205).JPG,Greening,train,.jpg,560,420,RGB,JPEG,1,62300,fbfaa915771124b7a48c55538dba8ddd20a70f834bcb908ff379ed78f61b044e,True,,
dataset/train/Greening/2025_12_21_IMG (207).JPG,2025_12_21_IMG (207).JPG,Greening,train,.jpg,560,420,RGB,JPEG,1,56309,4a7811dce44530eba7b7b4a52e8feef8a0303e365e0767e79c0437e32f4af3df,True,,
dataset/train/Greening/2025_12_21_IMG (208).JPG,2025_12_21_IMG (208).JPG,Greening,train,.jpg,560,420,RGB,JPEG,1,60924,1c27e513d8e9ea6ea4cd5944ab240995b38cda817cd2f5e92e84f912e381c167,True,,
dataset/train/Greening/2025_12_21_IMG (209).JPG,2025_12_21_IMG (209).JPG,Greening,train,.jpg,560,420,RGB,JPEG,1,47550,0358b005da23e5b62e401c2de9b87a4b1298df19b743b5940f4091be2558aa20,True,,
dataset/train/Greening/2025_12_21_IMG (21).JPG,2025_12_21_IMG (21).JPG,Greening,train,.jpg,560,420,RGB,JPEG,1,46269,6095a1b8e911bfba8a8a14a3480c016be1560fb0ba480e8d2d6968ecd231aaff,True,,
dataset/train/Greening/2025_12_21_IMG (210).JPG,2025_12_21_IMG (210).JPG,Greening,train,.jpg,560,420,RGB,JPEG,1,47485,0d8080a0c6ffc39aceeb8ac56c9d629a5c6000c004ef31ec4e6e0e324e485136,True,,
dataset/train/Greening/2025_12_21_IMG (212).JPG,2025_12_21_IMG (212).JPG,Greening,train,.jpg,560,420,RGB,JPEG,1,59429,ffb3aa73f6521b5844ec0dce799c2cc61d7b2c66a018e0e194d6e27661c2064f,True,,
dataset/train/Greening/2025_12_21_IMG (213).JPG,2025_12_21_IMG (213).JPG,Greening,train,.jpg,560,420,RGB,JPEG,1,53450,bfebac16491488b447204fa720f18e8f55aa5553edb0ee4489c03bc3e785d39b,True,,
dataset/train/Greening/2025_12_21_IMG (214).JPG,2025_12_21_IMG (214).JPG,Greening,train,.jpg,560,420,RGB,JPEG,1,46917,b18ca95656e7f50fc5278438f65b3ad41c69c2a5242148b7daba07014f298ff0,True,,
dataset/train/Greening/2025_12_21_IMG (215).JPG,2025_12_21_IMG (215).JPG,Greening,train,.jpg,560,420,RGB,JPEG,1,51919,986416cfed6c1f9856de8c0ea47b925be20bbd6947aa749148142a3e798ffa48,True,,
dataset/train/Greening/2025_12_21_IMG (216).JPG,2025_12_21_IMG (216).JPG,Greening,train,.jpg,560,420,RGB,JPEG,1,47625,ef4f67de496a5b5144463336de791fe7bcfe53a0ece9348fb4dc1b60791aa7e2,True,,
dataset/train/Greening/2025_12_21_IMG (217).JPG,2025_12_21_IMG (217).JPG,Greening,train,.jpg,560,420,RGB,JPEG,1,41936,c31526e276323926a647525103ed405c2bc80bb01e71c8740089cd2dbdcf816d,True,,
dataset/train/Greening/2025_12_21_IMG (218).JPG,2025_12_21_IMG (218).JPG,Greening,train,.jpg,560,420,RGB,JPEG,1,44892,dff206da35ed4e92541636faf3ae708f5b71980f19653fb12431264329d0dc21,True,,
dataset/train/Greening/2025_12_21_IMG (219).JPG,2025_12_21_IMG (219).JPG,Greening,train,.jpg,560,420,RGB,JPEG,1,54476,cc9e2a3d2dadd973aedb9bdad33a2a06edc9a5fae24417dec3e068ce381f8324,True,,
dataset/train/Greening/2025_12_21_IMG (22).JPG,2025_12_21_IMG (22).JPG,Greening,train,.jpg,560,420,RGB,JPEG,1,48368,842424d25f2124cadd25bd3704a233fd159e812a65328ba8e79dee529dc398e2,True,,
dataset/train/Greening/2025_12_21_IMG (224).JPG,2025_12_21_IMG (224).JPG,Greening,train,.jpg,560,420,RGB,JPEG,1,44043,efb9df1559a9aea51fd4100cd100ab417f819c770f8a9e688989293d69ee09f4,True,,
dataset/train/Greening/2025_12_21_IMG (226).JPG,2025_12_21_IMG (226).JPG,Greening,train,.jpg,560,420,RGB,JPEG,1,50138,22ff63d0782f08066f68650fa4d39fcd0d743a5a76eb21caa728ee538e433f81,True,,
dataset/train/Greening/2025_12_21_IMG (229).JPG,2025_12_21_IMG (229).JPG,Greening,train,.jpg,560,420,RGB,JPEG,1,37167,e6e8a5ee49243f301b537463beecb173d3c5eb8582108b4ffdd9bced08a67b4f,True,,
dataset/train/Greening/2025_12_21_IMG (23).JPG,2025_12_21_IMG (23).JPG,Greening,train,.jpg,560,420,RGB,JPEG,1,41353,410cfa4a5b192deb84419bbe5abfb2313de70c1034df01b08a21c7389863422a,True,,
dataset/train/Greening/2025_12_21_IMG (230).JPG,2025_12_21_IMG (230).JPG,Greening,train,.jpg,560,420,RGB,JPEG,1,44034,f9b8c076c24f0f9c76ebf22d6a2900f4cd5a9ae46832678302f1485f6d57734a,True,,
dataset/train/Greening/2025_12_21_IMG (231).JPG,2025_12_21_IMG (231).JPG,Greening,train,.jpg,560,420,RGB,JPEG,1,47406,68f3d14e937fc1c4623736a82e000cc42b4eb4b206f6404aea4fb05f106f3f10,True,,
dataset/train/Greening/2025_12_21_IMG (235).JPG,2025_12_21_IMG (235).JPG,Greening,train,.jpg,560,420,RGB,JPEG,1,48696,69301f5357e6d3d5f74bb5d30fb36a6f726585f4493c2cc5848c7160f4fff019,True,,
dataset/train/Greening/2025_12_21_IMG (236).JPG,2025_12_21_IMG (236).JPG,Greening,train,.jpg,560,420,RGB,JPEG,1,45380,3cb205907aae5cbfa67152ff499350233cec70dd3754a6a8c189c2f6f330b551,True,,
dataset/train/Greening/2025_12_21_IMG (237).JPG,2025_12_21_IMG (237).JPG,Greening,train,.jpg,560,420,RGB,JPEG,1,36863,df8e54a138c728051af86a3fe7a3ba40ae192c483d137b3b74722d69d07758b9,True,,
dataset/train/Greening/2025_12_21_IMG (238).JPG,2025_12_21_IMG (238).JPG,Greening,train,.jpg,560,420,RGB,JPEG,1,43574,90a35dbde7c2ab9a656228098d7ace2f47d8bc9570fc9e75b941f9cc7c270232,True,,
dataset/train/Greening/2025_12_21_IMG (239).JPG,2025_12_21_IMG (239).JPG,Greening,train,.jpg,560,420,RGB,JPEG,1,42236,60a83a2b6cb9d6f0966dfb72015b76a65c9679fab41b36536f8d7a3ce76f5cfe,True,,
dataset/train/Greening/2025_12_21_IMG (24).JPG,2025_12_21_IMG (24).JPG,Greening,train,.jpg,560,420,RGB,JPEG,1,45317,501a3e1d001118ea2ac70468a005bcd91efd67c3a0e756bd773e46fcb166cb48,True,,
dataset/train/Greening/2025_12_21_IMG (240).JPG,2025_12_21_IMG (240).JPG,Greening,train,.jpg,560,420,RGB,JPEG,1,53699,cac479a785c16e46964cdb1f72440f42c6653c510c29329fb60986191440bae3,True,,
dataset/train/Greening/2025_12_21_IMG (241).JPG,2025_12_21_IMG (241).JPG,Greening,train,.jpg,560,420,RGB,JPEG,1,54188,4b0befa2247af920eaad7d6299f751f956ccb346d3295840ed457dfef91a69de,True,,
dataset/train/Greening/2025_12_21_IMG (242).JPG,2025_12_21_IMG (242).JPG,Greening,train,.jpg,560,420,RGB,JPEG,1,51997,bb8d93bac90ee9008c1cc9051ba16742c4b6e7e14c148e7f7d9bc572261def0c,True,,
dataset/train/Greening/2025_12_21_IMG (243).JPG,2025_12_21_IMG (243).JPG,Greening,train,.jpg,560,420,RGB,JPEG,1,55242,0f8a956fff64019cbe31130a4869ef3c6c577ecfc91b5522c0f2a59d9f047a67,True,,
dataset/train/Greening/2025_12_21_IMG (245).JPG,2025_12_21_IMG (245).JPG,Greening,train,.jpg,560,420,RGB,JPEG,1,54775,543728287a5a6465b07a2cc1e068403bfb75e84e9ad9a0cf865761475a45bff7,True,,
dataset/train/Greening/2025_12_21_IMG (246).JPG,2025_12_21_IMG (246).JPG,Greening,train,.jpg,560,420,RGB,JPEG,1,45093,9054b68967883b6772a311320c09b71eccbfccb6e136b7df309413d202656930,True,,
dataset/train/Greening/2025_12_21_IMG (247).JPG,2025_12_21_IMG (247).JPG,Greening,train,.jpg,560,420,RGB,JPEG,1,45600,e97154919b42b2b15f03f86577f934b0c55dbb6e75f7b044891d1d651c5e0f7d,True,,
dataset/train/Greening/2025_12_21_IMG (248).JPG,2025_12_21_IMG (248).JPG,Greening,train,.jpg,560,420,RGB,JPEG,1,51829,780df2741e4f87c5469263532055d5816a100682e0025ed3e760c7ff2ae50e61,True,,
dataset/train/Greening/2025_12_21_IMG (25).JPG,2025_12_21_IMG (25).JPG,Greening,train,.jpg,560,420,RGB,JPEG,1,44080,ce6de95ba6b4c64313fea4ac8423dbd7950f1cee8ce2d292eba66099046ebe46,True,,
dataset/train/Greening/2025_12_21_IMG (250).JPG,2025_12_21_IMG (250).JPG,Greening,train,.jpg,560,420,RGB,JPEG,1,53365,59693e42ea2ce7ef350d66e081eeeed1b96a5741b47408cfdf91701e0eee0ec6,True,,
dataset/train/Greening/2025_12_21_IMG (251).JPG,2025_12_21_IMG (251).JPG,Greening,train,.jpg,560,420,RGB,JPEG,1,52913,847c8744ad1428c8faee84c3f01e4698ad68194a8c73e731b30190845c995728,True,,
dataset/train/Greening/2025_12_21_IMG (252).JPG,2025_12_21_IMG (252).JPG,Greening,train,.jpg,560,420,RGB,JPEG,1,53198,23e82920a865ba299d0c02fd5412a9a8b58ad0f92525192a8d2a57cba2ad778e,True,,
dataset/train/Greening/2025_12_21_IMG (253).JPG,2025_12_21_IMG (253).JPG,Greening,train,.jpg,560,420,RGB,JPEG,1,54048,4f63f87a400bd53b4ed3124acfd78ab814a9da67aef9202214a90c4289c80c1b,True,,
dataset/train/Greening/2025_12_21_IMG (255).JPG,2025_12_21_IMG (255).JPG,Greening,train,.jpg,560,420,RGB,JPEG,1,54733,a51cfd698448418d7dd8bd9eeb283073a81993706a167594b7237b78d0f4bb72,True,,
dataset/train/Greening/2025_12_21_IMG (257).JPG,2025_12_21_IMG (257).JPG,Greening,train,.jpg,560,420,RGB,JPEG,1,54944,d1b2f527cda638f284b78a3b93884c9899a52e45a458bcf7787cfc6a53f826e6,True,,
dataset/train/Greening/2025_12_21_IMG (259).JPG,2025_12_21_IMG (259).JPG,Greening,train,.jpg,560,420,RGB,JPEG,1,55389,7b857c5ca5905dfd6ccfc11ad181c9fc90ba832a4b8ee01ac685d19f38ceaf79,True,,
dataset/train/Greening/2025_12_21_IMG (26).JPG,2025_12_21_IMG (26).JPG,Greening,train,.jpg,560,420,RGB,JPEG,1,43827,7b8e6e8956f803b6c9e7dd843502a9523d3d8a37bc92c0bf35cb91065ba938ac,True,,
dataset/train/Greening/2025_12_21_IMG (260).JPG,2025_12_21_IMG (260).JPG,Greening,train,.jpg,560,420,RGB,JPEG,1,54378,9e705ce976a276395597e8aac57259a413c560f39570c38d30129734955e59fd,True,,
dataset/train/Greening/2025_12_21_IMG (261).JPG,2025_12_21_IMG (261).JPG,Greening,train,.jpg,560,420,RGB,JPEG,1,57398,164c0a6caa89412d6803f7d2d932ad270a660965f3a11c02ae0bd99877da4e68,True,,
dataset/train/Greening/2025_12_21_IMG (263).JPG,2025_12_21_IMG (263).JPG,Greening,train,.jpg,560,420,RGB,JPEG,1,58028,2a907e8268f3b7cfc33e10de319de8df90b1a762a90dd1d545f12517a0a55543,True,,
dataset/train/Greening/2025_12_21_IMG (265).JPG,2025_12_21_IMG (265).JPG,Greening,train,.jpg,560,420,RGB,JPEG,1,54651,bd646a183a9e5b92b84a53c213c3de3e50d0d8340926aefd797503eb07ed21dc,True,,
dataset/train/Greening/2025_12_21_IMG (268).JPG,2025_12_21_IMG (268).JPG,Greening,train,.jpg,560,420,RGB,JPEG,1,55255,7041b109124210c7a8c73846eae1204ed82368d298c9e06e22168c0ca60f4b0d,True,,
dataset/train/Greening/2025_12_21_IMG (269).JPG,2025_12_21_IMG (269).JPG,Greening,train,.jpg,560,420,RGB,JPEG,1,55237,a86170657a69eb413ec67725bf671ef77abd4223673c99b16eb7d191a274cc55,True,,
dataset/train/Greening/2025_12_21_IMG (272).JPG,2025_12_21_IMG (272).JPG,Greening,train,.jpg,560,420,RGB,JPEG,1,54648,760441ce52bd2852dfd9c8f4c5cfd23448bfde9021e016fc032dee57cb7fc5ac,True,,
dataset/train/Greening/2025_12_21_IMG (275).JPG,2025_12_21_IMG (275).JPG,Greening,train,.jpg,560,420,RGB,JPEG,1,68652,fb56ce04cfd65aacca39c0ec2f6e2dd4b4ea6da0e476fc1f75553bc32a359be7,True,,
dataset/train/Greening/2025_12_21_IMG (276).JPG,2025_12_21_IMG (276).JPG,Greening,train,.jpg,560,420,RGB,JPEG,1,67778,e2056952d76da975a6160fb8acbf78787896b4784e0af74914d152d68fc2168f,True,,
dataset/train/Greening/2025_12_21_IMG (277).JPG,2025_12_21_IMG (277).JPG,Greening,train,.jpg,560,420,RGB,JPEG,1,63648,9d07c4721bed5931ada4d6fa0d958d11b8e9bff886550240c29036bdf2ca244e,True,,
dataset/train/Greening/2025_12_21_IMG (278).JPG,2025_12_21_IMG (278).JPG,Greening,train,.jpg,560,420,RGB,JPEG,1,64203,d3d7d6d5e4b788f4c50d41174f1d8e8f23d54742a12bc0a74d2d2e15f44c5b5a,True,,
dataset/train/Greening/2025_12_21_IMG (279).JPG,2025_12_21_IMG (279).JPG,Greening,train,.jpg,560,420,RGB,JPEG,1,64829,d988849509380824ac4b33339b5dff68cec5ac6291dc17a4c8316e3fafc33754,True,,
dataset/train/Greening/2025_12_21_IMG (28).JPG,2025_12_21_IMG (28).JPG,Greening,train,.jpg,560,420,RGB,JPEG,1,50981,710832682bdc61f65cea0d5b40a44cc428ac706f828e7a6daa48a6418393fb8c,True,,
dataset/train/Greening/2025_12_21_IMG (280).JPG,2025_12_21_IMG (280).JPG,Greening,train,.jpg,560,420,RGB,JPEG,1,58769,0bb4a135b9ea6038a38e32d47b70aec95b6cbef67992c46a24f4ac661c66bcfb,True,,
dataset/train/Greening/2025_12_21_IMG (282).JPG,2025_12_21_IMG (282).JPG,Greening,train,.jpg,560,420,RGB,JPEG,1,58758,1aeeab6d90ffd85e0d31dcb4e22e2c82899f9d49049056476a1756dc0b0199d1,True,,
dataset/train/Greening/2025_12_21_IMG (283).JPG,2025_12_21_IMG (283).JPG,Greening,train,.jpg,560,420,RGB,JPEG,1,59668,af458513c6af4d8f7e0ed87c1e81cb107fbfec9e7d8b22ec99d37bf93ad7ac34,True,,
dataset/train/Greening/2025_12_21_IMG (285).JPG,2025_12_21_IMG (285).JPG,Greening,train,.jpg,560,420,RGB,JPEG,1,60095,5e1e6c2618f9a80bf659468d6a948e0991d7770ac088f8ba7ba5b0db9ff3f345,True,,
dataset/train/Greening/2025_12_21_IMG (286).JPG,2025_12_21_IMG (286).JPG,Greening,train,.jpg,560,420,RGB,JPEG,1,60984,5822fe7a21a6a95d947e3abb36cadf7e268d734c78444599451e36ef7e349ec0,True,,
dataset/train/Greening/2025_12_21_IMG (287).JPG,2025_12_21_IMG (287).JPG,Greening,train,.jpg,560,420,RGB,JPEG,1,45139,c3f49ec7f17abab8d4e7866931bed22c26faa5a02c039555588f68b0ac99358c,True,,
dataset/train/Greening/2025_12_21_IMG (288).JPG,2025_12_21_IMG (288).JPG,Greening,train,.jpg,560,420,RGB,JPEG,1,51219,1c0b6052ea0f8fa551bbe667c9fd785d06d112b9a91cdabbee62e122815d4852,True,,
dataset/train/Greening/2025_12_21_IMG (289).JPG,2025_12_21_IMG (289).JPG,Greening,train,.jpg,560,420,RGB,JPEG,1,50961,7d54529ae4fc897c188d318dd865c86be7c909bd99ccfbb9f91f34a477765fdd,True,,
dataset/train/Greening/2025_12_21_IMG (29).JPG,2025_12_21_IMG (29).JPG,Greening,train,.jpg,560,420,RGB,JPEG,1,50125,80b383290254d5699f56df99cb9488d567b96c642892de5c0ab433f2893dbef7,True,,
dataset/train/Greening/2025_12_21_IMG (290).JPG,2025_12_21_IMG (290).JPG,Greening,train,.jpg,560,420,RGB,JPEG,1,58403,4505b5364170a4a3707651dc8ab584efaf9df867fe4d182ff5b700e5e8d330fb,True,,
dataset/train/Greening/2025_12_21_IMG (291).JPG,2025_12_21_IMG (291).JPG,Greening,train,.jpg,560,420,RGB,JPEG,1,53169,bcf6a177e031093e3bc10f8275ba2e88f905c7f5a756793f88d209e5a3838c41,True,,
dataset/train/Greening/2025_12_21_IMG (293).JPG,2025_12_21_IMG (293).JPG,Greening,train,.jpg,560,420,RGB,JPEG,1,47021,1388b42c31e326a8e6bd8477b3123280ba45f989e132b2200be65787275c7a5d,True,,
dataset/train/Greening/2025_12_21_IMG (295).JPG,2025_12_21_IMG (295).JPG,Greening,train,.jpg,560,420,RGB,JPEG,1,46447,23517950f37bfebfa80acf6a4bb882d3d04a773ed4bf7895af7a90e71fcdaa67,True,,
dataset/train/Greening/2025_12_21_IMG (296).JPG,2025_12_21_IMG (296).JPG,Greening,train,.jpg,560,420,RGB,JPEG,1,49257,c9bcf70b21b98abb44f1d347051875bfafe7be5059656d0cfa109f71d1049820,True,,
dataset/train/Greening/2025_12_21_IMG (297).JPG,2025_12_21_IMG (297).JPG,Greening,train,.jpg,560,420,RGB,JPEG,1,48287,953abfba08f3f651122141847efea14bedf15b4dbed669fdc06b669f3bc82d0e,True,,
dataset/train/Greening/2025_12_21_IMG (298).JPG,2025_12_21_IMG (298).JPG,Greening,train,.jpg,560,420,RGB,JPEG,1,40511,1a76d92dc56334a8203f1c89739ddd9748acafdc8473a6cea5620ff2f72b1fad,True,,
dataset/train/Greening/2025_12_21_IMG (299).JPG,2025_12_21_IMG (299).JPG,Greening,train,.jpg,560,420,RGB,JPEG,1,47671,5700e4bae22846a86de4064143ec45d7613c75578ccfb5138d38b66b092c1c66,True,,
dataset/train/Greening/2025_12_21_IMG (3).JPG,2025_12_21_IMG (3).JPG,Greening,train,.jpg,560,420,RGB,JPEG,1,51413,0c7843a4381a88aaf263b91cd2782f3c8a8b8425b5be6fca9dbe61b98e01735f,True,,
dataset/train/Greening/2025_12_21_IMG (30).JPG,2025_12_21_IMG (30).JPG,Greening,train,.jpg,560,420,RGB,JPEG,1,51534,ba25c9f8a6fc15f91028e0cb1dadee50ce065586dd5fecbc96a171046ac8ff82,True,,
dataset/train/Greening/2025_12_21_IMG (300).JPG,2025_12_21_IMG (300).JPG,Greening,train,.jpg,560,420,RGB,JPEG,1,44243,e8e669fc6ab6d705b977ed26e57c19485552453089e489f9624eff0c2e557fda,True,,
dataset/train/Greening/2025_12_21_IMG (301).JPG,2025_12_21_IMG (301).JPG,Greening,train,.jpg,560,420,RGB,JPEG,1,47139,5e3498fa44909f0f3edce4f846425ace8c2e2834af80ff651429a2865579496d,True,,
dataset/train/Greening/2025_12_21_IMG (302).JPG,2025_12_21_IMG (302).JPG,Greening,train,.jpg,560,420,RGB,JPEG,1,42387,d828c2a3c084f71281c606c9f88daced74ca47c60aa47a446ea283ae564a953a,True,,
dataset/train/Greening/2025_12_21_IMG (303).JPG,2025_12_21_IMG (303).JPG,Greening,train,.jpg,560,420,RGB,JPEG,1,37318,1db036984f227cc1c353edd48f6ffdea20da25537d8c33314b8bbfe8a77466fb,True,,
dataset/train/Greening/2025_12_21_IMG (304).JPG,2025_12_21_IMG (304).JPG,Greening,train,.jpg,560,420,RGB,JPEG,1,35693,c9f24fdd7fc3eb6b8c0b3f33c107cb86a7fc78ca9f4a130b346e801803b6f42d,True,,
dataset/train/Greening/2025_12_21_IMG (306).JPG,2025_12_21_IMG (306).JPG,Greening,train,.jpg,560,420,RGB,JPEG,1,46898,a0553712a62ef7d85869cd33090fac005e221f5ac5bfefcd5331c1efa7083a8f,True,,
dataset/train/Greening/2025_12_21_IMG (307).JPG,2025_12_21_IMG (307).JPG,Greening,train,.jpg,560,420,RGB,JPEG,1,34820,df6043782a3c4b9c65820894e0e6ae6d7d638040d085a9b00797ccb2a511d348,True,,
dataset/train/Greening/2025_12_21_IMG (309).JPG,2025_12_21_IMG (309).JPG,Greening,train,.jpg,560,420,RGB,JPEG,1,40458,15ab9d9ea76c81ac259305309dc73ac2f31e77e8b8d6d1f710586b56ba1080fb,True,,
dataset/train/Greening/2025_12_21_IMG (312).JPG,2025_12_21_IMG (312).JPG,Greening,train,.jpg,560,420,RGB,JPEG,1,33641,b6d6361f090f7223d14c7f4587b4042044aaf8048280a4f0df37131c2fa90aa6,True,,
dataset/train/Greening/2025_12_21_IMG (313).JPG,2025_12_21_IMG (313).JPG,Greening,train,.jpg,560,420,RGB,JPEG,1,47147,3dd980572dafb6ead0534647681c45cdb6c7ffd242115fc5a406cd539540cd24,True,,
dataset/train/Greening/2025_12_21_IMG (314).JPG,2025_12_21_IMG (314).JPG,Greening,train,.jpg,560,420,RGB,JPEG,1,42124,e4d1ec4ba917195cafa11fb09ffaab865a6cfd714603673531b4e8e10c8f4bbf,True,,
dataset/train/Greening/2025_12_21_IMG (315).JPG,2025_12_21_IMG (315).JPG,Greening,train,.jpg,560,420,RGB,JPEG,1,43016,3ff25421b7fd60b1e3021d2e18376dd202a7c522f857199e7d22196c12a9d4df,True,,
dataset/train/Greening/2025_12_21_IMG (316).JPG,2025_12_21_IMG (316).JPG,Greening,train,.jpg,560,420,RGB,JPEG,1,41462,916beb47984cc2ac187624a6c2951e6a7a006bf37e440df8db0e7c5acf8c86cf,True,,
dataset/train/Greening/2025_12_21_IMG (317).JPG,2025_12_21_IMG (317).JPG,Greening,train,.jpg,560,420,RGB,JPEG,1,38276,5b731c54a01fff6ddd4f7d67e9231813c48833200796ca13504f289649ee3c04,True,,
dataset/train/Greening/2025_12_21_IMG (318).JPG,2025_12_21_IMG (318).JPG,Greening,train,.jpg,560,420,RGB,JPEG,1,35756,61ad3810342ebecd7d24f8d46b4fa077f497ddc78922a96e60906e3996c0a91a,True,,
dataset/train/Greening/2025_12_21_IMG (319).JPG,2025_12_21_IMG (319).JPG,Greening,train,.jpg,560,420,RGB,JPEG,1,38266,3274b5ffb306c8d92991a5907a64134ab87a3cbbb233d687b4a9cc18534df931,True,,
dataset/train/Greening/2025_12_21_IMG (32).JPG,2025_12_21_IMG (32).JPG,Greening,train,.jpg,560,420,RGB,JPEG,1,41107,2ed0752dd030240d7fdfc2509b2e473c466768cc64a4f1a48f36e1d931dfb9ac,True,,
dataset/train/Greening/2025_12_21_IMG (320).JPG,2025_12_21_IMG (320).JPG,Greening,train,.jpg,560,420,RGB,JPEG,1,30842,c7e0ed240e32908c6323e16ee400e629446608f50df99462f801d50c19c519c8,True,,
dataset/train/Greening/2025_12_21_IMG (322).JPG,2025_12_21_IMG (322).JPG,Greening,train,.jpg,560,420,RGB,JPEG,1,33964,30bbd67f0f2645dc3e5cb9f7b9a54f08093fc0e5cacd7cd53cf0ae79e3eac8ab,True,,
dataset/train/Greening/2025_12_21_IMG (323).JPG,2025_12_21_IMG (323).JPG,Greening,train,.jpg,560,420,RGB,JPEG,1,43996,d64f77007620d4eafefc63cf60742d8714642178f33c62cdf956d955fec2bf13,True,,
dataset/train/Greening/2025_12_21_IMG (324).JPG,2025_12_21_IMG (324).JPG,Greening,train,.jpg,560,420,RGB,JPEG,1,42687,8a6d40a53d611a5bc5cfb481542b6ac12290edcaa035aa5d0af9ff28587d840f,True,,
dataset/train/Greening/2025_12_21_IMG (325).JPG,2025_12_21_IMG (325).JPG,Greening,train,.jpg,560,420,RGB,JPEG,1,42365,38168fa4df73cea389f6c37e00eacbd2ff4d5e6e0dc0f5760a28388acba83d21,True,,
dataset/train/Greening/2025_12_21_IMG (326).JPG,2025_12_21_IMG (326).JPG,Greening,train,.jpg,560,420,RGB,JPEG,1,39966,7790d8f17d1bfac1279992d3ad4a01b3739a3417011da51e3bd32b89f04351a9,True,,
dataset/train/Greening/2025_12_21_IMG (327).JPG,2025_12_21_IMG (327).JPG,Greening,train,.jpg,560,420,RGB,JPEG,1,35404,0cbaa06585c7c50dc0f8df795489fcaa0c2b91bdf6b42ef271d4119e58e5ec77,True,,
dataset/train/Greening/2025_12_21_IMG (328).JPG,2025_12_21_IMG (328).JPG,Greening,train,.jpg,560,420,RGB,JPEG,1,35119,6e900b3cbb915c48e0aa3051ef33046ee842df593bbeb2390e2f877a38ad6462,True,,
dataset/train/Greening/2025_12_21_IMG (33).JPG,2025_12_21_IMG (33).JPG,Greening,train,.jpg,560,420,RGB,JPEG,1,41400,14c0a14a6108c5d8ce2db65376f6d0a58f2d98864b5e600de98b0fa7334c414d,True,,
dataset/train/Greening/2025_12_21_IMG (330).JPG,2025_12_21_IMG (330).JPG,Greening,train,.jpg,560,420,RGB,JPEG,1,53089,c1b70d14221cf73fdfe3d8545ea7735d88bf7cc14491a7db18109de64ecc0f41,True,,
dataset/train/Greening/2025_12_21_IMG (332).JPG,2025_12_21_IMG (332).JPG,Greening,train,.jpg,560,420,RGB,JPEG,1,44547,ce2b4831caf7bbf5a17fd39e02987e92e769478cca882c1c3c1c4df18e43aeec,True,,
dataset/train/Greening/2025_12_21_IMG (333).JPG,2025_12_21_IMG (333).JPG,Greening,train,.jpg,560,420,RGB,JPEG,1,43440,8f386d7e69f2068416c5ebb8e598ef8bebd61c73473dfe2297cd74c17558f99c,True,,
dataset/train/Greening/2025_12_21_IMG (334).JPG,2025_12_21_IMG (334).JPG,Greening,train,.jpg,560,420,RGB,JPEG,1,38254,1c509d26d39b5ecc87110800236d0ce84a5dbdfcfd07c2b94bf3503424be4df7,True,,
dataset/train/Greening/2025_12_21_IMG (336).JPG,2025_12_21_IMG (336).JPG,Greening,train,.jpg,560,420,RGB,JPEG,1,35747,e100b8d07bdb67122042e6ea2124841480c029c9dfad395a3a7c6b6420ef909b,True,,
dataset/train/Greening/2025_12_21_IMG (338).JPG,2025_12_21_IMG (338).JPG,Greening,train,.jpg,560,420,RGB,JPEG,1,42303,51ed14844a83db5a9e3aa1b68ae89ae366109f72bf521e7e7743722dc13047ea,True,,
dataset/train/Greening/2025_12_21_IMG (34).JPG,2025_12_21_IMG (34).JPG,Greening,train,.jpg,560,420,RGB,JPEG,1,50794,349fa12bdcf03a4bc6eb18f23979c67211a7c2951ce32cbe2e7818e30201ab10,True,,
dataset/train/Greening/2025_12_21_IMG (340).JPG,2025_12_21_IMG (340).JPG,Greening,train,.jpg,560,420,RGB,JPEG,1,33257,b9d65ffd08dc80b730b776dcda262f2f919d82026c95f5f4719d5b48e571a288,True,,
dataset/train/Greening/2025_12_21_IMG (341).JPG,2025_12_21_IMG (341).JPG,Greening,train,.jpg,560,420,RGB,JPEG,1,35272,9bfaf587ba776abe4a58e74af663f66049c688dbd707e3a0e72b7b7276ad7893,True,,
dataset/train/Greening/2025_12_21_IMG (342).JPG,2025_12_21_IMG (342).JPG,Greening,train,.jpg,560,420,RGB,JPEG,1,37740,5f807ca30ef6d598607a37a1cd81715214383488205a51c46269744107b9b821,True,,
dataset/train/Greening/2025_12_21_IMG (343).JPG,2025_12_21_IMG (343).JPG,Greening,train,.jpg,560,420,RGB,JPEG,1,46723,61f2fa391b355627cbd13f5acb06123f56bbc76b1a39c226f2b2af6c17629df6,True,,
dataset/train/Greening/2025_12_21_IMG (344).JPG,2025_12_21_IMG (344).JPG,Greening,train,.jpg,560,420,RGB,JPEG,1,39582,108d0e5bba410bdde08c934501e09f3ae72d93f095fd48d83594daeca1b72b67,True,,
dataset/train/Greening/2025_12_21_IMG (347).JPG,2025_12_21_IMG (347).JPG,Greening,train,.jpg,560,420,RGB,JPEG,1,36521,4e1361a185966dfe95cb572c29d5e14c8afe60287996b9eb80e6d1ca40d053f6,True,,
dataset/train/Greening/2025_12_21_IMG (348).JPG,2025_12_21_IMG (348).JPG,Greening,train,.jpg,560,420,RGB,JPEG,1,41488,4465a0f3eac096b131a4a9c8943cf28e534effc38f0bc3301cd46b2b3a32b9ae,True,,
dataset/train/Greening/2025_12_21_IMG (349).JPG,2025_12_21_IMG (349).JPG,Greening,train,.jpg,560,420,RGB,JPEG,1,34009,210cc05d27ffaa3efb529c42efd5f7329dd21d610130b6035b4556aef7be0806,True,,
dataset/train/Greening/2025_12_21_IMG (35).JPG,2025_12_21_IMG (35).JPG,Greening,train,.jpg,560,420,RGB,JPEG,1,50422,da7cd04577dbc20eb3e22ea1818cdfbb47b2d6a2f2b78f98aa95512b49fd939f,True,,
dataset/train/Greening/2025_12_21_IMG (36).JPG,2025_12_21_IMG (36).JPG,Greening,train,.jpg,560,420,RGB,JPEG,1,50293,54bce157e48eb403bedd06db86cb74d238b6b755f076a249450ff2c0d58c949c,True,,
dataset/train/Greening/2025_12_21_IMG (37).JPG,2025_12_21_IMG (37).JPG,Greening,train,.jpg,560,420,RGB,JPEG,1,49891,136b8e0a1df50b86812061c1f5b4d62178d8fc7caea099913168e556bae4a9e1,True,,
dataset/train/Greening/2025_12_21_IMG (39).JPG,2025_12_21_IMG (39).JPG,Greening,train,.jpg,560,420,RGB,JPEG,1,49306,f85b42e35549605998e64211987734b3fd67cbd9408467dc052048151466d4ce,True,,
dataset/train/Greening/2025_12_21_IMG (40).JPG,2025_12_21_IMG (40).JPG,Greening,train,.jpg,560,420,RGB,JPEG,1,49555,e341b89940f130b1c6f82c74c4ff2391fe772a92a618d7a0f64e59055465dde4,True,,
dataset/train/Greening/2025_12_21_IMG (41).JPG,2025_12_21_IMG (41).JPG,Greening,train,.jpg,560,420,RGB,JPEG,1,46435,7fb22e9f31864c7f1971f78290f14a39e9e47acbfc23327994d1dfbbda7b6f78,True,,
dataset/train/Greening/2025_12_21_IMG (44).JPG,2025_12_21_IMG (44).JPG,Greening,train,.jpg,560,420,RGB,JPEG,1,48621,ca0acdea80ec25fc99be083419fc5072c48b5f7a05f3e1b0f590a07ceadad3af,True,,
dataset/train/Greening/2025_12_21_IMG (45).JPG,2025_12_21_IMG (45).JPG,Greening,train,.jpg,560,420,RGB,JPEG,1,42837,d2151631cf98acc7ee8b76738d518682bc63a82b263ef713ccc0719fa5d014db,True,,
dataset/train/Greening/2025_12_21_IMG (46).JPG,2025_12_21_IMG (46).JPG,Greening,train,.jpg,560,420,RGB,JPEG,1,43052,9487339c30c374403eb2488bfde283e4baa15bd8d891c033ae52494ecf6af0cb,True,,
dataset/train/Greening/2025_12_21_IMG (47).JPG,2025_12_21_IMG (47).JPG,Greening,train,.jpg,560,420,RGB,JPEG,1,47921,afa092800eaee42ac2e243be6093780f4c97af4c34de0af535da6ac12cef4b34,True,,
dataset/train/Greening/2025_12_21_IMG (48).JPG,2025_12_21_IMG (48).JPG,Greening,train,.jpg,560,420,RGB,JPEG,1,47398,0f6e9eef1e2ebf584a613ff92d14e3bf8832d8a4d06c8b7c664ae6f0acd12c1a,True,,
dataset/train/Greening/2025_12_21_IMG (49).JPG,2025_12_21_IMG (49).JPG,Greening,train,.jpg,560,420,RGB,JPEG,1,56072,14e3dd05467ae12083efffd20dced667225d47620a46ea8310eafaaec30bedbf,True,,
dataset/train/Greening/2025_12_21_IMG (50).JPG,2025_12_21_IMG (50).JPG,Greening,train,.jpg,560,420,RGB,JPEG,1,55675,969d80f441eef62b3d5d460c25add62141253ca9b1f35731dbcf12b9e3b3538a,True,,
dataset/train/Greening/2025_12_21_IMG (52).JPG,2025_12_21_IMG (52).JPG,Greening,train,.jpg,560,420,RGB,JPEG,1,45913,b2c3675b5b1b10c03a83b435dd05c54691113aeedf04b8df050484d6685cca23,True,,
dataset/train/Greening/2025_12_21_IMG (53).JPG,2025_12_21_IMG (53).JPG,Greening,train,.jpg,560,420,RGB,JPEG,1,50906,5c0c8829c9501c4d7603bc3ea8bef403b81445edf9798ea59453bf287c261377,True,,
dataset/train/Greening/2025_12_21_IMG (54).JPG,2025_12_21_IMG (54).JPG,Greening,train,.jpg,560,420,RGB,JPEG,1,50488,63ac713eb5e61021f3747cb5c9b8b184fdbcf42c01ae3f42e7a9ac88c85365de,True,,
dataset/train/Greening/2025_12_21_IMG (58).JPG,2025_12_21_IMG (58).JPG,Greening,train,.jpg,560,420,RGB,JPEG,1,54359,7cd42286f29f03d5300af49653ba5ac92d4f582f2655c43279a0bb1ebb53004c,True,,
dataset/train/Greening/2025_12_21_IMG (59).JPG,2025_12_21_IMG (59).JPG,Greening,train,.jpg,560,420,RGB,JPEG,1,47225,fc6876bcc75a0279c9324a0ff6a73c4a71c063419202a97af60c08226121b449,True,,
dataset/train/Greening/2025_12_21_IMG (6).JPG,2025_12_21_IMG (6).JPG,Greening,train,.jpg,560,420,RGB,JPEG,1,41414,dbfeb3b18f059c087d3de67ecf51e2b6bc1176565d2a53e8f9f1146bb4dcd678,True,,
dataset/train/Greening/2025_12_21_IMG (62).JPG,2025_12_21_IMG (62).JPG,Greening,train,.jpg,560,420,RGB,JPEG,1,39251,d8dd28a5ae3d098d93e555ca59692970b5030e240469f480fac80232db4784fb,True,,
dataset/train/Greening/2025_12_21_IMG (63).JPG,2025_12_21_IMG (63).JPG,Greening,train,.jpg,560,420,RGB,JPEG,1,44968,ed01aec860d7d5719956e7ad1541f0c5a984c6ae1579a5f3ab8fa921a19832ac,True,,
dataset/train/Greening/2025_12_21_IMG (65).JPG,2025_12_21_IMG (65).JPG,Greening,train,.jpg,560,420,RGB,JPEG,1,40714,b515bfe54cfd76d54046fa8627a46ec23d053095bc3eae2ea3e691a71ac657d7,True,,
dataset/train/Greening/2025_12_21_IMG (66).JPG,2025_12_21_IMG (66).JPG,Greening,train,.jpg,560,420,RGB,JPEG,1,44466,e974cecf304e021c73ee68d5a5fe651d368d08590fea2ac9a46f9fbe16cd1488,True,,
dataset/train/Greening/2025_12_21_IMG (67).JPG,2025_12_21_IMG (67).JPG,Greening,train,.jpg,560,420,RGB,JPEG,1,39536,a4b7c7caa2073fbf92dbc7cf305c74c2a783a100902025f4ec05ee8bb219cf3e,True,,
dataset/train/Greening/2025_12_21_IMG (68).JPG,2025_12_21_IMG (68).JPG,Greening,train,.jpg,560,420,RGB,JPEG,1,48064,58787df410e011aa756b492e48be230e9f29a64386f62cbfd1cf5f42d6dd2222,True,,
dataset/train/Greening/2025_12_21_IMG (69).JPG,2025_12_21_IMG (69).JPG,Greening,train,.jpg,560,420,RGB,JPEG,1,46073,a276630f0c6fa82300bc5cb891783a109d75d0bfb1137e1edf0543d9ee03e418,True,,
dataset/train/Greening/2025_12_21_IMG (70).JPG,2025_12_21_IMG (70).JPG,Greening,train,.jpg,560,420,RGB,JPEG,1,38269,503d4a8b4ec3a20919a41b1c50fd0c482f0602314116c2789b441f488e04ec2a,True,,
dataset/train/Greening/2025_12_21_IMG (71).JPG,2025_12_21_IMG (71).JPG,Greening,train,.jpg,560,420,RGB,JPEG,1,52174,7679b594f93a38bfe32d6e0e543a63abf7216c475597e04726db93263a4f413f,True,,
dataset/train/Greening/2025_12_21_IMG (72).JPG,2025_12_21_IMG (72).JPG,Greening,train,.jpg,560,420,RGB,JPEG,1,47667,e2cd4ab9dab50fb16812327abf733f03f7bbc1808213d48f57dcf03538ffd87e,True,,
dataset/train/Greening/2025_12_21_IMG (73).JPG,2025_12_21_IMG (73).JPG,Greening,train,.jpg,560,420,RGB,JPEG,1,57126,1792d1734677fff7a8c7db60dca30aecc262c3e15636206bf3d4efaac6a371c9,True,,
dataset/train/Greening/2025_12_21_IMG (78).JPG,2025_12_21_IMG (78).JPG,Greening,train,.jpg,560,420,RGB,JPEG,1,40712,7a9bc7dd9fd1b3474e081ce1d27447b6a9a9b0ea73bbc4b79a769b96ac08767d,True,,
dataset/train/Greening/2025_12_21_IMG (8).JPG,2025_12_21_IMG (8).JPG,Greening,train,.jpg,560,420,RGB,JPEG,1,44238,38afc68b1a41131788aacb90d45193c7a6db24c14f35740f7f32f9d8e35a2022,True,,
dataset/train/Greening/2025_12_21_IMG (80).JPG,2025_12_21_IMG (80).JPG,Greening,train,.jpg,560,420,RGB,JPEG,1,45495,3ab2e676ea3d1b68180c22ad0f52737cb93c59595a017f64b8ceb82447ef9c6e,True,,
dataset/train/Greening/2025_12_21_IMG (81).JPG,2025_12_21_IMG (81).JPG,Greening,train,.jpg,560,420,RGB,JPEG,1,44241,0999f43a5a4b7197272d3b4d8ef2df73eadc0dc383eb6e5fc2e4801eacfec5a7,True,,
dataset/train/Greening/2025_12_21_IMG (82).JPG,2025_12_21_IMG (82).JPG,Greening,train,.jpg,560,420,RGB,JPEG,1,42238,ca839fdf6df24e8d3f63a3172ee365b91098b685201a8e0fe9a8d20f3c1eddd8,True,,
dataset/train/Greening/2025_12_21_IMG (83).JPG,2025_12_21_IMG (83).JPG,Greening,train,.jpg,560,420,RGB,JPEG,1,43883,c3683e7ee1fe6ded9bea5db65048a0df7d28dca1d2e95828f78ea18829c88297,True,,
dataset/train/Greening/2025_12_21_IMG (85).JPG,2025_12_21_IMG (85).JPG,Greening,train,.jpg,560,420,RGB,JPEG,1,42172,cf99c432380dda9e6a16feb36ce288284dfd1cc0651a9f6f1920839f4c34934e,True,,
dataset/train/Greening/2025_12_21_IMG (87).JPG,2025_12_21_IMG (87).JPG,Greening,train,.jpg,560,420,RGB,JPEG,1,42008,c411d9b3b5caadead61c24e1366c5a2de3428e2d59948eac574326a8ca94c5cd,True,,
dataset/train/Greening/2025_12_21_IMG (9).JPG,2025_12_21_IMG (9).JPG,Greening,train,.jpg,560,420,RGB,JPEG,1,43281,d30fbf7159a87d544bc5f42c877a6d86dc52fc720e099a2bc18d47e86c8eb2af,True,,
dataset/train/Greening/2025_12_21_IMG (90).JPG,2025_12_21_IMG (90).JPG,Greening,train,.jpg,560,420,RGB,JPEG,1,47698,b9c27113adadbc617dac737f7166b174030485b14118c5d032d5b11c37d7189c,True,,
dataset/train/Greening/2025_12_21_IMG (93).JPG,2025_12_21_IMG (93).JPG,Greening,train,.jpg,560,420,RGB,JPEG,1,47885,3d4b6b4a1736db9e8a9cc6cc5ad3c0f67c7106fe0541cb7d1139efd4745e54eb,True,,
dataset/train/Greening/2025_12_21_IMG (94).JPG,2025_12_21_IMG (94).JPG,Greening,train,.jpg,560,420,RGB,JPEG,1,44205,54143731d0b38c8e88d7646a16513b2f06674967747fdab7c21a94fa97552e7b,True,,
dataset/train/Greening/2025_12_21_IMG (96).JPG,2025_12_21_IMG (96).JPG,Greening,train,.jpg,560,420,RGB,JPEG,1,42417,4234b6c8fcaef48f146f09730ea0fb07cca429da5c680d568ecf6d912c33dca4,True,,
dataset/train/Greening/2025_12_21_IMG (97).JPG,2025_12_21_IMG (97).JPG,Greening,train,.jpg,560,420,RGB,JPEG,1,41072,5b3e42ccb224fe9451736f550e733164ede298afa640672675785767359088bd,True,,
dataset/train/Greening/2025_12_21_IMG (98).JPG,2025_12_21_IMG (98).JPG,Greening,train,.jpg,560,420,RGB,JPEG,1,42827,838d23bea93474e467054fdaf38e17743df04267b6390dad62d6274dbbab3a94,True,,
dataset/train/Greening/2025_12_21_IMG (99).JPG,2025_12_21_IMG (99).JPG,Greening,train,.jpg,560,420,RGB,JPEG,1,40709,999772a9daadf85fc4a131edb016c4a0e5b58a647eabdac5a6cfde6e87323e92,True,,
dataset/train/Healthy leaf/2025_11_21_IMG (1).JPG,2025_11_21_IMG (1).JPG,Healthy leaf,train,.jpg,560,420,RGB,JPEG,1,47122,b404eea755364002751f37f3d67ade6e1e45f682cbf3d12f3f60db121bbb39da,True,,
dataset/train/Healthy leaf/2025_11_21_IMG (10).JPG,2025_11_21_IMG (10).JPG,Healthy leaf,train,.jpg,560,420,RGB,JPEG,1,39801,38efd3bea164db8d27a31f96f7c3097179da6543cece97a358d62d3783ac1a63,True,,
dataset/train/Healthy leaf/2025_11_21_IMG (100).JPG,2025_11_21_IMG (100).JPG,Healthy leaf,train,.jpg,560,420,RGB,JPEG,1,27922,df62e6caf1b8be24cbde7e7107e4692e4aaad03c88036cb4e0c5061d17803d56,True,,
dataset/train/Healthy leaf/2025_11_21_IMG (102).JPG,2025_11_21_IMG (102).JPG,Healthy leaf,train,.jpg,560,420,RGB,JPEG,1,31874,69ba24a83ec020f2ab01451e2d32f540f1a07e6dde068af5506a0e703cb048ce,True,,
dataset/train/Healthy leaf/2025_11_21_IMG (103).JPG,2025_11_21_IMG (103).JPG,Healthy leaf,train,.jpg,560,420,RGB,JPEG,1,33127,e27b1a11370bd57dd1e407c5209f7e95afedbcce95809bc7efd92de2493036f0,True,,
dataset/train/Healthy leaf/2025_11_21_IMG (104).JPG,2025_11_21_IMG (104).JPG,Healthy leaf,train,.jpg,560,420,RGB,JPEG,1,35932,2ba20fbdfeac45cbb9cc150e39e452ad2b8318284a5531e4e79970ce526754ca,True,,
dataset/train/Healthy leaf/2025_11_21_IMG (105).JPG,2025_11_21_IMG (105).JPG,Healthy leaf,train,.jpg,560,420,RGB,JPEG,1,29830,0c1d491ed5daa5f4e7d95f6b96875ebbcda5f56b4cc07cac8ddb0a6b02b9253f,True,,
dataset/train/Healthy leaf/2025_11_21_IMG (106).JPG,2025_11_21_IMG (106).JPG,Healthy leaf,train,.jpg,560,420,RGB,JPEG,1,31892,4fe15159ddef8161915334cff69b76b632da4373a765afef9f3ac0b916c25fa4,True,,
dataset/train/Healthy leaf/2025_11_21_IMG (107).JPG,2025_11_21_IMG (107).JPG,Healthy leaf,train,.jpg,560,420,RGB,JPEG,1,31834,9fa54de8d716091a758e567deddd82efa48fde93551989199dd894f503568746,True,,
dataset/train/Healthy leaf/2025_11_21_IMG (108).JPG,2025_11_21_IMG (108).JPG,Healthy leaf,train,.jpg,560,420,RGB,JPEG,1,27857,f22e36e176b27e754968abd5d0fc83772261e6121acf4ff9136b872991d5cd8f,True,,
dataset/train/Healthy leaf/2025_11_21_IMG (111).JPG,2025_11_21_IMG (111).JPG,Healthy leaf,train,.jpg,560,420,RGB,JPEG,1,29685,f2a2270822a3e050a9630319ef2df38ef193dc4e8ef0115d0ec15ec7ea235016,True,,
dataset/train/Healthy leaf/2025_11_21_IMG (116).JPG,2025_11_21_IMG (116).JPG,Healthy leaf,train,.jpg,560,420,RGB,JPEG,1,28255,4e5848af4aadde2a510632259a3f0e00c3435dc0a00a83cf4d48629c590f8b1f,True,,
dataset/train/Healthy leaf/2025_11_21_IMG (118).JPG,2025_11_21_IMG (118).JPG,Healthy leaf,train,.jpg,560,420,RGB,JPEG,1,40390,735c9772398584fe9b3ad35c8929b1ee8e9a4106dd7aee54fe764458c75a90b9,True,,
dataset/train/Healthy leaf/2025_11_21_IMG (12).JPG,2025_11_21_IMG (12).JPG,Healthy leaf,train,.jpg,560,420,RGB,JPEG,1,46924,7c3118a71d7158ed4ce1946305eb5b2f6332ec55ea6f30f06fb83fb41ffb9318,True,,
dataset/train/Healthy leaf/2025_11_21_IMG (120).JPG,2025_11_21_IMG (120).JPG,Healthy leaf,train,.jpg,560,420,RGB,JPEG,1,31272,5967e5cb7912136fd0d99e2ef802647ab4c410b58bcd5378d5752949528638be,True,,
dataset/train/Healthy leaf/2025_11_21_IMG (122).JPG,2025_11_21_IMG (122).JPG,Healthy leaf,train,.jpg,560,420,RGB,JPEG,1,31755,43eb0586f9a685a7835c354946638a6df14be4edf86e1aab9aa39f97f42be416,True,,
dataset/train/Healthy leaf/2025_11_21_IMG (123).JPG,2025_11_21_IMG (123).JPG,Healthy leaf,train,.jpg,560,420,RGB,JPEG,1,24108,3c4b4056164d2429891da595641ee5fe826f24b6ad8d18d1c2d577e8cd17b6df,True,,
dataset/train/Healthy leaf/2025_11_21_IMG (124).JPG,2025_11_21_IMG (124).JPG,Healthy leaf,train,.jpg,560,420,RGB,JPEG,1,23947,5b14100578d60432cbf9bc5d5d65e33e74d7f7a2be0aff0a6d18e0185580a165,True,,
dataset/train/Healthy leaf/2025_11_21_IMG (125).JPG,2025_11_21_IMG (125).JPG,Healthy leaf,train,.jpg,560,420,RGB,JPEG,1,30786,4907e75cf0ea33307b870f920e0e24ac72884e7d35f0dbbb16234ee23bbbd3c9,True,,
dataset/train/Healthy leaf/2025_11_21_IMG (126).JPG,2025_11_21_IMG (126).JPG,Healthy leaf,train,.jpg,560,420,RGB,JPEG,1,30787,882d74037c42fed48b2d140438bb15dfe786bd06df7755f486d78a3e646b3766,True,,
dataset/train/Healthy leaf/2025_11_21_IMG (127).JPG,2025_11_21_IMG (127).JPG,Healthy leaf,train,.jpg,560,420,RGB,JPEG,1,37937,108d513aa64450a34266d4288a37273a1ecc7d14399294929606769fcdf520d5,True,,
dataset/train/Healthy leaf/2025_11_21_IMG (128).JPG,2025_11_21_IMG (128).JPG,Healthy leaf,train,.jpg,560,420,RGB,JPEG,1,38874,613a77fcf816796f8ed05649699a9a8bc53ef2bdbe0338e7258b651cb4761d09,True,,
dataset/train/Healthy leaf/2025_11_21_IMG (129).JPG,2025_11_21_IMG (129).JPG,Healthy leaf,train,.jpg,560,420,RGB,JPEG,1,30688,9e2f691ad56a0d38cf71de7912f8ebb3f9106241338b016319597e12c52aa0a9,True,,
dataset/train/Healthy leaf/2025_11_21_IMG (13).JPG,2025_11_21_IMG (13).JPG,Healthy leaf,train,.jpg,560,420,RGB,JPEG,1,46575,745cafc71f07afa3b65a31a28c7b24ab021ab11edda69195707fc331c4412f09,True,,
dataset/train/Healthy leaf/2025_11_21_IMG (130).JPG,2025_11_21_IMG (130).JPG,Healthy leaf,train,.jpg,560,420,RGB,JPEG,1,32612,915625cee6887c6dc2341925de80ac448d00d50027d830d5907f2214a2420d9c,True,,
dataset/train/Healthy leaf/2025_11_21_IMG (131).JPG,2025_11_21_IMG (131).JPG,Healthy leaf,train,.jpg,560,420,RGB,JPEG,1,30327,6ab437cc504f48e59637344f5421302f2f169f583407c6e93cd5dbfccfadafe0,True,,
dataset/train/Healthy leaf/2025_11_21_IMG (132).JPG,2025_11_21_IMG (132).JPG,Healthy leaf,train,.jpg,560,420,RGB,JPEG,1,28642,7c6bbfced4501045588ceb91fb50ac5e6cbdbe603c87aac46383dd95aa312707,True,,
dataset/train/Healthy leaf/2025_11_21_IMG (133).JPG,2025_11_21_IMG (133).JPG,Healthy leaf,train,.jpg,560,420,RGB,JPEG,1,28524,e687f520f593ae879e2294de5eb6901c04b7fea45cb55b565479b59f27275f9c,True,,
dataset/train/Healthy leaf/2025_11_21_IMG (134).JPG,2025_11_21_IMG (134).JPG,Healthy leaf,train,.jpg,560,420,RGB,JPEG,1,36321,51a140dc0d185f803a563501e357098f3db3ce1732d2eaa3dba66ed650557f91,True,,
dataset/train/Healthy leaf/2025_11_21_IMG (137).JPG,2025_11_21_IMG (137).JPG,Healthy leaf,train,.jpg,560,420,RGB,JPEG,1,33611,0596a59020e1970bb78c37190b5fa82393202fa89b65c9aa14785d96d6c9fb26,True,,
dataset/train/Healthy leaf/2025_11_21_IMG (14).JPG,2025_11_21_IMG (14).JPG,Healthy leaf,train,.jpg,560,420,RGB,JPEG,1,39091,0badfe56b6b432bc3b9bdaf30378b98460d1069494005851d5f80bd480e7b138,True,,
dataset/train/Healthy leaf/2025_11_21_IMG (140).JPG,2025_11_21_IMG (140).JPG,Healthy leaf,train,.jpg,560,420,RGB,JPEG,1,50996,ed0481802fe988814ba0c675e019274b6dbc5d7754f9b330c2a505726ed6d300,True,,
dataset/train/Healthy leaf/2025_11_21_IMG (142).JPG,2025_11_21_IMG (142).JPG,Healthy leaf,train,.jpg,560,420,RGB,JPEG,1,39590,a001fc1d4a22f4f1363183028396ff2778ed1602f1b102363d85843df57c2328,True,,
dataset/train/Healthy leaf/2025_11_21_IMG (144).JPG,2025_11_21_IMG (144).JPG,Healthy leaf,train,.jpg,560,420,RGB,JPEG,1,53489,f0782930fce4d23f721a7eb14fd8a06cd2e33a70c3345656889ab4f9ea4c4cf6,True,,
dataset/train/Healthy leaf/2025_11_21_IMG (145).JPG,2025_11_21_IMG (145).JPG,Healthy leaf,train,.jpg,560,420,RGB,JPEG,1,52966,dac80375105433a9ec6d690f0a19225e4c7708d7d3d45453c5df8275089e44f0,True,,
dataset/train/Healthy leaf/2025_11_21_IMG (148).JPG,2025_11_21_IMG (148).JPG,Healthy leaf,train,.jpg,560,420,RGB,JPEG,1,46551,b5ae1f4f7d1c4c034cdb8c882f2a5bad165823536fb1225f3ea01ccbfd7c70f0,True,,
dataset/train/Healthy leaf/2025_11_21_IMG (149).JPG,2025_11_21_IMG (149).JPG,Healthy leaf,train,.jpg,560,420,RGB,JPEG,1,47600,52b99ed637c3afeef3015adbe2aec31d3124ee4679ced6f61e7e5bf35bf49b5e,True,,
dataset/train/Healthy leaf/2025_11_21_IMG (153).JPG,2025_11_21_IMG (153).JPG,Healthy leaf,train,.jpg,560,420,RGB,JPEG,1,37046,13252670a67cec4a1335f72a6a1d32ddb6731ea365610cebed801cc736a53ee8,True,,
dataset/train/Healthy leaf/2025_11_21_IMG (154).JPG,2025_11_21_IMG (154).JPG,Healthy leaf,train,.jpg,560,420,RGB,JPEG,1,52515,ff36de978561fadf2d8060defcbf5ae440c2d35ddee7751ead6db95f2478325e,True,,
dataset/train/Healthy leaf/2025_11_21_IMG (157).JPG,2025_11_21_IMG (157).JPG,Healthy leaf,train,.jpg,560,420,RGB,JPEG,1,44198,cd14f14b69e886d02403ddf9e24e7be7114236029b45d164ee2eed57dc8902e7,True,,
dataset/train/Healthy leaf/2025_11_21_IMG (158).JPG,2025_11_21_IMG (158).JPG,Healthy leaf,train,.jpg,560,420,RGB,JPEG,1,43584,5567e57647bbc16c29d9f09d0821e905b08fc5a86adeb2a7c6af210c23e61527,True,,
dataset/train/Healthy leaf/2025_11_21_IMG (159).JPG,2025_11_21_IMG (159).JPG,Healthy leaf,train,.jpg,560,420,RGB,JPEG,1,43508,6873c2bcba8fdad34957d80d74d554df7ee59525cf3518979afba9a5fbff633b,True,,
dataset/train/Healthy leaf/2025_11_21_IMG (16).JPG,2025_11_21_IMG (16).JPG,Healthy leaf,train,.jpg,560,420,RGB,JPEG,1,48648,465478e10698a99e07ec1c8206b10cf8bce32f386c925c86869a3756df188da9,True,,
dataset/train/Healthy leaf/2025_11_21_IMG (162).JPG,2025_11_21_IMG (162).JPG,Healthy leaf,train,.jpg,560,420,RGB,JPEG,1,36985,92ef115272533965dd1b4018338c47afa06a70a33637b5e304cd48cd15c31408,True,,
dataset/train/Healthy leaf/2025_11_21_IMG (164).JPG,2025_11_21_IMG (164).JPG,Healthy leaf,train,.jpg,560,420,RGB,JPEG,1,42112,20b26db1f8a7d14c64f8b77863fff95600d6c868eb54745cbeb9c24630741fca,True,,
dataset/train/Healthy leaf/2025_11_21_IMG (165).JPG,2025_11_21_IMG (165).JPG,Healthy leaf,train,.jpg,560,420,RGB,JPEG,1,42567,ea2df21407d81190c7d38c8d2a4768c019d70a62bdfbf40df9c7d8cc2531a062,True,,
dataset/train/Healthy leaf/2025_11_21_IMG (167).JPG,2025_11_21_IMG (167).JPG,Healthy leaf,train,.jpg,560,420,RGB,JPEG,1,38227,af47a45db33d1716e6878c5c67e09595559e08f0f6d82f6c0ef7e74916d7078f,True,,
dataset/train/Healthy leaf/2025_11_21_IMG (168).JPG,2025_11_21_IMG (168).JPG,Healthy leaf,train,.jpg,560,420,RGB,JPEG,1,42185,1edeb31851688e7125d8faab71546e98aad7c4bbbf9de0fb7d95ded56ec0b151,True,,
dataset/train/Healthy leaf/2025_11_21_IMG (169).JPG,2025_11_21_IMG (169).JPG,Healthy leaf,train,.jpg,560,420,RGB,JPEG,1,41864,54759b494b3509f08f0a80b81a0d6f53a113c972e9abf8cb822c3f6617d34cea,True,,
dataset/train/Healthy leaf/2025_11_21_IMG (17).JPG,2025_11_21_IMG (17).JPG,Healthy leaf,train,.jpg,560,420,RGB,JPEG,1,48597,a8866a07ef45bfb72644a53fb50a13cec5efda7b49a87f0fa2f6650dc8321b5d,True,,
dataset/train/Healthy leaf/2025_11_21_IMG (171).JPG,2025_11_21_IMG (171).JPG,Healthy leaf,train,.jpg,560,420,RGB,JPEG,1,42348,e4bd0828cad63a31a5412d59f49b476b511d2ff196c146cef1358187d4cb934f,True,,
dataset/train/Healthy leaf/2025_11_21_IMG (173).JPG,2025_11_21_IMG (173).JPG,Healthy leaf,train,.jpg,560,420,RGB,JPEG,1,39396,6a069ca9d67e420a181ad1a09b74d2707da3060504883b9a2518bbf89358f98c,True,,
dataset/train/Healthy leaf/2025_11_21_IMG (174).JPG,2025_11_21_IMG (174).JPG,Healthy leaf,train,.jpg,560,420,RGB,JPEG,1,39665,ce2b82ae019d5c04d5d41c34aa1d6dba58331d2b672a9227a7908d61c3eff5e9,True,,
dataset/train/Healthy leaf/2025_11_21_IMG (175).JPG,2025_11_21_IMG (175).JPG,Healthy leaf,train,.jpg,560,420,RGB,JPEG,1,57272,d9b0ce4511d947067743c6f10d5bf488fd59e171be294f0d3105dbf8dbd8c588,True,,
dataset/train/Healthy leaf/2025_11_21_IMG (176).JPG,2025_11_21_IMG (176).JPG,Healthy leaf,train,.jpg,560,420,RGB,JPEG,1,57038,0eefedf94b6f1b3cb45b122682f2635333c5bdb7715386721ba3974504778e56,True,,
dataset/train/Healthy leaf/2025_11_21_IMG (177).JPG,2025_11_21_IMG (177).JPG,Healthy leaf,train,.jpg,560,420,RGB,JPEG,1,52185,86d016877536c3efae646e0f619af65ac150de5a888eef08567434d08a89b2e3,True,,
dataset/train/Healthy leaf/2025_11_21_IMG (178).JPG,2025_11_21_IMG (178).JPG,Healthy leaf,train,.jpg,560,420,RGB,JPEG,1,53137,847c80639b499340e8fcdf2d41295b172b99afe72b4fd3fc81481a24c7035924,True,,
dataset/train/Healthy leaf/2025_11_21_IMG (179).JPG,2025_11_21_IMG (179).JPG,Healthy leaf,train,.jpg,560,420,RGB,JPEG,1,53132,fbd7141a009419918085f27f5eeea01c1fe7a6499aad6a54a691c17f7903d925,True,,
dataset/train/Healthy leaf/2025_11_21_IMG (18).JPG,2025_11_21_IMG (18).JPG,Healthy leaf,train,.jpg,560,420,RGB,JPEG,1,49843,b42c2a49831784390eac3ff6f2336e0345bb1b2680a095dedee02b4a51928a2c,True,,
dataset/train/Healthy leaf/2025_11_21_IMG (181).JPG,2025_11_21_IMG (181).JPG,Healthy leaf,train,.jpg,560,420,RGB,JPEG,1,51648,6a7fb9a011211eac314fac307a42fdca1dd0686bd4a32b1d7fa416cfb0319637,True,,
dataset/train/Healthy leaf/2025_11_21_IMG (182).JPG,2025_11_21_IMG (182).JPG,Healthy leaf,train,.jpg,560,420,RGB,JPEG,1,44243,94a59208508f2e77b2d112bd5232964cdd9eb055aad65fbbb527a5738c510006,True,,
dataset/train/Healthy leaf/2025_11_21_IMG (185).JPG,2025_11_21_IMG (185).JPG,Healthy leaf,train,.jpg,560,420,RGB,JPEG,1,44699,059048d6355c6f653b70da7903f5b54d3ac555382c14dfc946f94dc4f197f81e,True,,
dataset/train/Healthy leaf/2025_11_21_IMG (186).JPG,2025_11_21_IMG (186).JPG,Healthy leaf,train,.jpg,560,420,RGB,JPEG,1,39001,07840005b6df1e87eff75176c67a2640db7a72fa1b74ea832336853556aef224,True,,
dataset/train/Healthy leaf/2025_11_21_IMG (188).JPG,2025_11_21_IMG (188).JPG,Healthy leaf,train,.jpg,560,420,RGB,JPEG,1,44520,9c16b5933d7460d72cea5e690833e6b9c3726f6c31f0057c9fe2854a6e167383,True,,
dataset/train/Healthy leaf/2025_11_21_IMG (189).JPG,2025_11_21_IMG (189).JPG,Healthy leaf,train,.jpg,560,420,RGB,JPEG,1,42640,26c92e68805a4435424794f65d35129b8268e89e2c0a1a4a6bf27ccd049b4f67,True,,
dataset/train/Healthy leaf/2025_11_21_IMG (19).JPG,2025_11_21_IMG (19).JPG,Healthy leaf,train,.jpg,560,420,RGB,JPEG,1,47288,82f1da4b31767b1fa7c4778ff3b548a84fd48b1fb6e1df3dceb852a2c1b65e4d,True,,
dataset/train/Healthy leaf/2025_11_21_IMG (191).JPG,2025_11_21_IMG (191).JPG,Healthy leaf,train,.jpg,560,420,RGB,JPEG,1,44143,53c22969bb12b282029d6b1c2e197b21d78d71a599b1a4321dc50f8b2cd968a2,True,,
dataset/train/Healthy leaf/2025_11_21_IMG (192).JPG,2025_11_21_IMG (192).JPG,Healthy leaf,train,.jpg,560,420,RGB,JPEG,1,52388,d3199caee31742786bf3df24a79eaf49a4c87b7df78e34a988189f3017cdb1fa,True,,
dataset/train/Healthy leaf/2025_11_21_IMG (193).JPG,2025_11_21_IMG (193).JPG,Healthy leaf,train,.jpg,560,420,RGB,JPEG,1,52952,391825b3478a79a139404bfce625b4a66e5ff19e448c6d4ea959488a3a01d209,True,,
dataset/train/Healthy leaf/2025_11_21_IMG (194).JPG,2025_11_21_IMG (194).JPG,Healthy leaf,train,.jpg,560,420,RGB,JPEG,1,39104,c18b494e94d334774726659c55bdca5f6c2a78c80811ce6da8920f78490af1a1,True,,
dataset/train/Healthy leaf/2025_11_21_IMG (195).JPG,2025_11_21_IMG (195).JPG,Healthy leaf,train,.jpg,560,420,RGB,JPEG,1,45933,a61e65dc0aae2d2ad2cb6ee494b6cb2dea220351bf78f03cc2b0d09ac9e284bc,True,,
dataset/train/Healthy leaf/2025_11_21_IMG (196).JPG,2025_11_21_IMG (196).JPG,Healthy leaf,train,.jpg,560,420,RGB,JPEG,1,54944,eeb894c1058f56285d5a4b983fc62dc638545f33a6203638fdde847235016cdb,True,,
dataset/train/Healthy leaf/2025_11_21_IMG (197).JPG,2025_11_21_IMG (197).JPG,Healthy leaf,train,.jpg,560,420,RGB,JPEG,1,50403,b4e4aa72183804be0e0e2bc645742fef34d89b805ea51b12169e8b8e78cfae8d,True,,
dataset/train/Healthy leaf/2025_11_21_IMG (198).JPG,2025_11_21_IMG (198).JPG,Healthy leaf,train,.jpg,560,420,RGB,JPEG,1,49764,f9f641fea5caf2d0521633e872347183c80ba254ad4ccbdfc22d7ed2dcb8e085,True,,
dataset/train/Healthy leaf/2025_11_21_IMG (200).JPG,2025_11_21_IMG (200).JPG,Healthy leaf,train,.jpg,560,420,RGB,JPEG,1,35666,b7ac9fa6e421e6ac8ed9afc8fe36cc62c3d9d7c0a6630aa7a6f05aafcede59c4,True,,
dataset/train/Healthy leaf/2025_11_21_IMG (202).JPG,2025_11_21_IMG (202).JPG,Healthy leaf,train,.jpg,560,420,RGB,JPEG,1,34547,205a9bb0cc6fe5e27b6369177037473904da3a96e729f28462ed89a9cf61e6bf,True,,
dataset/train/Healthy leaf/2025_11_21_IMG (204).JPG,2025_11_21_IMG (204).JPG,Healthy leaf,train,.jpg,560,420,RGB,JPEG,1,46666,f66e856f6e01885dd127b7839ce629c038bf0d56dc4743e4d730d772bbe70320,True,,
dataset/train/Healthy leaf/2025_11_21_IMG (207).JPG,2025_11_21_IMG (207).JPG,Healthy leaf,train,.jpg,560,420,RGB,JPEG,1,37677,26c5d986a688db79414d3632e51230e266a9372a9113c921fc1702d8dca49279,True,,
dataset/train/Healthy leaf/2025_11_21_IMG (208).JPG,2025_11_21_IMG (208).JPG,Healthy leaf,train,.jpg,560,420,RGB,JPEG,1,42113,5c16d80a062697e3ac5c61a93355e18c9ae3276fa2787bd7f649c0151ef1cdf9,True,,
dataset/train/Healthy leaf/2025_11_21_IMG (209).JPG,2025_11_21_IMG (209).JPG,Healthy leaf,train,.jpg,560,420,RGB,JPEG,1,43547,b00a86e4494f7008bfe5841b4a1674a1aa69aecd0bdff1d9bb31b0cea88e09ae,True,,
dataset/train/Healthy leaf/2025_11_21_IMG (21).JPG,2025_11_21_IMG (21).JPG,Healthy leaf,train,.jpg,560,420,RGB,JPEG,1,45819,73062e70429f033dca1b713b0b41c527a788c5c306f9dc3cfd93527a7290f640,True,,
dataset/train/Healthy leaf/2025_11_21_IMG (210).JPG,2025_11_21_IMG (210).JPG,Healthy leaf,train,.jpg,560,420,RGB,JPEG,1,45228,15ed71fdae8dd602a79a0e68cbeb75716971c3caa3bafed55cf8d2e28e80f78e,True,,
dataset/train/Healthy leaf/2025_11_21_IMG (212).JPG,2025_11_21_IMG (212).JPG,Healthy leaf,train,.jpg,560,420,RGB,JPEG,1,40009,ee0388b550dc6e09b189ac1ff51771d77c42ab271bc1091f5193e07264e3a919,True,,
dataset/train/Healthy leaf/2025_11_21_IMG (213).JPG,2025_11_21_IMG (213).JPG,Healthy leaf,train,.jpg,560,420,RGB,JPEG,1,39476,88570064457da4cdf6b5815a2304a965f6ed1b7794ae3a3d5d710fad52aba25f,True,,
dataset/train/Healthy leaf/2025_11_21_IMG (214).JPG,2025_11_21_IMG (214).JPG,Healthy leaf,train,.jpg,560,420,RGB,JPEG,1,39439,428bea2fb82cf4b4a0bd75e6f37d2d940c31fb641990e36a7e4ec52f043fca82,True,,
dataset/train/Healthy leaf/2025_11_21_IMG (215).JPG,2025_11_21_IMG (215).JPG,Healthy leaf,train,.jpg,560,420,RGB,JPEG,1,43189,6e828d8b4390dc63e0fce0ba018bf28bdd11f864408075cc2023bd8c1079e947,True,,
dataset/train/Healthy leaf/2025_11_21_IMG (216).JPG,2025_11_21_IMG (216).JPG,Healthy leaf,train,.jpg,560,420,RGB,JPEG,1,46971,8e5493769ce1151cf7283078e1c5d7bcef1450cee1d5fbd153d2e26b48604b73,True,,
dataset/train/Healthy leaf/2025_11_21_IMG (217).JPG,2025_11_21_IMG (217).JPG,Healthy leaf,train,.jpg,560,420,RGB,JPEG,1,47553,e4f6b6fc1322bc1884dc6400dc06a44cce7d37a4fa3d7553e3bdbd1113b84910,True,,
dataset/train/Healthy leaf/2025_11_21_IMG (218).JPG,2025_11_21_IMG (218).JPG,Healthy leaf,train,.jpg,560,420,RGB,JPEG,1,43319,23f494fab7e1e3ad4def4b803e7ace4be15401c722de6ed0c06549027b3fb96a,True,,
dataset/train/Healthy leaf/2025_11_21_IMG (219).JPG,2025_11_21_IMG (219).JPG,Healthy leaf,train,.jpg,560,420,RGB,JPEG,1,42969,74116d6ef2472a86aaacc0a1cb8e6b863e55166dcd9f2965b6d0b3e49f8ae984,True,,
dataset/train/Healthy leaf/2025_11_21_IMG (22).JPG,2025_11_21_IMG (22).JPG,Healthy leaf,train,.jpg,560,420,RGB,JPEG,1,45327,f634faf70049ba4a5e4a7472cc7a709fae4b8931104af03bb1467fac083fe14c,True,,
dataset/train/Healthy leaf/2025_11_21_IMG (222).JPG,2025_11_21_IMG (222).JPG,Healthy leaf,train,.jpg,560,420,RGB,JPEG,1,38557,0b35bdcd63b91f0dbfa85aae1da3e21d3095acc16f10e5f6dcfa0e9bcc21b7a5,True,,
dataset/train/Healthy leaf/2025_11_21_IMG (223).JPG,2025_11_21_IMG (223).JPG,Healthy leaf,train,.jpg,560,420,RGB,JPEG,1,37471,465e8ca3ca8fd5a586f71bb8260034d8a11e14181e1778ca4410f95a06d18187,True,,
dataset/train/Healthy leaf/2025_11_21_IMG (224).JPG,2025_11_21_IMG (224).JPG,Healthy leaf,train,.jpg,560,420,RGB,JPEG,1,36847,ba0267c5aedc4e6b0074b038fba3d09d878fdc14e7b469f1e2e6724ebbed7f42,True,,
dataset/train/Healthy leaf/2025_11_21_IMG (226).JPG,2025_11_21_IMG (226).JPG,Healthy leaf,train,.jpg,560,420,RGB,JPEG,1,38705,55e9b08ecaae73e8fafb6b6648e50cc191ccc294da5dc1c7a830876e276be13c,True,,
dataset/train/Healthy leaf/2025_11_21_IMG (228).JPG,2025_11_21_IMG (228).JPG,Healthy leaf,train,.jpg,560,420,RGB,JPEG,1,48432,edbefc37f1b1328531d9fd35804b0e81b8874a7fab07059b608ab4680ecca76f,True,,
dataset/train/Healthy leaf/2025_11_21_IMG (229).JPG,2025_11_21_IMG (229).JPG,Healthy leaf,train,.jpg,560,420,RGB,JPEG,1,39603,08ff14df9d7ef50b43badbf8a0bf1c52c0cb77faf39261e1629ace3738eb8404,True,,
dataset/train/Healthy leaf/2025_11_21_IMG (23).JPG,2025_11_21_IMG (23).JPG,Healthy leaf,train,.jpg,560,420,RGB,JPEG,1,41611,4a7a30d721c4b4fd2638e83c25dcb3d097b5dd226f697602725d49123418a056,True,,
dataset/train/Healthy leaf/2025_11_21_IMG (230).JPG,2025_11_21_IMG (230).JPG,Healthy leaf,train,.jpg,560,420,RGB,JPEG,1,39551,610900e3f900d30b6ffdca78a899f05ddd0457b64883a6dc172e74e8bc46dd6d,True,,
dataset/train/Healthy leaf/2025_11_21_IMG (232).JPG,2025_11_21_IMG (232).JPG,Healthy leaf,train,.jpg,560,420,RGB,JPEG,1,37760,60dea5890d893f127171176fb14ae13b15481aff0dad5feb50a0ac69aa822b76,True,,
dataset/train/Healthy leaf/2025_11_21_IMG (233).JPG,2025_11_21_IMG (233).JPG,Healthy leaf,train,.jpg,560,420,RGB,JPEG,1,38987,6105ac37f3180a524fd422a414eaa3f67fcc1c5906f9fec36e467feda26875b0,True,,
dataset/train/Healthy leaf/2025_11_21_IMG (235).JPG,2025_11_21_IMG (235).JPG,Healthy leaf,train,.jpg,560,420,RGB,JPEG,1,36567,693b6e6843441d530ffb92556ec58608aaa9ddb52b97b95c42704ba750f5b1d8,True,,
dataset/train/Healthy leaf/2025_11_21_IMG (236).JPG,2025_11_21_IMG (236).JPG,Healthy leaf,train,.jpg,560,420,RGB,JPEG,1,48061,c6ef5b5f7a7a11389507cad0771f2b8b59c70d895eb07aae83a11d4cadad2100,True,,
dataset/train/Healthy leaf/2025_11_21_IMG (237).JPG,2025_11_21_IMG (237).JPG,Healthy leaf,train,.jpg,560,420,RGB,JPEG,1,46226,b9e1ec6e48147a917cb959f55dd552be68b50cecbc3e2cf129cafb97f55269db,True,,
dataset/train/Healthy leaf/2025_11_21_IMG (238).JPG,2025_11_21_IMG (238).JPG,Healthy leaf,train,.jpg,560,420,RGB,JPEG,1,48850,ece696f63ccb29d02ba818eaab87a9528ef504ecea08233bd58ea935c337fdc5,True,,
dataset/train/Healthy leaf/2025_11_21_IMG (24).JPG,2025_11_21_IMG (24).JPG,Healthy leaf,train,.jpg,560,420,RGB,JPEG,1,40192,f8cc0a34f986925255e08d50c1b742d2eaf7092fbac8b6d91c4bf48614f171b0,True,,
dataset/train/Healthy leaf/2025_11_21_IMG (240).JPG,2025_11_21_IMG (240).JPG,Healthy leaf,train,.jpg,560,420,RGB,JPEG,1,41581,4f42a7028637f088dafcd798db4581fb376ca346dc75eb7254d6dcc738881df1,True,,
dataset/train/Healthy leaf/2025_11_21_IMG (241).JPG,2025_11_21_IMG (241).JPG,Healthy leaf,train,.jpg,560,420,RGB,JPEG,1,41566,9006798d5be050b06e764b3f9b7434ab2073db3aca4cc9fa332c6ebac639719f,True,,
dataset/train/Healthy leaf/2025_11_21_IMG (242).JPG,2025_11_21_IMG (242).JPG,Healthy leaf,train,.jpg,560,420,RGB,JPEG,1,41233,9e5b588995af81742dc465162c8a97a1c661ede76fab67806875b12ca5e21feb,True,,
dataset/train/Healthy leaf/2025_11_21_IMG (243).JPG,2025_11_21_IMG (243).JPG,Healthy leaf,train,.jpg,560,420,RGB,JPEG,1,48237,dabd8be05c343de325fba38756894b86a212079198c80d1d420f886766705f35,True,,
dataset/train/Healthy leaf/2025_11_21_IMG (244).JPG,2025_11_21_IMG (244).JPG,Healthy leaf,train,.jpg,560,420,RGB,JPEG,1,45045,5fad6f3eac1e72c388330d6dcaf78b2817027affaee50dc999bb5d65b5191966,True,,
dataset/train/Healthy leaf/2025_11_21_IMG (247).JPG,2025_11_21_IMG (247).JPG,Healthy leaf,train,.jpg,560,420,RGB,JPEG,1,53522,9907f10963a2136fdbe2f9581af0325400858fda45f0a537e30a5e91d9fb1e3d,True,,
dataset/train/Healthy leaf/2025_11_21_IMG (249).JPG,2025_11_21_IMG (249).JPG,Healthy leaf,train,.jpg,560,420,RGB,JPEG,1,53684,4d03128abd2f29c6f88b95d20bf44bef65025f28575522d4c42893dc75795865,True,,
dataset/train/Healthy leaf/2025_11_21_IMG (25).JPG,2025_11_21_IMG (25).JPG,Healthy leaf,train,.jpg,560,420,RGB,JPEG,1,39973,e8554c6d0699baa0e87d1c246b03773aaca429a420e277f85483b286ea8d2c6d,True,,
dataset/train/Healthy leaf/2025_11_21_IMG (250).JPG,2025_11_21_IMG (250).JPG,Healthy leaf,train,.jpg,560,420,RGB,JPEG,1,48865,ac017d970ce0f0868f51ca07e69f29e90f4a1c2783e671b2d0e29171ded90314,True,,
dataset/train/Healthy leaf/2025_11_21_IMG (252).JPG,2025_11_21_IMG (252).JPG,Healthy leaf,train,.jpg,560,420,RGB,JPEG,1,49683,c82a0e5c492fd3af73c4c9fa7ea7bd1908d19e49d44d9593f8665f19bf2c6cb0,True,,
dataset/train/Healthy leaf/2025_11_21_IMG (255).JPG,2025_11_21_IMG (255).JPG,Healthy leaf,train,.jpg,560,420,RGB,JPEG,1,49189,7d8320aa3a1275949bbd0114adb3cb7ab6b964760062f3cab4d39d387209b06c,True,,
dataset/train/Healthy leaf/2025_11_21_IMG (259).JPG,2025_11_21_IMG (259).JPG,Healthy leaf,train,.jpg,560,420,RGB,JPEG,1,57423,e5f993e7b628c4b19d903deb63d95c6532fb3b36e4bdcc108db5706a0b286012,True,,
dataset/train/Healthy leaf/2025_11_21_IMG (26).JPG,2025_11_21_IMG (26).JPG,Healthy leaf,train,.jpg,560,420,RGB,JPEG,1,40039,5622ec4aee81fd33336bb9a1a234b8e9a4159fb80715fb05315f90a9223123eb,True,,
dataset/train/Healthy leaf/2025_11_21_IMG (262).JPG,2025_11_21_IMG (262).JPG,Healthy leaf,train,.jpg,560,420,RGB,JPEG,1,56449,88f2208fb32989210598b2de88219cbad73302a8c6f233a040cf53fa9e2266ea,True,,
dataset/train/Healthy leaf/2025_11_21_IMG (263).JPG,2025_11_21_IMG (263).JPG,Healthy leaf,train,.jpg,560,420,RGB,JPEG,1,55089,5abe583e92182d4c427b029d0cb0575247992b764c8741ebcc954638e5f799a2,True,,
dataset/train/Healthy leaf/2025_11_21_IMG (265).JPG,2025_11_21_IMG (265).JPG,Healthy leaf,train,.jpg,560,420,RGB,JPEG,1,55810,1db96eab7012622ecf9d02715cc7839a84d04c38aecd9faec30b7002170f19d8,True,,
dataset/train/Healthy leaf/2025_11_21_IMG (268).JPG,2025_11_21_IMG (268).JPG,Healthy leaf,train,.jpg,560,420,RGB,JPEG,1,54251,58f982b0ac1d8252e60840ed63e62a6ca097f78a8aac0d18da72e81db43c8a5f,True,,
dataset/train/Healthy leaf/2025_11_21_IMG (269).JPG,2025_11_21_IMG (269).JPG,Healthy leaf,train,.jpg,560,420,RGB,JPEG,1,52752,6f453ab9491d312a0e875b5cb8478f1c102b61f62d205d25ba2c84fdf28a8c5c,True,,
dataset/train/Healthy leaf/2025_11_21_IMG (27).JPG,2025_11_21_IMG (27).JPG,Healthy leaf,train,.jpg,560,420,RGB,JPEG,1,40423,d6daca10ee87d0fa564ca756209d660c2036c88bcd70bd8f74a9ad36422b3420,True,,
dataset/train/Healthy leaf/2025_11_21_IMG (270).JPG,2025_11_21_IMG (270).JPG,Healthy leaf,train,.jpg,560,420,RGB,JPEG,1,51695,9e625cd4ba8b70b7a0d66339f3518e9391e5c8c141f4b385d48e4718b420e172,True,,
dataset/train/Healthy leaf/2025_11_21_IMG (271).JPG,2025_11_21_IMG (271).JPG,Healthy leaf,train,.jpg,560,420,RGB,JPEG,1,51780,d0a9ab2df1961cf85891b76d931d9c15b5a74b73bff7364640356e0083f6f3f0,True,,
dataset/train/Healthy leaf/2025_11_21_IMG (272).JPG,2025_11_21_IMG (272).JPG,Healthy leaf,train,.jpg,560,420,RGB,JPEG,1,51432,d216b59f2ccec9ae9f38581518dcb389aae378ac5b35675b96d117d52b839d70,True,,
dataset/train/Healthy leaf/2025_11_21_IMG (275).JPG,2025_11_21_IMG (275).JPG,Healthy leaf,train,.jpg,560,420,RGB,JPEG,1,52106,0244b491875277e55178af6039587798ed505390f896ad8dfd855323ab37bbf1,True,,
dataset/train/Healthy leaf/2025_11_21_IMG (276).JPG,2025_11_21_IMG (276).JPG,Healthy leaf,train,.jpg,560,420,RGB,JPEG,1,52911,c286bf704a220fd58ac80ad52898abfaef2394307e08fc4e1d926dc407140bdb,True,,
dataset/train/Healthy leaf/2025_11_21_IMG (278).JPG,2025_11_21_IMG (278).JPG,Healthy leaf,train,.jpg,560,420,RGB,JPEG,1,52210,ef8bef433bb4f943a2e1a87e2bf00768e8454d2bf6a2cadaceefb4bd56da7e14,True,,
dataset/train/Healthy leaf/2025_11_21_IMG (279).JPG,2025_11_21_IMG (279).JPG,Healthy leaf,train,.jpg,560,420,RGB,JPEG,1,52022,d61f5b713530d2546ec99f0f848ed95076bf1134a5fa78cdd0f12cdebae416aa,True,,
dataset/train/Healthy leaf/2025_11_21_IMG (28).JPG,2025_11_21_IMG (28).JPG,Healthy leaf,train,.jpg,560,420,RGB,JPEG,1,39598,7b02bb5bcab20e2546f655038ade1bffc6766203d97903d75ab7d8ce01ec00e7,True,,
dataset/train/Healthy leaf/2025_11_21_IMG (280).JPG,2025_11_21_IMG (280).JPG,Healthy leaf,train,.jpg,560,420,RGB,JPEG,1,52272,285e9958bf5ddef8631328bfe73fa806e77dc9ed48779167cf4d620784b8b0ea,True,,
dataset/train/Healthy leaf/2025_11_21_IMG (281).JPG,2025_11_21_IMG (281).JPG,Healthy leaf,train,.jpg,560,420,RGB,JPEG,1,52869,e00491d4fb1666b6645d7c4dc6579a105422593d0d2e4a900976303255a7409d,True,,
dataset/train/Healthy leaf/2025_11_21_IMG (282).JPG,2025_11_21_IMG (282).JPG,Healthy leaf,train,.jpg,560,420,RGB,JPEG,1,52869,e00491d4fb1666b6645d7c4dc6579a105422593d0d2e4a900976303255a7409d,True,,
dataset/train/Healthy leaf/2025_11_21_IMG (283).JPG,2025_11_21_IMG (283).JPG,Healthy leaf,train,.jpg,560,420,RGB,JPEG,1,48945,f38c795ecad07627c15044da873aa76f3037448118b6dd333a1d15ca98b9b9dd,True,,
dataset/train/Healthy leaf/2025_11_21_IMG (284).JPG,2025_11_21_IMG (284).JPG,Healthy leaf,train,.jpg,560,420,RGB,JPEG,1,48843,e0aad9318385a5a14c5a708e781978a13fc40479ffada1fcd33a0c462d1dfacf,True,,
dataset/train/Healthy leaf/2025_11_21_IMG (285).JPG,2025_11_21_IMG (285).JPG,Healthy leaf,train,.jpg,560,420,RGB,JPEG,1,47892,de1f23f8b80e3bc8ae974a91c8d9a91ea7eee0c9434f21cc5976fcedcc2fc58f,True,,
dataset/train/Healthy leaf/2025_11_21_IMG (286).JPG,2025_11_21_IMG (286).JPG,Healthy leaf,train,.jpg,560,420,RGB,JPEG,1,47489,352f0102d4cf580bfbdf2b7bfb39d3c73c19e227eeba423e4dbd3d41a9202b7c,True,,
dataset/train/Healthy leaf/2025_11_21_IMG (287).JPG,2025_11_21_IMG (287).JPG,Healthy leaf,train,.jpg,853,640,RGB,JPEG,1,94687,c0fd60c6d993443c4716319a4c33e6ad0b6f2def4695791d2f98cecb75d114d7,True,,
dataset/train/Healthy leaf/2025_11_21_IMG (288).JPG,2025_11_21_IMG (288).JPG,Healthy leaf,train,.jpg,560,420,RGB,JPEG,1,43885,e5c9d9d46e5843dd5e9bb6d6acf3a1d50de0f21deb747d255416bc36a0446118,True,,
dataset/train/Healthy leaf/2025_11_21_IMG (289).JPG,2025_11_21_IMG (289).JPG,Healthy leaf,train,.jpg,560,420,RGB,JPEG,1,44247,3ed6ca518428f8ec2ac4b55a828d8751ed1939a71147d038552c705d112e860d,True,,
dataset/train/Healthy leaf/2025_11_21_IMG (29).JPG,2025_11_21_IMG (29).JPG,Healthy leaf,train,.jpg,560,420,RGB,JPEG,1,43946,6c93ef340ba1c2f89374d4b1a18af358b8889b69cd38e55f64efe29343605025,True,,
dataset/train/Healthy leaf/2025_11_21_IMG (290).JPG,2025_11_21_IMG (290).JPG,Healthy leaf,train,.jpg,560,420,RGB,JPEG,1,44060,239d861377ee7d88eb0b5af111efa9817031bb5aae54816844911f29849bec2f,True,,
dataset/train/Healthy leaf/2025_11_21_IMG (293).JPG,2025_11_21_IMG (293).JPG,Healthy leaf,train,.jpg,560,420,RGB,JPEG,1,43439,9076a7c6c8dc98e177b2c9dd02b606e7a7da00545ce0f5a9aa1575378f5424a6,True,,
dataset/train/Healthy leaf/2025_11_21_IMG (295).JPG,2025_11_21_IMG (295).JPG,Healthy leaf,train,.jpg,560,420,RGB,JPEG,1,46640,cf161082540a1e14072e900a208985bcc9e2b3b48a14c92fff9b6f8ae973b2dc,True,,
dataset/train/Healthy leaf/2025_11_21_IMG (297).JPG,2025_11_21_IMG (297).JPG,Healthy leaf,train,.jpg,560,420,RGB,JPEG,1,46965,db470d62a84d0be171fd8922daeb6a1b4a7e7db26756d73035c7b7e0355d7e50,True,,
dataset/train/Healthy leaf/2025_11_21_IMG (298).JPG,2025_11_21_IMG (298).JPG,Healthy leaf,train,.jpg,560,420,RGB,JPEG,1,45696,8210d6e9567ab31f2d8ba5cebe48b2c281cf1f1d62b13f4b91c504c9a2d1ccb0,True,,
dataset/train/Healthy leaf/2025_11_21_IMG (3).JPG,2025_11_21_IMG (3).JPG,Healthy leaf,train,.jpg,560,420,RGB,JPEG,1,45298,20dd996f9364464880fd3ebd00c140a36fdeb3dec7cd36cc63ef1349bbbe5da9,True,,
dataset/train/Healthy leaf/2025_11_21_IMG (30).JPG,2025_11_21_IMG (30).JPG,Healthy leaf,train,.jpg,560,420,RGB,JPEG,1,41295,c99f2b143d606ef105090b8ce871af22ca289399030f9ce26bcfaae874e0890f,True,,
dataset/train/Healthy leaf/2025_11_21_IMG (300).JPG,2025_11_21_IMG (300).JPG,Healthy leaf,train,.jpg,560,420,RGB,JPEG,1,46996,c25a3995c945f94b5e1d21c1a4b2c27f014d45cab4d6847eec49e4de272744de,True,,
dataset/train/Healthy leaf/2025_11_21_IMG (31).JPG,2025_11_21_IMG (31).JPG,Healthy leaf,train,.jpg,560,420,RGB,JPEG,1,40522,e7c70c44b64543907cfacf017eeecacbc1f76efa54fbf8cd9bfff7d029c54f18,True,,
dataset/train/Healthy leaf/2025_11_21_IMG (32).JPG,2025_11_21_IMG (32).JPG,Healthy leaf,train,.jpg,560,420,RGB,JPEG,1,48256,01c633150a47f32e2e6d5309a5fd99c73a35aa641863c93cb21df758025c4600,True,,
dataset/train/Healthy leaf/2025_11_21_IMG (33).JPG,2025_11_21_IMG (33).JPG,Healthy leaf,train,.jpg,560,420,RGB,JPEG,1,48967,29cfb6b8b7560607b4e5849d034581500475592165570b2f2cb27a3ce6c5a6b2,True,,
dataset/train/Healthy leaf/2025_11_21_IMG (34).JPG,2025_11_21_IMG (34).JPG,Healthy leaf,train,.jpg,560,420,RGB,JPEG,1,42351,3ec9a1a0d1416e09f41af442dd5af0b37563903da6f08bb9cea474d444d1873b,True,,
dataset/train/Healthy leaf/2025_11_21_IMG (36).JPG,2025_11_21_IMG (36).JPG,Healthy leaf,train,.jpg,560,420,RGB,JPEG,1,43494,77723ddfa7a20ba4cc8624d7a6972f5cee7c93b9b942e76a9a5bbb48b66fd47f,True,,
dataset/train/Healthy leaf/2025_11_21_IMG (37).JPG,2025_11_21_IMG (37).JPG,Healthy leaf,train,.jpg,560,420,RGB,JPEG,1,42696,e7ba66ca134ae1e6bf1b3f2868c0e2e04fa57d3066c706fa02d1ae6627ee16ed,True,,
dataset/train/Healthy leaf/2025_11_21_IMG (38).JPG,2025_11_21_IMG (38).JPG,Healthy leaf,train,.jpg,560,420,RGB,JPEG,1,42672,1939d4f9a8008c0266543ebba45490b7ad1dd4805e1ad9a2361a08d88d4215d4,True,,
dataset/train/Healthy leaf/2025_11_21_IMG (39).JPG,2025_11_21_IMG (39).JPG,Healthy leaf,train,.jpg,560,420,RGB,JPEG,1,42941,3d2df35a912293ab1820d2c9c566fb9e6cefdc2c0b06577bd6c65d869989bfc5,True,,
dataset/train/Healthy leaf/2025_11_21_IMG (41).JPG,2025_11_21_IMG (41).JPG,Healthy leaf,train,.jpg,560,420,RGB,JPEG,1,38223,571f1d0c3ace50344970bd8c8518ac40fb44a5f77f46e1f34b69ca619ad29aa0,True,,
dataset/train/Healthy leaf/2025_11_21_IMG (43).JPG,2025_11_21_IMG (43).JPG,Healthy leaf,train,.jpg,560,420,RGB,JPEG,1,35320,4867a2a455f2861de635c90ed51eed862c47328d3da2eb1cc906a4becd2beee4,True,,
dataset/train/Healthy leaf/2025_11_21_IMG (44).JPG,2025_11_21_IMG (44).JPG,Healthy leaf,train,.jpg,560,420,RGB,JPEG,1,35529,2b894707d46247ea34fce8e4bc71b7a897dde09a2c1271940cf4deef0e7148bc,True,,
dataset/train/Healthy leaf/2025_11_21_IMG (46).JPG,2025_11_21_IMG (46).JPG,Healthy leaf,train,.jpg,560,420,RGB,JPEG,1,36790,613118023083db7f3e0be240aadcd095d7466107d7bc33075b280f7e16d26334,True,,
dataset/train/Healthy leaf/2025_11_21_IMG (47).JPG,2025_11_21_IMG (47).JPG,Healthy leaf,train,.jpg,560,420,RGB,JPEG,1,36728,fad4be17a9b60c2787e8ad55fe8069d15a3f327bb3658078f43dc424c639bf8d,True,,
dataset/train/Healthy leaf/2025_11_21_IMG (48).JPG,2025_11_21_IMG (48).JPG,Healthy leaf,train,.jpg,560,420,RGB,JPEG,1,37491,7c8fb9f5e07ddea76cb087af5f7e244804bd55eee24f050547bce55d4be5c2f4,True,,
dataset/train/Healthy leaf/2025_11_21_IMG (49).JPG,2025_11_21_IMG (49).JPG,Healthy leaf,train,.jpg,560,420,RGB,JPEG,1,37263,aa95e8faf157d764a178bcba80079757c23bd898d17fe3501e39d0a5531dc5d4,True,,
dataset/train/Healthy leaf/2025_11_21_IMG (5).JPG,2025_11_21_IMG (5).JPG,Healthy leaf,train,.jpg,560,420,RGB,JPEG,1,45122,35b13751c4d31d835c967dbc51d79a6543df7d193c8868bf68275e5e788a6c15,True,,
dataset/train/Healthy leaf/2025_11_21_IMG (50).JPG,2025_11_21_IMG (50).JPG,Healthy leaf,train,.jpg,560,420,RGB,JPEG,1,37776,790af6631a2138b2b9a27c162f63e74de9c1d28264bd724ba9ab942408c0109e,True,,
dataset/train/Healthy leaf/2025_11_21_IMG (51).JPG,2025_11_21_IMG (51).JPG,Healthy leaf,train,.jpg,560,420,RGB,JPEG,1,37590,99dbe8d221bfaee2ef2505a1a592240f99d3e60830b945ad37c96338215a3574,True,,
dataset/train/Healthy leaf/2025_11_21_IMG (52).JPG,2025_11_21_IMG (52).JPG,Healthy leaf,train,.jpg,560,420,RGB,JPEG,1,35162,f745c12978f3d5fe153e588d094ddb602e96c738988b7a584fcb439be7ce1eb7,True,,
dataset/train/Healthy leaf/2025_11_21_IMG (53).JPG,2025_11_21_IMG (53).JPG,Healthy leaf,train,.jpg,560,420,RGB,JPEG,1,37128,298977e6114c68b72a61adb8fccdb3f4cb5728232ed5dca5d7ad1ada1335f066,True,,
dataset/train/Healthy leaf/2025_11_21_IMG (54).JPG,2025_11_21_IMG (54).JPG,Healthy leaf,train,.jpg,560,420,RGB,JPEG,1,36843,2577cab08a59bbcfa07150456e4273a3536891da569e706873ff0ffc6228f9fe,True,,
dataset/train/Healthy leaf/2025_11_21_IMG (55).JPG,2025_11_21_IMG (55).JPG,Healthy leaf,train,.jpg,560,420,RGB,JPEG,1,39300,1613d8e0a4863a4b480b357909e10d17b4c54059c7526ed4520168688e063a1e,True,,
dataset/train/Healthy leaf/2025_11_21_IMG (56).JPG,2025_11_21_IMG (56).JPG,Healthy leaf,train,.jpg,560,420,RGB,JPEG,1,42202,6cb37018becfea351f86009ebd520b11d2e1f6e1a23f46eeba50044ae404e454,True,,
dataset/train/Healthy leaf/2025_11_21_IMG (57).JPG,2025_11_21_IMG (57).JPG,Healthy leaf,train,.jpg,560,420,RGB,JPEG,1,42798,348f03da67618f63df124c92901f190706838e321914060962bf3fa326ce66e0,True,,
dataset/train/Healthy leaf/2025_11_21_IMG (58).JPG,2025_11_21_IMG (58).JPG,Healthy leaf,train,.jpg,560,420,RGB,JPEG,1,36814,160649ae38aeb8c8a9e7158aff2a1e80cbb052bdf880921fca305f509904a1dc,True,,
dataset/train/Healthy leaf/2025_11_21_IMG (59).JPG,2025_11_21_IMG (59).JPG,Healthy leaf,train,.jpg,560,420,RGB,JPEG,1,41224,0237d2ee6c14eb732506fc6e1a1ef7ab55976b1460768a1d3ed3f5dc02a467f1,True,,
dataset/train/Healthy leaf/2025_11_21_IMG (6).JPG,2025_11_21_IMG (6).JPG,Healthy leaf,train,.jpg,560,420,RGB,JPEG,1,44869,f0a8f86ede02b4b435131ed14c002feae9cb41100b60a9f9e28e7026683e83be,True,,
dataset/train/Healthy leaf/2025_11_21_IMG (60).JPG,2025_11_21_IMG (60).JPG,Healthy leaf,train,.jpg,560,420,RGB,JPEG,1,41820,aabbd7c3b33da6ff7fbc0fa56c5b8c08367225a50f21dae91d549b121bc2f771,True,,
dataset/train/Healthy leaf/2025_11_21_IMG (62).JPG,2025_11_21_IMG (62).JPG,Healthy leaf,train,.jpg,560,420,RGB,JPEG,1,36174,50c3cebeddc14f679ddd617173dede0af32e9dfa74fe504ab93d4ec475a765fc,True,,
dataset/train/Healthy leaf/2025_11_21_IMG (63).JPG,2025_11_21_IMG (63).JPG,Healthy leaf,train,.jpg,560,420,RGB,JPEG,1,44471,4cc93e67dd85639402cb784c2a7ca1208b13bf51a75ae081ec394bdebd494125,True,,
dataset/train/Healthy leaf/2025_11_21_IMG (64).JPG,2025_11_21_IMG (64).JPG,Healthy leaf,train,.jpg,560,420,RGB,JPEG,1,51684,30eeb1a41f0d9e0bfd301a4da7c1b2fec5ce1a877daef61982833b3483168d1b,True,,
dataset/train/Healthy leaf/2025_11_21_IMG (65).JPG,2025_11_21_IMG (65).JPG,Healthy leaf,train,.jpg,560,420,RGB,JPEG,1,51830,085ecbb995219d344b8ce2f91533beac165718d60c9ffac1c6d913a5e2ca1fc4,True,,
dataset/train/Healthy leaf/2025_11_21_IMG (67).JPG,2025_11_21_IMG (67).JPG,Healthy leaf,train,.jpg,560,420,RGB,JPEG,1,42166,505cf9190a87c6f84e4e2dadfad3de338e93bdd67dbbec6cbc31ab9043a13ecf,True,,
dataset/train/Healthy leaf/2025_11_21_IMG (69).JPG,2025_11_21_IMG (69).JPG,Healthy leaf,train,.jpg,560,420,RGB,JPEG,1,35561,4470779bb5eff354d011263234ee809ef162563ff6cbeb4c198ea0350b937bb7,True,,
dataset/train/Healthy leaf/2025_11_21_IMG (7).JPG,2025_11_21_IMG (7).JPG,Healthy leaf,train,.jpg,560,420,RGB,JPEG,1,44143,cac0cba280c740d0e9cdcb0889e63319c6eeae2c803d1ed2eb5b4d33691a8673,True,,
dataset/train/Healthy leaf/2025_11_21_IMG (70).JPG,2025_11_21_IMG (70).JPG,Healthy leaf,train,.jpg,560,420,RGB,JPEG,1,42216,cda8f296c87ab90b117f65db643a856ed5321c3a25eb5e1830cce1c680c17d9c,True,,
dataset/train/Healthy leaf/2025_11_21_IMG (71).JPG,2025_11_21_IMG (71).JPG,Healthy leaf,train,.jpg,560,420,RGB,JPEG,1,42539,14b788b8dab546a3f4fc4633864674d45d288e9810abd66893bbb966946fc10d,True,,
dataset/train/Healthy leaf/2025_11_21_IMG (72).JPG,2025_11_21_IMG (72).JPG,Healthy leaf,train,.jpg,560,420,RGB,JPEG,1,42214,20810682088e97544810fcc1e3f2150cf01ae5dce55d2f4df07edcb347fc9f8a,True,,
dataset/train/Healthy leaf/2025_11_21_IMG (73).JPG,2025_11_21_IMG (73).JPG,Healthy leaf,train,.jpg,560,420,RGB,JPEG,1,41321,53dc2fef71bf1e3ae35b7e1fc9fb85285c71165f29195271cce986baf162b237,True,,
dataset/train/Healthy leaf/2025_11_21_IMG (76).JPG,2025_11_21_IMG (76).JPG,Healthy leaf,train,.jpg,560,420,RGB,JPEG,1,34903,5ad6a440c21228e0a8cda8749c60d0317a1a36bb7690fb0ad5bfc48fb56edfa4,True,,
dataset/train/Healthy leaf/2025_11_21_IMG (77).JPG,2025_11_21_IMG (77).JPG,Healthy leaf,train,.jpg,560,420,RGB,JPEG,1,34999,49b2739d65cab0b52cc2e08d73e0ce1c11f4613f092402f26e7ec869fa0f555d,True,,
dataset/train/Healthy leaf/2025_11_21_IMG (78).JPG,2025_11_21_IMG (78).JPG,Healthy leaf,train,.jpg,560,420,RGB,JPEG,1,35099,0b19bd1bdc155f9951e329859505a9cf3cca76f8b4068f8fe94a9d5b534c2672,True,,
dataset/train/Healthy leaf/2025_11_21_IMG (8).JPG,2025_11_21_IMG (8).JPG,Healthy leaf,train,.jpg,560,420,RGB,JPEG,1,31821,dcc2cf8fcb09a09cb60d8de2e4ee177f421eca79ec5effd4113ce93dd15aadd0,True,,
dataset/train/Healthy leaf/2025_11_21_IMG (81).JPG,2025_11_21_IMG (81).JPG,Healthy leaf,train,.jpg,560,420,RGB,JPEG,1,31848,180188052836d9fb61437ea6f86e0234ce6a21830166e1c3185e73ff0af1012f,True,,
dataset/train/Healthy leaf/2025_11_21_IMG (82).JPG,2025_11_21_IMG (82).JPG,Healthy leaf,train,.jpg,560,420,RGB,JPEG,1,35602,d6b99f507636e311b7bbc73ee3bc3cfc0555e5da8b27a06546d44075437ec46f,True,,
dataset/train/Healthy leaf/2025_11_21_IMG (83).JPG,2025_11_21_IMG (83).JPG,Healthy leaf,train,.jpg,560,420,RGB,JPEG,1,35941,a899584f44be62d7dc67838681a78b3dd0ef2d2a78b2994208efcbd624511ccc,True,,
dataset/train/Healthy leaf/2025_11_21_IMG (84).JPG,2025_11_21_IMG (84).JPG,Healthy leaf,train,.jpg,560,420,RGB,JPEG,1,35727,ba358ef1937b1c6c814d69db2107e490fafa2a5b430b9406615e97786422c4d1,True,,
dataset/train/Healthy leaf/2025_11_21_IMG (85).JPG,2025_11_21_IMG (85).JPG,Healthy leaf,train,.jpg,560,420,RGB,JPEG,1,35704,bc4373bc5318c57bed03f21725fb2cfca4cecbcf55448efd24dbf14767fd389f,True,,
dataset/train/Healthy leaf/2025_11_21_IMG (86).JPG,2025_11_21_IMG (86).JPG,Healthy leaf,train,.jpg,560,420,RGB,JPEG,1,35612,deb90756d6fc85cb7edf5517b038cee36d52ff21cc1884b54a3af5bdfa865d5e,True,,
dataset/train/Healthy leaf/2025_11_21_IMG (87).JPG,2025_11_21_IMG (87).JPG,Healthy leaf,train,.jpg,560,420,RGB,JPEG,1,32814,d81e185517f2f93619abe310b4aee354b7ecc94e340630b0c0e62d20fa67c350,True,,
dataset/train/Healthy leaf/2025_11_21_IMG (89).JPG,2025_11_21_IMG (89).JPG,Healthy leaf,train,.jpg,560,420,RGB,JPEG,1,45174,c50eb6b257b4636258671b513abd521a2d80db75e26a99629f863ae729309d43,True,,
dataset/train/Healthy leaf/2025_11_21_IMG (9).JPG,2025_11_21_IMG (9).JPG,Healthy leaf,train,.jpg,560,420,RGB,JPEG,1,38100,ef080236f0fb4a0b03ec86127ce8cae4fb8df13eeaff6b3105d972ea9750d9e8,True,,
dataset/train/Healthy leaf/2025_11_21_IMG (91).JPG,2025_11_21_IMG (91).JPG,Healthy leaf,train,.jpg,560,420,RGB,JPEG,1,40389,0e4bf6fee8fa3a4eb77b6ff253c201a33ef161e9273d500aadc785a7bdefaea1,True,,
dataset/train/Healthy leaf/2025_11_21_IMG (95).JPG,2025_11_21_IMG (95).JPG,Healthy leaf,train,.jpg,560,420,RGB,JPEG,1,43166,b2830b5341556f2581fd38db798d88e55148f6cb64fb023d6564267678df7209,True,,
dataset/train/Healthy leaf/2025_11_21_IMG (96).JPG,2025_11_21_IMG (96).JPG,Healthy leaf,train,.jpg,560,420,RGB,JPEG,1,43964,b4df763edb385b13755ecbc76a9841c94ba8500dbf21f33b5a0db2bceecd23e7,True,,
dataset/train/Healthy leaf/2025_11_21_IMG (97).JPG,2025_11_21_IMG (97).JPG,Healthy leaf,train,.jpg,560,420,RGB,JPEG,1,32203,dfc0197e2c5e8dd6c9d3bba8ef676389eee6957a3779fdc68e536a5ad4598cc8,True,,
dataset/train/Healthy leaf/2025_11_21_IMG (98).JPG,2025_11_21_IMG (98).JPG,Healthy leaf,train,.jpg,560,420,RGB,JPEG,1,28171,1132f850ea770e77aee2ad11b00b6bee08b254602c5151d494277f92d80438e3,True,,
dataset/train/Healthy leaf/2025_11_21_IMG (99).JPG,2025_11_21_IMG (99).JPG,Healthy leaf,train,.jpg,560,420,RGB,JPEG,1,29201,b8d30eaf7737b79d5501cdc83a01026e0c95818230f04b33f8b232b1849f9477,True,,
dataset/val/Algal leaf spot/2025_12_21_IMG (111).JPG,2025_12_21_IMG (111).JPG,Algal leaf spot,val,.jpg,560,420,RGB,JPEG,1,59253,0d8be39eef338e84fb1922386c65445997c66bdd78e8a3cf0271c3a943abde5f,True,,
dataset/val/Algal leaf spot/2025_12_21_IMG (115).JPG,2025_12_21_IMG (115).JPG,Algal leaf spot,val,.jpg,560,420,RGB,JPEG,1,51213,aa4d3f513ad1c6da2d25266bb2518dd8ca5862af6512b1ad17be1a367af29d60,True,,
dataset/val/Algal leaf spot/2025_12_21_IMG (12).JPG,2025_12_21_IMG (12).JPG,Algal leaf spot,val,.jpg,560,420,RGB,JPEG,1,45131,048c66aa2d49ab2395db79c51b544aab916388bda0bdd81d3813176ba805c21e,True,,
dataset/val/Algal leaf spot/2025_12_21_IMG (130).JPG,2025_12_21_IMG (130).JPG,Algal leaf spot,val,.jpg,560,420,RGB,JPEG,1,51988,0ca91e943c6fe005aa8ba7f00e8058b5dc3b0e54800a8f9228c4b119f036a440,True,,
dataset/val/Algal leaf spot/2025_12_21_IMG (136).JPG,2025_12_21_IMG (136).JPG,Algal leaf spot,val,.jpg,560,420,RGB,JPEG,1,46320,0acdd2d557512de522a3ee1ce5337d70d53a9a189a1e0e6876012133e7889dd7,True,,
dataset/val/Algal leaf spot/2025_12_21_IMG (138).JPG,2025_12_21_IMG (138).JPG,Algal leaf spot,val,.jpg,560,420,RGB,JPEG,1,46335,c1e63022e03c2c8a08dc713e62f157bc441f0d952f918c0183e8e6437a10b746,True,,
dataset/val/Algal leaf spot/2025_12_21_IMG (145).JPG,2025_12_21_IMG (145).JPG,Algal leaf spot,val,.jpg,560,420,RGB,JPEG,1,63454,1e632b0c31824d9d826208b9144f60c27ffc25214c7817009b29d3373c595fa3,True,,
dataset/val/Algal leaf spot/2025_12_21_IMG (147).JPG,2025_12_21_IMG (147).JPG,Algal leaf spot,val,.jpg,560,420,RGB,JPEG,1,50979,1f619b0fb4f19daf7cae35b8f9fec7a44537e761983a1cb0b7e1c674076f56dc,True,,
dataset/val/Algal leaf spot/2025_12_21_IMG (15).JPG,2025_12_21_IMG (15).JPG,Algal leaf spot,val,.jpg,560,420,RGB,JPEG,1,42149,dc5437123e135a4b1709b04c21f89b885490b7057ac44271ef637e8882e03dd8,True,,
dataset/val/Algal leaf spot/2025_12_21_IMG (151).JPG,2025_12_21_IMG (151).JPG,Algal leaf spot,val,.jpg,560,420,RGB,JPEG,1,49217,b680727bf0042841591e7898807f4c45d74f5f1730d197bf2e060fe52b31d8e3,True,,
dataset/val/Algal leaf spot/2025_12_21_IMG (155).JPG,2025_12_21_IMG (155).JPG,Algal leaf spot,val,.jpg,560,420,RGB,JPEG,1,42674,b63a65687f3bebdac504f229a821988e6d7d9bf1e0e95efb79ddcfd4002e1f80,True,,
dataset/val/Algal leaf spot/2025_12_21_IMG (160).JPG,2025_12_21_IMG (160).JPG,Algal leaf spot,val,.jpg,560,420,RGB,JPEG,1,44495,a52f4269a99024c4dca944769885af06842894c7ed785fe44409851e8f5c42ac,True,,
dataset/val/Algal leaf spot/2025_12_21_IMG (161).JPG,2025_12_21_IMG (161).JPG,Algal leaf spot,val,.jpg,560,420,RGB,JPEG,1,45332,cfdb85c1e6af3ada0404961c07799b42eddcba4db2a127ea2cccc8a42d3cd38b,True,,
dataset/val/Algal leaf spot/2025_12_21_IMG (174).JPG,2025_12_21_IMG (174).JPG,Algal leaf spot,val,.jpg,560,420,RGB,JPEG,1,35723,b9873f2880b92e05dcce24161870217979bd31a515d283d4989a65da0440572a,True,,
dataset/val/Algal leaf spot/2025_12_21_IMG (180).JPG,2025_12_21_IMG (180).JPG,Algal leaf spot,val,.jpg,560,420,RGB,JPEG,1,38413,280817731081986105daeb93728fa1d0c8ed18ea9172d3bf93cebbf7899bfb3d,True,,
dataset/val/Algal leaf spot/2025_12_21_IMG (183).JPG,2025_12_21_IMG (183).JPG,Algal leaf spot,val,.jpg,560,420,RGB,JPEG,1,37890,dbfa0a269b480fbba0882fb2ffe1cedd4f39d1bffde17f92c35d2a122b37506a,True,,
dataset/val/Algal leaf spot/2025_12_21_IMG (184).JPG,2025_12_21_IMG (184).JPG,Algal leaf spot,val,.jpg,560,420,RGB,JPEG,1,40405,b237801bc14bc9699953a59be99dfed2fa26ea3cec84fc227afebcfb08b195c3,True,,
dataset/val/Algal leaf spot/2025_12_21_IMG (187).JPG,2025_12_21_IMG (187).JPG,Algal leaf spot,val,.jpg,560,420,RGB,JPEG,1,39190,b2becd318e0f768b22717514f02ce73597d209ec195b0c02bdd34c7f4f76904b,True,,
dataset/val/Algal leaf spot/2025_12_21_IMG (203).JPG,2025_12_21_IMG (203).JPG,Algal leaf spot,val,.jpg,560,420,RGB,JPEG,1,45135,7deb9cbced53c9b1c80b9ebd034a794333612d5c2855e1660404558aba2be65c,True,,
dataset/val/Algal leaf spot/2025_12_21_IMG (205).JPG,2025_12_21_IMG (205).JPG,Algal leaf spot,val,.jpg,560,420,RGB,JPEG,1,43287,5a2534d64330d9f6b037c9f8afc4c914b353dece6eb06a287aeef41caf080032,True,,
dataset/val/Algal leaf spot/2025_12_21_IMG (221).JPG,2025_12_21_IMG (221).JPG,Algal leaf spot,val,.jpg,560,420,RGB,JPEG,1,41780,9f06135174f31b5b96e127ab1226777233c0a95b5f55d3fa5dd1c2ff672b06ff,True,,
dataset/val/Algal leaf spot/2025_12_21_IMG (232).JPG,2025_12_21_IMG (232).JPG,Algal leaf spot,val,.jpg,560,420,RGB,JPEG,1,36811,dbe4b91051577ff8c886cb33c70558cd8b0918859aa3393f7fe72c74ca6ef059,True,,
dataset/val/Algal leaf spot/2025_12_21_IMG (239).JPG,2025_12_21_IMG (239).JPG,Algal leaf spot,val,.jpg,560,420,RGB,JPEG,1,50874,e94cdb25b37e44a831771557535691dc34bbe3d7b8679d93667f3aa592d87ca8,True,,
dataset/val/Algal leaf spot/2025_12_21_IMG (245).JPG,2025_12_21_IMG (245).JPG,Algal leaf spot,val,.jpg,560,420,RGB,JPEG,1,56032,947fb1c4b3b39cebf75ebd9df756cc86e61fa35579cc0fc6f825a794a73ee2dc,True,,
dataset/val/Algal leaf spot/2025_12_21_IMG (246).JPG,2025_12_21_IMG (246).JPG,Algal leaf spot,val,.jpg,560,420,RGB,JPEG,1,55181,016b882103a1cb094cbadc56ebc3def4d81c4ba4701831fb0151f0b376808185,True,,
dataset/val/Algal leaf spot/2025_12_21_IMG (248).JPG,2025_12_21_IMG (248).JPG,Algal leaf spot,val,.jpg,560,420,RGB,JPEG,1,55047,b456b80224d5fd6d519cbda801e092a9f716e90f949d8b64a1e2806f24394cce,True,,
dataset/val/Algal leaf spot/2025_12_21_IMG (253).JPG,2025_12_21_IMG (253).JPG,Algal leaf spot,val,.jpg,560,420,RGB,JPEG,1,52296,717829596a82fc68410b0b1774418025aef5a28df3a7c06675c1a2b4bb4afd21,True,,
dataset/val/Algal leaf spot/2025_12_21_IMG (257).JPG,2025_12_21_IMG (257).JPG,Algal leaf spot,val,.jpg,560,420,RGB,JPEG,1,57302,54e28fffed692fd2873946aabf5b5eae441e9f649cd46d6605db4e117c238e44,True,,
dataset/val/Algal leaf spot/2025_12_21_IMG (260).JPG,2025_12_21_IMG (260).JPG,Algal leaf spot,val,.jpg,560,420,RGB,JPEG,1,46255,9fe4180266120fef6b7ca7c7a6e7fd307a68dd027608b5e5d4ef62f70b76f40a,True,,
dataset/val/Algal leaf spot/2025_12_21_IMG (267).JPG,2025_12_21_IMG (267).JPG,Algal leaf spot,val,.jpg,560,420,RGB,JPEG,1,33996,966831b12dd7920b7375f7512f40f496eb2e2a8f271bf985dd76d523c68b3810,True,,
dataset/val/Algal leaf spot/2025_12_21_IMG (276).JPG,2025_12_21_IMG (276).JPG,Algal leaf spot,val,.jpg,560,420,RGB,JPEG,1,34709,25bda3bc208574b84e9a368c5240aca35d18dffafd9ff4cd267ab9a70e7499cf,True,,
dataset/val/Algal leaf spot/2025_12_21_IMG (278).JPG,2025_12_21_IMG (278).JPG,Algal leaf spot,val,.jpg,560,420,RGB,JPEG,1,40215,6e07fc337aa1029521d80b1ab96f19347c2b372cf62b38ec740c974c510d1f8e,True,,
dataset/val/Algal leaf spot/2025_12_21_IMG (289).JPG,2025_12_21_IMG (289).JPG,Algal leaf spot,val,.jpg,560,420,RGB,JPEG,1,41886,82b4e23b3746443cd1a07d4ca6c1f3608d9c07d2dfb8688637865257358ce54b,True,,
dataset/val/Algal leaf spot/2025_12_21_IMG (291).JPG,2025_12_21_IMG (291).JPG,Algal leaf spot,val,.jpg,560,420,RGB,JPEG,1,36950,fb1522bb055c1aef02b5de22425238955eb45957e37f918d0f096c334b02171d,True,,
dataset/val/Algal leaf spot/2025_12_21_IMG (293).JPG,2025_12_21_IMG (293).JPG,Algal leaf spot,val,.jpg,560,420,RGB,JPEG,1,32242,906c0e7f361bd44528875c5a2f3d13d3606cd752bb0b8cf6f41205599e6e8e17,True,,
dataset/val/Algal leaf spot/2025_12_21_IMG (35).JPG,2025_12_21_IMG (35).JPG,Algal leaf spot,val,.jpg,560,420,RGB,JPEG,1,58616,6947904423979856f8390a78a8e68f35a7dc3726c14254339b50187a851a447b,True,,
dataset/val/Algal leaf spot/2025_12_21_IMG (44).JPG,2025_12_21_IMG (44).JPG,Algal leaf spot,val,.jpg,560,420,RGB,JPEG,1,60510,3bfbf0f58a3c1846b45457550310d14a2a210e138f90259d836db90489823f5e,True,,
dataset/val/Algal leaf spot/2025_12_21_IMG (47).JPG,2025_12_21_IMG (47).JPG,Algal leaf spot,val,.jpg,560,420,RGB,JPEG,1,56647,23e218ea154aae71b740976cc95d10aee1570b20f3d63c63fc2b3ebd9a30167d,True,,
dataset/val/Algal leaf spot/2025_12_21_IMG (54).JPG,2025_12_21_IMG (54).JPG,Algal leaf spot,val,.jpg,560,420,RGB,JPEG,1,51457,54d4c7c26dea478f3a3df9a75c221afeb014c4e94b9986d4cf610ea29334273e,True,,
dataset/val/Algal leaf spot/2025_12_21_IMG (6).JPG,2025_12_21_IMG (6).JPG,Algal leaf spot,val,.jpg,560,420,RGB,JPEG,1,40621,839ddd945650534027df94e7920f311f8384429f005a7defedc42cb5e24485cd,True,,
dataset/val/Algal leaf spot/2025_12_21_IMG (65).JPG,2025_12_21_IMG (65).JPG,Algal leaf spot,val,.jpg,560,420,RGB,JPEG,1,59733,a70e591b5d1c59e935ce819f4527416a613851ebe38d66701714a0d5acf45965,True,,
dataset/val/Algal leaf spot/2025_12_21_IMG (68).JPG,2025_12_21_IMG (68).JPG,Algal leaf spot,val,.jpg,560,420,RGB,JPEG,1,44037,67e674dccacfe0ff411320e8e4cd7391de991268a757544f649c6aac433fde20,True,,
dataset/val/Algal leaf spot/2025_12_21_IMG (73).JPG,2025_12_21_IMG (73).JPG,Algal leaf spot,val,.jpg,560,420,RGB,JPEG,1,57108,44a7b6d08b01fd08a4ebe318309900b6feaf04cbec1ffd1120b2dc6bee1112f8,True,,
dataset/val/Algal leaf spot/2025_12_21_IMG (74).JPG,2025_12_21_IMG (74).JPG,Algal leaf spot,val,.jpg,560,420,RGB,JPEG,1,59475,e4acb6e1a6568123844aa0a3ab1c0f7d9c1252ba4aaab60cfc2da6f5e77703e9,True,,
dataset/val/Algal leaf spot/2025_12_21_IMG (86).JPG,2025_12_21_IMG (86).JPG,Algal leaf spot,val,.jpg,560,420,RGB,JPEG,1,60849,b348e6f4b55e9b3df91f03b181ee62fcd0e4a02336c61fd1a5c4541cc3ea7e79,True,,
dataset/val/Algal leaf spot/2025_12_21_IMG (94).JPG,2025_12_21_IMG (94).JPG,Algal leaf spot,val,.jpg,560,420,RGB,JPEG,1,52702,1543fca14b0948cec92559a72b6c0a7762f6aae3dce03856bdcc3218eab8cc8b,True,,
dataset/val/Black spot/2025_12_20_IMG (106).JPG,2025_12_20_IMG (106).JPG,Black spot,val,.jpg,560,420,RGB,JPEG,1,48856,e635bc8b169d3f99c1b76271730bdfa08b9f4a336f50c9100a095d0b2c5debf7,True,,
dataset/val/Black spot/2025_12_20_IMG (111).JPG,2025_12_20_IMG (111).JPG,Black spot,val,.jpg,560,420,RGB,JPEG,1,39984,d3e903a4290ea34394f0eb370bfe97a791f6a9194f95c96e0cb195300216f37c,True,,
dataset/val/Black spot/2025_12_20_IMG (12).JPG,2025_12_20_IMG (12).JPG,Black spot,val,.jpg,560,420,RGB,JPEG,1,36350,7d601df3a57d81317abdf63bab10f4c765e2de28925bdec552c742f1a525a2ee,True,,
dataset/val/Black spot/2025_12_20_IMG (130).JPG,2025_12_20_IMG (130).JPG,Black spot,val,.jpg,560,420,RGB,JPEG,1,36938,12a1596c4291376654bdb87c4a3b8f27a35ad2fce37fc9e60ff81280e6cc1ced,True,,
dataset/val/Black spot/2025_12_20_IMG (131).JPG,2025_12_20_IMG (131).JPG,Black spot,val,.jpg,560,420,RGB,JPEG,1,45010,35f54884bdc4d06b3a09ee1a460272635233c1fcaf27b82c45c9ea4574dc391b,True,,
dataset/val/Black spot/2025_12_20_IMG (145).JPG,2025_12_20_IMG (145).JPG,Black spot,val,.jpg,560,420,RGB,JPEG,1,39245,f751170374792bccb48a353d9b0d756af574b2ef4e89628577e57425ae36ab42,True,,
dataset/val/Black spot/2025_12_20_IMG (148).JPG,2025_12_20_IMG (148).JPG,Black spot,val,.jpg,560,420,RGB,JPEG,1,43396,61b6eb55e6227f9b977f9c6250dc47655d9c885e790c425cd98edffa331570f1,True,,
dataset/val/Black spot/2025_12_20_IMG (15).JPG,2025_12_20_IMG (15).JPG,Black spot,val,.jpg,560,420,RGB,JPEG,1,41285,4d1f477242fee0983df85fbabb7a39a3a9325ccff9797a25c5e82b5f4077de6e,True,,
dataset/val/Black spot/2025_12_20_IMG (151).JPG,2025_12_20_IMG (151).JPG,Black spot,val,.jpg,560,420,RGB,JPEG,1,44296,76e7797df64d2b9352ee92598f345ffc4bac2073a569425e5af4eefdb41b8e2a,True,,
dataset/val/Black spot/2025_12_20_IMG (160).JPG,2025_12_20_IMG (160).JPG,Black spot,val,.jpg,560,420,RGB,JPEG,1,41053,d6d854116a5567fe188a78e65de7479cc62698c2c15584cbd64ef7c6f31434e9,True,,
dataset/val/Black spot/2025_12_20_IMG (171).JPG,2025_12_20_IMG (171).JPG,Black spot,val,.jpg,560,420,RGB,JPEG,1,43583,7d1ac3e9a90fa128e9d1f4f617867c0e8519b8c5cd99417d3776d2ddd3b79482,True,,
dataset/val/Black spot/2025_12_20_IMG (174).JPG,2025_12_20_IMG (174).JPG,Black spot,val,.jpg,560,420,RGB,JPEG,1,47809,981c60cfc3143d71b5eae2caa7aabb591e82479d3c08f0278e63d2bb743aab9e,True,,
dataset/val/Black spot/2025_12_20_IMG (178).JPG,2025_12_20_IMG (178).JPG,Black spot,val,.jpg,560,420,RGB,JPEG,1,46872,db6ca85fe5087b10b2446f9439fc5574194cd84c9e7b7257cf69ee63fcf8fd20,True,,
dataset/val/Black spot/2025_12_20_IMG (188).JPG,2025_12_20_IMG (188).JPG,Black spot,val,.jpg,560,420,RGB,JPEG,1,41676,9ceaa928ac820fd08bd27848af286afd344f4b05a7b9df7e73db81ea898ab7e2,True,,
dataset/val/Black spot/2025_12_20_IMG (191).JPG,2025_12_20_IMG (191).JPG,Black spot,val,.jpg,560,420,RGB,JPEG,1,50118,b164904769c250f68cbac08327b6b40f2b4c86e1feb2c5edf36d7404a0b28511,True,,
dataset/val/Black spot/2025_12_20_IMG (196).JPG,2025_12_20_IMG (196).JPG,Black spot,val,.jpg,560,420,RGB,JPEG,1,37398,c8f93be10828d2f1a96083fc0dae564f756eabbaa418f31ade59144fd10f23fd,True,,
dataset/val/Black spot/2025_12_20_IMG (203).JPG,2025_12_20_IMG (203).JPG,Black spot,val,.jpg,560,420,RGB,JPEG,1,41090,54d9503e7fb08c35d3ce5758af011d9d5eac8c15417676bd93a428066fed7c69,True,,
dataset/val/Black spot/2025_12_20_IMG (221).JPG,2025_12_20_IMG (221).JPG,Black spot,val,.jpg,560,420,RGB,JPEG,1,35376,3f3ebff082043d866d9484f194d98f2f9fc32e55e0dcaba6eebbcf0615b68515,True,,
dataset/val/Black spot/2025_12_20_IMG (223).JPG,2025_12_20_IMG (223).JPG,Black spot,val,.jpg,560,420,RGB,JPEG,1,33437,2e33b62fe43995dae59f105669147d43278686dad8d8fbdbf17c3e4e92428cc2,True,,
dataset/val/Black spot/2025_12_20_IMG (23).JPG,2025_12_20_IMG (23).JPG,Black spot,val,.jpg,560,420,RGB,JPEG,1,43361,a5c24116122b353aa04237ccec6818e200a7d2df54377b93e64c67230d5151d4,True,,
dataset/val/Black spot/2025_12_20_IMG (232).JPG,2025_12_20_IMG (232).JPG,Black spot,val,.jpg,4032,3024,RGB,JPEG,1,586408,929cf39c26bef5be3b2e43ec210a94f6012546a17f9fa15dc0cdfb89010e842a,True,,
dataset/val/Black spot/2025_12_20_IMG (246).JPG,2025_12_20_IMG (246).JPG,Black spot,val,.jpg,560,420,RGB,JPEG,1,37206,d8cce5bd946dfb0ceb7af24e7b23c457f58a4e7bf0ee55483d84d0709b718005,True,,
dataset/val/Black spot/2025_12_20_IMG (257).JPG,2025_12_20_IMG (257).JPG,Black spot,val,.jpg,560,420,RGB,JPEG,1,40299,fe7ee857ff75362f901e84ea43bb201091d26d38251f66ee37e06d6282579208,True,,
dataset/val/Black spot/2025_12_20_IMG (262).JPG,2025_12_20_IMG (262).JPG,Black spot,val,.jpg,560,420,RGB,JPEG,1,32416,6b1f762c3fc8875ad7f91cac8d3fa233fe90c035223d8128f401b1f8ec9d97c6,True,,
dataset/val/Black spot/2025_12_20_IMG (267).JPG,2025_12_20_IMG (267).JPG,Black spot,val,.jpg,4032,3024,RGB,JPEG,1,616643,f930dc1c43c294e94dfa45a0b6bf968065120933eb2cebf74b9e1cc69eed35de,True,,
dataset/val/Black spot/2025_12_20_IMG (27).JPG,2025_12_20_IMG (27).JPG,Black spot,val,.jpg,560,420,RGB,JPEG,1,36523,5e6f90c2ce9a7880bb7e133433d02c0087ca061a412208dfaeadc680785a65ce,True,,
dataset/val/Black spot/2025_12_20_IMG (276).JPG,2025_12_20_IMG (276).JPG,Black spot,val,.jpg,560,420,RGB,JPEG,1,36202,d770bf8bd676e902022f140b894bb4aa716e35e995f376fedb28c910af79f399,True,,
dataset/val/Black spot/2025_12_20_IMG (278).JPG,2025_12_20_IMG (278).JPG,Black spot,val,.jpg,560,420,RGB,JPEG,1,38906,c52abbdec870e7aceb6d9123ec3bf7ecb0d91440c92714deb727fe7b5b256f1e,True,,
dataset/val/Black spot/2025_12_20_IMG (285).JPG,2025_12_20_IMG (285).JPG,Black spot,val,.jpg,560,420,RGB,JPEG,1,36150,27edab3a87e301fff51b6a226065f0ba6c5c878ae4be1b1b346dda4665a88771,True,,
dataset/val/Black spot/2025_12_20_IMG (289).JPG,2025_12_20_IMG (289).JPG,Black spot,val,.jpg,560,420,RGB,JPEG,1,35433,adb27dc15992be9eae75b495ec747126f090b10c814772d9293868d002c5923d,True,,
dataset/val/Black spot/2025_12_20_IMG (293).JPG,2025_12_20_IMG (293).JPG,Black spot,val,.jpg,560,420,RGB,JPEG,1,36046,b1e0de9af9ea025d3002594960ba0a44f7977e91ea0974b5f71e456c9d38c763,True,,
dataset/val/Black spot/2025_12_20_IMG (300).JPG,2025_12_20_IMG (300).JPG,Black spot,val,.jpg,560,420,RGB,JPEG,1,43623,e0900791982b33b6996ccb3f31dbbac7c62908bc54e9411c45aa60ce9a34961a,True,,
dataset/val/Black spot/2025_12_20_IMG (308).JPG,2025_12_20_IMG (308).JPG,Black spot,val,.jpg,560,420,RGB,JPEG,1,35166,2604a993fa59c34299598387414d4bdcec13ac6516a7cff853d19de52f8cd506,True,,
dataset/val/Black spot/2025_12_20_IMG (309).JPG,2025_12_20_IMG (309).JPG,Black spot,val,.jpg,560,420,RGB,JPEG,1,29901,6a44ebb691f83f989c9c884171ff0ed83bda8bc9d50a38e20be479f341dcd72f,True,,
dataset/val/Black spot/2025_12_20_IMG (311).JPG,2025_12_20_IMG (311).JPG,Black spot,val,.jpg,560,420,RGB,JPEG,1,40270,8585fc536c28e7f68c0ff225f70eabaae5649f2b52ec36dab7fd281eb24a422d,True,,
dataset/val/Black spot/2025_12_20_IMG (327).JPG,2025_12_20_IMG (327).JPG,Black spot,val,.jpg,560,420,RGB,JPEG,1,36311,90c10d2863315bb5d83de440c84291a80ac8dc3ba457855988d6a95eb0907d9b,True,,
dataset/val/Black spot/2025_12_20_IMG (330).JPG,2025_12_20_IMG (330).JPG,Black spot,val,.jpg,560,420,RGB,JPEG,1,46142,3755ee460fcfca4158994c3d69e64aa53bcb2a0f141fbb8a97677a31bc9cfc3e,True,,
dataset/val/Black spot/2025_12_20_IMG (41).JPG,2025_12_20_IMG (41).JPG,Black spot,val,.jpg,560,420,RGB,JPEG,1,37368,f7c3867c7ad84f1203eb2b510d099adccdaacf1b5598516f84cfb27850c001a3,True,,
dataset/val/Black spot/2025_12_20_IMG (44).JPG,2025_12_20_IMG (44).JPG,Black spot,val,.jpg,560,420,RGB,JPEG,1,42972,b8a8a2b77f52d9eea2ee5d50371662b66d79968371259c6b7d8c6204c9195e39,True,,
dataset/val/Black spot/2025_12_20_IMG (45).JPG,2025_12_20_IMG (45).JPG,Black spot,val,.jpg,560,420,RGB,JPEG,1,46572,7ac226bf7e3c6a36a958c7ecc5c1c4717c6ced64786188620d7566d4739111a6,True,,
dataset/val/Black spot/2025_12_20_IMG (55).JPG,2025_12_20_IMG (55).JPG,Black spot,val,.jpg,560,420,RGB,JPEG,1,43409,32bebc0901b529cf563d99b8883ac475ec00eafd294fd8de3c86ac4fc222ad1c,True,,
dataset/val/Black spot/2025_12_20_IMG (61).JPG,2025_12_20_IMG (61).JPG,Black spot,val,.jpg,560,420,RGB,JPEG,1,44596,da84185d62625df8f5eb22f9a0dd259aebc9f5c0ca4b860ec5038f5f2a2fba71,True,,
dataset/val/Black spot/2025_12_20_IMG (62).JPG,2025_12_20_IMG (62).JPG,Black spot,val,.jpg,560,420,RGB,JPEG,1,40526,e39d7962737c4289c16e1dbf02a1731b9d2550054738dfae0257d8e613e19b5f,True,,
dataset/val/Black spot/2025_12_20_IMG (64).JPG,2025_12_20_IMG (64).JPG,Black spot,val,.jpg,560,420,RGB,JPEG,1,43318,86235c5a07e0d0417ab8f0f43d246d538128548aedbfc8d090daee92b2183639,True,,
dataset/val/Black spot/2025_12_20_IMG (7).JPG,2025_12_20_IMG (7).JPG,Black spot,val,.jpg,560,420,RGB,JPEG,1,38343,ac730777c1d7120ecf1b10c9eff7e8134c10ea25f3b0478a4d8ce89b8f70948a,True,,
dataset/val/Black spot/2025_12_20_IMG (83).JPG,2025_12_20_IMG (83).JPG,Black spot,val,.jpg,560,420,RGB,JPEG,1,45426,23fa8465b9eaccfedddfd0b0f49fc7e5727f0412bec5676ae08f9a3879467038,True,,
dataset/val/Black spot/2025_12_20_IMG (84).JPG,2025_12_20_IMG (84).JPG,Black spot,val,.jpg,560,420,RGB,JPEG,1,44180,ed7b8eff154cfcedc90a16ae2dd6c44523122383316a94ce2cc606b7df48d3fb,True,,
dataset/val/Black spot/2025_12_20_IMG (88).JPG,2025_12_20_IMG (88).JPG,Black spot,val,.jpg,560,420,RGB,JPEG,1,38732,bbfadb22a8d003b727fcc5033d87d028b4f1ba1487f34cf133d84c786460c170,True,,
dataset/val/Black spot/2025_12_20_IMG (95).JPG,2025_12_20_IMG (95).JPG,Black spot,val,.jpg,560,420,RGB,JPEG,1,46753,b1408d4e0d307779a7dc642dcc26726f44eba0fe783f598f6bf594c148a728c8,True,,
dataset/val/Citrus canker/2025_12_21_IMG (225).JPG,2025_12_21_IMG (225).JPG,Citrus canker,val,.jpg,560,420,RGB,JPEG,1,48249,2b5e14cf5beace8e31b983adde28f408d40e6957696da034ad4268d2411945e9,True,,
dataset/val/Citrus canker/2025_12_21_IMG (226).JPG,2025_12_21_IMG (226).JPG,Citrus canker,val,.jpg,560,420,RGB,JPEG,1,52883,f2feae69e4424c396445a6e864ebbb28e66c972573b484917aca5aaf53a07050,True,,
dataset/val/Citrus canker/2025_12_21_IMG (230).JPG,2025_12_21_IMG (230).JPG,Citrus canker,val,.jpg,560,420,RGB,JPEG,1,46969,267a7e2d74a36b21f73a2b9709f902b1b00cc77d517e1e39b5dd88d07671ca33,True,,
dataset/val/Citrus canker/2025_12_21_IMG (235).JPG,2025_12_21_IMG (235).JPG,Citrus canker,val,.jpg,560,420,RGB,JPEG,1,39926,960c0295d80e5b7bc3a3d0a75ac1d08eb1c0eabc6cf9233ac8b0dad163f3e935,True,,
dataset/val/Citrus canker/2025_12_21_IMG (237).JPG,2025_12_21_IMG (237).JPG,Citrus canker,val,.jpg,560,420,RGB,JPEG,1,47367,7721a1695712f9419a43fa8bd51b7729357545ecd3a0d01cfbcd394a11734d0c,True,,
dataset/val/Citrus canker/2025_12_21_IMG (238).JPG,2025_12_21_IMG (238).JPG,Citrus canker,val,.jpg,560,420,RGB,JPEG,1,52348,afddbf4f639c4618aa73e8fd400a8fcccf5f2ae88d1f5f8d26fbd6dc21734150,True,,
dataset/val/Citrus canker/2025_12_21_IMG (248).JPG,2025_12_21_IMG (248).JPG,Citrus canker,val,.jpg,560,420,RGB,JPEG,1,45161,ad123fc8f4fc5b24a7adb9667f5aabc2f97246290b965153ac28541cbfce63f8,True,,
dataset/val/Citrus canker/2025_12_21_IMG (253).JPG,2025_12_21_IMG (253).JPG,Citrus canker,val,.jpg,560,420,RGB,JPEG,1,57446,d39e249b274dc1a3362c4f97dd35f9dfb5fcb2bfed335e69116b2c72005afcd8,True,,
dataset/val/Citrus canker/2025_12_21_IMG (272).JPG,2025_12_21_IMG (272).JPG,Citrus canker,val,.jpg,560,420,RGB,JPEG,1,36519,8d4d08a8c0b5e0e3f9076242e363e912bff3600fa5a37e3e0846965682bf235a,True,,
dataset/val/Citrus canker/2025_12_21_IMG (275).JPG,2025_12_21_IMG (275).JPG,Citrus canker,val,.jpg,560,420,RGB,JPEG,1,40505,e427aab93a0777e0d6193aedbad85582a6672b6ba39f6c8896c66cdb901326fb,True,,
dataset/val/Citrus canker/2025_12_21_IMG (285).JPG,2025_12_21_IMG (285).JPG,Citrus canker,val,.jpg,560,420,RGB,JPEG,1,37650,6e25dffd23abe047c384c67d0808ff649b05f177532c7e9f11e0e16d1c4d46e8,True,,
dataset/val/Citrus canker/2025_12_21_IMG (289).JPG,2025_12_21_IMG (289).JPG,Citrus canker,val,.jpg,560,420,RGB,JPEG,1,45375,05393e0619417f430f7e21016ca3346f6e1a5158a3d2438c2a2efae33beebca8,True,,
dataset/val/Citrus canker/2025_12_21_IMG (300).JPG,2025_12_21_IMG (300).JPG,Citrus canker,val,.jpg,560,420,RGB,JPEG,1,62227,3a9410448a4f6f7227a4569a26c3b6726cd74c09ab4a7b6537814b096b54a519,True,,
dataset/val/Citrus canker/2025_12_21_IMG (309).JPG,2025_12_21_IMG (309).JPG,Citrus canker,val,.jpg,560,420,RGB,JPEG,1,48667,a5e1c8f315efee242a6f8a1427496c837687d1e3342cd2ef9ed6d368c6a374ad,True,,
dataset/val/Citrus canker/2025_12_21_IMG (310).JPG,2025_12_21_IMG (310).JPG,Citrus canker,val,.jpg,560,420,RGB,JPEG,1,46770,3c4f662a818b980e20b3a58dc800dc5b5087ca3d021131480858cb34c5efcda2,True,,
dataset/val/Citrus canker/2025_12_21_IMG (318).JPG,2025_12_21_IMG (318).JPG,Citrus canker,val,.jpg,560,420,RGB,JPEG,1,52169,a6f67dbc624434c30394136ffacd34f9f883ceb51169640ad1ef81bb1f7cc4f1,True,,
dataset/val/Citrus canker/2025_12_21_IMG (319).JPG,2025_12_21_IMG (319).JPG,Citrus canker,val,.jpg,560,420,RGB,JPEG,1,41541,983d66ba4795534e06255e8bdfdf34f954eb7123e35a33b03ca482abed27c187,True,,
dataset/val/Citrus canker/2025_12_21_IMG (328).JPG,2025_12_21_IMG (328).JPG,Citrus canker,val,.jpg,560,420,RGB,JPEG,1,57421,eb82a51893fa648adc4f4a6babce5b28277c6be8b8f09c1f77212af71a39bb88,True,,
dataset/val/Citrus canker/2025_12_21_IMG (336).JPG,2025_12_21_IMG (336).JPG,Citrus canker,val,.jpg,560,420,RGB,JPEG,1,56045,7529840eeece29a299e426d6395c16bd6148b487332827398e0acc98719d9d26,True,,
dataset/val/Citrus canker/2025_12_21_IMG (338).JPG,2025_12_21_IMG (338).JPG,Citrus canker,val,.jpg,560,420,RGB,JPEG,1,41769,9b34ff0d5da634e7a570c520ff49fbd6b25efdc5b3ce31f56d197537098d0df5,True,,
dataset/val/Citrus canker/2025_12_21_IMG (339).JPG,2025_12_21_IMG (339).JPG,Citrus canker,val,.jpg,560,420,RGB,JPEG,1,41394,905f336bc71dc8aa97c34102b1ed9baf3a0cc3fc4ce1f1b03961e4d3c451e68b,True,,
dataset/val/Citrus canker/2025_12_21_IMG (340).JPG,2025_12_21_IMG (340).JPG,Citrus canker,val,.jpg,560,420,RGB,JPEG,1,37427,27a216cbeb05fbb9f8b0d278936188c5c66f768e9a284fb74be6c3d7546801ac,True,,
dataset/val/Citrus canker/2025_12_21_IMG (350).JPG,2025_12_21_IMG (350).JPG,Citrus canker,val,.jpg,560,420,RGB,JPEG,1,41507,d0fb3ccf6464e088dffe00d378b2ff3da33b6851aba385c29a14bac8165119e5,True,,
dataset/val/Citrus canker/2025_12_21_IMG (363).JPG,2025_12_21_IMG (363).JPG,Citrus canker,val,.jpg,560,420,RGB,JPEG,1,43456,5891fbc0a6eb05aeee21b33acf21d025184127a6deb547f409b13919fac738b4,True,,
dataset/val/Citrus canker/2025_12_21_IMG (368).JPG,2025_12_21_IMG (368).JPG,Citrus canker,val,.jpg,560,420,RGB,JPEG,1,38728,8df4cc74e2353ff0867f8a7b3fa575c4d95ae875b3d49e09b63f03673ff0dcce,True,,
dataset/val/Citrus canker/2025_12_21_IMG (383).JPG,2025_12_21_IMG (383).JPG,Citrus canker,val,.jpg,560,420,RGB,JPEG,1,35210,b88531c5deb21ad53aa802cb7af659a7e479e5909723f7c7f7415cd6ddade813,True,,
dataset/val/Citrus canker/2025_12_21_IMG (388).JPG,2025_12_21_IMG (388).JPG,Citrus canker,val,.jpg,560,420,RGB,JPEG,1,38200,bc1ceed71e1d2d5ffe80f3bf8d40574a2cbb16a5f725b8df42491b477625b327,True,,
dataset/val/Citrus canker/2025_12_21_IMG (391).JPG,2025_12_21_IMG (391).JPG,Citrus canker,val,.jpg,560,420,RGB,JPEG,1,43070,dbf35decfa3aaa24496233eff2a8643bd84884234fea1c4dbaeaedfb2d7f2548,True,,
dataset/val/Citrus canker/2025_12_21_IMG (404).JPG,2025_12_21_IMG (404).JPG,Citrus canker,val,.jpg,560,420,RGB,JPEG,1,41158,d62b37f626c7a4fab29d970181f7a38d1fc23c166ee1ef468fda1967d0ab58e2,True,,
dataset/val/Citrus canker/2025_12_21_IMG (406).JPG,2025_12_21_IMG (406).JPG,Citrus canker,val,.jpg,560,420,RGB,JPEG,1,39858,fb273de3c365e32f5c4ad00cce6a53428d4578bb9b6c3a7006375febf7a54486,True,,
dataset/val/Citrus canker/2025_12_21_IMG (407).JPG,2025_12_21_IMG (407).JPG,Citrus canker,val,.jpg,560,420,RGB,JPEG,1,28511,8ac585e78131bce8d01e62ff4c1995c8aea1737222b95fe7ce7573d9135979fd,True,,
dataset/val/Citrus canker/2025_12_21_IMG (421).JPG,2025_12_21_IMG (421).JPG,Citrus canker,val,.jpg,560,420,RGB,JPEG,1,40777,2a496a30065360ec436ea464fcf7ffd41e96e0941f3c5f921074733b9fce251b,True,,
dataset/val/Citrus canker/2025_12_21_IMG (434).JPG,2025_12_21_IMG (434).JPG,Citrus canker,val,.jpg,560,420,RGB,JPEG,1,38817,237c4d5f8d09800ccd317623828f3b09435960c4073b8ff4b975ee97bf5c4486,True,,
dataset/val/Citrus canker/2025_12_21_IMG (436).JPG,2025_12_21_IMG (436).JPG,Citrus canker,val,.jpg,560,420,RGB,JPEG,1,34808,0cd9cd6dacbee63ad5b63cc98b6323eaac05b99d4e84982fb3a5d22e9cc22c4b,True,,
dataset/val/Citrus canker/2025_12_21_IMG (438).JPG,2025_12_21_IMG (438).JPG,Citrus canker,val,.jpg,560,420,RGB,JPEG,1,41350,1c8d4f19e2dc61a109dfd51ee15c5ff6808f3297c2f698ef415949c198c87617,True,,
dataset/val/Citrus canker/2025_12_21_IMG (454).JPG,2025_12_21_IMG (454).JPG,Citrus canker,val,.jpg,560,420,RGB,JPEG,1,42475,fbe4afb0315cb89bd7225e3803140d9d9e6d6225155c70bdb2807f6798042579,True,,
dataset/val/Citrus canker/2025_12_21_IMG (457).JPG,2025_12_21_IMG (457).JPG,Citrus canker,val,.jpg,560,420,RGB,JPEG,1,49087,811b9df7b3d1e28128b73703d2e1797213478f46da8a1676a8121d688fcd8298,True,,
dataset/val/Citrus canker/2025_12_21_IMG (462).JPG,2025_12_21_IMG (462).JPG,Citrus canker,val,.jpg,560,420,RGB,JPEG,1,45368,f3a7bcafaca1bfa91f65e2ba4a88794bf3aa81e1b552b2a4ee1e0b95618e41a7,True,,
dataset/val/Citrus canker/2025_12_21_IMG (475).JPG,2025_12_21_IMG (475).JPG,Citrus canker,val,.jpg,560,420,RGB,JPEG,1,39609,1a2e1fb76a48de2cef6c1e787bc86e198c3cd50589cd90a9c9177f15d4f871e6,True,,
dataset/val/Citrus canker/2025_12_21_IMG (480).JPG,2025_12_21_IMG (480).JPG,Citrus canker,val,.jpg,560,420,RGB,JPEG,1,33866,92e3da5214e5f5b74cb0773d74479ca0a6a6bfe9339cbad5846fe5bdcd5e4e29,True,,
dataset/val/Citrus canker/2025_12_21_IMG (487).JPG,2025_12_21_IMG (487).JPG,Citrus canker,val,.jpg,560,420,RGB,JPEG,1,36658,336a5d5d0980ffba53647555405cf37a5bbb4c5fe10004586c281e71bf6c225d,True,,
dataset/val/Citrus canker/2025_12_21_IMG (507).JPG,2025_12_21_IMG (507).JPG,Citrus canker,val,.jpg,560,420,RGB,JPEG,1,40114,f18d052661d8624ba38f1cae88aa2c4b1f907d3fafbb559ee0bfc1e2ac702592,True,,
dataset/val/Citrus canker/2025_12_21_IMG (517).JPG,2025_12_21_IMG (517).JPG,Citrus canker,val,.jpg,560,420,RGB,JPEG,1,40067,2be56bc864ed2d36b206540d155fa5a20cd976d9a052965048d955349ac8fa51,True,,
dataset/val/Citrus canker/2025_12_21_IMG (519).JPG,2025_12_21_IMG (519).JPG,Citrus canker,val,.jpg,560,420,RGB,JPEG,1,39984,67061638530c777f7d8db11f691e977156be1bb5c69db5c510dbb51944e4e1cb,True,,
dataset/val/Citrus canker/2025_12_21_IMG (520).JPG,2025_12_21_IMG (520).JPG,Citrus canker,val,.jpg,560,420,RGB,JPEG,1,35702,8aa0a459a1e46a80438cf7735acc7406bcc57a58cbaae99e94b3f912976268f5,True,,
dataset/val/Citrus canker/2025_12_21_IMG (526).JPG,2025_12_21_IMG (526).JPG,Citrus canker,val,.jpg,560,420,RGB,JPEG,1,40149,bcdbc4587e5c24734aad0457391f496a31413ad37b30bf0a5737301b82382fe0,True,,
dataset/val/Citrus canker/2025_12_21_IMG (531).JPG,2025_12_21_IMG (531).JPG,Citrus canker,val,.jpg,560,420,RGB,JPEG,1,40811,457a82c9c4b77d0c941a1dda7d0a92ff663098a7bf6bacd7e886a76240a90d90,True,,
dataset/val/Citrus canker/2025_12_21_IMG (537).JPG,2025_12_21_IMG (537).JPG,Citrus canker,val,.jpg,560,420,RGB,JPEG,1,32026,7f9dc1ef7c411879f20cc16074265d8be1aab9375df1af2d6cb9f8aa89376862,True,,
dataset/val/Citrus canker/2025_12_21_IMG (543).JPG,2025_12_21_IMG (543).JPG,Citrus canker,val,.jpg,560,420,RGB,JPEG,1,41902,eabd769d04d5ce28fef2f894ead05bcc51bbc359fad68d6828c37b0769f49f05,True,,
dataset/val/Citrus canker/2025_12_21_IMG (545).JPG,2025_12_21_IMG (545).JPG,Citrus canker,val,.jpg,560,420,RGB,JPEG,1,43891,e0ff2253b128741f9a25a5d211351b66d4dc299259603d2e2ef39f5b04ac6ef9,True,,
dataset/val/Citrus canker/2025_12_21_IMG (550).JPG,2025_12_21_IMG (550).JPG,Citrus canker,val,.jpg,560,420,RGB,JPEG,1,48593,5654bb87bd6b449b12305621c66d802aa6e6654b6fa3c03af5d15e7c28d8f7fb,True,,
dataset/val/Citrus canker/2025_12_21_IMG (554).JPG,2025_12_21_IMG (554).JPG,Citrus canker,val,.jpg,560,420,RGB,JPEG,1,46626,dd0f3d93aed088b3a1e13a9c9648adac09fae99fd19888472d70a1d0f480b008,True,,
dataset/val/Citrus canker/2025_12_21_IMG (558).JPG,2025_12_21_IMG (558).JPG,Citrus canker,val,.jpg,560,420,RGB,JPEG,1,43211,5818c95e2992ed4658c0e8b92c0a3dfc0826f5f537aa601b2372d650c778f57e,True,,
dataset/val/Citrus canker/2025_12_21_IMG (565).JPG,2025_12_21_IMG (565).JPG,Citrus canker,val,.jpg,560,420,RGB,JPEG,1,38258,ddb1910241ac7129e5d7dbd896c2d9a19c26a93fc819a38b26139cf163d20055,True,,
dataset/val/Citrus canker/2025_12_21_IMG (567).JPG,2025_12_21_IMG (567).JPG,Citrus canker,val,.jpg,560,420,RGB,JPEG,1,44706,9657ef04f357162d806296a3521c7398ae3f434c2cfa6becb0a34ca8899b479f,True,,
dataset/val/Citrus pest/2025_12_20_IMG (123).JPG,2025_12_20_IMG (123).JPG,Citrus pest,val,.jpg,560,420,RGB,JPEG,1,49328,22ff97b839505023d416a58c8d823a5ca164b6caf2234b1118e69ee7173fe974,True,,
dataset/val/Citrus pest/2025_12_20_IMG (128).JPG,2025_12_20_IMG (128).JPG,Citrus pest,val,.jpg,560,420,RGB,JPEG,1,55939,1f054efbb3f6758fef2a72dc012665e56b2526905e75e1ecd2b445be5742885d,True,,
dataset/val/Citrus pest/2025_12_20_IMG (133).JPG,2025_12_20_IMG (133).JPG,Citrus pest,val,.jpg,560,420,RGB,JPEG,1,47993,b6b130dbea3ef5c36c8db4a51016a4eb67b2394a8366913e57d6dfb9a7ae52db,True,,
dataset/val/Citrus pest/2025_12_20_IMG (135).JPG,2025_12_20_IMG (135).JPG,Citrus pest,val,.jpg,560,420,RGB,JPEG,1,52850,8fa9f4040646c9faf789ca8263a9dd7b6afcc66e34825a4f6e22d27e51644a11,True,,
dataset/val/Citrus pest/2025_12_20_IMG (136).JPG,2025_12_20_IMG (136).JPG,Citrus pest,val,.jpg,560,420,RGB,JPEG,1,42751,e9970f03bddb59b2952ff9e6cc577d0ae2c17ce5b835409ef653a7978742f791,True,,
dataset/val/Citrus pest/2025_12_20_IMG (146).JPG,2025_12_20_IMG (146).JPG,Citrus pest,val,.jpg,560,420,RGB,JPEG,1,55156,27c2f50251a00100a1d560206e1df99e83af16da3b2d3c6aab5e74aa92791340,True,,
dataset/val/Citrus pest/2025_12_20_IMG (151).JPG,2025_12_20_IMG (151).JPG,Citrus pest,val,.jpg,560,420,RGB,JPEG,1,37686,4ea557f256f74c1af13816c80e6b65dda58b9fb26dce292d92b30d96498c1a17,True,,
dataset/val/Citrus pest/2025_12_20_IMG (170).JPG,2025_12_20_IMG (170).JPG,Citrus pest,val,.jpg,560,420,RGB,JPEG,1,44468,71b8f0884c89304b6f1ca620ce192f32ad12ddb2795edd97b0ead1a6d857d72d,True,,
dataset/val/Citrus pest/2025_12_20_IMG (173).JPG,2025_12_20_IMG (173).JPG,Citrus pest,val,.jpg,560,420,RGB,JPEG,1,46558,c42d8812df239f31932fe7c4268867119cc56caac3906e7581a13358e6f0bb46,True,,
dataset/val/Citrus pest/2025_12_20_IMG (182).JPG,2025_12_20_IMG (182).JPG,Citrus pest,val,.jpg,560,420,RGB,JPEG,1,37602,9cbbe356eb991958d47fa17b76f7748169e75990e0c671e20238f6f3250a4f8e,True,,
dataset/val/Citrus pest/2025_12_20_IMG (186).JPG,2025_12_20_IMG (186).JPG,Citrus pest,val,.jpg,560,420,RGB,JPEG,1,33579,3506397854c815d8bdcfd0976d4615165805d089315bcb3bbedf3bc519f2b84a,True,,
dataset/val/Citrus pest/2025_12_20_IMG (196).JPG,2025_12_20_IMG (196).JPG,Citrus pest,val,.jpg,560,420,RGB,JPEG,1,31451,2cbbba0bb5f887a520924e49ce4cf95e2e16b0fe17e0f6ae645a91cb652b4ff4,True,,
dataset/val/Citrus pest/2025_12_20_IMG (204).JPG,2025_12_20_IMG (204).JPG,Citrus pest,val,.jpg,560,420,RGB,JPEG,1,42526,f01c3f5f6b5bd6add5d7714410dce1584424bf0474b45f86dc839b4c78b50d94,True,,
dataset/val/Citrus pest/2025_12_20_IMG (205).JPG,2025_12_20_IMG (205).JPG,Citrus pest,val,.jpg,560,420,RGB,JPEG,1,41186,70c97e0d07398e79c7298f2a119858827dd596e2f7674f1b4b8b3e055dbd7155,True,,
dataset/val/Citrus pest/2025_12_20_IMG (212).JPG,2025_12_20_IMG (212).JPG,Citrus pest,val,.jpg,560,420,RGB,JPEG,1,37374,0ac6482d33ee619ec4e6116f03f0c5604e1910a64912a8ebfb2832b7e8486cf6,True,,
dataset/val/Citrus pest/2025_12_20_IMG (213).JPG,2025_12_20_IMG (213).JPG,Citrus pest,val,.jpg,560,420,RGB,JPEG,1,38416,44c14f684648b3da0ae663635e78e2b5808758b333104e62f993c44beebe10ca,True,,
dataset/val/Citrus pest/2025_12_20_IMG (221).JPG,2025_12_20_IMG (221).JPG,Citrus pest,val,.jpg,560,420,RGB,JPEG,1,48304,284a4635163a4a00992743dbbb7524e8f0e28a39b78c276c0abd22ed56b82e02,True,,
dataset/val/Citrus pest/2025_12_20_IMG (229).JPG,2025_12_20_IMG (229).JPG,Citrus pest,val,.jpg,560,420,RGB,JPEG,1,37959,2a9dc8d4102a8f3913a61cbf7070a7e58ffa497efdb559cef448c0a5fd7d10cb,True,,
dataset/val/Citrus pest/2025_12_20_IMG (230).JPG,2025_12_20_IMG (230).JPG,Citrus pest,val,.jpg,560,420,RGB,JPEG,1,36186,1cc743e86120f5c3639c669c4031a13d7d4a81a1c09ce8cfad0dd7354247f268,True,,
dataset/val/Citrus pest/2025_12_20_IMG (231).JPG,2025_12_20_IMG (231).JPG,Citrus pest,val,.jpg,560,420,RGB,JPEG,1,33092,d55a41d509bfaee807865092c6a28b93a8e1cc1ad8c2f023f69c0ed177143a08,True,,
dataset/val/Citrus pest/2025_12_20_IMG (232).JPG,2025_12_20_IMG (232).JPG,Citrus pest,val,.jpg,560,420,RGB,JPEG,1,37887,742678402ef85dc5b516300fdc776944bcc884323bc3f908128782e6254c0402,True,,
dataset/val/Citrus pest/2025_12_20_IMG (241).JPG,2025_12_20_IMG (241).JPG,Citrus pest,val,.jpg,560,420,RGB,JPEG,1,41741,317bede8cd12987c52b7497dbc7accf7ebfeda63140305282e28f9973bddb2bf,True,,
dataset/val/Citrus pest/2025_12_20_IMG (253).JPG,2025_12_20_IMG (253).JPG,Citrus pest,val,.jpg,560,420,RGB,JPEG,1,44229,2de988aeb5ec08b11a2af5ca7d67cf8da88157548285d714346341b7a94e5748,True,,
dataset/val/Citrus pest/2025_12_20_IMG (258).JPG,2025_12_20_IMG (258).JPG,Citrus pest,val,.jpg,560,420,RGB,JPEG,1,44432,4237ad7591fc0e5d14360d6064949003620ab93a3eccd10e28a9b905922632dd,True,,
dataset/val/Citrus pest/2025_12_20_IMG (271).JPG,2025_12_20_IMG (271).JPG,Citrus pest,val,.jpg,560,420,RGB,JPEG,1,44432,b8acb35e2bb8a1b6a2353f307ed7282277b6d56942ca22cbc3227bf58d81be70,True,,
dataset/val/Citrus pest/2025_12_20_IMG (275).JPG,2025_12_20_IMG (275).JPG,Citrus pest,val,.jpg,560,420,RGB,JPEG,1,40829,f2ea73055f6c9210ad3db9ad948d30fec56263d974fd08437489f7b72b0edaf9,True,,
dataset/val/Citrus pest/2025_12_20_IMG (276).JPG,2025_12_20_IMG (276).JPG,Citrus pest,val,.jpg,560,420,RGB,JPEG,1,35230,91fb725909a8d5c2177f2b39a2756ba6941c8cec8d120b142794a76c14e42cfd,True,,
dataset/val/Citrus pest/2025_12_20_IMG (279).JPG,2025_12_20_IMG (279).JPG,Citrus pest,val,.jpg,560,420,RGB,JPEG,1,30831,e26c4fa14fccc349f8754c2e0eaeda9c1313771d81df12509ceaf2a07466a2ef,True,,
dataset/val/Citrus pest/2025_12_20_IMG (290).JPG,2025_12_20_IMG (290).JPG,Citrus pest,val,.jpg,560,420,RGB,JPEG,1,35998,7138bcabed86f83e39d137da688801935e000b7b649a4ad799d415eadee9dbfa,True,,
dataset/val/Citrus pest/2025_12_20_IMG (292).JPG,2025_12_20_IMG (292).JPG,Citrus pest,val,.jpg,560,420,RGB,JPEG,1,34697,e4f827ba7245b92a89a3f3096a04e64772d42de7c7cf798c2442cb2a9ca1611a,True,,
dataset/val/Citrus pest/2025_12_20_IMG (293).JPG,2025_12_20_IMG (293).JPG,Citrus pest,val,.jpg,560,420,RGB,JPEG,1,35901,c7fc3dd49d2acc961eb9a04c1e539cf443de695db6b90389cee8b009df830f20,True,,
dataset/val/Citrus pest/2025_12_20_IMG (306).JPG,2025_12_20_IMG (306).JPG,Citrus pest,val,.jpg,560,420,RGB,JPEG,1,31752,a8521db6aaae783b77cb365699697ccbb5867b4e839f2e8d14f5d57da92f5190,True,,
dataset/val/Citrus pest/2025_12_20_IMG (318).JPG,2025_12_20_IMG (318).JPG,Citrus pest,val,.jpg,560,420,RGB,JPEG,1,41104,6a888a2a1f363487df04ab22882851d134d1c1a7d78b6d05a86d41e5c45d52a1,True,,
dataset/val/Citrus pest/2025_12_20_IMG (32).JPG,2025_12_20_IMG (32).JPG,Citrus pest,val,.jpg,560,420,RGB,JPEG,1,44525,1a7b94dd3392fc80079c4f059809bfddf5fad021260bb1031a50c809ef43d346,True,,
dataset/val/Citrus pest/2025_12_20_IMG (321).JPG,2025_12_20_IMG (321).JPG,Citrus pest,val,.jpg,560,420,RGB,JPEG,1,43275,81e444706afee42e3822c47c2c824007d41788bb7bcc62085bfbd0f941ffe02c,True,,
dataset/val/Citrus pest/2025_12_20_IMG (336).JPG,2025_12_20_IMG (336).JPG,Citrus pest,val,.jpg,560,420,RGB,JPEG,1,41696,7528af08805e6b3cb7a0e18f216780a51ab42c6426e3c2c4572282ebfb532333,True,,
dataset/val/Citrus pest/2025_12_20_IMG (339).JPG,2025_12_20_IMG (339).JPG,Citrus pest,val,.jpg,560,420,RGB,JPEG,1,38942,7e8525ff291227d7838c0565a08e3121dfcb376dcfffe05b9f8e6be18a547589,True,,
dataset/val/Citrus pest/2025_12_20_IMG (343).JPG,2025_12_20_IMG (343).JPG,Citrus pest,val,.jpg,560,420,RGB,JPEG,1,43058,12b6246860ab8d8ff6b0fc0dd096c5b64ef23b915cd0789731879c664d21eb04,True,,
dataset/val/Citrus pest/2025_12_20_IMG (355).JPG,2025_12_20_IMG (355).JPG,Citrus pest,val,.jpg,560,420,RGB,JPEG,1,39660,e1accc586e1136d21aa812d19af258fa4bb9e7d311392534af768557f238d1cd,True,,
dataset/val/Citrus pest/2025_12_20_IMG (357).JPG,2025_12_20_IMG (357).JPG,Citrus pest,val,.jpg,560,420,RGB,JPEG,1,38353,84971c743814206b78fd3a33146599b561233727f9ae897cd94e40a93c62b8ce,True,,
dataset/val/Citrus pest/2025_12_20_IMG (366).JPG,2025_12_20_IMG (366).JPG,Citrus pest,val,.jpg,560,420,RGB,JPEG,1,31826,ed4f266d21a131e26b724d42edc69459fa76bcae5adfc8cbb000155b2c964a42,True,,
dataset/val/Citrus pest/2025_12_20_IMG (370).JPG,2025_12_20_IMG (370).JPG,Citrus pest,val,.jpg,560,420,RGB,JPEG,1,33481,179859fd82abf9ddcafd90fe43efe94c2eacc644588b7f787fc22ed277842d5d,True,,
dataset/val/Citrus pest/2025_12_20_IMG (373).JPG,2025_12_20_IMG (373).JPG,Citrus pest,val,.jpg,560,420,RGB,JPEG,1,36040,68bc51a48e196894897bd7aa79bdd5acbbb9fb3db616ea7d09ceb8a8ef718ee8,True,,
dataset/val/Citrus pest/2025_12_20_IMG (375).JPG,2025_12_20_IMG (375).JPG,Citrus pest,val,.jpg,560,420,RGB,JPEG,1,28035,29185ac9dc0f88685a1af986f2cc2952da2c8e1f7002c6fbfd2a6532d07db522,True,,
dataset/val/Citrus pest/2025_12_20_IMG (377).JPG,2025_12_20_IMG (377).JPG,Citrus pest,val,.jpg,560,420,RGB,JPEG,1,33347,609e4e92bf171b814e5ec826e18db504323bd17661d2e749cdc19a1772fbfc9e,True,,
dataset/val/Citrus pest/2025_12_20_IMG (398).JPG,2025_12_20_IMG (398).JPG,Citrus pest,val,.jpg,560,420,RGB,JPEG,1,45128,db31347ab069e9b527ef18523d75a921db01a99fbc2fa4906bc2cb76e4c5ab2f,True,,
dataset/val/Citrus pest/2025_12_20_IMG (407).JPG,2025_12_20_IMG (407).JPG,Citrus pest,val,.jpg,560,420,RGB,JPEG,1,46336,4adedec3226fe1e24a2f1c4125ed59140376e81ca2eafd3b1bbe3992b4f1c2b2,True,,
dataset/val/Citrus pest/2025_12_20_IMG (41).JPG,2025_12_20_IMG (41).JPG,Citrus pest,val,.jpg,560,420,RGB,JPEG,1,36993,588a2fdc146f3596d33bbc70570365dadbf1807d14511f54ae072c408e496567,True,,
dataset/val/Citrus pest/2025_12_20_IMG (45).JPG,2025_12_20_IMG (45).JPG,Citrus pest,val,.jpg,560,420,RGB,JPEG,1,33893,5bd86925be8c00e470b2b95715415776713d8b03b2d8985a15383f0da7db4ccd,True,,
dataset/val/Citrus pest/2025_12_20_IMG (51).JPG,2025_12_20_IMG (51).JPG,Citrus pest,val,.jpg,560,420,RGB,JPEG,1,34358,b103c12ea266895c74419b21299dbefe0e64c5e8f4880f18b1aeb56882fa336d,True,,
dataset/val/Citrus pest/2025_12_20_IMG (62).JPG,2025_12_20_IMG (62).JPG,Citrus pest,val,.jpg,560,420,RGB,JPEG,1,36157,4fff59421f3ab13940a32e984654fe9de05a8fa2e539c7bf59ddaef78eed5c6d,True,,
dataset/val/Citrus pest/2025_12_20_IMG (70).JPG,2025_12_20_IMG (70).JPG,Citrus pest,val,.jpg,560,420,RGB,JPEG,1,34306,6eaca2378b508c0904aa337577669229c3dc1e74f95fe38e3fedd446d9345d5c,True,,
dataset/val/Citrus pest/2025_12_20_IMG (80).JPG,2025_12_20_IMG (80).JPG,Citrus pest,val,.jpg,560,420,RGB,JPEG,1,43915,1cd26181418675f2f51d43d44fb96275c8e8eb1eb629a10554c568ff46d90e0e,True,,
dataset/val/Citrus pest/2025_12_20_IMG (84).JPG,2025_12_20_IMG (84).JPG,Citrus pest,val,.jpg,560,420,RGB,JPEG,1,46793,54db4f02fc6d9a0ca3aa8f39486fa561fcc399444774642897cda055d1a425e1,True,,
dataset/val/Citrus pest/2025_12_20_IMG (86).JPG,2025_12_20_IMG (86).JPG,Citrus pest,val,.jpg,560,420,RGB,JPEG,1,46865,539ca4d371038a0ea4d8f3baadcbd26c545fbbc62a58489c112e1b21a73b515f,True,,
dataset/val/Citrus pest/2025_12_20_IMG (92).JPG,2025_12_20_IMG (92).JPG,Citrus pest,val,.jpg,560,420,RGB,JPEG,1,44164,ca7a41ad3c21b7fbb6a1ebd1b5a47e5cb6866e3896f842777e0585815f1dc009,True,,
dataset/val/Citrus pest/2025_12_20_IMG (94).JPG,2025_12_20_IMG (94).JPG,Citrus pest,val,.jpg,560,420,RGB,JPEG,1,43799,e102c90d123a350a66538ef228b74718f0710b69da1fc8ae7896d3acb1405b54,True,,
dataset/val/Citrus pest/2025_12_20_IMG (96).JPG,2025_12_20_IMG (96).JPG,Citrus pest,val,.jpg,560,420,RGB,JPEG,1,42293,9258b7da9308f2532a6cf939cca314c99d83352a9b3794fecb5f3abf35ff2d9b,True,,
dataset/val/Greening/2025_12_21_IMG (12).JPG,2025_12_21_IMG (12).JPG,Greening,val,.jpg,560,420,RGB,JPEG,1,45133,64e78bcc7bcdfa4f63ed20b0eff72b3f82cb0d92bfece4b067153225e4d9a8f1,True,,
dataset/val/Greening/2025_12_21_IMG (124).JPG,2025_12_21_IMG (124).JPG,Greening,val,.jpg,560,420,RGB,JPEG,1,39352,6436edc88c013249ae58537b2ab4375d1a3621bfb2ea3680ccd37aef1422f5de,True,,
dataset/val/Greening/2025_12_21_IMG (129).JPG,2025_12_21_IMG (129).JPG,Greening,val,.jpg,560,420,RGB,JPEG,1,39179,bd765936834db123e092fc39d22db637cc72e5978a4673c64092908bd210f346,True,,
dataset/val/Greening/2025_12_21_IMG (130).JPG,2025_12_21_IMG (130).JPG,Greening,val,.jpg,560,420,RGB,JPEG,1,41496,c014d34da8a21585d8b72f58e18fefd36b43225c27fc40989a7b5213a6cfc077,True,,
dataset/val/Greening/2025_12_21_IMG (131).JPG,2025_12_21_IMG (131).JPG,Greening,val,.jpg,560,420,RGB,JPEG,1,36064,3bba88a94823dd3451618139f3b92af3144cc94ef7544492d756e654d9062b31,True,,
dataset/val/Greening/2025_12_21_IMG (145).JPG,2025_12_21_IMG (145).JPG,Greening,val,.jpg,560,420,RGB,JPEG,1,55314,3b5f7fa9d9d5f400ddd1ebfea4ea4d7309453caf6d1355ae81a9c8d031bca56b,True,,
dataset/val/Greening/2025_12_21_IMG (16).JPG,2025_12_21_IMG (16).JPG,Greening,val,.jpg,560,420,RGB,JPEG,1,41211,fb4b8e579d2502ccde698f38da6cc871a9979da1f5eec74aa619b26fa42b4952,True,,
dataset/val/Greening/2025_12_21_IMG (165).JPG,2025_12_21_IMG (165).JPG,Greening,val,.jpg,560,420,RGB,JPEG,1,36781,362c56b463528be29e3a3da7a13edd7fe80991ed58e0e712c11d9a1e06e492eb,True,,
dataset/val/Greening/2025_12_21_IMG (174).JPG,2025_12_21_IMG (174).JPG,Greening,val,.jpg,560,420,RGB,JPEG,1,50545,117a8d0b2377401117dd9bf0416f5f847a0b3a57dd335ed01a2796139328c639,True,,
dataset/val/Greening/2025_12_21_IMG (178).JPG,2025_12_21_IMG (178).JPG,Greening,val,.jpg,560,420,RGB,JPEG,1,52498,f74296ed5cbf9de29e381a8dafda6fd93e7de7658bf77c63348e8c2566dd9815,True,,
dataset/val/Greening/2025_12_21_IMG (196).JPG,2025_12_21_IMG (196).JPG,Greening,val,.jpg,560,420,RGB,JPEG,1,41456,0bb1491be4aae00c0731dd46619d8212e85e4847c32af2fff76fbf075b99de64,True,,
dataset/val/Greening/2025_12_21_IMG (197).JPG,2025_12_21_IMG (197).JPG,Greening,val,.jpg,560,420,RGB,JPEG,1,52743,32d6762e98712e735c0823a4bf915d0703f4fa8ae40bfb579aa24718b060732f,True,,
dataset/val/Greening/2025_12_21_IMG (198).JPG,2025_12_21_IMG (198).JPG,Greening,val,.jpg,560,420,RGB,JPEG,1,40612,76336409022bd3f820b20b40438b7ef526cc252c08cbb5f15d057f4c7c1b6202,True,,
dataset/val/Greening/2025_12_21_IMG (203).JPG,2025_12_21_IMG (203).JPG,Greening,val,.jpg,560,420,RGB,JPEG,1,44933,42f3bace853ee3637bee8439ca564238130d9b75c2646b5c857ac9312cab353d,True,,
dataset/val/Greening/2025_12_21_IMG (204).JPG,2025_12_21_IMG (204).JPG,Greening,val,.jpg,560,420,RGB,JPEG,1,45511,63c9d29009ecfa26907cfdaa4b73e072769a848cd1d9c4eb12d42075ae02428d,True,,
dataset/val/Greening/2025_12_21_IMG (221).JPG,2025_12_21_IMG (221).JPG,Greening,val,.jpg,560,420,RGB,JPEG,1,55131,0e2ca3c2b03c7af81e04761b6131238e8ea958478c89aed9f44b2e0049a00052,True,,
dataset/val/Greening/2025_12_21_IMG (222).JPG,2025_12_21_IMG (222).JPG,Greening,val,.jpg,560,420,RGB,JPEG,1,39918,2d4930bc2d7f1ac694396e604e9e09d9636c902a4912157661aec0385e053a07,True,,
dataset/val/Greening/2025_12_21_IMG (223).JPG,2025_12_21_IMG (223).JPG,Greening,val,.jpg,560,420,RGB,JPEG,1,34871,9691bbd3e74f2fecc6d1d0da559a86386cb141eef765454a11eb37bfc424e313,True,,
dataset/val/Greening/2025_12_21_IMG (228).JPG,2025_12_21_IMG (228).JPG,Greening,val,.jpg,560,420,RGB,JPEG,1,38499,965910f25f4b21250281a17dc36084a7c5deb8876f3ba3b1c283b160ea4287b7,True,,
dataset/val/Greening/2025_12_21_IMG (232).JPG,2025_12_21_IMG (232).JPG,Greening,val,.jpg,560,420,RGB,JPEG,1,52773,b531b9919fe869ca06290d5e6322be87073835ba5afacd85dd8dfb4dff6ab089,True,,
dataset/val/Greening/2025_12_21_IMG (233).JPG,2025_12_21_IMG (233).JPG,Greening,val,.jpg,560,420,RGB,JPEG,1,40722,f07836dac45cd672254490850fb7959cf2f9b8df88589af69c807ebab6120495,True,,
dataset/val/Greening/2025_12_21_IMG (244).JPG,2025_12_21_IMG (244).JPG,Greening,val,.jpg,560,420,RGB,JPEG,1,55194,fe71b7f2fa965a2c8b87ca6c835c5ca467b4830981c3c503579caea75a2fa763,True,,
dataset/val/Greening/2025_12_21_IMG (249).JPG,2025_12_21_IMG (249).JPG,Greening,val,.jpg,560,420,RGB,JPEG,1,52942,e282b9c86897414ae0a6e8408d04441e716dda02671459f8db4591647d784bc4,True,,
dataset/val/Greening/2025_12_21_IMG (262).JPG,2025_12_21_IMG (262).JPG,Greening,val,.jpg,560,420,RGB,JPEG,1,57471,55f353ef258a3c88d05b5c40e434aa400a4d6d1e0106d866c5063528eb137a57,True,,
dataset/val/Greening/2025_12_21_IMG (267).JPG,2025_12_21_IMG (267).JPG,Greening,val,.jpg,560,420,RGB,JPEG,1,56151,f4a185627d59e3251d8fb659895873b6c8ea149c6aa4bb4759c3cd54ba4151b8,True,,
dataset/val/Greening/2025_12_21_IMG (27).JPG,2025_12_21_IMG (27).JPG,Greening,val,.jpg,560,420,RGB,JPEG,1,51187,b8e83df216c5238cad50d8e59a6f19d0e76bce11734f9f7bc091a26f056efef3,True,,
dataset/val/Greening/2025_12_21_IMG (270).JPG,2025_12_21_IMG (270).JPG,Greening,val,.jpg,560,420,RGB,JPEG,1,51908,1fbc0bbe3c0b019852f53f33161e40d7e1fb52e564708f353f164ce857a905a5,True,,
dataset/val/Greening/2025_12_21_IMG (271).JPG,2025_12_21_IMG (271).JPG,Greening,val,.jpg,560,420,RGB,JPEG,1,54303,0b11ac5ae847d1e76ab50d92e557118704c16b3f4f8e512a2d296fb8aabbb3d1,True,,
dataset/val/Greening/2025_12_21_IMG (281).JPG,2025_12_21_IMG (281).JPG,Greening,val,.jpg,560,420,RGB,JPEG,1,59357,13ced4c440a3d863d52f61ac2b42bb792e5968fe28755a12bcb78b523cb65a19,True,,
dataset/val/Greening/2025_12_21_IMG (284).JPG,2025_12_21_IMG (284).JPG,Greening,val,.jpg,560,420,RGB,JPEG,1,60264,05d5f37d54987aa627f484d5d98acfa4a486061ced54383c11ff939d59b9b7e7,True,,
dataset/val/Greening/2025_12_21_IMG (308).JPG,2025_12_21_IMG (308).JPG,Greening,val,.jpg,560,420,RGB,JPEG,1,45278,20d9661e64a1f96572543287329215de00a4dec729c9fde67d7a4549cf8702a0,True,,
dataset/val/Greening/2025_12_21_IMG (31).JPG,2025_12_21_IMG (31).JPG,Greening,val,.jpg,560,420,RGB,JPEG,1,51531,53763ef0562f19da5dc2c15bcbc6aa77842a785fc802c60782a68d3d50e73450,True,,
dataset/val/Greening/2025_12_21_IMG (311).JPG,2025_12_21_IMG (311).JPG,Greening,val,.jpg,560,420,RGB,JPEG,1,43601,8bf81c95acaf7bd7bb92f94d1f2b673e67a836bf64eb9f49445c77c2f5727e52,True,,
dataset/val/Greening/2025_12_21_IMG (321).JPG,2025_12_21_IMG (321).JPG,Greening,val,.jpg,560,420,RGB,JPEG,1,36108,16b31560f916249bdb4feb1c7aa307aa42ad0782b91a505a6140c6bcec0ea783,True,,
dataset/val/Greening/2025_12_21_IMG (329).JPG,2025_12_21_IMG (329).JPG,Greening,val,.jpg,560,420,RGB,JPEG,1,36872,9941b42a4f03afb60c24e53b977bb275262b723d80b92a4af01c6bad6ebcf1c3,True,,
dataset/val/Greening/2025_12_21_IMG (335).JPG,2025_12_21_IMG (335).JPG,Greening,val,.jpg,560,420,RGB,JPEG,1,31419,e0aed8651e34f4a03d8f14fbd58b0b7e5208de6e949b908395f9380886bbb073,True,,
dataset/val/Greening/2025_12_21_IMG (337).JPG,2025_12_21_IMG (337).JPG,Greening,val,.jpg,560,420,RGB,JPEG,1,46452,04530c4be46b244439098d9e2e43f85768bdb040e89c118f614d831584ad7332,True,,
dataset/val/Greening/2025_12_21_IMG (339).JPG,2025_12_21_IMG (339).JPG,Greening,val,.jpg,560,420,RGB,JPEG,1,36265,a394d8ca224f12d03fac38b8395cd0b5f3e6ec6c5f6bc5f700d73604250a48c7,True,,
dataset/val/Greening/2025_12_21_IMG (345).JPG,2025_12_21_IMG (345).JPG,Greening,val,.jpg,560,420,RGB,JPEG,1,34987,0975f96701eb7b9a68a0e383a41991042ee42f524ebe60d8ec3038445e199c46,True,,
dataset/val/Greening/2025_12_21_IMG (4).JPG,2025_12_21_IMG (4).JPG,Greening,val,.jpg,560,420,RGB,JPEG,1,45217,2b8d00a9100d4e731a7c6958788c6dc7832d39c2d227f877bb1764fa7e1e1c2f,True,,
dataset/val/Greening/2025_12_21_IMG (43).JPG,2025_12_21_IMG (43).JPG,Greening,val,.jpg,560,420,RGB,JPEG,1,48809,12de7924db2c9f1182464c17981c538aa2862fb4fbabcd5b99479b676ba8fbad,True,,
dataset/val/Greening/2025_12_21_IMG (51).JPG,2025_12_21_IMG (51).JPG,Greening,val,.jpg,560,420,RGB,JPEG,1,45586,adcadf0684e9afd230206467761133cb27bf8eace75af4c0f63b39ba48be947d,True,,
dataset/val/Greening/2025_12_21_IMG (57).JPG,2025_12_21_IMG (57).JPG,Greening,val,.jpg,560,420,RGB,JPEG,1,58354,bafe95fdf18f3cb6e6cedb37d04d13b7a21ec4867ac3f1176b72edcd1fa4283d,True,,
dataset/val/Greening/2025_12_21_IMG (60).JPG,2025_12_21_IMG (60).JPG,Greening,val,.jpg,560,420,RGB,JPEG,1,45938,11dbec1fea1e8748259e05538f725283c0cb4489c1b85b2d765e0e88f3bd80df,True,,
dataset/val/Greening/2025_12_21_IMG (64).JPG,2025_12_21_IMG (64).JPG,Greening,val,.jpg,560,420,RGB,JPEG,1,52812,565e1342eee088f11b30b2bd322eb6e6aac9a731685ee93e1107ef142cb470fc,True,,
dataset/val/Greening/2025_12_21_IMG (7).JPG,2025_12_21_IMG (7).JPG,Greening,val,.jpg,560,420,RGB,JPEG,1,42642,c42a967bb576c4b2698aac7c9014292fe05a74d24bb36d166b052ff0c9404a57,True,,
dataset/val/Greening/2025_12_21_IMG (75).JPG,2025_12_21_IMG (75).JPG,Greening,val,.jpg,560,420,RGB,JPEG,1,46925,6c4cc0977056b2680304cc992d761ffe22b423710d7a0f987db6137f66312ebf,True,,
dataset/val/Greening/2025_12_21_IMG (76).JPG,2025_12_21_IMG (76).JPG,Greening,val,.jpg,560,420,RGB,JPEG,1,41052,ec6bb03f91935da5bf14540d188579bf86ef371d8bd4f1dd5c7aaa467e04df85,True,,
dataset/val/Greening/2025_12_21_IMG (77).JPG,2025_12_21_IMG (77).JPG,Greening,val,.jpg,560,420,RGB,JPEG,1,40884,58e5ac4998d4cc63c026900be1e9efe78e484e7fe038d26a305434f87cd59149,True,,
dataset/val/Greening/2025_12_21_IMG (84).JPG,2025_12_21_IMG (84).JPG,Greening,val,.jpg,560,420,RGB,JPEG,1,45297,c2ade3f9e527c532f5c095f7d6904ff3fcf52f56704d4ccaacf2496f88793ecd,True,,
dataset/val/Greening/2025_12_21_IMG (88).JPG,2025_12_21_IMG (88).JPG,Greening,val,.jpg,560,420,RGB,JPEG,1,39170,0fb54f5d48236fa3ac5e9bf7126bbe8e0faac1ea03dcd21663e462e7c30b948f,True,,
dataset/val/Greening/2025_12_21_IMG (95).JPG,2025_12_21_IMG (95).JPG,Greening,val,.jpg,560,420,RGB,JPEG,1,40930,64366f12e3440221e49cb6722b9eaa35b88f011c6ab13842f29a59102c22e466,True,,
dataset/val/Healthy leaf/2025_11_21_IMG (109).JPG,2025_11_21_IMG (109).JPG,Healthy leaf,val,.jpg,560,420,RGB,JPEG,1,28722,c0c57a22a00522dee52aca32407cf33440f91be5075c1bc2f9b466056aa729d4,True,,
dataset/val/Healthy leaf/2025_11_21_IMG (114).JPG,2025_11_21_IMG (114).JPG,Healthy leaf,val,.jpg,560,420,RGB,JPEG,1,30481,a90d0f7a8b3c87907fef99f5b233b69b0b3ae0fd4c078ee63673654fdc6bf06c,True,,
dataset/val/Healthy leaf/2025_11_21_IMG (115).JPG,2025_11_21_IMG (115).JPG,Healthy leaf,val,.jpg,560,420,RGB,JPEG,1,27219,3b81f8a57b8d0e924a2c0f239836efab59ac72ee176b4bbd0167cb6390a973a3,True,,
dataset/val/Healthy leaf/2025_11_21_IMG (117).JPG,2025_11_21_IMG (117).JPG,Healthy leaf,val,.jpg,560,420,RGB,JPEG,1,40086,82f6d2c87bb664f62c057451a1d3a8aa2cf0e3782c466befb15cf6917daea2e6,True,,
dataset/val/Healthy leaf/2025_11_21_IMG (121).JPG,2025_11_21_IMG (121).JPG,Healthy leaf,val,.jpg,560,420,RGB,JPEG,1,33969,b3999009bc12d084ed418b51ae514e9343797b3d71c74ebac0d43f5e5d403992,True,,
dataset/val/Healthy leaf/2025_11_21_IMG (136).JPG,2025_11_21_IMG (136).JPG,Healthy leaf,val,.jpg,560,420,RGB,JPEG,1,33820,f20573097807823fa7d8ca6d06cb70cc716858f4b9dd5fb37850f3161d0c1910,True,,
dataset/val/Healthy leaf/2025_11_21_IMG (138).JPG,2025_11_21_IMG (138).JPG,Healthy leaf,val,.jpg,560,420,RGB,JPEG,1,33613,0d4a6f13a9845cc1955588d49bc468876d3b631ffff6a45d1bf20d931b960cdf,True,,
dataset/val/Healthy leaf/2025_11_21_IMG (147).JPG,2025_11_21_IMG (147).JPG,Healthy leaf,val,.jpg,560,420,RGB,JPEG,1,38770,97e538cc793056e0adf7d6b88125ff872a640bcc66506ec8fab38ca4470690d2,True,,
dataset/val/Healthy leaf/2025_11_21_IMG (15).JPG,2025_11_21_IMG (15).JPG,Healthy leaf,val,.jpg,560,420,RGB,JPEG,1,38923,5ce376466b65d554ab2d49647d1f1478f51234677ccce4299eda262d76586b1b,True,,
dataset/val/Healthy leaf/2025_11_21_IMG (151).JPG,2025_11_21_IMG (151).JPG,Healthy leaf,val,.jpg,560,420,RGB,JPEG,1,37127,86d542548d0405969e360c314098587248de8cdf72c86e038b4f436d24b0c411,True,,
dataset/val/Healthy leaf/2025_11_21_IMG (152).JPG,2025_11_21_IMG (152).JPG,Healthy leaf,val,.jpg,560,420,RGB,JPEG,1,36840,99212aec53f51c8b0d29dce9fc9b15e2509ee9c50e88de51f6843a99e610de8d,True,,
dataset/val/Healthy leaf/2025_11_21_IMG (155).JPG,2025_11_21_IMG (155).JPG,Healthy leaf,val,.jpg,560,420,RGB,JPEG,1,46274,d4f88802443d980fe9b9b40bb4d3b467b062531bf8c41cac16a3024ececc8908,True,,
dataset/val/Healthy leaf/2025_11_21_IMG (160).JPG,2025_11_21_IMG (160).JPG,Healthy leaf,val,.jpg,560,420,RGB,JPEG,1,37898,cb701fc9b62e16ce908ec509183878ebb6814ca001de1eb7f1138b77915f20e3,True,,
dataset/val/Healthy leaf/2025_11_21_IMG (161).JPG,2025_11_21_IMG (161).JPG,Healthy leaf,val,.jpg,560,420,RGB,JPEG,1,37910,17acde8b037dc890a881da4e5050e0caf610391a73997c85ab02d541a5e6255c,True,,
dataset/val/Healthy leaf/2025_11_21_IMG (166).JPG,2025_11_21_IMG (166).JPG,Healthy leaf,val,.jpg,560,420,RGB,JPEG,1,38053,61b903e13bca3145d29c7599a668a06a17faefe234b424d495dfd498cbcca233,True,,
dataset/val/Healthy leaf/2025_11_21_IMG (180).JPG,2025_11_21_IMG (180).JPG,Healthy leaf,val,.jpg,560,420,RGB,JPEG,1,52675,ff04ea03102c63549c44ba5e066c251ed59729938b77cff9110101921200475f,True,,
dataset/val/Healthy leaf/2025_11_21_IMG (183).JPG,2025_11_21_IMG (183).JPG,Healthy leaf,val,.jpg,560,420,RGB,JPEG,1,44275,55a83ff8267e25ded7377f2bfaa1420078be7a449bc854c6f9588b52f12a8054,True,,
dataset/val/Healthy leaf/2025_11_21_IMG (184).JPG,2025_11_21_IMG (184).JPG,Healthy leaf,val,.jpg,560,420,RGB,JPEG,1,44081,ebee33a93c3854023ddbaf15b51f5eef65156c8018af730d2b10e47017983638,True,,
dataset/val/Healthy leaf/2025_11_21_IMG (187).JPG,2025_11_21_IMG (187).JPG,Healthy leaf,val,.jpg,560,420,RGB,JPEG,1,43962,385e0f3cce59c97fa744ba631d885736e806e40b81a4da92d16d942538b5bc32,True,,
dataset/val/Healthy leaf/2025_11_21_IMG (203).JPG,2025_11_21_IMG (203).JPG,Healthy leaf,val,.jpg,560,420,RGB,JPEG,1,47747,644cb425b1e29925f2dc51f7cf4e5a3045cb5e14bdc43ca175fe7a2b3b7b1e21,True,,
dataset/val/Healthy leaf/2025_11_21_IMG (205).JPG,2025_11_21_IMG (205).JPG,Healthy leaf,val,.jpg,560,420,RGB,JPEG,1,51903,e268c14dbc1f497517529d74edb72f70761f2d55555432a91f5b83ae17d6f504,True,,
dataset/val/Healthy leaf/2025_11_21_IMG (221).JPG,2025_11_21_IMG (221).JPG,Healthy leaf,val,.jpg,560,420,RGB,JPEG,1,39693,9cce76e9d4d52b2c1b0a1b313e2371a364224f3f1d897405ac450e838b19b815,True,,
dataset/val/Healthy leaf/2025_11_21_IMG (231).JPG,2025_11_21_IMG (231).JPG,Healthy leaf,val,.jpg,560,420,RGB,JPEG,1,36873,48607a73e879b7708c2e275751d37e4df33e72f77b581cb4bdce7de76bf4b259,True,,
dataset/val/Healthy leaf/2025_11_21_IMG (239).JPG,2025_11_21_IMG (239).JPG,Healthy leaf,val,.jpg,560,420,RGB,JPEG,1,44173,ee37716ca4abb925e2858d4941d45ab7afd4dbc1d70aea5726eaf3c931901be8,True,,
dataset/val/Healthy leaf/2025_11_21_IMG (245).JPG,2025_11_21_IMG (245).JPG,Healthy leaf,val,.jpg,560,420,RGB,JPEG,1,44536,6325a2aaa70c3c21bc5466512cd25f38001688b7424baacd7c5f93cb9e3dedca,True,,
dataset/val/Healthy leaf/2025_11_21_IMG (246).JPG,2025_11_21_IMG (246).JPG,Healthy leaf,val,.jpg,560,420,RGB,JPEG,1,44080,34d566bdacafda2d418b4f3e1d9d1da46c60281c6321d9ce55784228cfb710ca,True,,
dataset/val/Healthy leaf/2025_11_21_IMG (248).JPG,2025_11_21_IMG (248).JPG,Healthy leaf,val,.jpg,560,420,RGB,JPEG,1,53220,a1e0cc61b3f99aa7dcba4deefe21e93ae80a1d740d847d52a0beca42a115dbd5,True,,
dataset/val/Healthy leaf/2025_11_21_IMG (251).JPG,2025_11_21_IMG (251).JPG,Healthy leaf,val,.jpg,560,420,RGB,JPEG,1,48541,5ea4e56804e64ca4691dca4f2508c2069c6990a6d7bc9c7215128fe2b064dbfd,True,,
dataset/val/Healthy leaf/2025_11_21_IMG (253).JPG,2025_11_21_IMG (253).JPG,Healthy leaf,val,.jpg,560,420,RGB,JPEG,1,49061,9e922534eb2c946446440c694db7928c1a50379edc9600fc91d502dce03cef84,True,,
dataset/val/Healthy leaf/2025_11_21_IMG (257).JPG,2025_11_21_IMG (257).JPG,Healthy leaf,val,.jpg,560,420,RGB,JPEG,1,48712,559fb5b9d0befd64f7a20533803d03b5cd81150dd1d69c51e02f32325ea82e7f,True,,
dataset/val/Healthy leaf/2025_11_21_IMG (260).JPG,2025_11_21_IMG (260).JPG,Healthy leaf,val,.jpg,560,420,RGB,JPEG,1,56626,9e95f1132144a967ef1b4a25bf563c82ba7ff9496e58b17cb8d4864c49f474ff,True,,
dataset/val/Healthy leaf/2025_11_21_IMG (261).JPG,2025_11_21_IMG (261).JPG,Healthy leaf,val,.jpg,560,420,RGB,JPEG,1,56267,a72ed79ad060d22d4ad3a6239a700badd6f64ebba0d7a37ccab7c7a22bd68b56,True,,
dataset/val/Healthy leaf/2025_11_21_IMG (267).JPG,2025_11_21_IMG (267).JPG,Healthy leaf,val,.jpg,560,420,RGB,JPEG,1,52200,a92caefc9e8e5bcf54e4b6de16c793ddd30e9b2827701c010d27b0e515da3527,True,,
dataset/val/Healthy leaf/2025_11_21_IMG (277).JPG,2025_11_21_IMG (277).JPG,Healthy leaf,val,.jpg,560,420,RGB,JPEG,1,52443,9b0c5e9d4af82194eb7576f2b0cd518119285c0acb3d2fb04cbf22bf8dbfe653,True,,
dataset/val/Healthy leaf/2025_11_21_IMG (291).JPG,2025_11_21_IMG (291).JPG,Healthy leaf,val,.jpg,560,420,RGB,JPEG,1,44232,5a1124b2d674283a44ab8121b7c07a48b3801890de1471930d0aa769fb7cce55,True,,
dataset/val/Healthy leaf/2025_11_21_IMG (296).JPG,2025_11_21_IMG (296).JPG,Healthy leaf,val,.jpg,560,420,RGB,JPEG,1,46820,073d2ad2c3a03a7f34cc513c7b25dc979e6c1299cb961883ad129ccc74b137d2,True,,
dataset/val/Healthy leaf/2025_11_21_IMG (299).JPG,2025_11_21_IMG (299).JPG,Healthy leaf,val,.jpg,560,420,RGB,JPEG,1,46223,beb555a6f3832cc57239df5d5d5017b062115b9b68385851831947fea52ff745,True,,
dataset/val/Healthy leaf/2025_11_21_IMG (4).JPG,2025_11_21_IMG (4).JPG,Healthy leaf,val,.jpg,560,420,RGB,JPEG,1,46374,5a0ea48976a11161ef17bc08f9abc5f38a3444f1034f518cb530cb3d87fe6da4,True,,
dataset/val/Healthy leaf/2025_11_21_IMG (42).JPG,2025_11_21_IMG (42).JPG,Healthy leaf,val,.jpg,560,420,RGB,JPEG,1,35035,04f9c2d50b4172a7619e0da4a67124b10c5564d4ca92f88ecdf7d1050ce6f1e7,True,,
dataset/val/Healthy leaf/2025_11_21_IMG (45).JPG,2025_11_21_IMG (45).JPG,Healthy leaf,val,.jpg,560,420,RGB,JPEG,1,35589,8e4dd29b612ae7c08bdc0843a3301b99aa9da9664f174c85db907c0d20b62a46,True,,
dataset/val/Healthy leaf/2025_11_21_IMG (66).JPG,2025_11_21_IMG (66).JPG,Healthy leaf,val,.jpg,560,420,RGB,JPEG,1,43019,c2e6fadb771a6b99d621b71265d8f0704ab2214e583b503ebd95ae997aff69eb,True,,
dataset/val/Healthy leaf/2025_11_21_IMG (68).JPG,2025_11_21_IMG (68).JPG,Healthy leaf,val,.jpg,560,420,RGB,JPEG,1,36317,b94a041e0bfb5283e16e56a3e6eb203d6f771ee9ffa9499f4a68becbf2e717f4,True,,
dataset/val/Healthy leaf/2025_11_21_IMG (74).JPG,2025_11_21_IMG (74).JPG,Healthy leaf,val,.jpg,560,420,RGB,JPEG,1,39781,22ffa7cc48bd89d39161f5dff67f7e1770f1bb11f059b7f0c7902a52c316c32f,True,,
dataset/val/Healthy leaf/2025_11_21_IMG (75).JPG,2025_11_21_IMG (75).JPG,Healthy leaf,val,.jpg,560,420,RGB,JPEG,1,39781,22ffa7cc48bd89d39161f5dff67f7e1770f1bb11f059b7f0c7902a52c316c32f,True,,
dataset/val/Healthy leaf/2025_11_21_IMG (94).JPG,2025_11_21_IMG (94).JPG,Healthy leaf,val,.jpg,560,420,RGB,JPEG,1,39596,36912b9f8fc8f7619f02effaec519ec17a398688b9c85fa3391edc4c617523b4,True,,
dataset/test/Algal leaf spot/2025_12_21_IMG (101).JPG,2025_12_21_IMG (101).JPG,Algal leaf spot,test,.jpg,560,420,RGB,JPEG,1,55661,7c526bef19c885bdcacf9994c28050858f9af434bdb5db84636c7a949cab3378,True,,
dataset/test/Algal leaf spot/2025_12_21_IMG (11).JPG,2025_12_21_IMG (11).JPG,Algal leaf spot,test,.jpg,560,420,RGB,JPEG,1,30767,3889cb7e5b45e5efac5e5ca3e354be16c8e087017b5d380a3db9b5b757b89f31,True,,
dataset/test/Algal leaf spot/2025_12_21_IMG (110).JPG,2025_12_21_IMG (110).JPG,Algal leaf spot,test,.jpg,560,420,RGB,JPEG,1,58926,2278d11c6727ac669d2a668f358b36525150a25621ffdb46ca5f168cc1342e4a,True,,
dataset/test/Algal leaf spot/2025_12_21_IMG (112).JPG,2025_12_21_IMG (112).JPG,Algal leaf spot,test,.jpg,560,420,RGB,JPEG,1,47007,219fcfaf90f39be0f3c45640ae3811ad94510b8c8407076d0c367388e95d69d5,True,,
dataset/test/Algal leaf spot/2025_12_21_IMG (113).JPG,2025_12_21_IMG (113).JPG,Algal leaf spot,test,.jpg,560,420,RGB,JPEG,1,45741,0a6d4528246a7f07ad83658ba2818c6f26e5ffb68d6d8da36730cbf18e46b651,True,,
dataset/test/Algal leaf spot/2025_12_21_IMG (119).JPG,2025_12_21_IMG (119).JPG,Algal leaf spot,test,.jpg,560,420,RGB,JPEG,1,48403,5f85c280d4ddfe68e5eae343584b3d6e8a94b6192b4180ab42ddba48cd131c96,True,,
dataset/test/Algal leaf spot/2025_12_21_IMG (135).JPG,2025_12_21_IMG (135).JPG,Algal leaf spot,test,.jpg,560,420,RGB,JPEG,1,46376,49fad4da16ea394ece9e4998fb33ea064c16e63b376e644cc5f9b76db9740777,True,,
dataset/test/Algal leaf spot/2025_12_21_IMG (139).JPG,2025_12_21_IMG (139).JPG,Algal leaf spot,test,.jpg,560,420,RGB,JPEG,1,56255,3f261f6ec0a49ee866eedfa6563dd0d33eb5eb0c564156af592d19ee78ea3ae9,True,,
dataset/test/Algal leaf spot/2025_12_21_IMG (141).JPG,2025_12_21_IMG (141).JPG,Algal leaf spot,test,.jpg,560,420,RGB,JPEG,1,44139,fa8c66ed153648b5f1e283b07c016110feca94f3c08f9ac965bc1a23413b5896,True,,
dataset/test/Algal leaf spot/2025_12_21_IMG (143).JPG,2025_12_21_IMG (143).JPG,Algal leaf spot,test,.jpg,560,420,RGB,JPEG,1,64885,ac1c63e2f9b4f7d56eb787e413f05ca15e63bd971688e1abfc72fe69f613b033,True,,
dataset/test/Algal leaf spot/2025_12_21_IMG (146).JPG,2025_12_21_IMG (146).JPG,Algal leaf spot,test,.jpg,560,420,RGB,JPEG,1,62375,729e9851af857b7d07af02f576691c30ace7f89d6fd69e0c0a16c49fd3024757,True,,
dataset/test/Algal leaf spot/2025_12_21_IMG (150).JPG,2025_12_21_IMG (150).JPG,Algal leaf spot,test,.jpg,560,420,RGB,JPEG,1,51736,5566ce5b04be7023d31944a5073b5a9ee408a19e19f0b7f5d4c64d04bb79152c,True,,
dataset/test/Algal leaf spot/2025_12_21_IMG (156).JPG,2025_12_21_IMG (156).JPG,Algal leaf spot,test,.jpg,560,420,RGB,JPEG,1,48266,1c864aef8055431a9435bf3c28f22cf8c7960e539cbae2b164c28f34ce540d32,True,,
dataset/test/Algal leaf spot/2025_12_21_IMG (163).JPG,2025_12_21_IMG (163).JPG,Algal leaf spot,test,.jpg,560,420,RGB,JPEG,1,46797,c812dff7f4d4c0e8f1e6a0767865fe4043513239589cab5ef1dd682c528a6234,True,,
dataset/test/Algal leaf spot/2025_12_21_IMG (170).JPG,2025_12_21_IMG (170).JPG,Algal leaf spot,test,.jpg,560,420,RGB,JPEG,1,36808,6c90f7b612c70542dbf57f65176a27acab6119765f62804d668acc64554cb19b,True,,
dataset/test/Algal leaf spot/2025_12_21_IMG (172).JPG,2025_12_21_IMG (172).JPG,Algal leaf spot,test,.jpg,560,420,RGB,JPEG,1,36982,675fd3e26b23d60041c7b29aaef9429a65656bef0f5b3d734b373d7fbca9f649,True,,
dataset/test/Algal leaf spot/2025_12_21_IMG (188).JPG,2025_12_21_IMG (188).JPG,Algal leaf spot,test,.jpg,560,420,RGB,JPEG,1,39451,e3c746768774f126a389923b363ee1766e2b0d975761efacf1e7d41a87c416cf,True,,
dataset/test/Algal leaf spot/2025_12_21_IMG (190).JPG,2025_12_21_IMG (190).JPG,Algal leaf spot,test,.jpg,560,420,RGB,JPEG,1,33393,ea16a9bd4d2abd884131bc437c993efe14bfb00c098109b268c12d8ad8a089f3,True,,
dataset/test/Algal leaf spot/2025_12_21_IMG (199).JPG,2025_12_21_IMG (199).JPG,Algal leaf spot,test,.jpg,560,420,RGB,JPEG,1,40046,961367dee7627ebe38965ea29eba23322e90966ca0243c38d165047f4f3cc907,True,,
dataset/test/Algal leaf spot/2025_12_21_IMG (2).JPG,2025_12_21_IMG (2).JPG,Algal leaf spot,test,.jpg,560,420,RGB,JPEG,1,37624,e8979abdcf2b95baf706c39b395524ef4998bf1c50b725c98d383ca0398fcee1,True,,
dataset/test/Algal leaf spot/2025_12_21_IMG (20).JPG,2025_12_21_IMG (20).JPG,Algal leaf spot,test,.jpg,560,420,RGB,JPEG,1,41566,8ab4687b01f5f79fec9fe001797d98fa5b2d05a3e2079f66a8bed773a245b6af,True,,
dataset/test/Algal leaf spot/2025_12_21_IMG (201).JPG,2025_12_21_IMG (201).JPG,Algal leaf spot,test,.jpg,560,420,RGB,JPEG,1,33069,2736f12c5dae6f2d7505d52a2a28312db843643bd648d9e93950295a9994a5d9,True,,
dataset/test/Algal leaf spot/2025_12_21_IMG (206).JPG,2025_12_21_IMG (206).JPG,Algal leaf spot,test,.jpg,560,420,RGB,JPEG,1,41379,1bcf8df0ca8922e5690bbead7b6614898d75bf7296ff3db08b5e02340b7a1c94,True,,
dataset/test/Algal leaf spot/2025_12_21_IMG (211).JPG,2025_12_21_IMG (211).JPG,Algal leaf spot,test,.jpg,560,420,RGB,JPEG,1,33569,1412ae304aeb40aa14761588b60028f7190048cdb6191769b1f5ac20376ff017,True,,
dataset/test/Algal leaf spot/2025_12_21_IMG (220).JPG,2025_12_21_IMG (220).JPG,Algal leaf spot,test,.jpg,560,420,RGB,JPEG,1,43398,8863b8eecdaa9b656735c31429f3632109b16b286f978205068198d936c5b46a,True,,
dataset/test/Algal leaf spot/2025_12_21_IMG (225).JPG,2025_12_21_IMG (225).JPG,Algal leaf spot,test,.jpg,560,420,RGB,JPEG,1,45412,df07bc41b1f36ff8b4db42e32c58b375f4a6f2d7fcc34726dbdb57a5ba5b10f2,True,,
dataset/test/Algal leaf spot/2025_12_21_IMG (227).JPG,2025_12_21_IMG (227).JPG,Algal leaf spot,test,.jpg,560,420,RGB,JPEG,1,41989,27aeba3496125835fb5695a641c8dbc398432b10b51eeabc7f50dd92041193e2,True,,
dataset/test/Algal leaf spot/2025_12_21_IMG (234).JPG,2025_12_21_IMG (234).JPG,Algal leaf spot,test,.jpg,560,420,RGB,JPEG,1,34841,0e4275467ce82540b2a16d79bb69163ac544d126249c473e176b17fba25bf805,True,,
dataset/test/Algal leaf spot/2025_12_21_IMG (254).JPG,2025_12_21_IMG (254).JPG,Algal leaf spot,test,.jpg,560,420,RGB,JPEG,1,51472,834d4c73a9e7c358f93d855fd3547c4d5cb756f68d7b1f1eb7b320c6359f9ee0,True,,
dataset/test/Algal leaf spot/2025_12_21_IMG (256).JPG,2025_12_21_IMG (256).JPG,Algal leaf spot,test,.jpg,560,420,RGB,JPEG,1,54910,cfa719d20153f6d53aaffb87f78d9133ab9aa668e020dc25d7a284dc879e1495,True,,
dataset/test/Algal leaf spot/2025_12_21_IMG (258).JPG,2025_12_21_IMG (258).JPG,Algal leaf spot,test,.jpg,560,420,RGB,JPEG,1,55905,d475a84e11fc30453b129d559d514003a94c6645c9aae1503de22b74aa157765,True,,
dataset/test/Algal leaf spot/2025_12_21_IMG (264).JPG,2025_12_21_IMG (264).JPG,Algal leaf spot,test,.jpg,560,420,RGB,JPEG,1,55156,f960ee4e1dc290e44bb076cc1a5397d4edff5c56540617543ff55c049a229746,True,,
dataset/test/Algal leaf spot/2025_12_21_IMG (266).JPG,2025_12_21_IMG (266).JPG,Algal leaf spot,test,.jpg,560,420,RGB,JPEG,1,43398,0fad7b5bdc848761b25818aed8e98bd075759239bae6d20e2e0cf14534a3cee9,True,,
dataset/test/Algal leaf spot/2025_12_21_IMG (273).JPG,2025_12_21_IMG (273).JPG,Algal leaf spot,test,.jpg,560,420,RGB,JPEG,1,42793,cdc6fe33d8512d2fbb5ab1a218a8c43b7aee8369cd1d9b4edb45ed35435dccd1,True,,
dataset/test/Algal leaf spot/2025_12_21_IMG (274).JPG,2025_12_21_IMG (274).JPG,Algal leaf spot,test,.jpg,560,420,RGB,JPEG,1,40269,66bdd20206cf0d942cbbda14c3a4dd028ecfb942b26aa7bb1c63fb68e86b310d,True,,
dataset/test/Algal leaf spot/2025_12_21_IMG (292).JPG,2025_12_21_IMG (292).JPG,Algal leaf spot,test,.jpg,560,420,RGB,JPEG,1,32284,6c3c072a6df0036dd44ef4e87bb1d064a87aaa71231e964fea330677b3adaf48,True,,
dataset/test/Algal leaf spot/2025_12_21_IMG (294).JPG,2025_12_21_IMG (294).JPG,Algal leaf spot,test,.jpg,560,420,RGB,JPEG,1,39728,2d208b7e2425faf4be63b8be488081789c8beecef8a4836fae8a177d7f7d2cc1,True,,
dataset/test/Algal leaf spot/2025_12_21_IMG (305).JPG,2025_12_21_IMG (305).JPG,Algal leaf spot,test,.jpg,560,420,RGB,JPEG,1,43968,2a64a8e287d21b4ad3fd827a00cea3ef25eef54533b46806a658eb5240e4a02a,True,,
dataset/test/Algal leaf spot/2025_12_21_IMG (310).JPG,2025_12_21_IMG (310).JPG,Algal leaf spot,test,.jpg,560,420,RGB,JPEG,1,42523,9638616d327a23abf1cf531407eb6f4401e588579e7d9af022f1d84155a30d05,True,,
dataset/test/Algal leaf spot/2025_12_21_IMG (52).JPG,2025_12_21_IMG (52).JPG,Algal leaf spot,test,.jpg,560,420,RGB,JPEG,1,58676,ae8d6a52c8a496eb3874e901bfbb56a382362574a655e43d6f452d10af1e911c,True,,
dataset/test/Algal leaf spot/2025_12_21_IMG (71).JPG,2025_12_21_IMG (71).JPG,Algal leaf spot,test,.jpg,560,420,RGB,JPEG,1,45340,036cd715bee5aee9fc3d2d6e47c04df9f8cd130ab62a4b743e4d68597b16b1cf,True,,
dataset/test/Algal leaf spot/2025_12_21_IMG (78).JPG,2025_12_21_IMG (78).JPG,Algal leaf spot,test,.jpg,560,420,RGB,JPEG,1,50144,5b217c5ce61699d7b21fe4305151582f1b614fe1f07d2e4c6a1041e2d7ad490f,True,,
dataset/test/Algal leaf spot/2025_12_21_IMG (79).JPG,2025_12_21_IMG (79).JPG,Algal leaf spot,test,.jpg,560,420,RGB,JPEG,1,50105,62a76e17025c2ed450ec9e99b14a151522d1e753ee2a2f26dfed944b17685dea,True,,
dataset/test/Algal leaf spot/2025_12_21_IMG (88).JPG,2025_12_21_IMG (88).JPG,Algal leaf spot,test,.jpg,560,420,RGB,JPEG,1,64189,7a8fed725abeb7af534d35ad2f81c26f6d7624197528e676c561f77c1dc790fb,True,,
dataset/test/Algal leaf spot/2025_12_21_IMG (90).JPG,2025_12_21_IMG (90).JPG,Algal leaf spot,test,.jpg,560,420,RGB,JPEG,1,57986,5d2d70fdefaa800c164098b0d0999efc3ef3b147308f8a73bd7f2a850eb75084,True,,
dataset/test/Algal leaf spot/2025_12_21_IMG (92).JPG,2025_12_21_IMG (92).JPG,Algal leaf spot,test,.jpg,560,420,RGB,JPEG,1,45188,25c0fb07d30533362bb93aec790979fbb0511c4d90d3894db3ea510fddcb5284,True,,
dataset/test/Algal leaf spot/2025_12_21_IMG (93).JPG,2025_12_21_IMG (93).JPG,Algal leaf spot,test,.jpg,560,420,RGB,JPEG,1,44017,ed32a9e1185f7352136fb223e1b3dbe875230baa3dd2e833cda536d4c0c5880b,True,,
dataset/test/Black spot/2025_12_20_IMG (101).JPG,2025_12_20_IMG (101).JPG,Black spot,test,.jpg,560,420,RGB,JPEG,1,47712,cca6d18e47c016ea8e3805c6c4597a3ee626883c93361b208f0bcd5fc74ccfe2,True,,
dataset/test/Black spot/2025_12_20_IMG (11).JPG,2025_12_20_IMG (11).JPG,Black spot,test,.jpg,560,420,RGB,JPEG,1,35501,9740f187b46b9fbf12b402fdbc04e2a2ae2b6515bfcc9a9a51be483b255c36bb,True,,
dataset/test/Black spot/2025_12_20_IMG (110).JPG,2025_12_20_IMG (110).JPG,Black spot,test,.jpg,560,420,RGB,JPEG,1,40546,0c00fb4869a82f0b8e19992e87b826aba402cdc254374049b1e59f2ea099a7fc,True,,
dataset/test/Black spot/2025_12_20_IMG (112).JPG,2025_12_20_IMG (112).JPG,Black spot,test,.jpg,560,420,RGB,JPEG,1,36745,9e4bd51aee5a16c42212871f6d0235ea4dc4f1c84e645028c86509dda031dcfe,True,,
dataset/test/Black spot/2025_12_20_IMG (113).JPG,2025_12_20_IMG (113).JPG,Black spot,test,.jpg,560,420,RGB,JPEG,1,37386,e4eaad41dea685273c0551d858ca859857c829425dd87ae6ceb4f931055b86c8,True,,
dataset/test/Black spot/2025_12_20_IMG (119).JPG,2025_12_20_IMG (119).JPG,Black spot,test,.jpg,560,420,RGB,JPEG,1,34297,25ff18baab4fbcb7ae65c0985527ec19d47472844cf63acc8842259616f7c50c,True,,
dataset/test/Black spot/2025_12_20_IMG (135).JPG,2025_12_20_IMG (135).JPG,Black spot,test,.jpg,560,420,RGB,JPEG,1,42976,5055c769ff98329634c515aa697cc13baba436fea51864e33bdfd2334b5c0ee7,True,,
dataset/test/Black spot/2025_12_20_IMG (139).JPG,2025_12_20_IMG (139).JPG,Black spot,test,.jpg,560,420,RGB,JPEG,1,38579,8c82381b22432171b434dac5d889ab84f1155a668ef4edfb32afe5d208ed812e,True,,
dataset/test/Black spot/2025_12_20_IMG (141).JPG,2025_12_20_IMG (141).JPG,Black spot,test,.jpg,560,420,RGB,JPEG,1,40487,ec5de52ec5bfd2dab5ddd9612cf608109aad475ea9fa28be36dd850a23af8bec,True,,
dataset/test/Black spot/2025_12_20_IMG (143).JPG,2025_12_20_IMG (143).JPG,Black spot,test,.jpg,560,420,RGB,JPEG,1,48049,925cbbc44c0794ea0d9788cd38b58ea65b3a9dec6766e6c01605073b05f9e17c,True,,
dataset/test/Black spot/2025_12_20_IMG (146).JPG,2025_12_20_IMG (146).JPG,Black spot,test,.jpg,560,420,RGB,JPEG,1,38811,64d34fdd0bb698c51ea4619905803082f5e6360f3a90c7e544788f8d7b416e8f,True,,
dataset/test/Black spot/2025_12_20_IMG (150).JPG,2025_12_20_IMG (150).JPG,Black spot,test,.jpg,560,420,RGB,JPEG,1,38518,a4f49e5bc8d731c51b93977b534ddfa691e5487f549ba6928894fd75873e118a,True,,
dataset/test/Black spot/2025_12_20_IMG (156).JPG,2025_12_20_IMG (156).JPG,Black spot,test,.jpg,560,420,RGB,JPEG,1,40194,bcdc97372d5eb5c341d42a98468fb79b2b9478d0b9b5bf1108e7c8ec0b883125,True,,
dataset/test/Black spot/2025_12_20_IMG (163).JPG,2025_12_20_IMG (163).JPG,Black spot,test,.jpg,560,420,RGB,JPEG,1,39710,da689db78e437cfa6f797f2c436f8d6f8c00532008e29b632e9626c83d5a3320,True,,
dataset/test/Black spot/2025_12_20_IMG (170).JPG,2025_12_20_IMG (170).JPG,Black spot,test,.jpg,560,420,RGB,JPEG,1,41851,8bc53293bc889268389eecc77d19d02fc61c0f5c08af248ce3245cc87528d27a,True,,
dataset/test/Black spot/2025_12_20_IMG (172).JPG,2025_12_20_IMG (172).JPG,Black spot,test,.jpg,560,420,RGB,JPEG,1,47990,090b951a61d716d4ec7a106688a894f2fceaf0a9b2efba72cc8cc8eb8c951bf0,True,,
dataset/test/Black spot/2025_12_20_IMG (190).JPG,2025_12_20_IMG (190).JPG,Black spot,test,.jpg,560,420,RGB,JPEG,1,50105,97a47d09d9ddd67fb1cea2e4740ee89703f67e88ad76aa4091ec468ccdb4623a,True,,
dataset/test/Black spot/2025_12_20_IMG (199).JPG,2025_12_20_IMG (199).JPG,Black spot,test,.jpg,4032,3024,RGB,JPEG,1,794796,813ac2526f4310a452460256630048ba57da1218b948819933627a8d4da529fc,True,,
dataset/test/Black spot/2025_12_20_IMG (2).JPG,2025_12_20_IMG (2).JPG,Black spot,test,.jpg,560,420,RGB,JPEG,1,34901,dc7bddc03502ca42e56a1be05841727ae068e2dea0e8c826d1f63ef5a78b4f88,True,,
dataset/test/Black spot/2025_12_20_IMG (20).JPG,2025_12_20_IMG (20).JPG,Black spot,test,.jpg,560,420,RGB,JPEG,1,40356,bbd3ff12f78ec64ac86a13a91576620daffee9d68bc6822cd4ca274eec0ffa48,True,,
dataset/test/Black spot/2025_12_20_IMG (201).JPG,2025_12_20_IMG (201).JPG,Black spot,test,.jpg,560,420,RGB,JPEG,1,37744,29979d78c6ff53b1a680b0babc4c7d460068f98cedd2666dcfe979a77a4364dd,True,,
dataset/test/Black spot/2025_12_20_IMG (206).JPG,2025_12_20_IMG (206).JPG,Black spot,test,.jpg,560,420,RGB,JPEG,1,39936,6a776db6a68a9feaabdf7b1b61e10105c9e55e74c7b1b9c0eabd5bacb859d713,True,,
dataset/test/Black spot/2025_12_20_IMG (211).JPG,2025_12_20_IMG (211).JPG,Black spot,test,.jpg,4032,3024,RGB,JPEG,1,842685,b067382d08d3585e7ac7b32d34b9acbbdb425481aaf8e41cba29517341b06a0d,True,,
dataset/test/Black spot/2025_12_20_IMG (220).JPG,2025_12_20_IMG (220).JPG,Black spot,test,.jpg,560,420,RGB,JPEG,1,37916,77613921ffa0e591762e3d006252f4d1d30f7b0affbc37659372ceb5724a7d91,True,,
dataset/test/Black spot/2025_12_20_IMG (225).JPG,2025_12_20_IMG (225).JPG,Black spot,test,.jpg,560,420,RGB,JPEG,1,37749,c29b5af5045d2b74a51b6cafa1b033b161cf05441e2202356a815be87882ff1d,True,,
dataset/test/Black spot/2025_12_20_IMG (227).JPG,2025_12_20_IMG (227).JPG,Black spot,test,.jpg,560,420,RGB,JPEG,1,29338,ff0c634b9f35b692a28a0aa1355ab6878142c9c16e001c772bb42c5e432674f5,True,,
dataset/test/Black spot/2025_12_20_IMG (234).JPG,2025_12_20_IMG (234).JPG,Black spot,test,.jpg,560,420,RGB,JPEG,1,38496,f22857cbbf405a2a05b5adc3e04a4baad217cd3f9004300ee6662a7d7593de70,True,,
dataset/test/Black spot/2025_12_20_IMG (254).JPG,2025_12_20_IMG (254).JPG,Black spot,test,.jpg,560,420,RGB,JPEG,1,43832,dfa7393c4f2e55ac229702e7db8a83e46b0b8cd2a1c23a23cdcd38a7c24202cd,True,,
dataset/test/Black spot/2025_12_20_IMG (256).JPG,2025_12_20_IMG (256).JPG,Black spot,test,.jpg,560,420,RGB,JPEG,1,41717,44db27c6c71d91fd8f053afa855e621dcd1af2f81b209b94f1dae96d964a8d57,True,,
dataset/test/Black spot/2025_12_20_IMG (258).JPG,2025_12_20_IMG (258).JPG,Black spot,test,.jpg,560,420,RGB,JPEG,1,38300,1f3ca9c83e9f1e1d5ae2782422674527ba2f3b3fb74c322fcf3543a70906bd58,True,,
dataset/test/Black spot/2025_12_20_IMG (264).JPG,2025_12_20_IMG (264).JPG,Black spot,test,.jpg,560,420,RGB,JPEG,1,37214,bbf6a8bb6f89eeecbdef3371444267a68a23e56258ad35b5db4f55560d1eb222,True,,
dataset/test/Black spot/2025_12_20_IMG (266).JPG,2025_12_20_IMG (266).JPG,Black spot,test,.jpg,560,420,RGB,JPEG,1,33170,9fc591c18c0fdd5bde4e14c2d49770df30aa316cbc5d269fc5663036e1736edf,True,,
dataset/test/Black spot/2025_12_20_IMG (273).JPG,2025_12_20_IMG (273).JPG,Black spot,test,.jpg,560,420,RGB,JPEG,1,35548,40c0f682999ce7d9d15bde99aa2581080b5ce1e86e02df133251ae81b0e0b5ac,True,,
dataset/test/Black spot/2025_12_20_IMG (274).JPG,2025_12_20_IMG (274).JPG,Black spot,test,.jpg,560,420,RGB,JPEG,1,34540,2ced9587e08e17299c8fddd2cff025160ac761339e3ad912dea325567b31eb6f,True,,
dataset/test/Black spot/2025_12_20_IMG (292).JPG,2025_12_20_IMG (292).JPG,Black spot,test,.jpg,560,420,RGB,JPEG,1,35029,edd4faf16cfceee6c3e9042adbd16a9f02b8099b951b755a06479bd4728de3bc,True,,
dataset/test/Black spot/2025_12_20_IMG (294).JPG,2025_12_20_IMG (294).JPG,Black spot,test,.jpg,560,420,RGB,JPEG,1,35868,8037e0ff8fb2fc6ee6348072493bfb60e385b902ce83edb182885ed280edc487,True,,
dataset/test/Black spot/2025_12_20_IMG (305).JPG,2025_12_20_IMG (305).JPG,Black spot,test,.jpg,4032,3024,RGB,JPEG,1,724483,2fee34af5900b0fc9ae1596db27998cfbe4bb2805b367990f914bec5a1222496,True,,
dataset/test/Black spot/2025_12_20_IMG (310).JPG,2025_12_20_IMG (310).JPG,Black spot,test,.jpg,4032,3024,RGB,JPEG,1,788886,242b3265c4581781a7a1c2b58a58b5e9fe0b1ea3950cd64d39f9dc6534f638db,True,,
dataset/test/Black spot/2025_12_20_IMG (34).JPG,2025_12_20_IMG (34).JPG,Black spot,test,.jpg,560,420,RGB,JPEG,1,43237,f5e5f2573d1a997afccb7637b24aa883d71dbfd4c06ae8cc52d93c72ef22dfd9,True,,
dataset/test/Black spot/2025_12_20_IMG (49).JPG,2025_12_20_IMG (49).JPG,Black spot,test,.jpg,560,420,RGB,JPEG,1,43822,39dd66c569e99849f8c18bf9558497d82cbd5b9db9e0a9881317d3275f136ce4,True,,
dataset/test/Black spot/2025_12_20_IMG (53).JPG,2025_12_20_IMG (53).JPG,Black spot,test,.jpg,560,420,RGB,JPEG,1,43713,6c2b0b657f6ba7d70722dd369e47b8817f5633ed7f9be890be3b80b7d6da7fe2,True,,
dataset/test/Black spot/2025_12_20_IMG (60).JPG,2025_12_20_IMG (60).JPG,Black spot,test,.jpg,560,420,RGB,JPEG,1,38749,7edc2ffe72efe40d986d0791d305e6ed54e01c0eaf27a5d7d7f9f069b6da9645,True,,
dataset/test/Black spot/2025_12_20_IMG (73).JPG,2025_12_20_IMG (73).JPG,Black spot,test,.jpg,560,420,RGB,JPEG,1,43836,096ff96d0acfbd38eb93b2a69255bdf6e72a9be34f6845f3a76fcc3bb6b21042,True,,
dataset/test/Black spot/2025_12_20_IMG (74).JPG,2025_12_20_IMG (74).JPG,Black spot,test,.jpg,560,420,RGB,JPEG,1,45289,adb9c48403177149c3188b6b46bf13d0039afb23781a00ed6ad9d7128e24caad,True,,
dataset/test/Black spot/2025_12_20_IMG (8).JPG,2025_12_20_IMG (8).JPG,Black spot,test,.jpg,560,420,RGB,JPEG,1,43319,aea9c5120688c9c7390f2695cbef2620f3d83cd292c70d56af1279074773323f,True,,
dataset/test/Black spot/2025_12_20_IMG (86).JPG,2025_12_20_IMG (86).JPG,Black spot,test,.jpg,560,420,RGB,JPEG,1,50466,0b515892eac1fdd344c8949aa3935c6fc40446895d8c5ab7842685307505d448,True,,
dataset/test/Black spot/2025_12_20_IMG (89).JPG,2025_12_20_IMG (89).JPG,Black spot,test,.jpg,560,420,RGB,JPEG,1,45020,3a351029b06199df2a7f263b34a13c9ead5c9ad3e875d78f5f4bd22b7c7f0210,True,,
dataset/test/Black spot/2025_12_20_IMG (9).JPG,2025_12_20_IMG (9).JPG,Black spot,test,.jpg,560,420,RGB,JPEG,1,44047,7ccd3d04f40059af4e559bf53d21ed5e6d8888964a686d4e8708f994e93d42d3,True,,
dataset/test/Black spot/2025_12_20_IMG (91).JPG,2025_12_20_IMG (91).JPG,Black spot,test,.jpg,560,420,RGB,JPEG,1,47274,a0aa36677a1fc0a253a1ab335b4179f3709f91d1cbd6c5206fb59e6f7c67c028,True,,
dataset/test/Black spot/2025_12_20_IMG (92).JPG,2025_12_20_IMG (92).JPG,Black spot,test,.jpg,560,420,RGB,JPEG,1,51002,0896a62956c44ec10ca8bf9e232d974cba4c34333127af9c2efa34d4851057d2,True,,
dataset/test/Black spot/2025_12_20_IMG (97).JPG,2025_12_20_IMG (97).JPG,Black spot,test,.jpg,560,420,RGB,JPEG,1,52166,c1cefdb887e1a0698213c7ffd923a36bc771228bf1c465de2f18f35a082294d5,True,,
dataset/test/Citrus canker/2025_12_21_IMG (205).JPG,2025_12_21_IMG (205).JPG,Citrus canker,test,.jpg,560,420,RGB,JPEG,1,40331,8d3fca4dc22f074d9d11c0533fc3a84c6fa7880d039128ad1e92d238cf92daf7,True,,
dataset/test/Citrus canker/2025_12_21_IMG (214).JPG,2025_12_21_IMG (214).JPG,Citrus canker,test,.jpg,560,420,RGB,JPEG,1,49959,5fa75ff03fd557b87e470a5dac33f0764c26ce811bc9793067c32ccf21424e74,True,,
dataset/test/Citrus canker/2025_12_21_IMG (215).JPG,2025_12_21_IMG (215).JPG,Citrus canker,test,.jpg,560,420,RGB,JPEG,1,48945,2ac6b45790ee79aa7ce0530a49e30c9c1d5099f2a3e311f6742272ad5f05abcf,True,,
dataset/test/Citrus canker/2025_12_21_IMG (217).JPG,2025_12_21_IMG (217).JPG,Citrus canker,test,.jpg,560,420,RGB,JPEG,1,49039,559d0b0fc513f0f4690eb7202df8fb03bd75ba6f50cbf8422e09101647f96301,True,,
dataset/test/Citrus canker/2025_12_21_IMG (218).JPG,2025_12_21_IMG (218).JPG,Citrus canker,test,.jpg,560,420,RGB,JPEG,1,47837,51e95f61bef4eb6935b19ea53350cfb1e6746addd26066670f89c2e57c0b6c9d,True,,
dataset/test/Citrus canker/2025_12_21_IMG (224).JPG,2025_12_21_IMG (224).JPG,Citrus canker,test,.jpg,560,420,RGB,JPEG,1,43479,afcf235c4570946624de1d5f1810f3eaf8226b32762ffc7b7f35269c037cafcb,True,,
dataset/test/Citrus canker/2025_12_21_IMG (242).JPG,2025_12_21_IMG (242).JPG,Citrus canker,test,.jpg,560,420,RGB,JPEG,1,52335,e7fa0bf544719aa8a71f185ef13514ecaebbbfdd8068de1ee834d33b8cfecbf6,True,,
dataset/test/Citrus canker/2025_12_21_IMG (246).JPG,2025_12_21_IMG (246).JPG,Citrus canker,test,.jpg,560,420,RGB,JPEG,1,42444,275a945dab9f5bdbe3cf8df0354eaa37bd8d7b7fb9091faed00539d602d0e4b5,True,,
dataset/test/Citrus canker/2025_12_21_IMG (249).JPG,2025_12_21_IMG (249).JPG,Citrus canker,test,.jpg,560,420,RGB,JPEG,1,50834,f5f4091f6bcedef2dcf113af31f9b815d572bad4d0dd0491965bc966d4657008,True,,
dataset/test/Citrus canker/2025_12_21_IMG (251).JPG,2025_12_21_IMG (251).JPG,Citrus canker,test,.jpg,560,420,RGB,JPEG,1,42136,35c75db821796b08b24595a54f432d49d6c3d8071c3ac5e1ca1192a065d4a3c1,True,,
dataset/test/Citrus canker/2025_12_21_IMG (254).JPG,2025_12_21_IMG (254).JPG,Citrus canker,test,.jpg,560,420,RGB,JPEG,1,51686,45475cabded92b553405c69b0c25d035675a3ef0d34a09b4b7799329a3bfefae,True,,
dataset/test/Citrus canker/2025_12_21_IMG (259).JPG,2025_12_21_IMG (259).JPG,Citrus canker,test,.jpg,560,420,RGB,JPEG,1,50045,590f9370259a292064f09305a5be01306e9d8fe6b926262f763bbbd758332cd9,True,,
dataset/test/Citrus canker/2025_12_21_IMG (265).JPG,2025_12_21_IMG (265).JPG,Citrus canker,test,.jpg,560,420,RGB,JPEG,1,51575,79eb417487b688272c082907ff1ee86b50de0c883519f5602e56e284eed024d7,True,,
dataset/test/Citrus canker/2025_12_21_IMG (273).JPG,2025_12_21_IMG (273).JPG,Citrus canker,test,.jpg,560,420,RGB,JPEG,1,35282,e1b04a96b29be9c6caa52a8b18fe9689098cdb4b8656ed32aa44655940b598d1,True,,
dataset/test/Citrus canker/2025_12_21_IMG (281).JPG,2025_12_21_IMG (281).JPG,Citrus canker,test,.jpg,560,420,RGB,JPEG,1,46578,3793b93a1d8f734e6df20b63f1998181fe0ccf3692f01808f4d8b2f21adc4656,True,,
dataset/test/Citrus canker/2025_12_21_IMG (283).JPG,2025_12_21_IMG (283).JPG,Citrus canker,test,.jpg,560,420,RGB,JPEG,1,44622,0c40b162d662b1c88e425d4dc4ace70d4dda82372b30f57bd02755bba7f916ae,True,,
dataset/test/Citrus canker/2025_12_21_IMG (303).JPG,2025_12_21_IMG (303).JPG,Citrus canker,test,.jpg,560,420,RGB,JPEG,1,52675,b5bff19e87bb2e757f1a50a8ee8f10458bcd22497b2beac6fe4d454a469cdb07,True,,
dataset/test/Citrus canker/2025_12_21_IMG (312).JPG,2025_12_21_IMG (312).JPG,Citrus canker,test,.jpg,560,420,RGB,JPEG,1,54185,c6c3bc3394776d02bba45913aa4a5cb01edcece3fea40936f0e1f3912e22ef4c,True,,
dataset/test/Citrus canker/2025_12_21_IMG (313).JPG,2025_12_21_IMG (313).JPG,Citrus canker,test,.jpg,560,420,RGB,JPEG,1,56484,14f14bd0a84d30901c47877b6e29bc825a9831ed1459a21fee1e00f8f6970919,True,,
dataset/test/Citrus canker/2025_12_21_IMG (314).JPG,2025_12_21_IMG (314).JPG,Citrus canker,test,.jpg,560,420,RGB,JPEG,1,52875,a79b2bfeea3a570fdb9a0ddcc69b7e6183aa0106f8847a2f06db07194246b8b8,True,,
dataset/test/Citrus canker/2025_12_21_IMG (316).JPG,2025_12_21_IMG (316).JPG,Citrus canker,test,.jpg,560,420,RGB,JPEG,1,41655,fb77564772ef57fae6bd64824ecb23a3c45f0acdc597c0a0a4960dc693e4a631,True,,
dataset/test/Citrus canker/2025_12_21_IMG (321).JPG,2025_12_21_IMG (321).JPG,Citrus canker,test,.jpg,560,420,RGB,JPEG,1,51374,8aeb9b4a0327a91623699dbd267b5b0cb26e8d50e30ee66a6f608a42763bce9f,True,,
dataset/test/Citrus canker/2025_12_21_IMG (327).JPG,2025_12_21_IMG (327).JPG,Citrus canker,test,.jpg,560,420,RGB,JPEG,1,43880,7b1152cb0d4d0b79d0cf01081248018531427e6f31beca5bf6e7719e7104c216,True,,
dataset/test/Citrus canker/2025_12_21_IMG (337).JPG,2025_12_21_IMG (337).JPG,Citrus canker,test,.jpg,560,420,RGB,JPEG,1,47120,e3eb9c37df85d781350a797cdc09a0297dbf692f0dae67b6ffa8e55436dc5f6f,True,,
dataset/test/Citrus canker/2025_12_21_IMG (342).JPG,2025_12_21_IMG (342).JPG,Citrus canker,test,.jpg,560,420,RGB,JPEG,1,35468,229fbd15e2d37105afc940b412d9b2a6a6d9a8ea2d9a60ec52d5ff04668d133e,True,,
dataset/test/Citrus canker/2025_12_21_IMG (344).JPG,2025_12_21_IMG (344).JPG,Citrus canker,test,.jpg,560,420,RGB,JPEG,1,36099,c2998315fc872f3350091f7fe20149fc201270e07d1491d7431c1af283f64ef4,True,,
dataset/test/Citrus canker/2025_12_21_IMG (352).JPG,2025_12_21_IMG (352).JPG,Citrus canker,test,.jpg,560,420,RGB,JPEG,1,44011,95728906a3b0962e9e9ede2a413a4df9ad3d36ec6baa2b736487b9e62593215b,True,,
dataset/test/Citrus canker/2025_12_21_IMG (374).JPG,2025_12_21_IMG (374).JPG,Citrus canker,test,.jpg,560,420,RGB,JPEG,1,40779,e35f46bc1d003ebe74dd7ed768c0537d59d80726ec0f859b915d2759c36e4ea3,True,,
dataset/test/Citrus canker/2025_12_21_IMG (376).JPG,2025_12_21_IMG (376).JPG,Citrus canker,test,.jpg,560,420,RGB,JPEG,1,35532,37970cfb000c25fa49afe3437602816a90b5bbfa506c2cd9a80047592a339d6d,True,,
dataset/test/Citrus canker/2025_12_21_IMG (378).JPG,2025_12_21_IMG (378).JPG,Citrus canker,test,.jpg,560,420,RGB,JPEG,1,37790,cfe4ac0b5c8603764f041159ed1423aa08e729e7b1952b3879bb2f603db2e8d4,True,,
dataset/test/Citrus canker/2025_12_21_IMG (385).JPG,2025_12_21_IMG (385).JPG,Citrus canker,test,.jpg,560,420,RGB,JPEG,1,38356,159b19255ff22108b39cb37e20f2edc864836eafd74d41cac62511ad235e488d,True,,
dataset/test/Citrus canker/2025_12_21_IMG (387).JPG,2025_12_21_IMG (387).JPG,Citrus canker,test,.jpg,560,420,RGB,JPEG,1,45764,1a38343d1f2d499e6a9bccc46c229e70396fe2bfb906599697d8d9f2cd871927,True,,
dataset/test/Citrus canker/2025_12_21_IMG (395).JPG,2025_12_21_IMG (395).JPG,Citrus canker,test,.jpg,560,420,RGB,JPEG,1,40418,af14cabb52dc5e96cb096397843ad2618be5d753deca716fabc6b9a3c06b59b8,True,,
dataset/test/Citrus canker/2025_12_21_IMG (396).JPG,2025_12_21_IMG (396).JPG,Citrus canker,test,.jpg,560,420,RGB,JPEG,1,43199,7348f01a572c55024130b590161990f5f350b19b8986ee13629b1b6b9a615d97,True,,
dataset/test/Citrus canker/2025_12_21_IMG (416).JPG,2025_12_21_IMG (416).JPG,Citrus canker,test,.jpg,560,420,RGB,JPEG,1,34758,ee308d51e6da793e6130a26c8614101eb051940fdca0844745812df6f0e5c928,True,,
dataset/test/Citrus canker/2025_12_21_IMG (418).JPG,2025_12_21_IMG (418).JPG,Citrus canker,test,.jpg,560,420,RGB,JPEG,1,31322,d42419c632e8b0803922846e3571e806d92bb5eb7b682d6e4df5c4f75baacfe6,True,,
dataset/test/Citrus canker/2025_12_21_IMG (431).JPG,2025_12_21_IMG (431).JPG,Citrus canker,test,.jpg,560,420,RGB,JPEG,1,39311,d0cc201666cca0004e9e0a0faec18c598e19623a5b106b37597ce8ceef5728c2,True,,
dataset/test/Citrus canker/2025_12_21_IMG (437).JPG,2025_12_21_IMG (437).JPG,Citrus canker,test,.jpg,560,420,RGB,JPEG,1,39635,41446938418447e787cfe519f6bb792ec11b07e92eb4fa9f7879275d40852df9,True,,
dataset/test/Citrus canker/2025_12_21_IMG (460).JPG,2025_12_21_IMG (460).JPG,Citrus canker,test,.jpg,560,420,RGB,JPEG,1,45197,688789a55cbea966fc964b58f5f820714ca2e1293fec6f0310292b7e6ae42894,True,,
dataset/test/Citrus canker/2025_12_21_IMG (476).JPG,2025_12_21_IMG (476).JPG,Citrus canker,test,.jpg,560,420,RGB,JPEG,1,38498,9c833b26572e0efc5ff913f61564781e0dd4d21f4a151735bfc3bcd7f402fa14,True,,
dataset/test/Citrus canker/2025_12_21_IMG (481).JPG,2025_12_21_IMG (481).JPG,Citrus canker,test,.jpg,560,420,RGB,JPEG,1,34288,a3e0169e0b1c4df5729e0af074789c6c3ce4ce956938a920baa099db33d2aa26,True,,
dataset/test/Citrus canker/2025_12_21_IMG (484).JPG,2025_12_21_IMG (484).JPG,Citrus canker,test,.jpg,560,420,RGB,JPEG,1,34908,04a8e03f5d6e1dc031025da4feba3f86837008475d9b41f89ddaaad97b161f93,True,,
dataset/test/Citrus canker/2025_12_21_IMG (489).JPG,2025_12_21_IMG (489).JPG,Citrus canker,test,.jpg,560,420,RGB,JPEG,1,42668,7a3e99acd15d3d723bb170a99ccccd62bfa7c06c4276ae7eade9d0b4ec384815,True,,
dataset/test/Citrus canker/2025_12_21_IMG (497).JPG,2025_12_21_IMG (497).JPG,Citrus canker,test,.jpg,560,420,RGB,JPEG,1,42403,76ba820b15f3b1eaa8917f5b06372747fa880b0515980e4dd57725cd3c9f8416,True,,
dataset/test/Citrus canker/2025_12_21_IMG (503).JPG,2025_12_21_IMG (503).JPG,Citrus canker,test,.jpg,560,420,RGB,JPEG,1,32676,e515c9b8ad7d9343355f0c2c6c017272b1edfb3df72f7a99fc483ec03a7e1155,True,,
dataset/test/Citrus canker/2025_12_21_IMG (504).JPG,2025_12_21_IMG (504).JPG,Citrus canker,test,.jpg,560,420,RGB,JPEG,1,31694,d44b07d13a69e28a21b56a7e5e1df122e79de15b60b18a9b1048374f810d9a79,True,,
dataset/test/Citrus canker/2025_12_21_IMG (510).JPG,2025_12_21_IMG (510).JPG,Citrus canker,test,.jpg,560,420,RGB,JPEG,1,41537,c37bce3c255aa04b3da661416c215b4fdfb762209617ab5e9e9add7c67a1f806,True,,
dataset/test/Citrus canker/2025_12_21_IMG (511).JPG,2025_12_21_IMG (511).JPG,Citrus canker,test,.jpg,560,420,RGB,JPEG,1,44025,6c330d3b02803339852b7446bb50d3482c1583eb80fc80619bef1df238675d34,True,,
dataset/test/Citrus canker/2025_12_21_IMG (529).JPG,2025_12_21_IMG (529).JPG,Citrus canker,test,.jpg,560,420,RGB,JPEG,1,42884,3785fbd4604d5478cd386d8671a6e427ad7b7938561ecb8da52c3e99c2ada64d,True,,
dataset/test/Citrus canker/2025_12_21_IMG (534).JPG,2025_12_21_IMG (534).JPG,Citrus canker,test,.jpg,560,420,RGB,JPEG,1,42387,868a7d4d79d92bafad408bd8cdbf08150b7751c91c61d4b09bb842aa72a4add3,True,,
dataset/test/Citrus canker/2025_12_21_IMG (542).JPG,2025_12_21_IMG (542).JPG,Citrus canker,test,.jpg,560,420,RGB,JPEG,1,40767,5d00cedbc95d45ace9f98d4b07e3178d8d0b0ac8d8a1696dc43eaf1c982bbf83,True,,
dataset/test/Citrus canker/2025_12_21_IMG (548).JPG,2025_12_21_IMG (548).JPG,Citrus canker,test,.jpg,560,420,RGB,JPEG,1,41175,88ad8e8c338e250db8db1712e37cf20a3c2082501a4939649a9b9a13cceb5e7c,True,,
dataset/test/Citrus canker/2025_12_21_IMG (556).JPG,2025_12_21_IMG (556).JPG,Citrus canker,test,.jpg,560,420,RGB,JPEG,1,43574,bbf4607b301b5f16780479b86af1bca9aa8bfcc6b5b1e41d7f460c1c62f0862c,True,,
dataset/test/Citrus canker/2025_12_21_IMG (559).JPG,2025_12_21_IMG (559).JPG,Citrus canker,test,.jpg,560,420,RGB,JPEG,1,44018,f5bda7b8c49b757d4cc8412273db56c2f81b24a82d41f9500ca789c2a74453ac,True,,
dataset/test/Citrus canker/2025_12_21_IMG (562).JPG,2025_12_21_IMG (562).JPG,Citrus canker,test,.jpg,560,420,RGB,JPEG,1,49175,f11b92bf5c622c33af818385c2043710a8f9307ce98e4ab0d422c60705dd0a72,True,,
dataset/test/Citrus canker/2025_12_21_IMG (564).JPG,2025_12_21_IMG (564).JPG,Citrus canker,test,.jpg,560,420,RGB,JPEG,1,39028,38f115f4b4bb8a1817d427e692eb772cffbadf491f975b163719f779cbe561a8,True,,
dataset/test/Citrus pest/2025_12_20_IMG (103).JPG,2025_12_20_IMG (103).JPG,Citrus pest,test,.jpg,560,420,RGB,JPEG,1,35829,84a2284889c1dfd6bbbbf2e4e0a552e468e03da4b279a5a77c39a5051bd648e0,True,,
dataset/test/Citrus pest/2025_12_20_IMG (112).JPG,2025_12_20_IMG (112).JPG,Citrus pest,test,.jpg,560,420,RGB,JPEG,1,47314,783866bf7a04c068eb64910e238c1d1ed623611e3f10152c6496f0342722fdf8,True,,
dataset/test/Citrus pest/2025_12_20_IMG (113).JPG,2025_12_20_IMG (113).JPG,Citrus pest,test,.jpg,560,420,RGB,JPEG,1,47363,5160aa2dd9358fc1f961abae6e93c2fe747be0231b0132822b011f5e9239648e,True,,
dataset/test/Citrus pest/2025_12_20_IMG (115).JPG,2025_12_20_IMG (115).JPG,Citrus pest,test,.jpg,560,420,RGB,JPEG,1,41465,4383799b778e28306dcd7e5fa9de2c9a92bd073ea8bb853e50d78b6fba1c630e,True,,
dataset/test/Citrus pest/2025_12_20_IMG (116).JPG,2025_12_20_IMG (116).JPG,Citrus pest,test,.jpg,560,420,RGB,JPEG,1,50754,eb84136ab87e034ce7b538fb0f1bb3dd0298948eb73a66e229c11e9869b4454b,True,,
dataset/test/Citrus pest/2025_12_20_IMG (122).JPG,2025_12_20_IMG (122).JPG,Citrus pest,test,.jpg,560,420,RGB,JPEG,1,49361,a7300231210a32d7d77601a6588217f28a8c9c0f472b863318ef092da57e1b1c,True,,
dataset/test/Citrus pest/2025_12_20_IMG (140).JPG,2025_12_20_IMG (140).JPG,Citrus pest,test,.jpg,560,420,RGB,JPEG,1,52060,f3a42f7524ed1d6747e836555e6066cb1a68782999d36545a0581a89d5633e41,True,,
dataset/test/Citrus pest/2025_12_20_IMG (144).JPG,2025_12_20_IMG (144).JPG,Citrus pest,test,.jpg,560,420,RGB,JPEG,1,50419,d1f9c0793c5ca130ead379a85722d8426846b595e6df2833a2c918d47148d20d,True,,
dataset/test/Citrus pest/2025_12_20_IMG (147).JPG,2025_12_20_IMG (147).JPG,Citrus pest,test,.jpg,560,420,RGB,JPEG,1,50556,f5013fe146bb310bddd224544acbd5893afc48a2412cedf2a071c58bbd37ad6d,True,,
dataset/test/Citrus pest/2025_12_20_IMG (149).JPG,2025_12_20_IMG (149).JPG,Citrus pest,test,.jpg,560,420,RGB,JPEG,1,44965,263b98e9e0ba23e6b59707ed5e2864cb5eb748f6d9a67514333cc41df3c2a043,True,,
dataset/test/Citrus pest/2025_12_20_IMG (152).JPG,2025_12_20_IMG (152).JPG,Citrus pest,test,.jpg,560,420,RGB,JPEG,1,47396,68f8c3f682447b9a46b4371ce68370a2f5ad1fc773ca90be535b0e9d5a22dd7f,True,,
dataset/test/Citrus pest/2025_12_20_IMG (157).JPG,2025_12_20_IMG (157).JPG,Citrus pest,test,.jpg,560,420,RGB,JPEG,1,51304,9ec609dafb732b4a1f8a41753ef842283d15d3c4f0e18e4d4e77783ae9135ba3,True,,
dataset/test/Citrus pest/2025_12_20_IMG (163).JPG,2025_12_20_IMG (163).JPG,Citrus pest,test,.jpg,560,420,RGB,JPEG,1,43752,2e3244ea7030ba9906ac2a26b3d02eb6a11bc98947734dc4c120712799465a72,True,,
dataset/test/Citrus pest/2025_12_20_IMG (171).JPG,2025_12_20_IMG (171).JPG,Citrus pest,test,.jpg,560,420,RGB,JPEG,1,56914,742145f321df6a2db01e141707c96c577abdd6256446aec88fe766c476ccee61,True,,
dataset/test/Citrus pest/2025_12_20_IMG (179).JPG,2025_12_20_IMG (179).JPG,Citrus pest,test,.jpg,560,420,RGB,JPEG,1,44983,f2fc08c008973e32d9a52c91be5619e1a1a2c6bb716dad229837f32008de7fdc,True,,
dataset/test/Citrus pest/2025_12_20_IMG (180).JPG,2025_12_20_IMG (180).JPG,Citrus pest,test,.jpg,560,420,RGB,JPEG,1,49614,746a794c6c18bde3ee3d0c18bac17e92727c3d3cc1d3f818595e859a75a68bd2,True,,
dataset/test/Citrus pest/2025_12_20_IMG (199).JPG,2025_12_20_IMG (199).JPG,Citrus pest,test,.jpg,560,420,RGB,JPEG,1,37834,261fee7d6f87a54db320c840d753779cf573dceb15914c8387382e02769c4d1e,True,,
dataset/test/Citrus pest/2025_12_20_IMG (207).JPG,2025_12_20_IMG (207).JPG,Citrus pest,test,.jpg,560,420,RGB,JPEG,1,39112,ed46f4938f6f9342d6b9c6e0021861da13b1811493c0971fbef8f455285098d2,True,,
dataset/test/Citrus pest/2025_12_20_IMG (208).JPG,2025_12_20_IMG (208).JPG,Citrus pest,test,.jpg,560,420,RGB,JPEG,1,36792,5bfa99daf03100d0062a58aee578f072f5d8dcffd5ff8a75171ab101baae681e,True,,
dataset/test/Citrus pest/2025_12_20_IMG (209).JPG,2025_12_20_IMG (209).JPG,Citrus pest,test,.jpg,560,420,RGB,JPEG,1,45216,1520c1bda9c24ebd23ee41a1a0f6613435f5811b74ca732480bab250c5890fc2,True,,
dataset/test/Citrus pest/2025_12_20_IMG (210).JPG,2025_12_20_IMG (210).JPG,Citrus pest,test,.jpg,560,420,RGB,JPEG,1,41548,f50cc4f761e2292df9051648f8a5a2fefb53f78fdfe9e032c097b954f1437b47,True,,
dataset/test/Citrus pest/2025_12_20_IMG (215).JPG,2025_12_20_IMG (215).JPG,Citrus pest,test,.jpg,560,420,RGB,JPEG,1,38523,f8e8bf23cf2281fc096fa71cd5764358d53a6aae54e2f9f595e111e78eea32d5,True,,
dataset/test/Citrus pest/2025_12_20_IMG (220).JPG,2025_12_20_IMG (220).JPG,Citrus pest,test,.jpg,560,420,RGB,JPEG,1,44738,9d7ba9b2df7b7097bdb7bd6b596cb92347350bed4255c11cfe513e53bf32f02a,True,,
dataset/test/Citrus pest/2025_12_20_IMG (23).JPG,2025_12_20_IMG (23).JPG,Citrus pest,test,.jpg,560,420,RGB,JPEG,1,48267,a81209854042a5f906643bf8d764b17818fab7ed7322a3df6a052b0f1b113a97,True,,
dataset/test/Citrus pest/2025_12_20_IMG (234).JPG,2025_12_20_IMG (234).JPG,Citrus pest,test,.jpg,560,420,RGB,JPEG,1,44651,6320660e5430f20ca371151f08075b6fbd365e5286b0c9d8bcb9aa711ff95bda,True,,
dataset/test/Citrus pest/2025_12_20_IMG (236).JPG,2025_12_20_IMG (236).JPG,Citrus pest,test,.jpg,560,420,RGB,JPEG,1,48072,dec4091d3775a6b01ff58e35e91bf0e59e64e17c2e2bbb6256faf7f2cc82a2b9,True,,
dataset/test/Citrus pest/2025_12_20_IMG (243).JPG,2025_12_20_IMG (243).JPG,Citrus pest,test,.jpg,560,420,RGB,JPEG,1,38260,819a085a79c59ab6eb926bc2942842246a04d4c1fcc44157b3e607afffc8178e,True,,
dataset/test/Citrus pest/2025_12_20_IMG (263).JPG,2025_12_20_IMG (263).JPG,Citrus pest,test,.jpg,560,420,RGB,JPEG,1,38587,e714114b5c584e723e173848e8cbbddbf7097a2819424cc1c991949afbd275c2,True,,
dataset/test/Citrus pest/2025_12_20_IMG (265).JPG,2025_12_20_IMG (265).JPG,Citrus pest,test,.jpg,560,420,RGB,JPEG,1,39147,2f7b93c62be176d59a30e2b6dccc63729d902a3b049f455d375a36b607de1549,True,,
dataset/test/Citrus pest/2025_12_20_IMG (267).JPG,2025_12_20_IMG (267).JPG,Citrus pest,test,.jpg,560,420,RGB,JPEG,1,44206,53ab3589b940ec6b4c8067fc6362df46448b11a15b886b267be2080415037f01,True,,
dataset/test/Citrus pest/2025_12_20_IMG (273).JPG,2025_12_20_IMG (273).JPG,Citrus pest,test,.jpg,560,420,RGB,JPEG,1,36842,e272ccb38d40ac3bae1b7f2e31dca6db5fccb86d1de8f92a564c48407ddb287f,True,,
dataset/test/Citrus pest/2025_12_20_IMG (282).JPG,2025_12_20_IMG (282).JPG,Citrus pest,test,.jpg,560,420,RGB,JPEG,1,39509,22a6492b4351d06876f38991f93cad913728e62639be1e46f21a4942f5260814,True,,
dataset/test/Citrus pest/2025_12_20_IMG (283).JPG,2025_12_20_IMG (283).JPG,Citrus pest,test,.jpg,560,420,RGB,JPEG,1,45451,2033bac442912a5ef7b255a1c06d499bbdbfcbc2a02d6c65f08c9187a5cd509d,True,,
dataset/test/Citrus pest/2025_12_20_IMG (301).JPG,2025_12_20_IMG (301).JPG,Citrus pest,test,.jpg,560,420,RGB,JPEG,1,38979,295ee795a1fb5f280f5c06ef29d0e4f9a60e3acc71316f2842590e5a18470a06,True,,
dataset/test/Citrus pest/2025_12_20_IMG (303).JPG,2025_12_20_IMG (303).JPG,Citrus pest,test,.jpg,560,420,RGB,JPEG,1,40909,687dad7a393062817f1890102092e6072bd3533d78e0a604e7bf604df91f435e,True,,
dataset/test/Citrus pest/2025_12_20_IMG (315).JPG,2025_12_20_IMG (315).JPG,Citrus pest,test,.jpg,560,420,RGB,JPEG,1,32403,aa921e62067adc9bf60a07bc4707a12679389f93b7b76950a69ff27877eb8f4f,True,,
dataset/test/Citrus pest/2025_12_20_IMG (320).JPG,2025_12_20_IMG (320).JPG,Citrus pest,test,.jpg,560,420,RGB,JPEG,1,39037,4a091179177b7cf03c75479b41f756a071b35316cc2689e0deb52ca711e110af,True,,
dataset/test/Citrus pest/2025_12_20_IMG (341).JPG,2025_12_20_IMG (341).JPG,Citrus pest,test,.jpg,560,420,RGB,JPEG,1,28824,cbe2303e1ab4bd5a0513ab3c2f77f08fdbec1fa4be7c7f91dd83e68ba9df763d,True,,
dataset/test/Citrus pest/2025_12_20_IMG (356).JPG,2025_12_20_IMG (356).JPG,Citrus pest,test,.jpg,560,420,RGB,JPEG,1,37794,dc2b99bb9a3eddb5e3c3e4c5cd94f6c61740b1746d9ee9adc73daa5a1aab7a3c,True,,
dataset/test/Citrus pest/2025_12_20_IMG (360).JPG,2025_12_20_IMG (360).JPG,Citrus pest,test,.jpg,560,420,RGB,JPEG,1,36921,74a9e563e58485b878ecb59d82cea624a8b15e57ce6c5fffa5360f772117005f,True,,
dataset/test/Citrus pest/2025_12_20_IMG (363).JPG,2025_12_20_IMG (363).JPG,Citrus pest,test,.jpg,560,420,RGB,JPEG,1,35713,e813ecfb00e16f385ede3db46150573e05ca6e30077bc9e80669b7fc47dc80a7,True,,
dataset/test/Citrus pest/2025_12_20_IMG (368).JPG,2025_12_20_IMG (368).JPG,Citrus pest,test,.jpg,560,420,RGB,JPEG,1,28668,3e49629475501dcc8987d71104aa8284162281b6cebe997e7e02f1389b51d84d,True,,
dataset/test/Citrus pest/2025_12_20_IMG (380).JPG,2025_12_20_IMG (380).JPG,Citrus pest,test,.jpg,560,420,RGB,JPEG,1,37533,6bdd4a4643e563556998deee2d1363a44cc18c6772a07678a76c23cf40a9d170,True,,
dataset/test/Citrus pest/2025_12_20_IMG (381).JPG,2025_12_20_IMG (381).JPG,Citrus pest,test,.jpg,560,420,RGB,JPEG,1,30178,b22a9cf1d12a946c042d5bcbc17f2ffd86079689576363261b8a29c1d1ff052c,True,,
dataset/test/Citrus pest/2025_12_20_IMG (387).JPG,2025_12_20_IMG (387).JPG,Citrus pest,test,.jpg,560,420,RGB,JPEG,1,36656,3f75ca285cb9369e9bb47ee40fea1792c43c49cfbd4b5c97bbad88cfa060150a,True,,
dataset/test/Citrus pest/2025_12_20_IMG (388).JPG,2025_12_20_IMG (388).JPG,Citrus pest,test,.jpg,560,420,RGB,JPEG,1,34638,9e11f758242cc11829e7b71867fddde247081f1a4988446ca5c13891b2ba8ab1,True,,
dataset/test/Citrus pest/2025_12_20_IMG (394).JPG,2025_12_20_IMG (394).JPG,Citrus pest,test,.jpg,560,420,RGB,JPEG,1,41657,17ca0e9deccc8fbf70ec005db0e42118813869dd9e7d531399f8cb591519cab9,True,,
dataset/test/Citrus pest/2025_12_20_IMG (399).JPG,2025_12_20_IMG (399).JPG,Citrus pest,test,.jpg,560,420,RGB,JPEG,1,42283,b78d210bac87b5a356c0c6714f52a3b6ed2040a132be8d3c0141cab9611f30cd,True,,
dataset/test/Citrus pest/2025_12_20_IMG (404).JPG,2025_12_20_IMG (404).JPG,Citrus pest,test,.jpg,560,420,RGB,JPEG,1,40116,4385cb28f8ac46bd4c4a0ca0472fca7f9c3ed37a061a07e38a12146b8d15fc92,True,,
dataset/test/Citrus pest/2025_12_20_IMG (42).JPG,2025_12_20_IMG (42).JPG,Citrus pest,test,.jpg,560,420,RGB,JPEG,1,36552,63d65c1cdd7b809b1c1e34578b216df1e1b45565b2c796a8a6ff16f3184cb58e,True,,
dataset/test/Citrus pest/2025_12_20_IMG (56).JPG,2025_12_20_IMG (56).JPG,Citrus pest,test,.jpg,560,420,RGB,JPEG,1,37575,5ee56455e31ba5d79b8344ea6b72e3264795bf4d705c6160b3529924b6a68847,True,,
dataset/test/Citrus pest/2025_12_20_IMG (67).JPG,2025_12_20_IMG (67).JPG,Citrus pest,test,.jpg,560,420,RGB,JPEG,1,37132,5c10347408186de79a5b12ba36b84e54400b4d9340ac5fc7f6e90670aed9661a,True,,
dataset/test/Citrus pest/2025_12_20_IMG (69).JPG,2025_12_20_IMG (69).JPG,Citrus pest,test,.jpg,560,420,RGB,JPEG,1,39719,4c06b9e6db341b0a8e703d36c2c11451ee5ea3933c504804b13b31897319038a,True,,
dataset/test/Citrus pest/2025_12_20_IMG (82).JPG,2025_12_20_IMG (82).JPG,Citrus pest,test,.jpg,560,420,RGB,JPEG,1,49508,e611e516c36d072ad20cbeafa6bd9914c7f55f9008a0fa863c7fa6b76d0b079a,True,,
dataset/test/Citrus pest/2025_12_20_IMG (85).JPG,2025_12_20_IMG (85).JPG,Citrus pest,test,.jpg,560,420,RGB,JPEG,1,47277,cffa6c0867e88e4298422f5f096612817527b6be8617edf63e7a4529015f9fe2,True,,
dataset/test/Citrus pest/2025_12_20_IMG (87).JPG,2025_12_20_IMG (87).JPG,Citrus pest,test,.jpg,560,420,RGB,JPEG,1,36794,a4887ab9643ee2fc035a58f28f0bc742e5c06dc0819a962d7cb45497150a711d,True,,
dataset/test/Citrus pest/2025_12_20_IMG (88).JPG,2025_12_20_IMG (88).JPG,Citrus pest,test,.jpg,560,420,RGB,JPEG,1,43701,cf4d1e109cbff9ab07d00fa4c0918f07e8c92fe83e44dd01fb97f375cd9f9980,True,,
dataset/test/Citrus pest/2025_12_20_IMG (89).JPG,2025_12_20_IMG (89).JPG,Citrus pest,test,.jpg,560,420,RGB,JPEG,1,43748,ae219051ac57408fa1cfcf070f37bcf805d35e8841f82b0d0a29075869a58bb9,True,,
dataset/test/Citrus pest/2025_12_20_IMG (90).JPG,2025_12_20_IMG (90).JPG,Citrus pest,test,.jpg,560,420,RGB,JPEG,1,45993,feea599789f56ab5493b76995fa31f7668da7f6f4d5ad24cb501611a1b62d583,True,,
dataset/test/Greening/2025_12_21_IMG (101).JPG,2025_12_21_IMG (101).JPG,Greening,test,.jpg,560,420,RGB,JPEG,1,37316,0bdd9bf7c421c13330805082d561369488a9386541dca1facf334b3fb0ce8e74,True,,
dataset/test/Greening/2025_12_21_IMG (11).JPG,2025_12_21_IMG (11).JPG,Greening,test,.jpg,560,420,RGB,JPEG,1,49614,5f993251d316dfe998192137fd8212698d8722fe83d0da75c11f5ff077b3beab,True,,
dataset/test/Greening/2025_12_21_IMG (110).JPG,2025_12_21_IMG (110).JPG,Greening,test,.jpg,560,420,RGB,JPEG,1,45024,ecc8f40919fd6e1cdb4297a9e180fb0c8e803e5c380ff45cb62c576976198612,True,,
dataset/test/Greening/2025_12_21_IMG (112).JPG,2025_12_21_IMG (112).JPG,Greening,test,.jpg,560,420,RGB,JPEG,1,40192,76c8764a5dcadc658fd96b2c7c82bb084c86d06ff200bc3e5cf282e1cff1aa38,True,,
dataset/test/Greening/2025_12_21_IMG (113).JPG,2025_12_21_IMG (113).JPG,Greening,test,.jpg,560,420,RGB,JPEG,1,41413,9db2de9f92911f96203a97368681bb150948d972e56ea97de7a8a23e000728c4,True,,
dataset/test/Greening/2025_12_21_IMG (119).JPG,2025_12_21_IMG (119).JPG,Greening,test,.jpg,560,420,RGB,JPEG,1,46836,d6acc15e82bb6f31170fbc9438b38f752ac84e845f29c4c5d92eac4b24ee88e3,True,,
dataset/test/Greening/2025_12_21_IMG (135).JPG,2025_12_21_IMG (135).JPG,Greening,test,.jpg,560,420,RGB,JPEG,1,44436,50f71f085b97cd4a9af883a2faca20eac1d61af521786d84bb7f32385b68fcd1,True,,
dataset/test/Greening/2025_12_21_IMG (139).JPG,2025_12_21_IMG (139).JPG,Greening,test,.jpg,560,420,RGB,JPEG,1,44610,a0ef740f4456e721044113e2a12d8d8e1dafa7c82e290a9e504ff8b084f876b0,True,,
dataset/test/Greening/2025_12_21_IMG (141).JPG,2025_12_21_IMG (141).JPG,Greening,test,.jpg,560,420,RGB,JPEG,1,44805,3ce4a51d99a8f893ec029b0ee95bd82e538b0d8cf5f4baafa9d084068588fdc3,True,,
dataset/test/Greening/2025_12_21_IMG (143).JPG,2025_12_21_IMG (143).JPG,Greening,test,.jpg,560,420,RGB,JPEG,1,56472,296ff21cde2fd4cf974bc3f74ba5cb4e6a2af11cc04d02342d1ec86c2c5d6bfe,True,,
dataset/test/Greening/2025_12_21_IMG (146).JPG,2025_12_21_IMG (146).JPG,Greening,test,.jpg,560,420,RGB,JPEG,1,45912,f38ed814e3abac119e75e61b74ee990ae7965aa03185811bf3d25fd6c1944820,True,,
dataset/test/Greening/2025_12_21_IMG (150).JPG,2025_12_21_IMG (150).JPG,Greening,test,.jpg,560,420,RGB,JPEG,1,47624,195c65fef5c71588a478fddd5349b42887ada88d5b067088a4d978c2d5096723,True,,
dataset/test/Greening/2025_12_21_IMG (156).JPG,2025_12_21_IMG (156).JPG,Greening,test,.jpg,560,420,RGB,JPEG,1,47669,123c4938642d099a0ecd2842d0bf452d02fbe2052aadf5a7d6f82315b22501e8,True,,
dataset/test/Greening/2025_12_21_IMG (163).JPG,2025_12_21_IMG (163).JPG,Greening,test,.jpg,560,420,RGB,JPEG,1,42257,b0a18d8347ac10ce9fa5efac1f89ad124d8abbf7aab14a838134ee55254d2d4e,True,,
dataset/test/Greening/2025_12_21_IMG (170).JPG,2025_12_21_IMG (170).JPG,Greening,test,.jpg,560,420,RGB,JPEG,1,39304,90e974c69dbc557c9cceabec61b55d894502ce8725bf48837d50db3e7bbbff14,True,,
dataset/test/Greening/2025_12_21_IMG (172).JPG,2025_12_21_IMG (172).JPG,Greening,test,.jpg,560,420,RGB,JPEG,1,49389,1833ed7cd25d2d5c8aecb6d6e232e87cd3cadbe11861b8d921f420c57b780af7,True,,
dataset/test/Greening/2025_12_21_IMG (188).JPG,2025_12_21_IMG (188).JPG,Greening,test,.jpg,560,420,RGB,JPEG,1,46386,29d8c27f4533f75cac6ab857faf9dd86d94a65f05803bcc1a0e5313b0d215908,True,,
dataset/test/Greening/2025_12_21_IMG (190).JPG,2025_12_21_IMG (190).JPG,Greening,test,.jpg,560,420,RGB,JPEG,1,53035,0ed38919c4fc6d48643fc9cf8bffd9218cfc5945afd84c7f398751fefed7ceb9,True,,
dataset/test/Greening/2025_12_21_IMG (199).JPG,2025_12_21_IMG (199).JPG,Greening,test,.jpg,560,420,RGB,JPEG,1,38405,9d812ba0db797167e07127e8e29bdba977559a6e43f23d7d50cd7ff47221dfab,True,,
dataset/test/Greening/2025_12_21_IMG (2).JPG,2025_12_21_IMG (2).JPG,Greening,test,.jpg,560,420,RGB,JPEG,1,51809,fca33e30cb7b634b217df1361b21897e57da45c0ed068cdceffd0a2728038777,True,,
dataset/test/Greening/2025_12_21_IMG (20).JPG,2025_12_21_IMG (20).JPG,Greening,test,.jpg,560,420,RGB,JPEG,1,47006,b52c7d49bf2a7ef2d5ebf135661295a7ef81d17974ca87aad41103505272f570,True,,
dataset/test/Greening/2025_12_21_IMG (201).JPG,2025_12_21_IMG (201).JPG,Greening,test,.jpg,560,420,RGB,JPEG,1,56813,ea9b1f2acbea0babb521fdafb403abe350ce8e4120a1212e49953e8748008d85,True,,
dataset/test/Greening/2025_12_21_IMG (206).JPG,2025_12_21_IMG (206).JPG,Greening,test,.jpg,560,420,RGB,JPEG,1,58252,76b058374bfabb62d0ac1e4482da22d0ee64f9132851356b8fe75699cb6662aa,True,,
dataset/test/Greening/2025_12_21_IMG (211).JPG,2025_12_21_IMG (211).JPG,Greening,test,.jpg,560,420,RGB,JPEG,1,52093,e3770c2f702ee6b13635e9587cdb19444e50e98e7b47094073000fd6ab665326,True,,
dataset/test/Greening/2025_12_21_IMG (220).JPG,2025_12_21_IMG (220).JPG,Greening,test,.jpg,560,420,RGB,JPEG,1,51193,809761ebc992a95de1201b9231fb3bbe2b1f5b01b951d7a72d70ed42680e764b,True,,
dataset/test/Greening/2025_12_21_IMG (225).JPG,2025_12_21_IMG (225).JPG,Greening,test,.jpg,560,420,RGB,JPEG,1,46975,e2a0c8197b916d5fc1221fab1f5631f1aad071fc4baad14a824e1683645e6be8,True,,
dataset/test/Greening/2025_12_21_IMG (227).JPG,2025_12_21_IMG (227).JPG,Greening,test,.jpg,560,420,RGB,JPEG,1,49208,1d4e9f108928f3a337fdfbd6f380819e0d010a17a0a5f66653b8662ec273b351,True,,
dataset/test/Greening/2025_12_21_IMG (234).JPG,2025_12_21_IMG (234).JPG,Greening,test,.jpg,560,420,RGB,JPEG,1,44128,7999d50ece8dad14ad564f75024b878750026a240e632455b03d0dfa38e93e05,True,,
dataset/test/Greening/2025_12_21_IMG (254).JPG,2025_12_21_IMG (254).JPG,Greening,test,.jpg,560,420,RGB,JPEG,1,54125,cb4290667656a86c6df35d56a4210a8608e1b7b49cae0911de73c4967973b536,True,,
dataset/test/Greening/2025_12_21_IMG (256).JPG,2025_12_21_IMG (256).JPG,Greening,test,.jpg,560,420,RGB,JPEG,1,54551,ea9f06dcdff942c66ca2f2eec3058acf01e0683f26c92b180852e35c971c8a5b,True,,
dataset/test/Greening/2025_12_21_IMG (258).JPG,2025_12_21_IMG (258).JPG,Greening,test,.jpg,560,420,RGB,JPEG,1,54836,c99dac9d2bc3784446dbb8513c21edfc1d73ed8371dd7eb001d0f38d67d93ebb,True,,
dataset/test/Greening/2025_12_21_IMG (264).JPG,2025_12_21_IMG (264).JPG,Greening,test,.jpg,560,420,RGB,JPEG,1,54424,d9a65bdc3585d731769fe7ff859fcaf7060361bcb8cb49320866017da98e7b87,True,,
dataset/test/Greening/2025_12_21_IMG (266).JPG,2025_12_21_IMG (266).JPG,Greening,test,.jpg,560,420,RGB,JPEG,1,55500,0b20a0d1f971211619800729c4e8d7dd13a8899a6a2091efa54dcab394564bf4,True,,
dataset/test/Greening/2025_12_21_IMG (273).JPG,2025_12_21_IMG (273).JPG,Greening,test,.jpg,560,420,RGB,JPEG,1,54481,c0f237cc93db741d217758601e54c32d87690151a72c46c40493456b80244c92,True,,
dataset/test/Greening/2025_12_21_IMG (274).JPG,2025_12_21_IMG (274).JPG,Greening,test,.jpg,560,420,RGB,JPEG,1,68447,7c40bb4b480d24e85a3cfd86605ef0fd5a9f73cf9148827191612127dcad6e70,True,,
dataset/test/Greening/2025_12_21_IMG (292).JPG,2025_12_21_IMG (292).JPG,Greening,test,.jpg,560,420,RGB,JPEG,1,46748,2db72316f6ec60d353a7eb999b5ba7eb0a5c013949882d72e3aae9c439692b65,True,,
dataset/test/Greening/2025_12_21_IMG (294).JPG,2025_12_21_IMG (294).JPG,Greening,test,.jpg,560,420,RGB,JPEG,1,37868,346787c596ad94128e79759a2fa84ebfa90fcee5b5a06adef013e1dd271f1c40,True,,
dataset/test/Greening/2025_12_21_IMG (305).JPG,2025_12_21_IMG (305).JPG,Greening,test,.jpg,560,420,RGB,JPEG,1,31949,05eaea3709396b9cea244fe5c8f1517b5da71532b80577d3983a90971c5db2e0,True,,
dataset/test/Greening/2025_12_21_IMG (310).JPG,2025_12_21_IMG (310).JPG,Greening,test,.jpg,560,420,RGB,JPEG,1,37473,55bf85aac51b9cac242fba0ac9ef616dc91066bc7c120bd43acd3ee08020d006,True,,
dataset/test/Greening/2025_12_21_IMG (331).JPG,2025_12_21_IMG (331).JPG,Greening,test,.jpg,560,420,RGB,JPEG,1,49889,e13c2f88d0a396f9a79c32c5caeaabce9168064ee092f849e27486c67b5c401b,True,,
dataset/test/Greening/2025_12_21_IMG (346).JPG,2025_12_21_IMG (346).JPG,Greening,test,.jpg,560,420,RGB,JPEG,1,34054,d14afff19d756513af0617dd3e0f692c3f7f31e35cd40c60c80623cdfe242c06,True,,
dataset/test/Greening/2025_12_21_IMG (350).JPG,2025_12_21_IMG (350).JPG,Greening,test,.jpg,560,420,RGB,JPEG,1,46775,14e314118f4c6697c796f6c0ca6d8faae25daf99f0cfe6c0f53e6d28c2953ef6,True,,
dataset/test/Greening/2025_12_21_IMG (38).JPG,2025_12_21_IMG (38).JPG,Greening,test,.jpg,560,420,RGB,JPEG,1,49354,e7ca5e853b3b73cccefe1e0d1235792fee5c6fa447efb1a553ae9727bfc18497,True,,
dataset/test/Greening/2025_12_21_IMG (42).JPG,2025_12_21_IMG (42).JPG,Greening,test,.jpg,560,420,RGB,JPEG,1,45545,1c3d56eaa029ebecfffff1dbf8ccf3c4c1d805474399af23af53b013197fb0be,True,,
dataset/test/Greening/2025_12_21_IMG (5).JPG,2025_12_21_IMG (5).JPG,Greening,test,.jpg,560,420,RGB,JPEG,1,40948,e357d522d982d63999703bf706c759d352a9544ce997aac24e2a78d9a57dfc73,True,,
dataset/test/Greening/2025_12_21_IMG (55).JPG,2025_12_21_IMG (55).JPG,Greening,test,.jpg,560,420,RGB,JPEG,1,51021,8375b6b0700d2dccc4866cf65570cbd6061b7a34fbd535d747b0d14e58e17c12,True,,
dataset/test/Greening/2025_12_21_IMG (56).JPG,2025_12_21_IMG (56).JPG,Greening,test,.jpg,560,420,RGB,JPEG,1,57218,82bedd7e31623e3f1f766b07bce1a792dc32c7e3a9d288f20725a0dbab9b0f94,True,,
dataset/test/Greening/2025_12_21_IMG (61).JPG,2025_12_21_IMG (61).JPG,Greening,test,.jpg,560,420,RGB,JPEG,1,48831,53c45431b0dd860d3b324888d88b4a862ed5c7880a8dde8db8a1be71e369d475,True,,
dataset/test/Greening/2025_12_21_IMG (74).JPG,2025_12_21_IMG (74).JPG,Greening,test,.jpg,560,420,RGB,JPEG,1,45460,fa32fc3934d34f7f9bc8f2236a5c70b1da78f168e9c29593ed1c4b48eec3a289,True,,
dataset/test/Greening/2025_12_21_IMG (79).JPG,2025_12_21_IMG (79).JPG,Greening,test,.jpg,560,420,RGB,JPEG,1,45744,9d0d35cbc500394f57a4a4e9f7efa76685997c53fcf16aa84b61e58155c7dfb4,True,,
dataset/test/Greening/2025_12_21_IMG (86).JPG,2025_12_21_IMG (86).JPG,Greening,test,.jpg,560,420,RGB,JPEG,1,50449,79d03c8a368b6000857f1993de0e9db39cc9dd8682553585b0874772ff1b312e,True,,
dataset/test/Greening/2025_12_21_IMG (89).JPG,2025_12_21_IMG (89).JPG,Greening,test,.jpg,560,420,RGB,JPEG,1,46010,76f743fc6dfabac41587c5226032c9e0b275494634c71cbb4ba7fb59668105cc,True,,
dataset/test/Greening/2025_12_21_IMG (91).JPG,2025_12_21_IMG (91).JPG,Greening,test,.jpg,560,420,RGB,JPEG,1,44928,0fd6c2619f8c54e984aa287bef4e3ff22c93185aabd4211f92d5892270240a28,True,,
dataset/test/Greening/2025_12_21_IMG (92).JPG,2025_12_21_IMG (92).JPG,Greening,test,.jpg,560,420,RGB,JPEG,1,46964,2a0ce3d33898df21a45d6cbf0b35e9c803c27ea55041f39211cc2f3a3b303179,True,,
dataset/test/Healthy leaf/2025_11_21_IMG (101).JPG,2025_11_21_IMG (101).JPG,Healthy leaf,test,.jpg,560,420,RGB,JPEG,1,34491,7566bbc4afa513c7ec0e2b48f27d557def771da8c3b8bd1e9bf3ce4c599e20cb,True,,
dataset/test/Healthy leaf/2025_11_21_IMG (11).JPG,2025_11_21_IMG (11).JPG,Healthy leaf,test,.jpg,560,420,RGB,JPEG,1,39941,89363d179977541dc1d5fb78a31eb723e51aa17ad3f845d1f1e324760841b933,True,,
dataset/test/Healthy leaf/2025_11_21_IMG (110).JPG,2025_11_21_IMG (110).JPG,Healthy leaf,test,.jpg,560,420,RGB,JPEG,1,26360,04f974da5af0b76f15b8b14cc4b63b527e89b381c99440040aac758358a99892,True,,
dataset/test/Healthy leaf/2025_11_21_IMG (112).JPG,2025_11_21_IMG (112).JPG,Healthy leaf,test,.jpg,560,420,RGB,JPEG,1,30644,dbcd9e9d4c5eef2e208bda2600d5896319089e98ab72f9dda43085634ab19b15,True,,
dataset/test/Healthy leaf/2025_11_21_IMG (113).JPG,2025_11_21_IMG (113).JPG,Healthy leaf,test,.jpg,560,420,RGB,JPEG,1,29739,728f313f994db30ede237118fcb486e0f7d4cf86adb294e89398aea0fd59ab27,True,,
dataset/test/Healthy leaf/2025_11_21_IMG (119).JPG,2025_11_21_IMG (119).JPG,Healthy leaf,test,.jpg,560,420,RGB,JPEG,1,29586,cc8eece08d1b7353d7b57ba2e83fbdb6d9459e107d26f79fe6414337d4648e83,True,,
dataset/test/Healthy leaf/2025_11_21_IMG (135).JPG,2025_11_21_IMG (135).JPG,Healthy leaf,test,.jpg,560,420,RGB,JPEG,1,33820,f20573097807823fa7d8ca6d06cb70cc716858f4b9dd5fb37850f3161d0c1910,True,,
dataset/test/Healthy leaf/2025_11_21_IMG (139).JPG,2025_11_21_IMG (139).JPG,Healthy leaf,test,.jpg,560,420,RGB,JPEG,1,46806,77132094c91ad5eae908a7081153e0e3f078ed0f9b857bdbff8c45331423c111,True,,
dataset/test/Healthy leaf/2025_11_21_IMG (141).JPG,2025_11_21_IMG (141).JPG,Healthy leaf,test,.jpg,560,420,RGB,JPEG,1,42105,6240976ddc69af46b1d07fb53a5c13f14034105f4546f4485496b0c4e2da8917,True,,
dataset/test/Healthy leaf/2025_11_21_IMG (143).JPG,2025_11_21_IMG (143).JPG,Healthy leaf,test,.jpg,560,420,RGB,JPEG,1,39298,86852b7d207a92eda1e97f94f290acd53e727b6c10f46498b52f4ade1bd060ae,True,,
dataset/test/Healthy leaf/2025_11_21_IMG (146).JPG,2025_11_21_IMG (146).JPG,Healthy leaf,test,.jpg,560,420,RGB,JPEG,1,37815,3509f5d18c562c4688a37829da162172baf7922db84bf3503c9c14eb7410f39e,True,,
dataset/test/Healthy leaf/2025_11_21_IMG (150).JPG,2025_11_21_IMG (150).JPG,Healthy leaf,test,.jpg,560,420,RGB,JPEG,1,49897,5582433fde4d7e8737669304677a7eeceea5ee1b012a1b6fe7426dd976a19616,True,,
dataset/test/Healthy leaf/2025_11_21_IMG (156).JPG,2025_11_21_IMG (156).JPG,Healthy leaf,test,.jpg,560,420,RGB,JPEG,1,56225,0c0fd3591ea00acf4c304364123f8b364b1b38ae32b99a10998e8fca73d9d84e,True,,
dataset/test/Healthy leaf/2025_11_21_IMG (163).JPG,2025_11_21_IMG (163).JPG,Healthy leaf,test,.jpg,560,420,RGB,JPEG,1,41799,fcf8aae82cb4cad517090c93bf5e2c781c1d105eeabd1f3523373ef3e129fc6e,True,,
dataset/test/Healthy leaf/2025_11_21_IMG (170).JPG,2025_11_21_IMG (170).JPG,Healthy leaf,test,.jpg,560,420,RGB,JPEG,1,42091,0c8a9833a3371695e00bbd8e0c00d0e696308a2bb8d776779ef46ed2075b1cec,True,,
dataset/test/Healthy leaf/2025_11_21_IMG (172).JPG,2025_11_21_IMG (172).JPG,Healthy leaf,test,.jpg,560,420,RGB,JPEG,1,42990,c4caa7f65b45ecbe7402700890a6833267076f36477df4da5bd24ab01676387a,True,,
dataset/test/Healthy leaf/2025_11_21_IMG (190).JPG,2025_11_21_IMG (190).JPG,Healthy leaf,test,.jpg,560,420,RGB,JPEG,1,48162,e5894c7fd3e6e32dcd3083cbbfdece8be6fd5c11b2b19fa55172b1846d0398eb,True,,
dataset/test/Healthy leaf/2025_11_21_IMG (199).JPG,2025_11_21_IMG (199).JPG,Healthy leaf,test,.jpg,560,420,RGB,JPEG,1,48089,a59fcc92c9c6eff7ecd0a5a57bd162da7c5c850708f0e36c0b4e00c232d74612,True,,
dataset/test/Healthy leaf/2025_11_21_IMG (2).JPG,2025_11_21_IMG (2).JPG,Healthy leaf,test,.jpg,560,420,RGB,JPEG,1,47200,4b49ac1adaf783b534f721918c246dbc47b500d52e72121dee40b69bb332db67,True,,
dataset/test/Healthy leaf/2025_11_21_IMG (20).JPG,2025_11_21_IMG (20).JPG,Healthy leaf,test,.jpg,560,420,RGB,JPEG,1,44465,ce7ce66babba7df60901aa202ff952f8deca0fd3207a5e5f99c50b28e0c2e0f4,True,,
dataset/test/Healthy leaf/2025_11_21_IMG (201).JPG,2025_11_21_IMG (201).JPG,Healthy leaf,test,.jpg,560,420,RGB,JPEG,1,50568,4d302700d6790983ae597d53e2da20b0863ec81bcab3bd36a9b708b0ae5adc87,True,,
dataset/test/Healthy leaf/2025_11_21_IMG (206).JPG,2025_11_21_IMG (206).JPG,Healthy leaf,test,.jpg,560,420,RGB,JPEG,1,42108,172f0fe0a080a8af157279f77480fe0f1278d1c6d85e9416af49b8ae9d1d12e0,True,,
dataset/test/Healthy leaf/2025_11_21_IMG (211).JPG,2025_11_21_IMG (211).JPG,Healthy leaf,test,.jpg,560,420,RGB,JPEG,1,47025,2b2ae05f7e9932dd2099b4f1f3b4909cc258e04ab83959860df176a4339dbab6,True,,
dataset/test/Healthy leaf/2025_11_21_IMG (220).JPG,2025_11_21_IMG (220).JPG,Healthy leaf,test,.jpg,560,420,RGB,JPEG,1,44553,d7ce9184f7acd3aef2d5e44a03d7c503c472189a645b05cac2e32f6826986d8a,True,,
dataset/test/Healthy leaf/2025_11_21_IMG (225).JPG,2025_11_21_IMG (225).JPG,Healthy leaf,test,.jpg,560,420,RGB,JPEG,1,46688,47170c06f64c7d3d8f4192b4027fbb2ef79c9e805fde86d4b555c508555cbb96,True,,
dataset/test/Healthy leaf/2025_11_21_IMG (227).JPG,2025_11_21_IMG (227).JPG,Healthy leaf,test,.jpg,560,420,RGB,JPEG,1,38348,4909b94f20565205d2741bb92963f4cb14053773941b6efb14bb1d16f35bfb84,True,,
dataset/test/Healthy leaf/2025_11_21_IMG (234).JPG,2025_11_21_IMG (234).JPG,Healthy leaf,test,.jpg,560,420,RGB,JPEG,1,32538,231520e5e44c0a894fd4e2f0cf92dffd5522c4086bd8ade81b0f9c6f7899b5ed,True,,
dataset/test/Healthy leaf/2025_11_21_IMG (254).JPG,2025_11_21_IMG (254).JPG,Healthy leaf,test,.jpg,560,420,RGB,JPEG,1,48297,3b1bbe09bbe445b0f3e2452939c7e952a00a1929ae9997cecab53a536682f787,True,,
dataset/test/Healthy leaf/2025_11_21_IMG (256).JPG,2025_11_21_IMG (256).JPG,Healthy leaf,test,.jpg,560,420,RGB,JPEG,1,48892,c54caabd780fa0e39df9cf2719738aaeb7cfd6b09f8a669ba51eca661cbb96b3,True,,
dataset/test/Healthy leaf/2025_11_21_IMG (258).JPG,2025_11_21_IMG (258).JPG,Healthy leaf,test,.jpg,560,420,RGB,JPEG,1,48747,15193e7e5237424415b64345aeba6d17c896674e1683ea99a650922651501519,True,,
dataset/test/Healthy leaf/2025_11_21_IMG (264).JPG,2025_11_21_IMG (264).JPG,Healthy leaf,test,.jpg,560,420,RGB,JPEG,1,55546,7dc50afaebfac31bd4f302f44a1bba42c80f2c9d98999e5ec42bf5842100f7f7,True,,
dataset/test/Healthy leaf/2025_11_21_IMG (266).JPG,2025_11_21_IMG (266).JPG,Healthy leaf,test,.jpg,560,420,RGB,JPEG,1,52452,a1415871c8390fc4c08074a0ff161323637c9eb9ed089afe488dd2547d115878,True,,
dataset/test/Healthy leaf/2025_11_21_IMG (273).JPG,2025_11_21_IMG (273).JPG,Healthy leaf,test,.jpg,560,420,RGB,JPEG,1,51118,79d63a45fc3841650513ade9fb5f6c5a0cdc644e89f4fb521c22dea603bbd6cf,True,,
dataset/test/Healthy leaf/2025_11_21_IMG (274).JPG,2025_11_21_IMG (274).JPG,Healthy leaf,test,.jpg,560,420,RGB,JPEG,1,50996,a8e56a386cf203736ed972ac360d5277a3f15e462f81f00aa611aa3933a99224,True,,
dataset/test/Healthy leaf/2025_11_21_IMG (292).JPG,2025_11_21_IMG (292).JPG,Healthy leaf,test,.jpg,560,420,RGB,JPEG,1,43026,7c8ad4e104117b1364f2d3484636d715f1ea1f3af1ab6fe2710575945f77838b,True,,
dataset/test/Healthy leaf/2025_11_21_IMG (294).JPG,2025_11_21_IMG (294).JPG,Healthy leaf,test,.jpg,560,420,RGB,JPEG,1,47637,07ff31e48021fb6edae2b45d9403889a6382d48b83ccaa74a8690c98f946e1c2,True,,
dataset/test/Healthy leaf/2025_11_21_IMG (35).JPG,2025_11_21_IMG (35).JPG,Healthy leaf,test,.jpg,560,420,RGB,JPEG,1,41349,3795fd3b5f6a6f41eb77ee321fd76c9035ffb5baed29880bdeae952d702e19fe,True,,
dataset/test/Healthy leaf/2025_11_21_IMG (40).JPG,2025_11_21_IMG (40).JPG,Healthy leaf,test,.jpg,560,420,RGB,JPEG,1,36618,9069f2079dc35a124e798901a35c39943b5cca19c806930c3017917f903c58d2,True,,
dataset/test/Healthy leaf/2025_11_21_IMG (61).JPG,2025_11_21_IMG (61).JPG,Healthy leaf,test,.jpg,560,420,RGB,JPEG,1,36651,c4315a4c839fb77dc0a5eee05ba299aece94824ca68d0db5c07b0596d34679fc,True,,
dataset/test/Healthy leaf/2025_11_21_IMG (79).JPG,2025_11_21_IMG (79).JPG,Healthy leaf,test,.jpg,560,420,RGB,JPEG,1,34808,cdaf67ab85626f5885fb11ed5225d7e97eb925aca5a831d44881581583feee16,True,,
dataset/test/Healthy leaf/2025_11_21_IMG (80).JPG,2025_11_21_IMG (80).JPG,Healthy leaf,test,.jpg,560,420,RGB,JPEG,1,32335,b275eec9780344f784b75a44121e02240afca5f940a632463147c7af5f6f2b13,True,,
dataset/test/Healthy leaf/2025_11_21_IMG (88).JPG,2025_11_21_IMG (88).JPG,Healthy leaf,test,.jpg,560,420,RGB,JPEG,1,33242,f53ebc9dfcbd3cf710f5d77e37494fddf95ca16c5a397323fdcedd6788f1ac6a,True,,
dataset/test/Healthy leaf/2025_11_21_IMG (90).JPG,2025_11_21_IMG (90).JPG,Healthy leaf,test,.jpg,560,420,RGB,JPEG,1,46140,2453ad9c58efc86ef6b3de0e743b0cf9e99827c393d8a112a209f08c7d4d8015,True,,
dataset/test/Healthy leaf/2025_11_21_IMG (92).JPG,2025_11_21_IMG (92).JPG,Healthy leaf,test,.jpg,560,420,RGB,JPEG,1,41319,a448f73db41de949e14abf77e36c7b9a6835c721a2f722b9facfea7f478298b6,True,,
dataset/test/Healthy leaf/2025_11_21_IMG (93).JPG,2025_11_21_IMG (93).JPG,Healthy leaf,test,.jpg,560,420,RGB,JPEG,1,39853,0dee9ff3dfbdd508246affb062fd45d8b959bf78a77b5d8ff6e455d05598c44c,True,,
