filepath_a,filename_a,split_a,class_a,filepath_b,filename_b,split_b,class_b,hamming_distance,similarity_score,review_status
dataset/train/Algal leaf spot/2025_12_21_IMG (1).JPG,2025_12_21_IMG (1).JPG,train,Algal leaf spot,dataset/test/Algal leaf spot/2025_12_21_IMG (310).JPG,2025_12_21_IMG (310).JPG,test,Algal leaf spot,0,1.0,near-duplicate candidate requiring manual review
dataset/train/Algal leaf spot/2025_12_21_IMG (137).JPG,2025_12_21_IMG (137).JPG,train,Algal leaf spot,dataset/val/Algal leaf spot/2025_12_21_IMG (136).JPG,2025_12_21_IMG (136).JPG,val,Algal leaf spot,0,1.0,near-duplicate candidate requiring manual review
dataset/train/Algal leaf spot/2025_12_21_IMG (175).JPG,2025_12_21_IMG (175).JPG,train,Algal leaf spot,dataset/val/Algal leaf spot/2025_12_21_IMG (174).JPG,2025_12_21_IMG (174).JPG,val,Algal leaf spot,0,1.0,near-duplicate candidate requiring manual review
dataset/train/Algal leaf spot/2025_12_21_IMG (186).JPG,2025_12_21_IMG (186).JPG,train,Algal leaf spot,dataset/val/Algal leaf spot/2025_12_21_IMG (187).JPG,2025_12_21_IMG (187).JPG,val,Algal leaf spot,0,1.0,near-duplicate candidate requiring manual review
dataset/train/Algal leaf spot/2025_12_21_IMG (198).JPG,2025_12_21_IMG (198).JPG,train,Algal leaf spot,dataset/test/Algal leaf spot/2025_12_21_IMG (199).JPG,2025_12_21_IMG (199).JPG,test,Algal leaf spot,0,1.0,near-duplicate candidate requiring manual review
dataset/train/Algal leaf spot/2025_12_21_IMG (207).JPG,2025_12_21_IMG (207).JPG,train,Algal leaf spot,dataset/test/Algal leaf spot/2025_12_21_IMG (206).JPG,2025_12_21_IMG (206).JPG,test,Algal leaf spot,0,1.0,near-duplicate candidate requiring manual review
dataset/train/Algal leaf spot/2025_12_21_IMG (207).JPG,2025_12_21_IMG (207).JPG,train,Algal leaf spot,dataset/val/Algal leaf spot/2025_12_21_IMG (205).JPG,2025_12_21_IMG (205).JPG,val,Algal leaf spot,0,1.0,near-duplicate candidate requiring manual review
dataset/train/Algal leaf spot/2025_12_21_IMG (279).JPG,2025_12_21_IMG (279).JPG,train,Algal leaf spot,dataset/val/Algal leaf spot/2025_12_21_IMG (278).JPG,2025_12_21_IMG (278).JPG,val,Algal leaf spot,0,1.0,near-duplicate candidate requiring manual review
dataset/train/Algal leaf spot/2025_12_21_IMG (280).JPG,2025_12_21_IMG (280).JPG,train,Algal leaf spot,dataset/val/Algal leaf spot/2025_12_21_IMG (278).JPG,2025_12_21_IMG (278).JPG,val,Algal leaf spot,0,1.0,near-duplicate candidate requiring manual review
dataset/train/Algal leaf spot/2025_12_21_IMG (77).JPG,2025_12_21_IMG (77).JPG,train,Algal leaf spot,dataset/test/Algal leaf spot/2025_12_21_IMG (78).JPG,2025_12_21_IMG (78).JPG,test,Algal leaf spot,0,1.0,near-duplicate candidate requiring manual review
dataset/train/Algal leaf spot/2025_12_21_IMG (80).JPG,2025_12_21_IMG (80).JPG,train,Algal leaf spot,dataset/test/Algal leaf spot/2025_12_21_IMG (78).JPG,2025_12_21_IMG (78).JPG,test,Algal leaf spot,0,1.0,near-duplicate candidate requiring manual review
dataset/train/Black spot/2025_12_20_IMG (200).JPG,2025_12_20_IMG (200).JPG,train,Black spot,dataset/test/Black spot/2025_12_20_IMG (201).JPG,2025_12_20_IMG (201).JPG,test,Black spot,0,1.0,near-duplicate candidate requiring manual review
dataset/train/Black spot/2025_12_20_IMG (6).JPG,2025_12_20_IMG (6).JPG,train,Black spot,dataset/val/Black spot/2025_12_20_IMG (7).JPG,2025_12_20_IMG (7).JPG,val,Black spot,0,1.0,near-duplicate candidate requiring manual review
dataset/train/Citrus canker/2025_12_21_IMG (208).JPG,2025_12_21_IMG (208).JPG,train,Citrus canker,dataset/test/Black spot/2025_12_20_IMG (146).JPG,2025_12_20_IMG (146).JPG,test,Black spot,0,1.0,near-duplicate candidate requiring manual review
dataset/train/Citrus canker/2025_12_21_IMG (208).JPG,2025_12_21_IMG (208).JPG,train,Citrus canker,dataset/val/Black spot/2025_12_20_IMG (145).JPG,2025_12_20_IMG (145).JPG,val,Black spot,0,1.0,near-duplicate candidate requiring manual review
dataset/train/Citrus canker/2025_12_21_IMG (341).JPG,2025_12_21_IMG (341).JPG,train,Citrus canker,dataset/test/Citrus canker/2025_12_21_IMG (342).JPG,2025_12_21_IMG (342).JPG,test,Citrus canker,0,1.0,near-duplicate candidate requiring manual review
dataset/train/Citrus canker/2025_12_21_IMG (486).JPG,2025_12_21_IMG (486).JPG,train,Citrus canker,dataset/val/Citrus canker/2025_12_21_IMG (487).JPG,2025_12_21_IMG (487).JPG,val,Citrus canker,0,1.0,near-duplicate candidate requiring manual review
dataset/train/Citrus canker/2025_12_21_IMG (544).JPG,2025_12_21_IMG (544).JPG,train,Citrus canker,dataset/val/Citrus canker/2025_12_21_IMG (545).JPG,2025_12_21_IMG (545).JPG,val,Citrus canker,0,1.0,near-duplicate candidate requiring manual review
dataset/train/Citrus canker/2025_12_21_IMG (546).JPG,2025_12_21_IMG (546).JPG,train,Citrus canker,dataset/val/Citrus canker/2025_12_21_IMG (545).JPG,2025_12_21_IMG (545).JPG,val,Citrus canker,0,1.0,near-duplicate candidate requiring manual review
dataset/train/Citrus pest/2025_12_20_IMG (211).JPG,2025_12_20_IMG (211).JPG,train,Citrus pest,dataset/test/Citrus pest/2025_12_20_IMG (210).JPG,2025_12_20_IMG (210).JPG,test,Citrus pest,0,1.0,near-duplicate candidate requiring manual review
dataset/train/Citrus pest/2025_12_20_IMG (291).JPG,2025_12_20_IMG (291).JPG,train,Citrus pest,dataset/val/Citrus pest/2025_12_20_IMG (290).JPG,2025_12_20_IMG (290).JPG,val,Citrus pest,0,1.0,near-duplicate candidate requiring manual review
dataset/train/Citrus pest/2025_12_20_IMG (389).JPG,2025_12_20_IMG (389).JPG,train,Citrus pest,dataset/test/Citrus pest/2025_12_20_IMG (387).JPG,2025_12_20_IMG (387).JPG,test,Citrus pest,0,1.0,near-duplicate candidate requiring manual review
dataset/train/Citrus pest/2025_12_20_IMG (389).JPG,2025_12_20_IMG (389).JPG,train,Citrus pest,dataset/test/Citrus pest/2025_12_20_IMG (388).JPG,2025_12_20_IMG (388).JPG,test,Citrus pest,0,1.0,near-duplicate candidate requiring manual review
dataset/train/Citrus pest/2025_12_20_IMG (393).JPG,2025_12_20_IMG (393).JPG,train,Citrus pest,dataset/test/Citrus pest/2025_12_20_IMG (394).JPG,2025_12_20_IMG (394).JPG,test,Citrus pest,0,1.0,near-duplicate candidate requiring manual review
dataset/train/Citrus pest/2025_12_20_IMG (402).JPG,2025_12_20_IMG (402).JPG,train,Citrus pest,dataset/test/Citrus pest/2025_12_20_IMG (404).JPG,2025_12_20_IMG (404).JPG,test,Citrus pest,0,1.0,near-duplicate candidate requiring manual review
dataset/train/Greening/2025_12_21_IMG (275).JPG,2025_12_21_IMG (275).JPG,train,Greening,dataset/test/Greening/2025_12_21_IMG (274).JPG,2025_12_21_IMG (274).JPG,test,Greening,0,1.0,near-duplicate candidate requiring manual review
dataset/train/Healthy leaf/2025_11_21_IMG (290).JPG,2025_11_21_IMG (290).JPG,train,Healthy leaf,dataset/test/Healthy leaf/2025_11_21_IMG (292).JPG,2025_11_21_IMG (292).JPG,test,Healthy leaf,0,1.0,near-duplicate candidate requiring manual review
dataset/train/Healthy leaf/2025_11_21_IMG (67).JPG,2025_11_21_IMG (67).JPG,train,Healthy leaf,dataset/val/Healthy leaf/2025_11_21_IMG (66).JPG,2025_11_21_IMG (66).JPG,val,Healthy leaf,0,1.0,near-duplicate candidate requiring manual review
dataset/train/Healthy leaf/2025_11_21_IMG (81).JPG,2025_11_21_IMG (81).JPG,train,Healthy leaf,dataset/test/Healthy leaf/2025_11_21_IMG (80).JPG,2025_11_21_IMG (80).JPG,test,Healthy leaf,0,1.0,near-duplicate candidate requiring manual review
dataset/val/Algal leaf spot/2025_12_21_IMG (205).JPG,2025_12_21_IMG (205).JPG,val,Algal leaf spot,dataset/test/Algal leaf spot/2025_12_21_IMG (206).JPG,2025_12_21_IMG (206).JPG,test,Algal leaf spot,0,1.0,near-duplicate candidate requiring manual review
dataset/val/Algal leaf spot/2025_12_21_IMG (253).JPG,2025_12_21_IMG (253).JPG,val,Algal leaf spot,dataset/test/Algal leaf spot/2025_12_21_IMG (254).JPG,2025_12_21_IMG (254).JPG,test,Algal leaf spot,0,1.0,near-duplicate candidate requiring manual review
dataset/val/Black spot/2025_12_20_IMG (145).JPG,2025_12_20_IMG (145).JPG,val,Black spot,dataset/test/Black spot/2025_12_20_IMG (146).JPG,2025_12_20_IMG (146).JPG,test,Black spot,0,1.0,near-duplicate candidate requiring manual review
dataset/val/Black spot/2025_12_20_IMG (257).JPG,2025_12_20_IMG (257).JPG,val,Black spot,dataset/test/Black spot/2025_12_20_IMG (256).JPG,2025_12_20_IMG (256).JPG,test,Black spot,0,1.0,near-duplicate candidate requiring manual review
dataset/val/Black spot/2025_12_20_IMG (257).JPG,2025_12_20_IMG (257).JPG,val,Black spot,dataset/test/Black spot/2025_12_20_IMG (258).JPG,2025_12_20_IMG (258).JPG,test,Black spot,0,1.0,near-duplicate candidate requiring manual review
dataset/val/Healthy leaf/2025_11_21_IMG (253).JPG,2025_11_21_IMG (253).JPG,val,Healthy leaf,dataset/test/Healthy leaf/2025_11_21_IMG (254).JPG,2025_11_21_IMG (254).JPG,test,Healthy leaf,0,1.0,near-duplicate candidate requiring manual review
dataset/val/Healthy leaf/2025_11_21_IMG (257).JPG,2025_11_21_IMG (257).JPG,val,Healthy leaf,dataset/test/Healthy leaf/2025_11_21_IMG (256).JPG,2025_11_21_IMG (256).JPG,test,Healthy leaf,0,1.0,near-duplicate candidate requiring manual review
dataset/val/Healthy leaf/2025_11_21_IMG (267).JPG,2025_11_21_IMG (267).JPG,val,Healthy leaf,dataset/test/Healthy leaf/2025_11_21_IMG (266).JPG,2025_11_21_IMG (266).JPG,test,Healthy leaf,0,1.0,near-duplicate candidate requiring manual review
dataset/train/Algal leaf spot/2025_12_21_IMG (116).JPG,2025_12_21_IMG (116).JPG,train,Algal leaf spot,dataset/val/Algal leaf spot/2025_12_21_IMG (115).JPG,2025_12_21_IMG (115).JPG,val,Algal leaf spot,1,0.984375,near-duplicate candidate requiring manual review
dataset/train/Algal leaf spot/2025_12_21_IMG (137).JPG,2025_12_21_IMG (137).JPG,train,Algal leaf spot,dataset/test/Algal leaf spot/2025_12_21_IMG (135).JPG,2025_12_21_IMG (135).JPG,test,Algal leaf spot,1,0.984375,near-duplicate candidate requiring manual review
dataset/train/Algal leaf spot/2025_12_21_IMG (137).JPG,2025_12_21_IMG (137).JPG,train,Algal leaf spot,dataset/val/Algal leaf spot/2025_12_21_IMG (138).JPG,2025_12_21_IMG (138).JPG,val,Algal leaf spot,1,0.984375,near-duplicate candidate requiring manual review
dataset/train/Algal leaf spot/2025_12_21_IMG (144).JPG,2025_12_21_IMG (144).JPG,train,Algal leaf spot,dataset/test/Algal leaf spot/2025_12_21_IMG (143).JPG,2025_12_21_IMG (143).JPG,test,Algal leaf spot,1,0.984375,near-duplicate candidate requiring manual review
dataset/train/Algal leaf spot/2025_12_21_IMG (158).JPG,2025_12_21_IMG (158).JPG,train,Algal leaf spot,dataset/test/Algal leaf spot/2025_12_21_IMG (156).JPG,2025_12_21_IMG (156).JPG,test,Algal leaf spot,1,0.984375,near-duplicate candidate requiring manual review
dataset/train/Algal leaf spot/2025_12_21_IMG (171).JPG,2025_12_21_IMG (171).JPG,train,Algal leaf spot,dataset/test/Algal leaf spot/2025_12_21_IMG (170).JPG,2025_12_21_IMG (170).JPG,test,Algal leaf spot,1,0.984375,near-duplicate candidate requiring manual review
dataset/train/Algal leaf spot/2025_12_21_IMG (18).JPG,2025_12_21_IMG (18).JPG,train,Algal leaf spot,dataset/test/Algal leaf spot/2025_12_21_IMG (20).JPG,2025_12_21_IMG (20).JPG,test,Algal leaf spot,1,0.984375,near-duplicate candidate requiring manual review
dataset/train/Algal leaf spot/2025_12_21_IMG (222).JPG,2025_12_21_IMG (222).JPG,train,Algal leaf spot,dataset/val/Algal leaf spot/2025_12_21_IMG (221).JPG,2025_12_21_IMG (221).JPG,val,Algal leaf spot,1,0.984375,near-duplicate candidate requiring manual review
dataset/train/Algal leaf spot/2025_12_21_IMG (259).JPG,2025_12_21_IMG (259).JPG,train,Algal leaf spot,dataset/test/Algal leaf spot/2025_12_21_IMG (258).JPG,2025_12_21_IMG (258).JPG,test,Algal leaf spot,1,0.984375,near-duplicate candidate requiring manual review
dataset/train/Algal leaf spot/2025_12_21_IMG (7).JPG,2025_12_21_IMG (7).JPG,train,Algal leaf spot,dataset/val/Algal leaf spot/2025_12_21_IMG (6).JPG,2025_12_21_IMG (6).JPG,val,Algal leaf spot,1,0.984375,near-duplicate candidate requiring manual review
dataset/train/Algal leaf spot/2025_12_21_IMG (77).JPG,2025_12_21_IMG (77).JPG,train,Algal leaf spot,dataset/test/Algal leaf spot/2025_12_21_IMG (79).JPG,2025_12_21_IMG (79).JPG,test,Algal leaf spot,1,0.984375,near-duplicate candidate requiring manual review
dataset/train/Algal leaf spot/2025_12_21_IMG (80).JPG,2025_12_21_IMG (80).JPG,train,Algal leaf spot,dataset/test/Algal leaf spot/2025_12_21_IMG (79).JPG,2025_12_21_IMG (79).JPG,test,Algal leaf spot,1,0.984375,near-duplicate candidate requiring manual review
dataset/train/Black spot/2025_12_20_IMG (140).JPG,2025_12_20_IMG (140).JPG,train,Black spot,dataset/test/Black spot/2025_12_20_IMG (139).JPG,2025_12_20_IMG (139).JPG,test,Black spot,1,0.984375,near-duplicate candidate requiring manual review
dataset/train/Black spot/2025_12_20_IMG (144).JPG,2025_12_20_IMG (144).JPG,train,Black spot,dataset/test/Black spot/2025_12_20_IMG (146).JPG,2025_12_20_IMG (146).JPG,test,Black spot,1,0.984375,near-duplicate candidate requiring manual review
dataset/train/Black spot/2025_12_20_IMG (144).JPG,2025_12_20_IMG (144).JPG,train,Black spot,dataset/val/Black spot/2025_12_20_IMG (145).JPG,2025_12_20_IMG (145).JPG,val,Black spot,1,0.984375,near-duplicate candidate requiring manual review
dataset/train/Black spot/2025_12_20_IMG (149).JPG,2025_12_20_IMG (149).JPG,train,Black spot,dataset/test/Black spot/2025_12_20_IMG (150).JPG,2025_12_20_IMG (150).JPG,test,Black spot,1,0.984375,near-duplicate candidate requiring manual review
dataset/train/Black spot/2025_12_20_IMG (152).JPG,2025_12_20_IMG (152).JPG,train,Black spot,dataset/val/Black spot/2025_12_20_IMG (151).JPG,2025_12_20_IMG (151).JPG,val,Black spot,1,0.984375,near-duplicate candidate requiring manual review
dataset/train/Black spot/2025_12_20_IMG (195).JPG,2025_12_20_IMG (195).JPG,train,Black spot,dataset/val/Black spot/2025_12_20_IMG (196).JPG,2025_12_20_IMG (196).JPG,val,Black spot,1,0.984375,near-duplicate candidate requiring manual review
dataset/train/Citrus canker/2025_12_21_IMG (343).JPG,2025_12_21_IMG (343).JPG,train,Citrus canker,dataset/test/Citrus canker/2025_12_21_IMG (344).JPG,2025_12_21_IMG (344).JPG,test,Citrus canker,1,0.984375,near-duplicate candidate requiring manual review
dataset/train/Citrus canker/2025_12_21_IMG (375).JPG,2025_12_21_IMG (375).JPG,train,Citrus canker,dataset/test/Citrus canker/2025_12_21_IMG (374).JPG,2025_12_21_IMG (374).JPG,test,Citrus canker,1,0.984375,near-duplicate candidate requiring manual review
dataset/train/Citrus canker/2025_12_21_IMG (417).JPG,2025_12_21_IMG (417).JPG,train,Citrus canker,dataset/test/Citrus canker/2025_12_21_IMG (418).JPG,2025_12_21_IMG (418).JPG,test,Citrus canker,1,0.984375,near-duplicate candidate requiring manual review
dataset/train/Citrus canker/2025_12_21_IMG (439).JPG,2025_12_21_IMG (439).JPG,train,Citrus canker,dataset/val/Citrus canker/2025_12_21_IMG (438).JPG,2025_12_21_IMG (438).JPG,val,Citrus canker,1,0.984375,near-duplicate candidate requiring manual review
dataset/train/Citrus canker/2025_12_21_IMG (530).JPG,2025_12_21_IMG (530).JPG,train,Citrus canker,dataset/val/Citrus canker/2025_12_21_IMG (531).JPG,2025_12_21_IMG (531).JPG,val,Citrus canker,1,0.984375,near-duplicate candidate requiring manual review
dataset/train/Citrus pest/2025_12_20_IMG (193).JPG,2025_12_20_IMG (193).JPG,train,Citrus pest,dataset/test/Citrus pest/2025_12_20_IMG (303).JPG,2025_12_20_IMG (303).JPG,test,Citrus pest,1,0.984375,near-duplicate candidate requiring manual review
dataset/train/Citrus pest/2025_12_20_IMG (194).JPG,2025_12_20_IMG (194).JPG,train,Citrus pest,dataset/val/Citrus pest/2025_12_20_IMG (196).JPG,2025_12_20_IMG (196).JPG,val,Citrus pest,1,0.984375,near-duplicate candidate requiring manual review
dataset/train/Citrus pest/2025_12_20_IMG (195).JPG,2025_12_20_IMG (195).JPG,train,Citrus pest,dataset/val/Citrus pest/2025_12_20_IMG (196).JPG,2025_12_20_IMG (196).JPG,val,Citrus pest,1,0.984375,near-duplicate candidate requiring manual review
dataset/train/Citrus pest/2025_12_20_IMG (206).JPG,2025_12_20_IMG (206).JPG,train,Citrus pest,dataset/test/Citrus pest/2025_12_20_IMG (208).JPG,2025_12_20_IMG (208).JPG,test,Citrus pest,1,0.984375,near-duplicate candidate requiring manual review
dataset/train/Citrus pest/2025_12_20_IMG (214).JPG,2025_12_20_IMG (214).JPG,train,Citrus pest,dataset/test/Citrus pest/2025_12_20_IMG (215).JPG,2025_12_20_IMG (215).JPG,test,Citrus pest,1,0.984375,near-duplicate candidate requiring manual review
dataset/train/Citrus pest/2025_12_20_IMG (233).JPG,2025_12_20_IMG (233).JPG,train,Citrus pest,dataset/test/Citrus pest/2025_12_20_IMG (234).JPG,2025_12_20_IMG (234).JPG,test,Citrus pest,1,0.984375,near-duplicate candidate requiring manual review
dataset/train/Citrus pest/2025_12_20_IMG (233).JPG,2025_12_20_IMG (233).JPG,train,Citrus pest,dataset/val/Citrus pest/2025_12_20_IMG (232).JPG,2025_12_20_IMG (232).JPG,val,Citrus pest,1,0.984375,near-duplicate candidate requiring manual review
dataset/train/Citrus pest/2025_12_20_IMG (255).JPG,2025_12_20_IMG (255).JPG,train,Citrus pest,dataset/val/Citrus pest/2025_12_20_IMG (253).JPG,2025_12_20_IMG (253).JPG,val,Citrus pest,1,0.984375,near-duplicate candidate requiring manual review
dataset/train/Citrus pest/2025_12_20_IMG (270).JPG,2025_12_20_IMG (270).JPG,train,Citrus pest,dataset/val/Citrus pest/2025_12_20_IMG (271).JPG,2025_12_20_IMG (271).JPG,val,Citrus pest,1,0.984375,near-duplicate candidate requiring manual review
dataset/train/Citrus pest/2025_12_20_IMG (284).JPG,2025_12_20_IMG (284).JPG,train,Citrus pest,dataset/test/Citrus pest/2025_12_20_IMG (283).JPG,2025_12_20_IMG (283).JPG,test,Citrus pest,1,0.984375,near-duplicate candidate requiring manual review
dataset/train/Citrus pest/2025_12_20_IMG (291).JPG,2025_12_20_IMG (291).JPG,train,Citrus pest,dataset/val/Citrus pest/2025_12_20_IMG (292).JPG,2025_12_20_IMG (292).JPG,val,Citrus pest,1,0.984375,near-duplicate candidate requiring manual review
dataset/train/Citrus pest/2025_12_20_IMG (342).JPG,2025_12_20_IMG (342).JPG,train,Citrus pest,dataset/val/Citrus pest/2025_12_20_IMG (343).JPG,2025_12_20_IMG (343).JPG,val,Citrus pest,1,0.984375,near-duplicate candidate requiring manual review
dataset/train/Citrus pest/2025_12_20_IMG (344).JPG,2025_12_20_IMG (344).JPG,train,Citrus pest,dataset/val/Citrus pest/2025_12_20_IMG (343).JPG,2025_12_20_IMG (343).JPG,val,Citrus pest,1,0.984375,near-duplicate candidate requiring manual review
dataset/train/Citrus pest/2025_12_20_IMG (354).JPG,2025_12_20_IMG (354).JPG,train,Citrus pest,dataset/val/Citrus pest/2025_12_20_IMG (355).JPG,2025_12_20_IMG (355).JPG,val,Citrus pest,1,0.984375,near-duplicate candidate requiring manual review
dataset/train/Citrus pest/2025_12_20_IMG (372).JPG,2025_12_20_IMG (372).JPG,train,Citrus pest,dataset/val/Citrus pest/2025_12_20_IMG (370).JPG,2025_12_20_IMG (370).JPG,val,Citrus pest,1,0.984375,near-duplicate candidate requiring manual review
dataset/train/Citrus pest/2025_12_20_IMG (376).JPG,2025_12_20_IMG (376).JPG,train,Citrus pest,dataset/val/Citrus pest/2025_12_20_IMG (375).JPG,2025_12_20_IMG (375).JPG,val,Citrus pest,1,0.984375,near-duplicate candidate requiring manual review
dataset/train/Citrus pest/2025_12_20_IMG (379).JPG,2025_12_20_IMG (379).JPG,train,Citrus pest,dataset/test/Citrus pest/2025_12_20_IMG (380).JPG,2025_12_20_IMG (380).JPG,test,Citrus pest,1,0.984375,near-duplicate candidate requiring manual review
dataset/train/Greening/2025_12_21_IMG (15).JPG,2025_12_21_IMG (15).JPG,train,Greening,dataset/val/Greening/2025_12_21_IMG (16).JPG,2025_12_21_IMG (16).JPG,val,Greening,1,0.984375,near-duplicate candidate requiring manual review
dataset/train/Greening/2025_12_21_IMG (245).JPG,2025_12_21_IMG (245).JPG,train,Greening,dataset/val/Greening/2025_12_21_IMG (244).JPG,2025_12_21_IMG (244).JPG,val,Greening,1,0.984375,near-duplicate candidate requiring manual review
dataset/train/Greening/2025_12_21_IMG (250).JPG,2025_12_21_IMG (250).JPG,train,Greening,dataset/val/Greening/2025_12_21_IMG (249).JPG,2025_12_21_IMG (249).JPG,val,Greening,1,0.984375,near-duplicate candidate requiring manual review
dataset/train/Greening/2025_12_21_IMG (251).JPG,2025_12_21_IMG (251).JPG,train,Greening,dataset/val/Greening/2025_12_21_IMG (249).JPG,2025_12_21_IMG (249).JPG,val,Greening,1,0.984375,near-duplicate candidate requiring manual review
dataset/train/Greening/2025_12_21_IMG (252).JPG,2025_12_21_IMG (252).JPG,train,Greening,dataset/val/Greening/2025_12_21_IMG (249).JPG,2025_12_21_IMG (249).JPG,val,Greening,1,0.984375,near-duplicate candidate requiring manual review
dataset/train/Greening/2025_12_21_IMG (253).JPG,2025_12_21_IMG (253).JPG,train,Greening,dataset/test/Greening/2025_12_21_IMG (256).JPG,2025_12_21_IMG (256).JPG,test,Greening,1,0.984375,near-duplicate candidate requiring manual review
dataset/train/Greening/2025_12_21_IMG (255).JPG,2025_12_21_IMG (255).JPG,train,Greening,dataset/test/Greening/2025_12_21_IMG (256).JPG,2025_12_21_IMG (256).JPG,test,Greening,1,0.984375,near-duplicate candidate requiring manual review
dataset/train/Greening/2025_12_21_IMG (259).JPG,2025_12_21_IMG (259).JPG,train,Greening,dataset/test/Greening/2025_12_21_IMG (258).JPG,2025_12_21_IMG (258).JPG,test,Greening,1,0.984375,near-duplicate candidate requiring manual review
dataset/train/Greening/2025_12_21_IMG (260).JPG,2025_12_21_IMG (260).JPG,train,Greening,dataset/test/Greening/2025_12_21_IMG (258).JPG,2025_12_21_IMG (258).JPG,test,Greening,1,0.984375,near-duplicate candidate requiring manual review
dataset/train/Healthy leaf/2025_11_21_IMG (108).JPG,2025_11_21_IMG (108).JPG,train,Healthy leaf,dataset/val/Healthy leaf/2025_11_21_IMG (109).JPG,2025_11_21_IMG (109).JPG,val,Healthy leaf,1,0.984375,near-duplicate candidate requiring manual review
dataset/train/Healthy leaf/2025_11_21_IMG (118).JPG,2025_11_21_IMG (118).JPG,train,Healthy leaf,dataset/val/Healthy leaf/2025_11_21_IMG (117).JPG,2025_11_21_IMG (117).JPG,val,Healthy leaf,1,0.984375,near-duplicate candidate requiring manual review
dataset/train/Healthy leaf/2025_11_21_IMG (181).JPG,2025_11_21_IMG (181).JPG,train,Healthy leaf,dataset/val/Healthy leaf/2025_11_21_IMG (180).JPG,2025_11_21_IMG (180).JPG,val,Healthy leaf,1,0.984375,near-duplicate candidate requiring manual review
dataset/train/Healthy leaf/2025_11_21_IMG (252).JPG,2025_11_21_IMG (252).JPG,train,Healthy leaf,dataset/test/Healthy leaf/2025_11_21_IMG (254).JPG,2025_11_21_IMG (254).JPG,test,Healthy leaf,1,0.984375,near-duplicate candidate requiring manual review
dataset/train/Healthy leaf/2025_11_21_IMG (252).JPG,2025_11_21_IMG (252).JPG,train,Healthy leaf,dataset/val/Healthy leaf/2025_11_21_IMG (253).JPG,2025_11_21_IMG (253).JPG,val,Healthy leaf,1,0.984375,near-duplicate candidate requiring manual review
dataset/train/Healthy leaf/2025_11_21_IMG (255).JPG,2025_11_21_IMG (255).JPG,train,Healthy leaf,dataset/test/Healthy leaf/2025_11_21_IMG (254).JPG,2025_11_21_IMG (254).JPG,test,Healthy leaf,1,0.984375,near-duplicate candidate requiring manual review
dataset/train/Healthy leaf/2025_11_21_IMG (255).JPG,2025_11_21_IMG (255).JPG,train,Healthy leaf,dataset/val/Healthy leaf/2025_11_21_IMG (253).JPG,2025_11_21_IMG (253).JPG,val,Healthy leaf,1,0.984375,near-duplicate candidate requiring manual review
dataset/train/Healthy leaf/2025_11_21_IMG (263).JPG,2025_11_21_IMG (263).JPG,train,Healthy leaf,dataset/test/Healthy leaf/2025_11_21_IMG (264).JPG,2025_11_21_IMG (264).JPG,test,Healthy leaf,1,0.984375,near-duplicate candidate requiring manual review
dataset/train/Healthy leaf/2025_11_21_IMG (265).JPG,2025_11_21_IMG (265).JPG,train,Healthy leaf,dataset/test/Healthy leaf/2025_11_21_IMG (264).JPG,2025_11_21_IMG (264).JPG,test,Healthy leaf,1,0.984375,near-duplicate candidate requiring manual review
dataset/train/Healthy leaf/2025_11_21_IMG (295).JPG,2025_11_21_IMG (295).JPG,train,Healthy leaf,dataset/val/Healthy leaf/2025_11_21_IMG (296).JPG,2025_11_21_IMG (296).JPG,val,Healthy leaf,1,0.984375,near-duplicate candidate requiring manual review
dataset/train/Healthy leaf/2025_11_21_IMG (76).JPG,2025_11_21_IMG (76).JPG,train,Healthy leaf,dataset/test/Healthy leaf/2025_11_21_IMG (79).JPG,2025_11_21_IMG (79).JPG,test,Healthy leaf,1,0.984375,near-duplicate candidate requiring manual review
dataset/val/Algal leaf spot/2025_12_21_IMG (136).JPG,2025_12_21_IMG (136).JPG,val,Algal leaf spot,dataset/test/Algal leaf spot/2025_12_21_IMG (135).JPG,2025_12_21_IMG (135).JPG,test,Algal leaf spot,1,0.984375,near-duplicate candidate requiring manual review
dataset/val/Black spot/2025_12_20_IMG (111).JPG,2025_12_20_IMG (111).JPG,val,Black spot,dataset/test/Black spot/2025_12_20_IMG (112).JPG,2025_12_20_IMG (112).JPG,test,Black spot,1,0.984375,near-duplicate candidate requiring manual review
dataset/val/Citrus canker/2025_12_21_IMG (350).JPG,2025_12_21_IMG (350).JPG,val,Citrus canker,dataset/test/Citrus canker/2025_12_21_IMG (352).JPG,2025_12_21_IMG (352).JPG,test,Citrus canker,1,0.984375,near-duplicate candidate requiring manual review
dataset/val/Citrus pest/2025_12_20_IMG (321).JPG,2025_12_20_IMG (321).JPG,val,Citrus pest,dataset/test/Citrus pest/2025_12_20_IMG (320).JPG,2025_12_20_IMG (320).JPG,test,Citrus pest,1,0.984375,near-duplicate candidate requiring manual review
dataset/val/Healthy leaf/2025_11_21_IMG (257).JPG,2025_11_21_IMG (257).JPG,val,Healthy leaf,dataset/test/Healthy leaf/2025_11_21_IMG (258).JPG,2025_11_21_IMG (258).JPG,test,Healthy leaf,1,0.984375,near-duplicate candidate requiring manual review
dataset/train/Algal leaf spot/2025_12_21_IMG (10).JPG,2025_12_21_IMG (10).JPG,train,Algal leaf spot,dataset/test/Algal leaf spot/2025_12_21_IMG (11).JPG,2025_12_21_IMG (11).JPG,test,Algal leaf spot,2,0.96875,near-duplicate candidate requiring manual review
dataset/train/Algal leaf spot/2025_12_21_IMG (118).JPG,2025_12_21_IMG (118).JPG,train,Algal leaf spot,dataset/test/Algal leaf spot/2025_12_21_IMG (119).JPG,2025_12_21_IMG (119).JPG,test,Algal leaf spot,2,0.96875,near-duplicate candidate requiring manual review
dataset/train/Algal leaf spot/2025_12_21_IMG (127).JPG,2025_12_21_IMG (127).JPG,train,Algal leaf spot,dataset/val/Algal leaf spot/2025_12_21_IMG (130).JPG,2025_12_21_IMG (130).JPG,val,Algal leaf spot,2,0.96875,near-duplicate candidate requiring manual review
dataset/train/Algal leaf spot/2025_12_21_IMG (157).JPG,2025_12_21_IMG (157).JPG,train,Algal leaf spot,dataset/test/Algal leaf spot/2025_12_21_IMG (156).JPG,2025_12_21_IMG (156).JPG,test,Algal leaf spot,2,0.96875,near-duplicate candidate requiring manual review
dataset/train/Algal leaf spot/2025_12_21_IMG (162).JPG,2025_12_21_IMG (162).JPG,train,Algal leaf spot,dataset/test/Algal leaf spot/2025_12_21_IMG (163).JPG,2025_12_21_IMG (163).JPG,test,Algal leaf spot,2,0.96875,near-duplicate candidate requiring manual review
dataset/train/Algal leaf spot/2025_12_21_IMG (17).JPG,2025_12_21_IMG (17).JPG,train,Algal leaf spot,dataset/test/Algal leaf spot/2025_12_21_IMG (20).JPG,2025_12_21_IMG (20).JPG,test,Algal leaf spot,2,0.96875,near-duplicate candidate requiring manual review
dataset/train/Algal leaf spot/2025_12_21_IMG (182).JPG,2025_12_21_IMG (182).JPG,train,Algal leaf spot,dataset/val/Algal leaf spot/2025_12_21_IMG (183).JPG,2025_12_21_IMG (183).JPG,val,Algal leaf spot,2,0.96875,near-duplicate candidate requiring manual review
dataset/train/Algal leaf spot/2025_12_21_IMG (185).JPG,2025_12_21_IMG (185).JPG,train,Algal leaf spot,dataset/val/Algal leaf spot/2025_12_21_IMG (184).JPG,2025_12_21_IMG (184).JPG,val,Algal leaf spot,2,0.96875,near-duplicate candidate requiring manual review
dataset/train/Algal leaf spot/2025_12_21_IMG (19).JPG,2025_12_21_IMG (19).JPG,train,Algal leaf spot,dataset/test/Algal leaf spot/2025_12_21_IMG (20).JPG,2025_12_21_IMG (20).JPG,test,Algal leaf spot,2,0.96875,near-duplicate candidate requiring manual review
dataset/train/Algal leaf spot/2025_12_21_IMG (208).JPG,2025_12_21_IMG (208).JPG,train,Algal leaf spot,dataset/test/Algal leaf spot/2025_12_21_IMG (206).JPG,2025_12_21_IMG (206).JPG,test,Algal leaf spot,2,0.96875,near-duplicate candidate requiring manual review
dataset/train/Algal leaf spot/2025_12_21_IMG (208).JPG,2025_12_21_IMG (208).JPG,train,Algal leaf spot,dataset/val/Algal leaf spot/2025_12_21_IMG (205).JPG,2025_12_21_IMG (205).JPG,val,Algal leaf spot,2,0.96875,near-duplicate candidate requiring manual review
dataset/train/Algal leaf spot/2025_12_21_IMG (255).JPG,2025_12_21_IMG (255).JPG,train,Algal leaf spot,dataset/val/Algal leaf spot/2025_12_21_IMG (257).JPG,2025_12_21_IMG (257).JPG,val,Algal leaf spot,2,0.96875,near-duplicate candidate requiring manual review
dataset/train/Algal leaf spot/2025_12_21_IMG (275).JPG,2025_12_21_IMG (275).JPG,train,Algal leaf spot,dataset/test/Algal leaf spot/2025_12_21_IMG (273).JPG,2025_12_21_IMG (273).JPG,test,Algal leaf spot,2,0.96875,near-duplicate candidate requiring manual review
dataset/train/Algal leaf spot/2025_12_21_IMG (304).JPG,2025_12_21_IMG (304).JPG,train,Algal leaf spot,dataset/test/Algal leaf spot/2025_12_21_IMG (305).JPG,2025_12_21_IMG (305).JPG,test,Algal leaf spot,2,0.96875,near-duplicate candidate requiring manual review
dataset/train/Algal leaf spot/2025_12_21_IMG (306).JPG,2025_12_21_IMG (306).JPG,train,Algal leaf spot,dataset/test/Algal leaf spot/2025_12_21_IMG (305).JPG,2025_12_21_IMG (305).JPG,test,Algal leaf spot,2,0.96875,near-duplicate candidate requiring manual review
dataset/train/Algal leaf spot/2025_12_21_IMG (45).JPG,2025_12_21_IMG (45).JPG,train,Algal leaf spot,dataset/val/Algal leaf spot/2025_12_21_IMG (44).JPG,2025_12_21_IMG (44).JPG,val,Algal leaf spot,2,0.96875,near-duplicate candidate requiring manual review
dataset/train/Algal leaf spot/2025_12_21_IMG (46).JPG,2025_12_21_IMG (46).JPG,train,Algal leaf spot,dataset/val/Algal leaf spot/2025_12_21_IMG (47).JPG,2025_12_21_IMG (47).JPG,val,Algal leaf spot,2,0.96875,near-duplicate candidate requiring manual review
dataset/train/Algal leaf spot/2025_12_21_IMG (85).JPG,2025_12_21_IMG (85).JPG,train,Algal leaf spot,dataset/val/Algal leaf spot/2025_12_21_IMG (86).JPG,2025_12_21_IMG (86).JPG,val,Algal leaf spot,2,0.96875,near-duplicate candidate requiring manual review
dataset/train/Black spot/2025_12_20_IMG (107).JPG,2025_12_20_IMG (107).JPG,train,Black spot,dataset/val/Black spot/2025_12_20_IMG (106).JPG,2025_12_20_IMG (106).JPG,val,Black spot,2,0.96875,near-duplicate candidate requiring manual review
dataset/train/Black spot/2025_12_20_IMG (187).JPG,2025_12_20_IMG (187).JPG,train,Black spot,dataset/val/Black spot/2025_12_20_IMG (188).JPG,2025_12_20_IMG (188).JPG,val,Black spot,2,0.96875,near-duplicate candidate requiring manual review
dataset/train/Black spot/2025_12_20_IMG (202).JPG,2025_12_20_IMG (202).JPG,train,Black spot,dataset/val/Black spot/2025_12_20_IMG (203).JPG,2025_12_20_IMG (203).JPG,val,Black spot,2,0.96875,near-duplicate candidate requiring manual review
dataset/train/Black spot/2025_12_20_IMG (207).JPG,2025_12_20_IMG (207).JPG,train,Black spot,dataset/test/Black spot/2025_12_20_IMG (206).JPG,2025_12_20_IMG (206).JPG,test,Black spot,2,0.96875,near-duplicate candidate requiring manual review
dataset/train/Black spot/2025_12_20_IMG (22).JPG,2025_12_20_IMG (22).JPG,train,Black spot,dataset/test/Black spot/2025_12_20_IMG (20).JPG,2025_12_20_IMG (20).JPG,test,Black spot,2,0.96875,near-duplicate candidate requiring manual review
dataset/train/Black spot/2025_12_20_IMG (226).JPG,2025_12_20_IMG (226).JPG,train,Black spot,dataset/test/Black spot/2025_12_20_IMG (225).JPG,2025_12_20_IMG (225).JPG,test,Black spot,2,0.96875,near-duplicate candidate requiring manual review
dataset/train/Black spot/2025_12_20_IMG (255).JPG,2025_12_20_IMG (255).JPG,train,Black spot,dataset/test/Black spot/2025_12_20_IMG (254).JPG,2025_12_20_IMG (254).JPG,test,Black spot,2,0.96875,near-duplicate candidate requiring manual review
dataset/train/Black spot/2025_12_20_IMG (5).JPG,2025_12_20_IMG (5).JPG,train,Black spot,dataset/val/Black spot/2025_12_20_IMG (7).JPG,2025_12_20_IMG (7).JPG,val,Black spot,2,0.96875,near-duplicate candidate requiring manual review
dataset/train/Black spot/2025_12_20_IMG (54).JPG,2025_12_20_IMG (54).JPG,train,Black spot,dataset/test/Black spot/2025_12_20_IMG (53).JPG,2025_12_20_IMG (53).JPG,test,Black spot,2,0.96875,near-duplicate candidate requiring manual review
dataset/train/Black spot/2025_12_20_IMG (63).JPG,2025_12_20_IMG (63).JPG,train,Black spot,dataset/val/Black spot/2025_12_20_IMG (62).JPG,2025_12_20_IMG (62).JPG,val,Black spot,2,0.96875,near-duplicate candidate requiring manual review
dataset/train/Citrus canker/2025_12_21_IMG (343).JPG,2025_12_21_IMG (343).JPG,train,Citrus canker,dataset/test/Citrus canker/2025_12_21_IMG (342).JPG,2025_12_21_IMG (342).JPG,test,Citrus canker,2,0.96875,near-duplicate candidate requiring manual review
dataset/train/Citrus canker/2025_12_21_IMG (353).JPG,2025_12_21_IMG (353).JPG,train,Citrus canker,dataset/test/Citrus canker/2025_12_21_IMG (352).JPG,2025_12_21_IMG (352).JPG,test,Citrus canker,2,0.96875,near-duplicate candidate requiring manual review
dataset/train/Citrus canker/2025_12_21_IMG (364).JPG,2025_12_21_IMG (364).JPG,train,Citrus canker,dataset/val/Citrus canker/2025_12_21_IMG (363).JPG,2025_12_21_IMG (363).JPG,val,Citrus canker,2,0.96875,near-duplicate candidate requiring manual review
dataset/train/Citrus canker/2025_12_21_IMG (365).JPG,2025_12_21_IMG (365).JPG,train,Citrus canker,dataset/val/Citrus canker/2025_12_21_IMG (363).JPG,2025_12_21_IMG (363).JPG,val,Citrus canker,2,0.96875,near-duplicate candidate requiring manual review
dataset/train/Citrus canker/2025_12_21_IMG (379).JPG,2025_12_21_IMG (379).JPG,train,Citrus canker,dataset/test/Citrus canker/2025_12_21_IMG (378).JPG,2025_12_21_IMG (378).JPG,test,Citrus canker,2,0.96875,near-duplicate candidate requiring manual review
dataset/train/Citrus canker/2025_12_21_IMG (392).JPG,2025_12_21_IMG (392).JPG,train,Citrus canker,dataset/val/Citrus canker/2025_12_21_IMG (391).JPG,2025_12_21_IMG (391).JPG,val,Citrus canker,2,0.96875,near-duplicate candidate requiring manual review
dataset/train/Citrus canker/2025_12_21_IMG (415).JPG,2025_12_21_IMG (415).JPG,train,Citrus canker,dataset/test/Citrus canker/2025_12_21_IMG (418).JPG,2025_12_21_IMG (418).JPG,test,Citrus canker,2,0.96875,near-duplicate candidate requiring manual review
dataset/train/Citrus canker/2025_12_21_IMG (417).JPG,2025_12_21_IMG (417).JPG,train,Citrus canker,dataset/test/Citrus canker/2025_12_21_IMG (416).JPG,2025_12_21_IMG (416).JPG,test,Citrus canker,2,0.96875,near-duplicate candidate requiring manual review
dataset/train/Citrus canker/2025_12_21_IMG (430).JPG,2025_12_21_IMG (430).JPG,train,Citrus canker,dataset/test/Citrus canker/2025_12_21_IMG (431).JPG,2025_12_21_IMG (431).JPG,test,Citrus canker,2,0.96875,near-duplicate candidate requiring manual review
dataset/train/Citrus canker/2025_12_21_IMG (547).JPG,2025_12_21_IMG (547).JPG,train,Citrus canker,dataset/test/Citrus canker/2025_12_21_IMG (548).JPG,2025_12_21_IMG (548).JPG,test,Citrus canker,2,0.96875,near-duplicate candidate requiring manual review
dataset/train/Citrus canker/2025_12_21_IMG (563).JPG,2025_12_21_IMG (563).JPG,train,Citrus canker,dataset/test/Citrus canker/2025_12_21_IMG (564).JPG,2025_12_21_IMG (564).JPG,test,Citrus canker,2,0.96875,near-duplicate candidate requiring manual review
dataset/train/Citrus pest/2025_12_20_IMG (206).JPG,2025_12_20_IMG (206).JPG,train,Citrus pest,dataset/test/Citrus pest/2025_12_20_IMG (207).JPG,2025_12_20_IMG (207).JPG,test,Citrus pest,2,0.96875,near-duplicate candidate requiring manual review
dataset/train/Citrus pest/2025_12_20_IMG (254).JPG,2025_12_20_IMG (254).JPG,train,Citrus pest,dataset/val/Citrus pest/2025_12_20_IMG (253).JPG,2025_12_20_IMG (253).JPG,val,Citrus pest,2,0.96875,near-duplicate candidate requiring manual review
dataset/train/Citrus pest/2025_12_20_IMG (262).JPG,2025_12_20_IMG (262).JPG,train,Citrus pest,dataset/test/Citrus pest/2025_12_20_IMG (263).JPG,2025_12_20_IMG (263).JPG,test,Citrus pest,2,0.96875,near-duplicate candidate requiring manual review
dataset/train/Citrus pest/2025_12_20_IMG (284).JPG,2025_12_20_IMG (284).JPG,train,Citrus pest,dataset/test/Citrus pest/2025_12_20_IMG (282).JPG,2025_12_20_IMG (282).JPG,test,Citrus pest,2,0.96875,near-duplicate candidate requiring manual review
dataset/train/Citrus pest/2025_12_20_IMG (302).JPG,2025_12_20_IMG (302).JPG,train,Citrus pest,dataset/test/Citrus pest/2025_12_20_IMG (303).JPG,2025_12_20_IMG (303).JPG,test,Citrus pest,2,0.96875,near-duplicate candidate requiring manual review
dataset/train/Citrus pest/2025_12_20_IMG (338).JPG,2025_12_20_IMG (338).JPG,train,Citrus pest,dataset/val/Citrus pest/2025_12_20_IMG (339).JPG,2025_12_20_IMG (339).JPG,val,Citrus pest,2,0.96875,near-duplicate candidate requiring manual review
dataset/train/Citrus pest/2025_12_20_IMG (353).JPG,2025_12_20_IMG (353).JPG,train,Citrus pest,dataset/val/Citrus pest/2025_12_20_IMG (355).JPG,2025_12_20_IMG (355).JPG,val,Citrus pest,2,0.96875,near-duplicate candidate requiring manual review
dataset/train/Citrus pest/2025_12_20_IMG (361).JPG,2025_12_20_IMG (361).JPG,train,Citrus pest,dataset/test/Citrus pest/2025_12_20_IMG (360).JPG,2025_12_20_IMG (360).JPG,test,Citrus pest,2,0.96875,near-duplicate candidate requiring manual review
dataset/train/Citrus pest/2025_12_20_IMG (362).JPG,2025_12_20_IMG (362).JPG,train,Citrus pest,dataset/test/Citrus pest/2025_12_20_IMG (360).JPG,2025_12_20_IMG (360).JPG,test,Citrus pest,2,0.96875,near-duplicate candidate requiring manual review
dataset/train/Citrus pest/2025_12_20_IMG (369).JPG,2025_12_20_IMG (369).JPG,train,Citrus pest,dataset/test/Citrus pest/2025_12_20_IMG (368).JPG,2025_12_20_IMG (368).JPG,test,Citrus pest,2,0.96875,near-duplicate candidate requiring manual review
dataset/train/Citrus pest/2025_12_20_IMG (396).JPG,2025_12_20_IMG (396).JPG,train,Citrus pest,dataset/val/Citrus pest/2025_12_20_IMG (398).JPG,2025_12_20_IMG (398).JPG,val,Citrus pest,2,0.96875,near-duplicate candidate requiring manual review
dataset/train/Citrus pest/2025_12_20_IMG (397).JPG,2025_12_20_IMG (397).JPG,train,Citrus pest,dataset/val/Citrus pest/2025_12_20_IMG (398).JPG,2025_12_20_IMG (398).JPG,val,Citrus pest,2,0.96875,near-duplicate candidate requiring manual review
dataset/train/Citrus pest/2025_12_20_IMG (403).JPG,2025_12_20_IMG (403).JPG,train,Citrus pest,dataset/test/Citrus pest/2025_12_20_IMG (404).JPG,2025_12_20_IMG (404).JPG,test,Citrus pest,2,0.96875,near-duplicate candidate requiring manual review
dataset/train/Greening/2025_12_21_IMG (253).JPG,2025_12_21_IMG (253).JPG,train,Greening,dataset/test/Greening/2025_12_21_IMG (254).JPG,2025_12_21_IMG (254).JPG,test,Greening,2,0.96875,near-duplicate candidate requiring manual review
dataset/train/Greening/2025_12_21_IMG (257).JPG,2025_12_21_IMG (257).JPG,train,Greening,dataset/test/Greening/2025_12_21_IMG (256).JPG,2025_12_21_IMG (256).JPG,test,Greening,2,0.96875,near-duplicate candidate requiring manual review
dataset/train/Greening/2025_12_21_IMG (257).JPG,2025_12_21_IMG (257).JPG,train,Greening,dataset/test/Greening/2025_12_21_IMG (258).JPG,2025_12_21_IMG (258).JPG,test,Greening,2,0.96875,near-duplicate candidate requiring manual review
dataset/train/Greening/2025_12_21_IMG (6).JPG,2025_12_21_IMG (6).JPG,train,Greening,dataset/test/Greening/2025_12_21_IMG (5).JPG,2025_12_21_IMG (5).JPG,test,Greening,2,0.96875,near-duplicate candidate requiring manual review
dataset/train/Healthy leaf/2025_11_21_IMG (1).JPG,2025_11_21_IMG (1).JPG,train,Healthy leaf,dataset/test/Healthy leaf/2025_11_21_IMG (2).JPG,2025_11_21_IMG (2).JPG,test,Healthy leaf,2,0.96875,near-duplicate candidate requiring manual review
dataset/train/Healthy leaf/2025_11_21_IMG (122).JPG,2025_11_21_IMG (122).JPG,train,Healthy leaf,dataset/val/Healthy leaf/2025_11_21_IMG (121).JPG,2025_11_21_IMG (121).JPG,val,Healthy leaf,2,0.96875,near-duplicate candidate requiring manual review
dataset/train/Healthy leaf/2025_11_21_IMG (182).JPG,2025_11_21_IMG (182).JPG,train,Healthy leaf,dataset/val/Healthy leaf/2025_11_21_IMG (183).JPG,2025_11_21_IMG (183).JPG,val,Healthy leaf,2,0.96875,near-duplicate candidate requiring manual review
dataset/train/Healthy leaf/2025_11_21_IMG (185).JPG,2025_11_21_IMG (185).JPG,train,Healthy leaf,dataset/val/Healthy leaf/2025_11_21_IMG (184).JPG,2025_11_21_IMG (184).JPG,val,Healthy leaf,2,0.96875,near-duplicate candidate requiring manual review
dataset/train/Healthy leaf/2025_11_21_IMG (262).JPG,2025_11_21_IMG (262).JPG,train,Healthy leaf,dataset/test/Healthy leaf/2025_11_21_IMG (264).JPG,2025_11_21_IMG (264).JPG,test,Healthy leaf,2,0.96875,near-duplicate candidate requiring manual review
dataset/train/Healthy leaf/2025_11_21_IMG (276).JPG,2025_11_21_IMG (276).JPG,train,Healthy leaf,dataset/val/Healthy leaf/2025_11_21_IMG (277).JPG,2025_11_21_IMG (277).JPG,val,Healthy leaf,2,0.96875,near-duplicate candidate requiring manual review
dataset/train/Healthy leaf/2025_11_21_IMG (278).JPG,2025_11_21_IMG (278).JPG,train,Healthy leaf,dataset/val/Healthy leaf/2025_11_21_IMG (277).JPG,2025_11_21_IMG (277).JPG,val,Healthy leaf,2,0.96875,near-duplicate candidate requiring manual review
dataset/train/Healthy leaf/2025_11_21_IMG (279).JPG,2025_11_21_IMG (279).JPG,train,Healthy leaf,dataset/val/Healthy leaf/2025_11_21_IMG (277).JPG,2025_11_21_IMG (277).JPG,val,Healthy leaf,2,0.96875,near-duplicate candidate requiring manual review
dataset/train/Healthy leaf/2025_11_21_IMG (281).JPG,2025_11_21_IMG (281).JPG,train,Healthy leaf,dataset/val/Healthy leaf/2025_11_21_IMG (277).JPG,2025_11_21_IMG (277).JPG,val,Healthy leaf,2,0.96875,near-duplicate candidate requiring manual review
dataset/train/Healthy leaf/2025_11_21_IMG (282).JPG,2025_11_21_IMG (282).JPG,train,Healthy leaf,dataset/val/Healthy leaf/2025_11_21_IMG (277).JPG,2025_11_21_IMG (277).JPG,val,Healthy leaf,2,0.96875,near-duplicate candidate requiring manual review
dataset/train/Healthy leaf/2025_11_21_IMG (297).JPG,2025_11_21_IMG (297).JPG,train,Healthy leaf,dataset/test/Healthy leaf/2025_11_21_IMG (294).JPG,2025_11_21_IMG (294).JPG,test,Healthy leaf,2,0.96875,near-duplicate candidate requiring manual review
dataset/train/Healthy leaf/2025_11_21_IMG (3).JPG,2025_11_21_IMG (3).JPG,train,Healthy leaf,dataset/val/Healthy leaf/2025_11_21_IMG (4).JPG,2025_11_21_IMG (4).JPG,val,Healthy leaf,2,0.96875,near-duplicate candidate requiring manual review
dataset/train/Healthy leaf/2025_11_21_IMG (77).JPG,2025_11_21_IMG (77).JPG,train,Healthy leaf,dataset/test/Healthy leaf/2025_11_21_IMG (79).JPG,2025_11_21_IMG (79).JPG,test,Healthy leaf,2,0.96875,near-duplicate candidate requiring manual review
dataset/val/Algal leaf spot/2025_12_21_IMG (138).JPG,2025_12_21_IMG (138).JPG,val,Algal leaf spot,dataset/test/Algal leaf spot/2025_12_21_IMG (135).JPG,2025_12_21_IMG (135).JPG,test,Algal leaf spot,2,0.96875,near-duplicate candidate requiring manual review
dataset/val/Algal leaf spot/2025_12_21_IMG (145).JPG,2025_12_21_IMG (145).JPG,val,Algal leaf spot,dataset/test/Algal leaf spot/2025_12_21_IMG (146).JPG,2025_12_21_IMG (146).JPG,test,Algal leaf spot,2,0.96875,near-duplicate candidate requiring manual review
dataset/val/Algal leaf spot/2025_12_21_IMG (257).JPG,2025_12_21_IMG (257).JPG,val,Algal leaf spot,dataset/test/Algal leaf spot/2025_12_21_IMG (256).JPG,2025_12_21_IMG (256).JPG,test,Algal leaf spot,2,0.96875,near-duplicate candidate requiring manual review
dataset/val/Black spot/2025_12_20_IMG (12).JPG,2025_12_20_IMG (12).JPG,val,Black spot,dataset/test/Black spot/2025_12_20_IMG (11).JPG,2025_12_20_IMG (11).JPG,test,Black spot,2,0.96875,near-duplicate candidate requiring manual review
dataset/val/Citrus pest/2025_12_20_IMG (232).JPG,2025_12_20_IMG (232).JPG,val,Citrus pest,dataset/test/Citrus pest/2025_12_20_IMG (234).JPG,2025_12_20_IMG (234).JPG,test,Citrus pest,2,0.96875,near-duplicate candidate requiring manual review
dataset/val/Healthy leaf/2025_11_21_IMG (109).JPG,2025_11_21_IMG (109).JPG,val,Healthy leaf,dataset/test/Healthy leaf/2025_11_21_IMG (110).JPG,2025_11_21_IMG (110).JPG,test,Healthy leaf,2,0.96875,near-duplicate candidate requiring manual review
dataset/val/Healthy leaf/2025_11_21_IMG (251).JPG,2025_11_21_IMG (251).JPG,val,Healthy leaf,dataset/test/Healthy leaf/2025_11_21_IMG (258).JPG,2025_11_21_IMG (258).JPG,test,Healthy leaf,2,0.96875,near-duplicate candidate requiring manual review
dataset/train/Algal leaf spot/2025_12_21_IMG (114).JPG,2025_12_21_IMG (114).JPG,train,Algal leaf spot,dataset/val/Algal leaf spot/2025_12_21_IMG (115).JPG,2025_12_21_IMG (115).JPG,val,Algal leaf spot,3,0.953125,near-duplicate candidate requiring manual review
dataset/train/Algal leaf spot/2025_12_21_IMG (129).JPG,2025_12_21_IMG (129).JPG,train,Algal leaf spot,dataset/val/Algal leaf spot/2025_12_21_IMG (130).JPG,2025_12_21_IMG (130).JPG,val,Algal leaf spot,3,0.953125,near-duplicate candidate requiring manual review
dataset/train/Algal leaf spot/2025_12_21_IMG (142).JPG,2025_12_21_IMG (142).JPG,train,Algal leaf spot,dataset/test/Algal leaf spot/2025_12_21_IMG (141).JPG,2025_12_21_IMG (141).JPG,test,Algal leaf spot,3,0.953125,near-duplicate candidate requiring manual review
dataset/train/Algal leaf spot/2025_12_21_IMG (149).JPG,2025_12_21_IMG (149).JPG,train,Algal leaf spot,dataset/test/Algal leaf spot/2025_12_21_IMG (150).JPG,2025_12_21_IMG (150).JPG,test,Algal leaf spot,3,0.953125,near-duplicate candidate requiring manual review
dataset/train/Algal leaf spot/2025_12_21_IMG (169).JPG,2025_12_21_IMG (169).JPG,train,Algal leaf spot,dataset/test/Algal leaf spot/2025_12_21_IMG (170).JPG,2025_12_21_IMG (170).JPG,test,Algal leaf spot,3,0.953125,near-duplicate candidate requiring manual review
dataset/train/Algal leaf spot/2025_12_21_IMG (181).JPG,2025_12_21_IMG (181).JPG,train,Algal leaf spot,dataset/val/Algal leaf spot/2025_12_21_IMG (183).JPG,2025_12_21_IMG (183).JPG,val,Algal leaf spot,3,0.953125,near-duplicate candidate requiring manual review
dataset/train/Algal leaf spot/2025_12_21_IMG (202).JPG,2025_12_21_IMG (202).JPG,train,Algal leaf spot,dataset/val/Algal leaf spot/2025_12_21_IMG (203).JPG,2025_12_21_IMG (203).JPG,val,Algal leaf spot,3,0.953125,near-duplicate candidate requiring manual review
dataset/train/Algal leaf spot/2025_12_21_IMG (210).JPG,2025_12_21_IMG (210).JPG,train,Algal leaf spot,dataset/test/Algal leaf spot/2025_12_21_IMG (211).JPG,2025_12_21_IMG (211).JPG,test,Algal leaf spot,3,0.953125,near-duplicate candidate requiring manual review
dataset/train/Algal leaf spot/2025_12_21_IMG (235).JPG,2025_12_21_IMG (235).JPG,train,Algal leaf spot,dataset/test/Algal leaf spot/2025_12_21_IMG (234).JPG,2025_12_21_IMG (234).JPG,test,Algal leaf spot,3,0.953125,near-duplicate candidate requiring manual review
dataset/train/Algal leaf spot/2025_12_21_IMG (26).JPG,2025_12_21_IMG (26).JPG,train,Algal leaf spot,dataset/test/Algal leaf spot/2025_12_21_IMG (163).JPG,2025_12_21_IMG (163).JPG,test,Algal leaf spot,3,0.953125,near-duplicate candidate requiring manual review
dataset/train/Algal leaf spot/2025_12_21_IMG (263).JPG,2025_12_21_IMG (263).JPG,train,Algal leaf spot,dataset/test/Algal leaf spot/2025_12_21_IMG (264).JPG,2025_12_21_IMG (264).JPG,test,Algal leaf spot,3,0.953125,near-duplicate candidate requiring manual review
dataset/train/Algal leaf spot/2025_12_21_IMG (275).JPG,2025_12_21_IMG (275).JPG,train,Algal leaf spot,dataset/test/Algal leaf spot/2025_12_21_IMG (274).JPG,2025_12_21_IMG (274).JPG,test,Algal leaf spot,3,0.953125,near-duplicate candidate requiring manual review
dataset/train/Algal leaf spot/2025_12_21_IMG (290).JPG,2025_12_21_IMG (290).JPG,train,Algal leaf spot,dataset/val/Algal leaf spot/2025_12_21_IMG (291).JPG,2025_12_21_IMG (291).JPG,val,Algal leaf spot,3,0.953125,near-duplicate candidate requiring manual review
dataset/train/Algal leaf spot/2025_12_21_IMG (295).JPG,2025_12_21_IMG (295).JPG,train,Algal leaf spot,dataset/test/Algal leaf spot/2025_12_21_IMG (294).JPG,2025_12_21_IMG (294).JPG,test,Algal leaf spot,3,0.953125,near-duplicate candidate requiring manual review
dataset/train/Algal leaf spot/2025_12_21_IMG (45).JPG,2025_12_21_IMG (45).JPG,train,Algal leaf spot,dataset/val/Algal leaf spot/2025_12_21_IMG (47).JPG,2025_12_21_IMG (47).JPG,val,Algal leaf spot,3,0.953125,near-duplicate candidate requiring manual review
dataset/train/Algal leaf spot/2025_12_21_IMG (46).JPG,2025_12_21_IMG (46).JPG,train,Algal leaf spot,dataset/val/Algal leaf spot/2025_12_21_IMG (44).JPG,2025_12_21_IMG (44).JPG,val,Algal leaf spot,3,0.953125,near-duplicate candidate requiring manual review
dataset/train/Algal leaf spot/2025_12_21_IMG (5).JPG,2025_12_21_IMG (5).JPG,train,Algal leaf spot,dataset/val/Algal leaf spot/2025_12_21_IMG (6).JPG,2025_12_21_IMG (6).JPG,val,Algal leaf spot,3,0.953125,near-duplicate candidate requiring manual review
dataset/train/Algal leaf spot/2025_12_21_IMG (53).JPG,2025_12_21_IMG (53).JPG,train,Algal leaf spot,dataset/test/Algal leaf spot/2025_12_21_IMG (52).JPG,2025_12_21_IMG (52).JPG,test,Algal leaf spot,3,0.953125,near-duplicate candidate requiring manual review
dataset/train/Algal leaf spot/2025_12_21_IMG (96).JPG,2025_12_21_IMG (96).JPG,train,Algal leaf spot,dataset/val/Algal leaf spot/2025_12_21_IMG (94).JPG,2025_12_21_IMG (94).JPG,val,Algal leaf spot,3,0.953125,near-duplicate candidate requiring manual review
dataset/train/Black spot/2025_12_20_IMG (118).JPG,2025_12_20_IMG (118).JPG,train,Black spot,dataset/test/Black spot/2025_12_20_IMG (119).JPG,2025_12_20_IMG (119).JPG,test,Black spot,3,0.953125,near-duplicate candidate requiring manual review
dataset/train/Black spot/2025_12_20_IMG (14).JPG,2025_12_20_IMG (14).JPG,train,Black spot,dataset/val/Black spot/2025_12_20_IMG (15).JPG,2025_12_20_IMG (15).JPG,val,Black spot,3,0.953125,near-duplicate candidate requiring manual review
dataset/train/Black spot/2025_12_20_IMG (157).JPG,2025_12_20_IMG (157).JPG,train,Black spot,dataset/test/Black spot/2025_12_20_IMG (156).JPG,2025_12_20_IMG (156).JPG,test,Black spot,3,0.953125,near-duplicate candidate requiring manual review
dataset/train/Black spot/2025_12_20_IMG (173).JPG,2025_12_20_IMG (173).JPG,train,Black spot,dataset/val/Black spot/2025_12_20_IMG (174).JPG,2025_12_20_IMG (174).JPG,val,Black spot,3,0.953125,near-duplicate candidate requiring manual review
dataset/train/Black spot/2025_12_20_IMG (189).JPG,2025_12_20_IMG (189).JPG,train,Black spot,dataset/val/Black spot/2025_12_20_IMG (188).JPG,2025_12_20_IMG (188).JPG,val,Black spot,3,0.953125,near-duplicate candidate requiring manual review
dataset/train/Black spot/2025_12_20_IMG (198).JPG,2025_12_20_IMG (198).JPG,train,Black spot,dataset/test/Black spot/2025_12_20_IMG (199).JPG,2025_12_20_IMG (199).JPG,test,Black spot,3,0.953125,near-duplicate candidate requiring manual review
dataset/train/Black spot/2025_12_20_IMG (265).JPG,2025_12_20_IMG (265).JPG,train,Black spot,dataset/test/Black spot/2025_12_20_IMG (266).JPG,2025_12_20_IMG (266).JPG,test,Black spot,3,0.953125,near-duplicate candidate requiring manual review
dataset/train/Black spot/2025_12_20_IMG (307).JPG,2025_12_20_IMG (307).JPG,train,Black spot,dataset/val/Black spot/2025_12_20_IMG (308).JPG,2025_12_20_IMG (308).JPG,val,Black spot,3,0.953125,near-duplicate candidate requiring manual review
dataset/train/Black spot/2025_12_20_IMG (46).JPG,2025_12_20_IMG (46).JPG,train,Black spot,dataset/val/Black spot/2025_12_20_IMG (45).JPG,2025_12_20_IMG (45).JPG,val,Black spot,3,0.953125,near-duplicate candidate requiring manual review
dataset/train/Citrus canker/2025_12_21_IMG (341).JPG,2025_12_21_IMG (341).JPG,train,Citrus canker,dataset/test/Citrus canker/2025_12_21_IMG (344).JPG,2025_12_21_IMG (344).JPG,test,Citrus canker,3,0.953125,near-duplicate candidate requiring manual review
dataset/train/Citrus canker/2025_12_21_IMG (351).JPG,2025_12_21_IMG (351).JPG,train,Citrus canker,dataset/val/Citrus canker/2025_12_21_IMG (350).JPG,2025_12_21_IMG (350).JPG,val,Citrus canker,3,0.953125,near-duplicate candidate requiring manual review
dataset/train/Citrus canker/2025_12_21_IMG (353).JPG,2025_12_21_IMG (353).JPG,train,Citrus canker,dataset/val/Citrus canker/2025_12_21_IMG (350).JPG,2025_12_21_IMG (350).JPG,val,Citrus canker,3,0.953125,near-duplicate candidate requiring manual review
dataset/train/Citrus canker/2025_12_21_IMG (389).JPG,2025_12_21_IMG (389).JPG,train,Citrus canker,dataset/val/Citrus canker/2025_12_21_IMG (391).JPG,2025_12_21_IMG (391).JPG,val,Citrus canker,3,0.953125,near-duplicate candidate requiring manual review
dataset/train/Citrus canker/2025_12_21_IMG (390).JPG,2025_12_21_IMG (390).JPG,train,Citrus canker,dataset/val/Citrus canker/2025_12_21_IMG (391).JPG,2025_12_21_IMG (391).JPG,val,Citrus canker,3,0.953125,near-duplicate candidate requiring manual review
dataset/train/Citrus canker/2025_12_21_IMG (403).JPG,2025_12_21_IMG (403).JPG,train,Citrus canker,dataset/val/Citrus canker/2025_12_21_IMG (404).JPG,2025_12_21_IMG (404).JPG,val,Citrus canker,3,0.953125,near-duplicate candidate requiring manual review
dataset/train/Citrus canker/2025_12_21_IMG (415).JPG,2025_12_21_IMG (415).JPG,train,Citrus canker,dataset/test/Citrus canker/2025_12_21_IMG (416).JPG,2025_12_21_IMG (416).JPG,test,Citrus canker,3,0.953125,near-duplicate candidate requiring manual review
dataset/train/Citrus canker/2025_12_21_IMG (429).JPG,2025_12_21_IMG (429).JPG,train,Citrus canker,dataset/test/Citrus canker/2025_12_21_IMG (431).JPG,2025_12_21_IMG (431).JPG,test,Citrus canker,3,0.953125,near-duplicate candidate requiring manual review
dataset/train/Citrus canker/2025_12_21_IMG (458).JPG,2025_12_21_IMG (458).JPG,train,Citrus canker,dataset/val/Citrus canker/2025_12_21_IMG (457).JPG,2025_12_21_IMG (457).JPG,val,Citrus canker,3,0.953125,near-duplicate candidate requiring manual review
dataset/train/Citrus canker/2025_12_21_IMG (459).JPG,2025_12_21_IMG (459).JPG,train,Citrus canker,dataset/val/Citrus canker/2025_12_21_IMG (457).JPG,2025_12_21_IMG (457).JPG,val,Citrus canker,3,0.953125,near-duplicate candidate requiring manual review
dataset/train/Citrus canker/2025_12_21_IMG (477).JPG,2025_12_21_IMG (477).JPG,train,Citrus canker,dataset/test/Citrus canker/2025_12_21_IMG (476).JPG,2025_12_21_IMG (476).JPG,test,Citrus canker,3,0.953125,near-duplicate candidate requiring manual review
dataset/train/Citrus canker/2025_12_21_IMG (479).JPG,2025_12_21_IMG (479).JPG,train,Citrus canker,dataset/val/Citrus canker/2025_12_21_IMG (480).JPG,2025_12_21_IMG (480).JPG,val,Citrus canker,3,0.953125,near-duplicate candidate requiring manual review
dataset/train/Citrus canker/2025_12_21_IMG (518).JPG,2025_12_21_IMG (518).JPG,train,Citrus canker,dataset/val/Citrus canker/2025_12_21_IMG (519).JPG,2025_12_21_IMG (519).JPG,val,Citrus canker,3,0.953125,near-duplicate candidate requiring manual review
dataset/train/Citrus canker/2025_12_21_IMG (518).JPG,2025_12_21_IMG (518).JPG,train,Citrus canker,dataset/val/Citrus canker/2025_12_21_IMG (520).JPG,2025_12_21_IMG (520).JPG,val,Citrus canker,3,0.953125,near-duplicate candidate requiring manual review
dataset/train/Citrus canker/2025_12_21_IMG (533).JPG,2025_12_21_IMG (533).JPG,train,Citrus canker,dataset/test/Citrus canker/2025_12_21_IMG (534).JPG,2025_12_21_IMG (534).JPG,test,Citrus canker,3,0.953125,near-duplicate candidate requiring manual review
dataset/train/Citrus canker/2025_12_21_IMG (568).JPG,2025_12_21_IMG (568).JPG,train,Citrus canker,dataset/val/Citrus canker/2025_12_21_IMG (567).JPG,2025_12_21_IMG (567).JPG,val,Citrus canker,3,0.953125,near-duplicate candidate requiring manual review
dataset/train/Citrus pest/2025_12_20_IMG (224).JPG,2025_12_20_IMG (224).JPG,train,Citrus pest,dataset/val/Greening/2025_12_21_IMG (249).JPG,2025_12_21_IMG (249).JPG,val,Greening,3,0.953125,near-duplicate candidate requiring manual review
dataset/train/Citrus pest/2025_12_20_IMG (300).JPG,2025_12_20_IMG (300).JPG,train,Citrus pest,dataset/test/Citrus pest/2025_12_20_IMG (301).JPG,2025_12_20_IMG (301).JPG,test,Citrus pest,3,0.953125,near-duplicate candidate requiring manual review
dataset/train/Citrus pest/2025_12_20_IMG (316).JPG,2025_12_20_IMG (316).JPG,train,Citrus pest,dataset/test/Citrus pest/2025_12_20_IMG (315).JPG,2025_12_20_IMG (315).JPG,test,Citrus pest,3,0.953125,near-duplicate candidate requiring manual review
dataset/train/Citrus pest/2025_12_20_IMG (374).JPG,2025_12_20_IMG (374).JPG,train,Citrus pest,dataset/val/Citrus pest/2025_12_20_IMG (373).JPG,2025_12_20_IMG (373).JPG,val,Citrus pest,3,0.953125,near-duplicate candidate requiring manual review
dataset/train/Citrus pest/2025_12_20_IMG (378).JPG,2025_12_20_IMG (378).JPG,train,Citrus pest,dataset/test/Citrus pest/2025_12_20_IMG (380).JPG,2025_12_20_IMG (380).JPG,test,Citrus pest,3,0.953125,near-duplicate candidate requiring manual review
dataset/train/Citrus pest/2025_12_20_IMG (396).JPG,2025_12_20_IMG (396).JPG,train,Citrus pest,dataset/test/Citrus pest/2025_12_20_IMG (399).JPG,2025_12_20_IMG (399).JPG,test,Citrus pest,3,0.953125,near-duplicate candidate requiring manual review
dataset/train/Citrus pest/2025_12_20_IMG (397).JPG,2025_12_20_IMG (397).JPG,train,Citrus pest,dataset/test/Citrus pest/2025_12_20_IMG (399).JPG,2025_12_20_IMG (399).JPG,test,Citrus pest,3,0.953125,near-duplicate candidate requiring manual review
dataset/train/Greening/2025_12_21_IMG (10).JPG,2025_12_21_IMG (10).JPG,train,Greening,dataset/test/Greening/2025_12_21_IMG (11).JPG,2025_12_21_IMG (11).JPG,test,Greening,3,0.953125,near-duplicate candidate requiring manual review
dataset/train/Greening/2025_12_21_IMG (19).JPG,2025_12_21_IMG (19).JPG,train,Greening,dataset/test/Greening/2025_12_21_IMG (20).JPG,2025_12_21_IMG (20).JPG,test,Greening,3,0.953125,near-duplicate candidate requiring manual review
dataset/train/Greening/2025_12_21_IMG (243).JPG,2025_12_21_IMG (243).JPG,train,Greening,dataset/val/Greening/2025_12_21_IMG (244).JPG,2025_12_21_IMG (244).JPG,val,Greening,3,0.953125,near-duplicate candidate requiring manual review
dataset/train/Greening/2025_12_21_IMG (257).JPG,2025_12_21_IMG (257).JPG,train,Greening,dataset/test/Greening/2025_12_21_IMG (254).JPG,2025_12_21_IMG (254).JPG,test,Greening,3,0.953125,near-duplicate candidate requiring manual review
dataset/train/Greening/2025_12_21_IMG (28).JPG,2025_12_21_IMG (28).JPG,train,Greening,dataset/val/Greening/2025_12_21_IMG (27).JPG,2025_12_21_IMG (27).JPG,val,Greening,3,0.953125,near-duplicate candidate requiring manual review
dataset/train/Greening/2025_12_21_IMG (283).JPG,2025_12_21_IMG (283).JPG,train,Greening,dataset/val/Greening/2025_12_21_IMG (284).JPG,2025_12_21_IMG (284).JPG,val,Greening,3,0.953125,near-duplicate candidate requiring manual review
dataset/train/Healthy leaf/2025_11_21_IMG (108).JPG,2025_11_21_IMG (108).JPG,train,Healthy leaf,dataset/test/Healthy leaf/2025_11_21_IMG (110).JPG,2025_11_21_IMG (110).JPG,test,Healthy leaf,3,0.953125,near-duplicate candidate requiring manual review
dataset/train/Healthy leaf/2025_11_21_IMG (14).JPG,2025_11_21_IMG (14).JPG,train,Healthy leaf,dataset/val/Healthy leaf/2025_11_21_IMG (15).JPG,2025_11_21_IMG (15).JPG,val,Healthy leaf,3,0.953125,near-duplicate candidate requiring manual review
dataset/train/Healthy leaf/2025_11_21_IMG (162).JPG,2025_11_21_IMG (162).JPG,train,Healthy leaf,dataset/val/Healthy leaf/2025_11_21_IMG (161).JPG,2025_11_21_IMG (161).JPG,val,Healthy leaf,3,0.953125,near-duplicate candidate requiring manual review
dataset/train/Healthy leaf/2025_11_21_IMG (171).JPG,2025_11_21_IMG (171).JPG,train,Healthy leaf,dataset/test/Healthy leaf/2025_11_21_IMG (172).JPG,2025_11_21_IMG (172).JPG,test,Healthy leaf,3,0.953125,near-duplicate candidate requiring manual review
dataset/train/Healthy leaf/2025_11_21_IMG (182).JPG,2025_11_21_IMG (182).JPG,train,Healthy leaf,dataset/val/Healthy leaf/2025_11_21_IMG (184).JPG,2025_11_21_IMG (184).JPG,val,Healthy leaf,3,0.953125,near-duplicate candidate requiring manual review
dataset/train/Healthy leaf/2025_11_21_IMG (185).JPG,2025_11_21_IMG (185).JPG,train,Healthy leaf,dataset/val/Healthy leaf/2025_11_21_IMG (183).JPG,2025_11_21_IMG (183).JPG,val,Healthy leaf,3,0.953125,near-duplicate candidate requiring manual review
dataset/train/Healthy leaf/2025_11_21_IMG (247).JPG,2025_11_21_IMG (247).JPG,train,Healthy leaf,dataset/val/Healthy leaf/2025_11_21_IMG (248).JPG,2025_11_21_IMG (248).JPG,val,Healthy leaf,3,0.953125,near-duplicate candidate requiring manual review
dataset/train/Healthy leaf/2025_11_21_IMG (249).JPG,2025_11_21_IMG (249).JPG,train,Healthy leaf,dataset/val/Healthy leaf/2025_11_21_IMG (248).JPG,2025_11_21_IMG (248).JPG,val,Healthy leaf,3,0.953125,near-duplicate candidate requiring manual review
dataset/train/Healthy leaf/2025_11_21_IMG (252).JPG,2025_11_21_IMG (252).JPG,train,Healthy leaf,dataset/test/Healthy leaf/2025_11_21_IMG (256).JPG,2025_11_21_IMG (256).JPG,test,Healthy leaf,3,0.953125,near-duplicate candidate requiring manual review
dataset/train/Healthy leaf/2025_11_21_IMG (252).JPG,2025_11_21_IMG (252).JPG,train,Healthy leaf,dataset/val/Healthy leaf/2025_11_21_IMG (257).JPG,2025_11_21_IMG (257).JPG,val,Healthy leaf,3,0.953125,near-duplicate candidate requiring manual review
dataset/train/Healthy leaf/2025_11_21_IMG (262).JPG,2025_11_21_IMG (262).JPG,train,Healthy leaf,dataset/val/Healthy leaf/2025_11_21_IMG (260).JPG,2025_11_21_IMG (260).JPG,val,Healthy leaf,3,0.953125,near-duplicate candidate requiring manual review
dataset/train/Healthy leaf/2025_11_21_IMG (262).JPG,2025_11_21_IMG (262).JPG,train,Healthy leaf,dataset/val/Healthy leaf/2025_11_21_IMG (261).JPG,2025_11_21_IMG (261).JPG,val,Healthy leaf,3,0.953125,near-duplicate candidate requiring manual review
dataset/train/Healthy leaf/2025_11_21_IMG (288).JPG,2025_11_21_IMG (288).JPG,train,Healthy leaf,dataset/test/Healthy leaf/2025_11_21_IMG (292).JPG,2025_11_21_IMG (292).JPG,test,Healthy leaf,3,0.953125,near-duplicate candidate requiring manual review
dataset/train/Healthy leaf/2025_11_21_IMG (69).JPG,2025_11_21_IMG (69).JPG,train,Healthy leaf,dataset/val/Healthy leaf/2025_11_21_IMG (68).JPG,2025_11_21_IMG (68).JPG,val,Healthy leaf,3,0.953125,near-duplicate candidate requiring manual review
dataset/train/Healthy leaf/2025_11_21_IMG (78).JPG,2025_11_21_IMG (78).JPG,train,Healthy leaf,dataset/test/Healthy leaf/2025_11_21_IMG (79).JPG,2025_11_21_IMG (79).JPG,test,Healthy leaf,3,0.953125,near-duplicate candidate requiring manual review
dataset/train/Healthy leaf/2025_11_21_IMG (89).JPG,2025_11_21_IMG (89).JPG,train,Healthy leaf,dataset/test/Healthy leaf/2025_11_21_IMG (90).JPG,2025_11_21_IMG (90).JPG,test,Healthy leaf,3,0.953125,near-duplicate candidate requiring manual review
dataset/val/Black spot/2025_12_20_IMG (111).JPG,2025_12_20_IMG (111).JPG,val,Black spot,dataset/test/Black spot/2025_12_20_IMG (110).JPG,2025_12_20_IMG (110).JPG,test,Black spot,3,0.953125,near-duplicate candidate requiring manual review
dataset/val/Black spot/2025_12_20_IMG (221).JPG,2025_12_20_IMG (221).JPG,val,Black spot,dataset/test/Black spot/2025_12_20_IMG (220).JPG,2025_12_20_IMG (220).JPG,test,Black spot,3,0.953125,near-duplicate candidate requiring manual review
dataset/val/Citrus pest/2025_12_20_IMG (213).JPG,2025_12_20_IMG (213).JPG,val,Citrus pest,dataset/test/Citrus pest/2025_12_20_IMG (215).JPG,2025_12_20_IMG (215).JPG,test,Citrus pest,3,0.953125,near-duplicate candidate requiring manual review
dataset/val/Citrus pest/2025_12_20_IMG (221).JPG,2025_12_20_IMG (221).JPG,val,Citrus pest,dataset/test/Citrus pest/2025_12_20_IMG (220).JPG,2025_12_20_IMG (220).JPG,test,Citrus pest,3,0.953125,near-duplicate candidate requiring manual review
dataset/val/Citrus pest/2025_12_20_IMG (398).JPG,2025_12_20_IMG (398).JPG,val,Citrus pest,dataset/test/Citrus pest/2025_12_20_IMG (399).JPG,2025_12_20_IMG (399).JPG,test,Citrus pest,3,0.953125,near-duplicate candidate requiring manual review
dataset/val/Greening/2025_12_21_IMG (57).JPG,2025_12_21_IMG (57).JPG,val,Greening,dataset/test/Greening/2025_12_21_IMG (56).JPG,2025_12_21_IMG (56).JPG,test,Greening,3,0.953125,near-duplicate candidate requiring manual review
dataset/val/Healthy leaf/2025_11_21_IMG (251).JPG,2025_11_21_IMG (251).JPG,val,Healthy leaf,dataset/test/Healthy leaf/2025_11_21_IMG (256).JPG,2025_11_21_IMG (256).JPG,test,Healthy leaf,3,0.953125,near-duplicate candidate requiring manual review
dataset/val/Healthy leaf/2025_11_21_IMG (261).JPG,2025_11_21_IMG (261).JPG,val,Healthy leaf,dataset/test/Healthy leaf/2025_11_21_IMG (264).JPG,2025_11_21_IMG (264).JPG,test,Healthy leaf,3,0.953125,near-duplicate candidate requiring manual review
dataset/val/Healthy leaf/2025_11_21_IMG (267).JPG,2025_11_21_IMG (267).JPG,val,Healthy leaf,dataset/test/Healthy leaf/2025_11_21_IMG (274).JPG,2025_11_21_IMG (274).JPG,test,Healthy leaf,3,0.953125,near-duplicate candidate requiring manual review
dataset/train/Algal leaf spot/2025_12_21_IMG (13).JPG,2025_12_21_IMG (13).JPG,train,Algal leaf spot,dataset/val/Algal leaf spot/2025_12_21_IMG (12).JPG,2025_12_21_IMG (12).JPG,val,Algal leaf spot,4,0.9375,near-duplicate candidate requiring manual review
dataset/train/Algal leaf spot/2025_12_21_IMG (148).JPG,2025_12_21_IMG (148).JPG,train,Algal leaf spot,dataset/val/Algal leaf spot/2025_12_21_IMG (147).JPG,2025_12_21_IMG (147).JPG,val,Algal leaf spot,4,0.9375,near-duplicate candidate requiring manual review
dataset/train/Algal leaf spot/2025_12_21_IMG (173).JPG,2025_12_21_IMG (173).JPG,train,Algal leaf spot,dataset/test/Algal leaf spot/2025_12_21_IMG (172).JPG,2025_12_21_IMG (172).JPG,test,Algal leaf spot,4,0.9375,near-duplicate candidate requiring manual review
dataset/train/Algal leaf spot/2025_12_21_IMG (176).JPG,2025_12_21_IMG (176).JPG,train,Algal leaf spot,dataset/val/Algal leaf spot/2025_12_21_IMG (174).JPG,2025_12_21_IMG (174).JPG,val,Algal leaf spot,4,0.9375,near-duplicate candidate requiring manual review
dataset/train/Algal leaf spot/2025_12_21_IMG (233).JPG,2025_12_21_IMG (233).JPG,train,Algal leaf spot,dataset/test/Algal leaf spot/2025_12_21_IMG (234).JPG,2025_12_21_IMG (234).JPG,test,Algal leaf spot,4,0.9375,near-duplicate candidate requiring manual review
dataset/train/Algal leaf spot/2025_12_21_IMG (241).JPG,2025_12_21_IMG (241).JPG,train,Algal leaf spot,dataset/val/Algal leaf spot/2025_12_21_IMG (239).JPG,2025_12_21_IMG (239).JPG,val,Algal leaf spot,4,0.9375,near-duplicate candidate requiring manual review
dataset/train/Algal leaf spot/2025_12_21_IMG (255).JPG,2025_12_21_IMG (255).JPG,train,Algal leaf spot,dataset/test/Algal leaf spot/2025_12_21_IMG (256).JPG,2025_12_21_IMG (256).JPG,test,Algal leaf spot,4,0.9375,near-duplicate candidate requiring manual review
dataset/train/Algal leaf spot/2025_12_21_IMG (288).JPG,2025_12_21_IMG (288).JPG,train,Algal leaf spot,dataset/val/Algal leaf spot/2025_12_21_IMG (291).JPG,2025_12_21_IMG (291).JPG,val,Algal leaf spot,4,0.9375,near-duplicate candidate requiring manual review
dataset/train/Algal leaf spot/2025_12_21_IMG (290).JPG,2025_12_21_IMG (290).JPG,train,Algal leaf spot,dataset/val/Algal leaf spot/2025_12_21_IMG (289).JPG,2025_12_21_IMG (289).JPG,val,Algal leaf spot,4,0.9375,near-duplicate candidate requiring manual review
dataset/train/Algal leaf spot/2025_12_21_IMG (296).JPG,2025_12_21_IMG (296).JPG,train,Algal leaf spot,dataset/test/Algal leaf spot/2025_12_21_IMG (294).JPG,2025_12_21_IMG (294).JPG,test,Algal leaf spot,4,0.9375,near-duplicate candidate requiring manual review
dataset/train/Black spot/2025_12_20_IMG (102).JPG,2025_12_20_IMG (102).JPG,train,Black spot,dataset/test/Black spot/2025_12_20_IMG (101).JPG,2025_12_20_IMG (101).JPG,test,Black spot,4,0.9375,near-duplicate candidate requiring manual review
dataset/train/Black spot/2025_12_20_IMG (129).JPG,2025_12_20_IMG (129).JPG,train,Black spot,dataset/val/Black spot/2025_12_20_IMG (130).JPG,2025_12_20_IMG (130).JPG,val,Black spot,4,0.9375,near-duplicate candidate requiring manual review
dataset/train/Black spot/2025_12_20_IMG (13).JPG,2025_12_20_IMG (13).JPG,train,Black spot,dataset/val/Black spot/2025_12_20_IMG (15).JPG,2025_12_20_IMG (15).JPG,val,Black spot,4,0.9375,near-duplicate candidate requiring manual review
dataset/train/Black spot/2025_12_20_IMG (132).JPG,2025_12_20_IMG (132).JPG,train,Black spot,dataset/val/Black spot/2025_12_20_IMG (131).JPG,2025_12_20_IMG (131).JPG,val,Black spot,4,0.9375,near-duplicate candidate requiring manual review
dataset/train/Black spot/2025_12_20_IMG (134).JPG,2025_12_20_IMG (134).JPG,train,Black spot,dataset/test/Black spot/2025_12_20_IMG (135).JPG,2025_12_20_IMG (135).JPG,test,Black spot,4,0.9375,near-duplicate candidate requiring manual review
dataset/train/Black spot/2025_12_20_IMG (173).JPG,2025_12_20_IMG (173).JPG,train,Black spot,dataset/test/Black spot/2025_12_20_IMG (172).JPG,2025_12_20_IMG (172).JPG,test,Black spot,4,0.9375,near-duplicate candidate requiring manual review
dataset/train/Black spot/2025_12_20_IMG (224).JPG,2025_12_20_IMG (224).JPG,train,Black spot,dataset/test/Black spot/2025_12_20_IMG (225).JPG,2025_12_20_IMG (225).JPG,test,Black spot,4,0.9375,near-duplicate candidate requiring manual review
dataset/train/Black spot/2025_12_20_IMG (228).JPG,2025_12_20_IMG (228).JPG,train,Black spot,dataset/test/Black spot/2025_12_20_IMG (227).JPG,2025_12_20_IMG (227).JPG,test,Black spot,4,0.9375,near-duplicate candidate requiring manual review
dataset/train/Black spot/2025_12_20_IMG (277).JPG,2025_12_20_IMG (277).JPG,train,Black spot,dataset/val/Black spot/2025_12_20_IMG (278).JPG,2025_12_20_IMG (278).JPG,val,Black spot,4,0.9375,near-duplicate candidate requiring manual review
dataset/train/Black spot/2025_12_20_IMG (306).JPG,2025_12_20_IMG (306).JPG,train,Black spot,dataset/test/Black spot/2025_12_20_IMG (305).JPG,2025_12_20_IMG (305).JPG,test,Black spot,4,0.9375,near-duplicate candidate requiring manual review
dataset/train/Black spot/2025_12_20_IMG (4).JPG,2025_12_20_IMG (4).JPG,train,Black spot,dataset/test/Black spot/2025_12_20_IMG (2).JPG,2025_12_20_IMG (2).JPG,test,Black spot,4,0.9375,near-duplicate candidate requiring manual review
dataset/train/Black spot/2025_12_20_IMG (42).JPG,2025_12_20_IMG (42).JPG,train,Black spot,dataset/val/Black spot/2025_12_20_IMG (41).JPG,2025_12_20_IMG (41).JPG,val,Black spot,4,0.9375,near-duplicate candidate requiring manual review
dataset/train/Black spot/2025_12_20_IMG (48).JPG,2025_12_20_IMG (48).JPG,train,Black spot,dataset/test/Black spot/2025_12_20_IMG (49).JPG,2025_12_20_IMG (49).JPG,test,Black spot,4,0.9375,near-duplicate candidate requiring manual review
dataset/train/Citrus canker/2025_12_21_IMG (351).JPG,2025_12_21_IMG (351).JPG,train,Citrus canker,dataset/test/Citrus canker/2025_12_21_IMG (352).JPG,2025_12_21_IMG (352).JPG,test,Citrus canker,4,0.9375,near-duplicate candidate requiring manual review
dataset/train/Citrus canker/2025_12_21_IMG (377).JPG,2025_12_21_IMG (377).JPG,train,Citrus canker,dataset/test/Citrus canker/2025_12_21_IMG (376).JPG,2025_12_21_IMG (376).JPG,test,Citrus canker,4,0.9375,near-duplicate candidate requiring manual review
dataset/train/Citrus canker/2025_12_21_IMG (405).JPG,2025_12_21_IMG (405).JPG,train,Citrus canker,dataset/val/Citrus canker/2025_12_21_IMG (406).JPG,2025_12_21_IMG (406).JPG,val,Citrus canker,4,0.9375,near-duplicate candidate requiring manual review
dataset/train/Citrus canker/2025_12_21_IMG (422).JPG,2025_12_21_IMG (422).JPG,train,Citrus canker,dataset/val/Citrus canker/2025_12_21_IMG (421).JPG,2025_12_21_IMG (421).JPG,val,Citrus canker,4,0.9375,near-duplicate candidate requiring manual review
dataset/train/Citrus canker/2025_12_21_IMG (433).JPG,2025_12_21_IMG (433).JPG,train,Citrus canker,dataset/val/Citrus canker/2025_12_21_IMG (434).JPG,2025_12_21_IMG (434).JPG,val,Citrus canker,4,0.9375,near-duplicate candidate requiring manual review
dataset/train/Citrus canker/2025_12_21_IMG (555).JPG,2025_12_21_IMG (555).JPG,train,Citrus canker,dataset/test/Citrus canker/2025_12_21_IMG (556).JPG,2025_12_21_IMG (556).JPG,test,Citrus canker,4,0.9375,near-duplicate candidate requiring manual review
dataset/train/Citrus canker/2025_12_21_IMG (561).JPG,2025_12_21_IMG (561).JPG,train,Citrus canker,dataset/test/Citrus canker/2025_12_21_IMG (562).JPG,2025_12_21_IMG (562).JPG,test,Citrus canker,4,0.9375,near-duplicate candidate requiring manual review
dataset/train/Citrus pest/2025_12_20_IMG (214).JPG,2025_12_20_IMG (214).JPG,train,Citrus pest,dataset/val/Citrus pest/2025_12_20_IMG (213).JPG,2025_12_20_IMG (213).JPG,val,Citrus pest,4,0.9375,near-duplicate candidate requiring manual review
dataset/train/Citrus pest/2025_12_20_IMG (235).JPG,2025_12_20_IMG (235).JPG,train,Citrus pest,dataset/test/Citrus pest/2025_12_20_IMG (234).JPG,2025_12_20_IMG (234).JPG,test,Citrus pest,4,0.9375,near-duplicate candidate requiring manual review
dataset/train/Citrus pest/2025_12_20_IMG (335).JPG,2025_12_20_IMG (335).JPG,train,Citrus pest,dataset/val/Citrus pest/2025_12_20_IMG (336).JPG,2025_12_20_IMG (336).JPG,val,Citrus pest,4,0.9375,near-duplicate candidate requiring manual review
dataset/train/Citrus pest/2025_12_20_IMG (340).JPG,2025_12_20_IMG (340).JPG,train,Citrus pest,dataset/test/Citrus pest/2025_12_20_IMG (341).JPG,2025_12_20_IMG (341).JPG,test,Citrus pest,4,0.9375,near-duplicate candidate requiring manual review
dataset/train/Citrus pest/2025_12_20_IMG (367).JPG,2025_12_20_IMG (367).JPG,train,Citrus pest,dataset/test/Citrus pest/2025_12_20_IMG (368).JPG,2025_12_20_IMG (368).JPG,test,Citrus pest,4,0.9375,near-duplicate candidate requiring manual review
dataset/train/Citrus pest/2025_12_20_IMG (371).JPG,2025_12_20_IMG (371).JPG,train,Citrus pest,dataset/val/Citrus pest/2025_12_20_IMG (370).JPG,2025_12_20_IMG (370).JPG,val,Citrus pest,4,0.9375,near-duplicate candidate requiring manual review
dataset/train/Greening/2025_12_21_IMG (255).JPG,2025_12_21_IMG (255).JPG,train,Greening,dataset/test/Greening/2025_12_21_IMG (254).JPG,2025_12_21_IMG (254).JPG,test,Greening,4,0.9375,near-duplicate candidate requiring manual review
dataset/train/Greening/2025_12_21_IMG (259).JPG,2025_12_21_IMG (259).JPG,train,Greening,dataset/test/Greening/2025_12_21_IMG (254).JPG,2025_12_21_IMG (254).JPG,test,Greening,4,0.9375,near-duplicate candidate requiring manual review
dataset/train/Greening/2025_12_21_IMG (260).JPG,2025_12_21_IMG (260).JPG,train,Greening,dataset/test/Greening/2025_12_21_IMG (254).JPG,2025_12_21_IMG (254).JPG,test,Greening,4,0.9375,near-duplicate candidate requiring manual review
dataset/train/Greening/2025_12_21_IMG (276).JPG,2025_12_21_IMG (276).JPG,train,Greening,dataset/test/Greening/2025_12_21_IMG (274).JPG,2025_12_21_IMG (274).JPG,test,Greening,4,0.9375,near-duplicate candidate requiring manual review
dataset/train/Greening/2025_12_21_IMG (285).JPG,2025_12_21_IMG (285).JPG,train,Greening,dataset/val/Greening/2025_12_21_IMG (284).JPG,2025_12_21_IMG (284).JPG,val,Greening,4,0.9375,near-duplicate candidate requiring manual review
dataset/train/Greening/2025_12_21_IMG (3).JPG,2025_12_21_IMG (3).JPG,train,Greening,dataset/test/Greening/2025_12_21_IMG (2).JPG,2025_12_21_IMG (2).JPG,test,Greening,4,0.9375,near-duplicate candidate requiring manual review
dataset/train/Greening/2025_12_21_IMG (30).JPG,2025_12_21_IMG (30).JPG,train,Greening,dataset/val/Greening/2025_12_21_IMG (31).JPG,2025_12_21_IMG (31).JPG,val,Greening,4,0.9375,near-duplicate candidate requiring manual review
dataset/train/Greening/2025_12_21_IMG (40).JPG,2025_12_21_IMG (40).JPG,train,Greening,dataset/test/Greening/2025_12_21_IMG (38).JPG,2025_12_21_IMG (38).JPG,test,Greening,4,0.9375,near-duplicate candidate requiring manual review
dataset/train/Greening/2025_12_21_IMG (41).JPG,2025_12_21_IMG (41).JPG,train,Greening,dataset/test/Greening/2025_12_21_IMG (42).JPG,2025_12_21_IMG (42).JPG,test,Greening,4,0.9375,near-duplicate candidate requiring manual review
dataset/train/Healthy leaf/2025_11_21_IMG (116).JPG,2025_11_21_IMG (116).JPG,train,Healthy leaf,dataset/val/Healthy leaf/2025_11_21_IMG (115).JPG,2025_11_21_IMG (115).JPG,val,Healthy leaf,4,0.9375,near-duplicate candidate requiring manual review
dataset/train/Healthy leaf/2025_11_21_IMG (153).JPG,2025_11_21_IMG (153).JPG,train,Healthy leaf,dataset/val/Healthy leaf/2025_11_21_IMG (151).JPG,2025_11_21_IMG (151).JPG,val,Healthy leaf,4,0.9375,near-duplicate candidate requiring manual review
dataset/train/Healthy leaf/2025_11_21_IMG (153).JPG,2025_11_21_IMG (153).JPG,train,Healthy leaf,dataset/val/Healthy leaf/2025_11_21_IMG (152).JPG,2025_11_21_IMG (152).JPG,val,Healthy leaf,4,0.9375,near-duplicate candidate requiring manual review
dataset/train/Healthy leaf/2025_11_21_IMG (167).JPG,2025_11_21_IMG (167).JPG,train,Healthy leaf,dataset/val/Healthy leaf/2025_11_21_IMG (166).JPG,2025_11_21_IMG (166).JPG,val,Healthy leaf,4,0.9375,near-duplicate candidate requiring manual review
dataset/train/Healthy leaf/2025_11_21_IMG (171).JPG,2025_11_21_IMG (171).JPG,train,Healthy leaf,dataset/test/Healthy leaf/2025_11_21_IMG (170).JPG,2025_11_21_IMG (170).JPG,test,Healthy leaf,4,0.9375,near-duplicate candidate requiring manual review
dataset/train/Healthy leaf/2025_11_21_IMG (188).JPG,2025_11_21_IMG (188).JPG,train,Healthy leaf,dataset/val/Healthy leaf/2025_11_21_IMG (187).JPG,2025_11_21_IMG (187).JPG,val,Healthy leaf,4,0.9375,near-duplicate candidate requiring manual review
dataset/train/Healthy leaf/2025_11_21_IMG (226).JPG,2025_11_21_IMG (226).JPG,train,Healthy leaf,dataset/test/Healthy leaf/2025_11_21_IMG (227).JPG,2025_11_21_IMG (227).JPG,test,Healthy leaf,4,0.9375,near-duplicate candidate requiring manual review
dataset/train/Healthy leaf/2025_11_21_IMG (237).JPG,2025_11_21_IMG (237).JPG,train,Healthy leaf,dataset/test/Healthy leaf/2025_11_21_IMG (264).JPG,2025_11_21_IMG (264).JPG,test,Healthy leaf,4,0.9375,near-duplicate candidate requiring manual review
dataset/train/Healthy leaf/2025_11_21_IMG (252).JPG,2025_11_21_IMG (252).JPG,train,Healthy leaf,dataset/test/Healthy leaf/2025_11_21_IMG (258).JPG,2025_11_21_IMG (258).JPG,test,Healthy leaf,4,0.9375,near-duplicate candidate requiring manual review
dataset/train/Healthy leaf/2025_11_21_IMG (252).JPG,2025_11_21_IMG (252).JPG,train,Healthy leaf,dataset/val/Healthy leaf/2025_11_21_IMG (251).JPG,2025_11_21_IMG (251).JPG,val,Healthy leaf,4,0.9375,near-duplicate candidate requiring manual review
dataset/train/Healthy leaf/2025_11_21_IMG (263).JPG,2025_11_21_IMG (263).JPG,train,Healthy leaf,dataset/val/Healthy leaf/2025_11_21_IMG (260).JPG,2025_11_21_IMG (260).JPG,val,Healthy leaf,4,0.9375,near-duplicate candidate requiring manual review
dataset/train/Healthy leaf/2025_11_21_IMG (263).JPG,2025_11_21_IMG (263).JPG,train,Healthy leaf,dataset/val/Healthy leaf/2025_11_21_IMG (261).JPG,2025_11_21_IMG (261).JPG,val,Healthy leaf,4,0.9375,near-duplicate candidate requiring manual review
dataset/train/Healthy leaf/2025_11_21_IMG (265).JPG,2025_11_21_IMG (265).JPG,train,Healthy leaf,dataset/val/Healthy leaf/2025_11_21_IMG (261).JPG,2025_11_21_IMG (261).JPG,val,Healthy leaf,4,0.9375,near-duplicate candidate requiring manual review
dataset/train/Healthy leaf/2025_11_21_IMG (270).JPG,2025_11_21_IMG (270).JPG,train,Healthy leaf,dataset/test/Healthy leaf/2025_11_21_IMG (273).JPG,2025_11_21_IMG (273).JPG,test,Healthy leaf,4,0.9375,near-duplicate candidate requiring manual review
dataset/train/Healthy leaf/2025_11_21_IMG (271).JPG,2025_11_21_IMG (271).JPG,train,Healthy leaf,dataset/test/Healthy leaf/2025_11_21_IMG (273).JPG,2025_11_21_IMG (273).JPG,test,Healthy leaf,4,0.9375,near-duplicate candidate requiring manual review
dataset/train/Healthy leaf/2025_11_21_IMG (272).JPG,2025_11_21_IMG (272).JPG,train,Healthy leaf,dataset/test/Healthy leaf/2025_11_21_IMG (273).JPG,2025_11_21_IMG (273).JPG,test,Healthy leaf,4,0.9375,near-duplicate candidate requiring manual review
dataset/train/Healthy leaf/2025_11_21_IMG (275).JPG,2025_11_21_IMG (275).JPG,train,Healthy leaf,dataset/val/Healthy leaf/2025_11_21_IMG (277).JPG,2025_11_21_IMG (277).JPG,val,Healthy leaf,4,0.9375,near-duplicate candidate requiring manual review
dataset/train/Healthy leaf/2025_11_21_IMG (280).JPG,2025_11_21_IMG (280).JPG,train,Healthy leaf,dataset/val/Healthy leaf/2025_11_21_IMG (277).JPG,2025_11_21_IMG (277).JPG,val,Healthy leaf,4,0.9375,near-duplicate candidate requiring manual review
dataset/train/Healthy leaf/2025_11_21_IMG (290).JPG,2025_11_21_IMG (290).JPG,train,Healthy leaf,dataset/val/Healthy leaf/2025_11_21_IMG (291).JPG,2025_11_21_IMG (291).JPG,val,Healthy leaf,4,0.9375,near-duplicate candidate requiring manual review
dataset/train/Healthy leaf/2025_11_21_IMG (298).JPG,2025_11_21_IMG (298).JPG,train,Healthy leaf,dataset/test/Healthy leaf/2025_11_21_IMG (294).JPG,2025_11_21_IMG (294).JPG,test,Healthy leaf,4,0.9375,near-duplicate candidate requiring manual review
dataset/train/Healthy leaf/2025_11_21_IMG (44).JPG,2025_11_21_IMG (44).JPG,train,Healthy leaf,dataset/val/Healthy leaf/2025_11_21_IMG (45).JPG,2025_11_21_IMG (45).JPG,val,Healthy leaf,4,0.9375,near-duplicate candidate requiring manual review
dataset/train/Healthy leaf/2025_11_21_IMG (62).JPG,2025_11_21_IMG (62).JPG,train,Healthy leaf,dataset/test/Healthy leaf/2025_11_21_IMG (61).JPG,2025_11_21_IMG (61).JPG,test,Healthy leaf,4,0.9375,near-duplicate candidate requiring manual review
dataset/val/Algal leaf spot/2025_12_21_IMG (111).JPG,2025_12_21_IMG (111).JPG,val,Algal leaf spot,dataset/test/Algal leaf spot/2025_12_21_IMG (110).JPG,2025_12_21_IMG (110).JPG,test,Algal leaf spot,4,0.9375,near-duplicate candidate requiring manual review
dataset/val/Algal leaf spot/2025_12_21_IMG (293).JPG,2025_12_21_IMG (293).JPG,val,Algal leaf spot,dataset/test/Algal leaf spot/2025_12_21_IMG (292).JPG,2025_12_21_IMG (292).JPG,test,Algal leaf spot,4,0.9375,near-duplicate candidate requiring manual review
dataset/val/Black spot/2025_12_20_IMG (267).JPG,2025_12_20_IMG (267).JPG,val,Black spot,dataset/test/Black spot/2025_12_20_IMG (266).JPG,2025_12_20_IMG (266).JPG,test,Black spot,4,0.9375,near-duplicate candidate requiring manual review
dataset/val/Black spot/2025_12_20_IMG (311).JPG,2025_12_20_IMG (311).JPG,val,Black spot,dataset/test/Black spot/2025_12_20_IMG (310).JPG,2025_12_20_IMG (310).JPG,test,Black spot,4,0.9375,near-duplicate candidate requiring manual review
dataset/val/Healthy leaf/2025_11_21_IMG (253).JPG,2025_11_21_IMG (253).JPG,val,Healthy leaf,dataset/test/Healthy leaf/2025_11_21_IMG (256).JPG,2025_11_21_IMG (256).JPG,test,Healthy leaf,4,0.9375,near-duplicate candidate requiring manual review
dataset/val/Healthy leaf/2025_11_21_IMG (257).JPG,2025_11_21_IMG (257).JPG,val,Healthy leaf,dataset/test/Healthy leaf/2025_11_21_IMG (254).JPG,2025_11_21_IMG (254).JPG,test,Healthy leaf,4,0.9375,near-duplicate candidate requiring manual review
dataset/val/Healthy leaf/2025_11_21_IMG (291).JPG,2025_11_21_IMG (291).JPG,val,Healthy leaf,dataset/test/Healthy leaf/2025_11_21_IMG (292).JPG,2025_11_21_IMG (292).JPG,test,Healthy leaf,4,0.9375,near-duplicate candidate requiring manual review
dataset/train/Algal leaf spot/2025_12_21_IMG (120).JPG,2025_12_21_IMG (120).JPG,train,Algal leaf spot,dataset/test/Algal leaf spot/2025_12_21_IMG (119).JPG,2025_12_21_IMG (119).JPG,test,Algal leaf spot,5,0.921875,near-duplicate candidate requiring manual review
dataset/train/Algal leaf spot/2025_12_21_IMG (124).JPG,2025_12_21_IMG (124).JPG,train,Algal leaf spot,dataset/val/Algal leaf spot/2025_12_21_IMG (130).JPG,2025_12_21_IMG (130).JPG,val,Algal leaf spot,5,0.921875,near-duplicate candidate requiring manual review
dataset/train/Algal leaf spot/2025_12_21_IMG (128).JPG,2025_12_21_IMG (128).JPG,train,Algal leaf spot,dataset/val/Algal leaf spot/2025_12_21_IMG (130).JPG,2025_12_21_IMG (130).JPG,val,Algal leaf spot,5,0.921875,near-duplicate candidate requiring manual review
dataset/train/Algal leaf spot/2025_12_21_IMG (186).JPG,2025_12_21_IMG (186).JPG,train,Algal leaf spot,dataset/test/Algal leaf spot/2025_12_21_IMG (188).JPG,2025_12_21_IMG (188).JPG,test,Algal leaf spot,5,0.921875,near-duplicate candidate requiring manual review
dataset/train/Algal leaf spot/2025_12_21_IMG (195).JPG,2025_12_21_IMG (195).JPG,train,Algal leaf spot,dataset/test/Algal leaf spot/2025_12_21_IMG (188).JPG,2025_12_21_IMG (188).JPG,test,Algal leaf spot,5,0.921875,near-duplicate candidate requiring manual review
dataset/train/Algal leaf spot/2025_12_21_IMG (204).JPG,2025_12_21_IMG (204).JPG,train,Algal leaf spot,dataset/test/Algal leaf spot/2025_12_21_IMG (206).JPG,2025_12_21_IMG (206).JPG,test,Algal leaf spot,5,0.921875,near-duplicate candidate requiring manual review
dataset/train/Algal leaf spot/2025_12_21_IMG (204).JPG,2025_12_21_IMG (204).JPG,train,Algal leaf spot,dataset/val/Algal leaf spot/2025_12_21_IMG (205).JPG,2025_12_21_IMG (205).JPG,val,Algal leaf spot,5,0.921875,near-duplicate candidate requiring manual review
dataset/train/Algal leaf spot/2025_12_21_IMG (226).JPG,2025_12_21_IMG (226).JPG,train,Algal leaf spot,dataset/test/Algal leaf spot/2025_12_21_IMG (225).JPG,2025_12_21_IMG (225).JPG,test,Algal leaf spot,5,0.921875,near-duplicate candidate requiring manual review
dataset/train/Algal leaf spot/2025_12_21_IMG (226).JPG,2025_12_21_IMG (226).JPG,train,Algal leaf spot,dataset/test/Algal leaf spot/2025_12_21_IMG (227).JPG,2025_12_21_IMG (227).JPG,test,Algal leaf spot,5,0.921875,near-duplicate candidate requiring manual review
dataset/train/Algal leaf spot/2025_12_21_IMG (268).JPG,2025_12_21_IMG (268).JPG,train,Algal leaf spot,dataset/val/Algal leaf spot/2025_12_21_IMG (267).JPG,2025_12_21_IMG (267).JPG,val,Algal leaf spot,5,0.921875,near-duplicate candidate requiring manual review
dataset/train/Algal leaf spot/2025_12_21_IMG (270).JPG,2025_12_21_IMG (270).JPG,train,Algal leaf spot,dataset/val/Algal leaf spot/2025_12_21_IMG (267).JPG,2025_12_21_IMG (267).JPG,val,Algal leaf spot,5,0.921875,near-duplicate candidate requiring manual review
dataset/train/Algal leaf spot/2025_12_21_IMG (281).JPG,2025_12_21_IMG (281).JPG,train,Algal leaf spot,dataset/val/Algal leaf spot/2025_12_21_IMG (278).JPG,2025_12_21_IMG (278).JPG,val,Algal leaf spot,5,0.921875,near-duplicate candidate requiring manual review
dataset/train/Algal leaf spot/2025_12_21_IMG (288).JPG,2025_12_21_IMG (288).JPG,train,Algal leaf spot,dataset/val/Algal leaf spot/2025_12_21_IMG (289).JPG,2025_12_21_IMG (289).JPG,val,Algal leaf spot,5,0.921875,near-duplicate candidate requiring manual review
dataset/train/Algal leaf spot/2025_12_21_IMG (297).JPG,2025_12_21_IMG (297).JPG,train,Algal leaf spot,dataset/test/Algal leaf spot/2025_12_21_IMG (294).JPG,2025_12_21_IMG (294).JPG,test,Algal leaf spot,5,0.921875,near-duplicate candidate requiring manual review
dataset/train/Algal leaf spot/2025_12_21_IMG (3).JPG,2025_12_21_IMG (3).JPG,train,Algal leaf spot,dataset/test/Algal leaf spot/2025_12_21_IMG (2).JPG,2025_12_21_IMG (2).JPG,test,Algal leaf spot,5,0.921875,near-duplicate candidate requiring manual review
dataset/train/Algal leaf spot/2025_12_21_IMG (95).JPG,2025_12_21_IMG (95).JPG,train,Algal leaf spot,dataset/val/Algal leaf spot/2025_12_21_IMG (94).JPG,2025_12_21_IMG (94).JPG,val,Algal leaf spot,5,0.921875,near-duplicate candidate requiring manual review
dataset/train/Black spot/2025_12_20_IMG (108).JPG,2025_12_20_IMG (108).JPG,train,Black spot,dataset/val/Black spot/2025_12_20_IMG (106).JPG,2025_12_20_IMG (106).JPG,val,Black spot,5,0.921875,near-duplicate candidate requiring manual review
dataset/train/Black spot/2025_12_20_IMG (173).JPG,2025_12_20_IMG (173).JPG,train,Black spot,dataset/val/Black spot/2025_12_20_IMG (191).JPG,2025_12_20_IMG (191).JPG,val,Black spot,5,0.921875,near-duplicate candidate requiring manual review
dataset/train/Black spot/2025_12_20_IMG (192).JPG,2025_12_20_IMG (192).JPG,train,Black spot,dataset/val/Black spot/2025_12_20_IMG (191).JPG,2025_12_20_IMG (191).JPG,val,Black spot,5,0.921875,near-duplicate candidate requiring manual review
dataset/train/Black spot/2025_12_20_IMG (231).JPG,2025_12_20_IMG (231).JPG,train,Black spot,dataset/val/Black spot/2025_12_20_IMG (232).JPG,2025_12_20_IMG (232).JPG,val,Black spot,5,0.921875,near-duplicate candidate requiring manual review
dataset/train/Black spot/2025_12_20_IMG (24).JPG,2025_12_20_IMG (24).JPG,train,Black spot,dataset/val/Black spot/2025_12_20_IMG (196).JPG,2025_12_20_IMG (196).JPG,val,Black spot,5,0.921875,near-duplicate candidate requiring manual review
dataset/train/Black spot/2025_12_20_IMG (25).JPG,2025_12_20_IMG (25).JPG,train,Black spot,dataset/val/Black spot/2025_12_20_IMG (196).JPG,2025_12_20_IMG (196).JPG,val,Black spot,5,0.921875,near-duplicate candidate requiring manual review
dataset/train/Black spot/2025_12_20_IMG (263).JPG,2025_12_20_IMG (263).JPG,train,Black spot,dataset/test/Black spot/2025_12_20_IMG (264).JPG,2025_12_20_IMG (264).JPG,test,Black spot,5,0.921875,near-duplicate candidate requiring manual review
dataset/train/Black spot/2025_12_20_IMG (295).JPG,2025_12_20_IMG (295).JPG,train,Black spot,dataset/test/Black spot/2025_12_20_IMG (294).JPG,2025_12_20_IMG (294).JPG,test,Black spot,5,0.921875,near-duplicate candidate requiring manual review
dataset/train/Black spot/2025_12_20_IMG (299).JPG,2025_12_20_IMG (299).JPG,train,Black spot,dataset/val/Black spot/2025_12_20_IMG (300).JPG,2025_12_20_IMG (300).JPG,val,Black spot,5,0.921875,near-duplicate candidate requiring manual review
dataset/train/Black spot/2025_12_20_IMG (307).JPG,2025_12_20_IMG (307).JPG,train,Black spot,dataset/val/Black spot/2025_12_20_IMG (309).JPG,2025_12_20_IMG (309).JPG,val,Black spot,5,0.921875,near-duplicate candidate requiring manual review
dataset/train/Citrus canker/2025_12_21_IMG (341).JPG,2025_12_21_IMG (341).JPG,train,Citrus canker,dataset/val/Citrus canker/2025_12_21_IMG (340).JPG,2025_12_21_IMG (340).JPG,val,Citrus canker,5,0.921875,near-duplicate candidate requiring manual review
dataset/train/Citrus canker/2025_12_21_IMG (343).JPG,2025_12_21_IMG (343).JPG,train,Citrus canker,dataset/val/Citrus canker/2025_12_21_IMG (340).JPG,2025_12_21_IMG (340).JPG,val,Citrus canker,5,0.921875,near-duplicate candidate requiring manual review
dataset/train/Citrus canker/2025_12_21_IMG (384).JPG,2025_12_21_IMG (384).JPG,train,Citrus canker,dataset/test/Citrus canker/2025_12_21_IMG (385).JPG,2025_12_21_IMG (385).JPG,test,Citrus canker,5,0.921875,near-duplicate candidate requiring manual review
dataset/train/Citrus canker/2025_12_21_IMG (386).JPG,2025_12_21_IMG (386).JPG,train,Citrus canker,dataset/test/Citrus canker/2025_12_21_IMG (387).JPG,2025_12_21_IMG (387).JPG,test,Citrus canker,5,0.921875,near-duplicate candidate requiring manual review
dataset/train/Citrus canker/2025_12_21_IMG (401).JPG,2025_12_21_IMG (401).JPG,train,Citrus canker,dataset/val/Healthy leaf/2025_11_21_IMG (245).JPG,2025_11_21_IMG (245).JPG,val,Healthy leaf,5,0.921875,near-duplicate candidate requiring manual review
dataset/train/Citrus canker/2025_12_21_IMG (435).JPG,2025_12_21_IMG (435).JPG,train,Citrus canker,dataset/val/Citrus canker/2025_12_21_IMG (436).JPG,2025_12_21_IMG (436).JPG,val,Citrus canker,5,0.921875,near-duplicate candidate requiring manual review
dataset/train/Citrus canker/2025_12_21_IMG (463).JPG,2025_12_21_IMG (463).JPG,train,Citrus canker,dataset/val/Citrus canker/2025_12_21_IMG (462).JPG,2025_12_21_IMG (462).JPG,val,Citrus canker,5,0.921875,near-duplicate candidate requiring manual review
dataset/train/Citrus canker/2025_12_21_IMG (508).JPG,2025_12_21_IMG (508).JPG,train,Citrus canker,dataset/val/Citrus canker/2025_12_21_IMG (391).JPG,2025_12_21_IMG (391).JPG,val,Citrus canker,5,0.921875,near-duplicate candidate requiring manual review
dataset/train/Citrus canker/2025_12_21_IMG (521).JPG,2025_12_21_IMG (521).JPG,train,Citrus canker,dataset/val/Citrus canker/2025_12_21_IMG (519).JPG,2025_12_21_IMG (519).JPG,val,Citrus canker,5,0.921875,near-duplicate candidate requiring manual review
dataset/train/Citrus canker/2025_12_21_IMG (521).JPG,2025_12_21_IMG (521).JPG,train,Citrus canker,dataset/val/Citrus canker/2025_12_21_IMG (520).JPG,2025_12_21_IMG (520).JPG,val,Citrus canker,5,0.921875,near-duplicate candidate requiring manual review
dataset/train/Citrus canker/2025_12_21_IMG (525).JPG,2025_12_21_IMG (525).JPG,train,Citrus canker,dataset/val/Citrus canker/2025_12_21_IMG (526).JPG,2025_12_21_IMG (526).JPG,val,Citrus canker,5,0.921875,near-duplicate candidate requiring manual review
dataset/train/Citrus canker/2025_12_21_IMG (525).JPG,2025_12_21_IMG (525).JPG,train,Citrus canker,dataset/val/Greening/2025_12_21_IMG (43).JPG,2025_12_21_IMG (43).JPG,val,Greening,5,0.921875,near-duplicate candidate requiring manual review
dataset/train/Citrus canker/2025_12_21_IMG (538).JPG,2025_12_21_IMG (538).JPG,train,Citrus canker,dataset/val/Citrus canker/2025_12_21_IMG (537).JPG,2025_12_21_IMG (537).JPG,val,Citrus canker,5,0.921875,near-duplicate candidate requiring manual review
dataset/train/Citrus canker/2025_12_21_IMG (557).JPG,2025_12_21_IMG (557).JPG,train,Citrus canker,dataset/val/Citrus canker/2025_12_21_IMG (558).JPG,2025_12_21_IMG (558).JPG,val,Citrus canker,5,0.921875,near-duplicate candidate requiring manual review
dataset/train/Citrus pest/2025_12_20_IMG (305).JPG,2025_12_20_IMG (305).JPG,train,Citrus pest,dataset/val/Citrus pest/2025_12_20_IMG (306).JPG,2025_12_20_IMG (306).JPG,val,Citrus pest,5,0.921875,near-duplicate candidate requiring manual review
dataset/train/Citrus pest/2025_12_20_IMG (337).JPG,2025_12_20_IMG (337).JPG,train,Citrus pest,dataset/val/Citrus pest/2025_12_20_IMG (339).JPG,2025_12_20_IMG (339).JPG,val,Citrus pest,5,0.921875,near-duplicate candidate requiring manual review
dataset/train/Greening/2025_12_21_IMG (13).JPG,2025_12_21_IMG (13).JPG,train,Greening,dataset/val/Greening/2025_12_21_IMG (12).JPG,2025_12_21_IMG (12).JPG,val,Greening,5,0.921875,near-duplicate candidate requiring manual review
dataset/train/Greening/2025_12_21_IMG (235).JPG,2025_12_21_IMG (235).JPG,train,Greening,dataset/val/Algal leaf spot/2025_12_21_IMG (187).JPG,2025_12_21_IMG (187).JPG,val,Algal leaf spot,5,0.921875,near-duplicate candidate requiring manual review
dataset/train/Greening/2025_12_21_IMG (253).JPG,2025_12_21_IMG (253).JPG,train,Greening,dataset/test/Greening/2025_12_21_IMG (258).JPG,2025_12_21_IMG (258).JPG,test,Greening,5,0.921875,near-duplicate candidate requiring manual review
dataset/train/Greening/2025_12_21_IMG (255).JPG,2025_12_21_IMG (255).JPG,train,Greening,dataset/test/Greening/2025_12_21_IMG (258).JPG,2025_12_21_IMG (258).JPG,test,Greening,5,0.921875,near-duplicate candidate requiring manual review
dataset/train/Greening/2025_12_21_IMG (259).JPG,2025_12_21_IMG (259).JPG,train,Greening,dataset/test/Greening/2025_12_21_IMG (256).JPG,2025_12_21_IMG (256).JPG,test,Greening,5,0.921875,near-duplicate candidate requiring manual review
dataset/train/Greening/2025_12_21_IMG (260).JPG,2025_12_21_IMG (260).JPG,train,Greening,dataset/test/Greening/2025_12_21_IMG (256).JPG,2025_12_21_IMG (256).JPG,test,Greening,5,0.921875,near-duplicate candidate requiring manual review
dataset/train/Greening/2025_12_21_IMG (44).JPG,2025_12_21_IMG (44).JPG,train,Greening,dataset/test/Greening/2025_12_21_IMG (55).JPG,2025_12_21_IMG (55).JPG,test,Greening,5,0.921875,near-duplicate candidate requiring manual review
dataset/train/Greening/2025_12_21_IMG (44).JPG,2025_12_21_IMG (44).JPG,train,Greening,dataset/val/Greening/2025_12_21_IMG (43).JPG,2025_12_21_IMG (43).JPG,val,Greening,5,0.921875,near-duplicate candidate requiring manual review
dataset/train/Greening/2025_12_21_IMG (85).JPG,2025_12_21_IMG (85).JPG,train,Greening,dataset/test/Citrus canker/2025_12_21_IMG (281).JPG,2025_12_21_IMG (281).JPG,test,Citrus canker,5,0.921875,near-duplicate candidate requiring manual review
dataset/train/Healthy leaf/2025_11_21_IMG (10).JPG,2025_11_21_IMG (10).JPG,train,Healthy leaf,dataset/test/Healthy leaf/2025_11_21_IMG (11).JPG,2025_11_21_IMG (11).JPG,test,Healthy leaf,5,0.921875,near-duplicate candidate requiring manual review
dataset/train/Healthy leaf/2025_11_21_IMG (162).JPG,2025_11_21_IMG (162).JPG,train,Healthy leaf,dataset/val/Healthy leaf/2025_11_21_IMG (160).JPG,2025_11_21_IMG (160).JPG,val,Healthy leaf,5,0.921875,near-duplicate candidate requiring manual review
dataset/train/Healthy leaf/2025_11_21_IMG (178).JPG,2025_11_21_IMG (178).JPG,train,Healthy leaf,dataset/val/Healthy leaf/2025_11_21_IMG (180).JPG,2025_11_21_IMG (180).JPG,val,Healthy leaf,5,0.921875,near-duplicate candidate requiring manual review
dataset/train/Healthy leaf/2025_11_21_IMG (179).JPG,2025_11_21_IMG (179).JPG,train,Healthy leaf,dataset/val/Healthy leaf/2025_11_21_IMG (180).JPG,2025_11_21_IMG (180).JPG,val,Healthy leaf,5,0.921875,near-duplicate candidate requiring manual review
dataset/train/Healthy leaf/2025_11_21_IMG (255).JPG,2025_11_21_IMG (255).JPG,train,Healthy leaf,dataset/test/Healthy leaf/2025_11_21_IMG (256).JPG,2025_11_21_IMG (256).JPG,test,Healthy leaf,5,0.921875,near-duplicate candidate requiring manual review
dataset/train/Healthy leaf/2025_11_21_IMG (255).JPG,2025_11_21_IMG (255).JPG,train,Healthy leaf,dataset/val/Healthy leaf/2025_11_21_IMG (257).JPG,2025_11_21_IMG (257).JPG,val,Healthy leaf,5,0.921875,near-duplicate candidate requiring manual review
dataset/train/Healthy leaf/2025_11_21_IMG (270).JPG,2025_11_21_IMG (270).JPG,train,Healthy leaf,dataset/test/Healthy leaf/2025_11_21_IMG (274).JPG,2025_11_21_IMG (274).JPG,test,Healthy leaf,5,0.921875,near-duplicate candidate requiring manual review
dataset/train/Healthy leaf/2025_11_21_IMG (289).JPG,2025_11_21_IMG (289).JPG,train,Healthy leaf,dataset/test/Healthy leaf/2025_11_21_IMG (292).JPG,2025_11_21_IMG (292).JPG,test,Healthy leaf,5,0.921875,near-duplicate candidate requiring manual review
dataset/train/Healthy leaf/2025_11_21_IMG (300).JPG,2025_11_21_IMG (300).JPG,train,Healthy leaf,dataset/test/Healthy leaf/2025_11_21_IMG (2).JPG,2025_11_21_IMG (2).JPG,test,Healthy leaf,5,0.921875,near-duplicate candidate requiring manual review
dataset/train/Healthy leaf/2025_11_21_IMG (43).JPG,2025_11_21_IMG (43).JPG,train,Healthy leaf,dataset/val/Healthy leaf/2025_11_21_IMG (42).JPG,2025_11_21_IMG (42).JPG,val,Healthy leaf,5,0.921875,near-duplicate candidate requiring manual review
dataset/train/Healthy leaf/2025_11_21_IMG (44).JPG,2025_11_21_IMG (44).JPG,train,Healthy leaf,dataset/val/Healthy leaf/2025_11_21_IMG (42).JPG,2025_11_21_IMG (42).JPG,val,Healthy leaf,5,0.921875,near-duplicate candidate requiring manual review
dataset/train/Healthy leaf/2025_11_21_IMG (7).JPG,2025_11_21_IMG (7).JPG,train,Healthy leaf,dataset/val/Healthy leaf/2025_11_21_IMG (4).JPG,2025_11_21_IMG (4).JPG,val,Healthy leaf,5,0.921875,near-duplicate candidate requiring manual review
dataset/val/Algal leaf spot/2025_12_21_IMG (187).JPG,2025_12_21_IMG (187).JPG,val,Algal leaf spot,dataset/test/Algal leaf spot/2025_12_21_IMG (188).JPG,2025_12_21_IMG (188).JPG,test,Algal leaf spot,5,0.921875,near-duplicate candidate requiring manual review
dataset/val/Black spot/2025_12_20_IMG (174).JPG,2025_12_20_IMG (174).JPG,val,Black spot,dataset/test/Black spot/2025_12_20_IMG (172).JPG,2025_12_20_IMG (172).JPG,test,Black spot,5,0.921875,near-duplicate candidate requiring manual review
dataset/val/Citrus canker/2025_12_21_IMG (340).JPG,2025_12_21_IMG (340).JPG,val,Citrus canker,dataset/test/Citrus canker/2025_12_21_IMG (342).JPG,2025_12_21_IMG (342).JPG,test,Citrus canker,5,0.921875,near-duplicate candidate requiring manual review
dataset/val/Healthy leaf/2025_11_21_IMG (251).JPG,2025_11_21_IMG (251).JPG,val,Healthy leaf,dataset/test/Healthy leaf/2025_11_21_IMG (254).JPG,2025_11_21_IMG (254).JPG,test,Healthy leaf,5,0.921875,near-duplicate candidate requiring manual review
dataset/val/Healthy leaf/2025_11_21_IMG (253).JPG,2025_11_21_IMG (253).JPG,val,Healthy leaf,dataset/test/Healthy leaf/2025_11_21_IMG (258).JPG,2025_11_21_IMG (258).JPG,test,Healthy leaf,5,0.921875,near-duplicate candidate requiring manual review
dataset/val/Healthy leaf/2025_11_21_IMG (260).JPG,2025_11_21_IMG (260).JPG,val,Healthy leaf,dataset/test/Healthy leaf/2025_11_21_IMG (264).JPG,2025_11_21_IMG (264).JPG,test,Healthy leaf,5,0.921875,near-duplicate candidate requiring manual review
dataset/val/Healthy leaf/2025_11_21_IMG (299).JPG,2025_11_21_IMG (299).JPG,val,Healthy leaf,dataset/test/Healthy leaf/2025_11_21_IMG (2).JPG,2025_11_21_IMG (2).JPG,test,Healthy leaf,5,0.921875,near-duplicate candidate requiring manual review
dataset/train/Algal leaf spot/2025_12_21_IMG (102).JPG,2025_12_21_IMG (102).JPG,train,Algal leaf spot,dataset/test/Algal leaf spot/2025_12_21_IMG (101).JPG,2025_12_21_IMG (101).JPG,test,Algal leaf spot,6,0.90625,near-duplicate candidate requiring manual review
dataset/train/Algal leaf spot/2025_12_21_IMG (125).JPG,2025_12_21_IMG (125).JPG,train,Algal leaf spot,dataset/val/Algal leaf spot/2025_12_21_IMG (130).JPG,2025_12_21_IMG (130).JPG,val,Algal leaf spot,6,0.90625,near-duplicate candidate requiring manual review
dataset/train/Algal leaf spot/2025_12_21_IMG (126).JPG,2025_12_21_IMG (126).JPG,train,Algal leaf spot,dataset/val/Algal leaf spot/2025_12_21_IMG (130).JPG,2025_12_21_IMG (130).JPG,val,Algal leaf spot,6,0.90625,near-duplicate candidate requiring manual review
dataset/train/Algal leaf spot/2025_12_21_IMG (168).JPG,2025_12_21_IMG (168).JPG,train,Algal leaf spot,dataset/test/Algal leaf spot/2025_12_21_IMG (170).JPG,2025_12_21_IMG (170).JPG,test,Algal leaf spot,6,0.90625,near-duplicate candidate requiring manual review
dataset/train/Algal leaf spot/2025_12_21_IMG (231).JPG,2025_12_21_IMG (231).JPG,train,Algal leaf spot,dataset/test/Healthy leaf/2025_11_21_IMG (112).JPG,2025_11_21_IMG (112).JPG,test,Healthy leaf,6,0.90625,near-duplicate candidate requiring manual review
dataset/train/Algal leaf spot/2025_12_21_IMG (27).JPG,2025_12_21_IMG (27).JPG,train,Algal leaf spot,dataset/test/Algal leaf spot/2025_12_21_IMG (163).JPG,2025_12_21_IMG (163).JPG,test,Algal leaf spot,6,0.90625,near-duplicate candidate requiring manual review
dataset/train/Algal leaf spot/2025_12_21_IMG (55).JPG,2025_12_21_IMG (55).JPG,train,Algal leaf spot,dataset/val/Algal leaf spot/2025_12_21_IMG (54).JPG,2025_12_21_IMG (54).JPG,val,Algal leaf spot,6,0.90625,near-duplicate candidate requiring manual review
dataset/train/Algal leaf spot/2025_12_21_IMG (75).JPG,2025_12_21_IMG (75).JPG,train,Algal leaf spot,dataset/val/Algal leaf spot/2025_12_21_IMG (73).JPG,2025_12_21_IMG (73).JPG,val,Algal leaf spot,6,0.90625,near-duplicate candidate requiring manual review
dataset/train/Algal leaf spot/2025_12_21_IMG (75).JPG,2025_12_21_IMG (75).JPG,train,Algal leaf spot,dataset/val/Algal leaf spot/2025_12_21_IMG (74).JPG,2025_12_21_IMG (74).JPG,val,Algal leaf spot,6,0.90625,near-duplicate candidate requiring manual review
dataset/train/Algal leaf spot/2025_12_21_IMG (91).JPG,2025_12_21_IMG (91).JPG,train,Algal leaf spot,dataset/test/Algal leaf spot/2025_12_21_IMG (92).JPG,2025_12_21_IMG (92).JPG,test,Algal leaf spot,6,0.90625,near-duplicate candidate requiring manual review
dataset/train/Black spot/2025_12_20_IMG (109).JPG,2025_12_20_IMG (109).JPG,train,Black spot,dataset/val/Black spot/2025_12_20_IMG (106).JPG,2025_12_20_IMG (106).JPG,val,Black spot,6,0.90625,near-duplicate candidate requiring manual review
dataset/train/Black spot/2025_12_20_IMG (140).JPG,2025_12_20_IMG (140).JPG,train,Black spot,dataset/test/Black spot/2025_12_20_IMG (141).JPG,2025_12_20_IMG (141).JPG,test,Black spot,6,0.90625,near-duplicate candidate requiring manual review
dataset/train/Black spot/2025_12_20_IMG (147).JPG,2025_12_20_IMG (147).JPG,train,Black spot,dataset/val/Black spot/2025_12_20_IMG (148).JPG,2025_12_20_IMG (148).JPG,val,Black spot,6,0.90625,near-duplicate candidate requiring manual review
dataset/train/Black spot/2025_12_20_IMG (21).JPG,2025_12_20_IMG (21).JPG,train,Black spot,dataset/test/Black spot/2025_12_20_IMG (20).JPG,2025_12_20_IMG (20).JPG,test,Black spot,6,0.90625,near-duplicate candidate requiring manual review
dataset/train/Black spot/2025_12_20_IMG (275).JPG,2025_12_20_IMG (275).JPG,train,Black spot,dataset/val/Black spot/2025_12_20_IMG (276).JPG,2025_12_20_IMG (276).JPG,val,Black spot,6,0.90625,near-duplicate candidate requiring manual review
dataset/train/Black spot/2025_12_20_IMG (290).JPG,2025_12_20_IMG (290).JPG,train,Black spot,dataset/val/Black spot/2025_12_20_IMG (289).JPG,2025_12_20_IMG (289).JPG,val,Black spot,6,0.90625,near-duplicate candidate requiring manual review
dataset/train/Citrus canker/2025_12_21_IMG (369).JPG,2025_12_21_IMG (369).JPG,train,Citrus canker,dataset/val/Citrus canker/2025_12_21_IMG (368).JPG,2025_12_21_IMG (368).JPG,val,Citrus canker,6,0.90625,near-duplicate candidate requiring manual review
dataset/train/Citrus canker/2025_12_21_IMG (401).JPG,2025_12_21_IMG (401).JPG,train,Citrus canker,dataset/val/Healthy leaf/2025_11_21_IMG (246).JPG,2025_11_21_IMG (246).JPG,val,Healthy leaf,6,0.90625,near-duplicate candidate requiring manual review
dataset/train/Citrus canker/2025_12_21_IMG (432).JPG,2025_12_21_IMG (432).JPG,train,Citrus canker,dataset/test/Citrus canker/2025_12_21_IMG (431).JPG,2025_12_21_IMG (431).JPG,test,Citrus canker,6,0.90625,near-duplicate candidate requiring manual review
dataset/train/Citrus canker/2025_12_21_IMG (512).JPG,2025_12_21_IMG (512).JPG,train,Citrus canker,dataset/test/Citrus canker/2025_12_21_IMG (511).JPG,2025_12_21_IMG (511).JPG,test,Citrus canker,6,0.90625,near-duplicate candidate requiring manual review
dataset/train/Citrus canker/2025_12_21_IMG (515).JPG,2025_12_21_IMG (515).JPG,train,Citrus canker,dataset/val/Citrus canker/2025_12_21_IMG (517).JPG,2025_12_21_IMG (517).JPG,val,Citrus canker,6,0.90625,near-duplicate candidate requiring manual review
dataset/train/Citrus canker/2025_12_21_IMG (516).JPG,2025_12_21_IMG (516).JPG,train,Citrus canker,dataset/val/Citrus canker/2025_12_21_IMG (517).JPG,2025_12_21_IMG (517).JPG,val,Citrus canker,6,0.90625,near-duplicate candidate requiring manual review
dataset/train/Citrus canker/2025_12_21_IMG (527).JPG,2025_12_21_IMG (527).JPG,train,Citrus canker,dataset/test/Citrus canker/2025_12_21_IMG (529).JPG,2025_12_21_IMG (529).JPG,test,Citrus canker,6,0.90625,near-duplicate candidate requiring manual review
dataset/train/Citrus canker/2025_12_21_IMG (553).JPG,2025_12_21_IMG (553).JPG,train,Citrus canker,dataset/val/Citrus canker/2025_12_21_IMG (554).JPG,2025_12_21_IMG (554).JPG,val,Citrus canker,6,0.90625,near-duplicate candidate requiring manual review
dataset/train/Citrus pest/2025_12_20_IMG (132).JPG,2025_12_20_IMG (132).JPG,train,Citrus pest,dataset/test/Citrus pest/2025_12_20_IMG (140).JPG,2025_12_20_IMG (140).JPG,test,Citrus pest,6,0.90625,near-duplicate candidate requiring manual review
dataset/train/Citrus pest/2025_12_20_IMG (224).JPG,2025_12_20_IMG (224).JPG,train,Citrus pest,dataset/val/Greening/2025_12_21_IMG (244).JPG,2025_12_21_IMG (244).JPG,val,Greening,6,0.90625,near-duplicate candidate requiring manual review
dataset/train/Citrus pest/2025_12_20_IMG (235).JPG,2025_12_20_IMG (235).JPG,train,Citrus pest,dataset/val/Citrus pest/2025_12_20_IMG (232).JPG,2025_12_20_IMG (232).JPG,val,Citrus pest,6,0.90625,near-duplicate candidate requiring manual review
dataset/train/Citrus pest/2025_12_20_IMG (237).JPG,2025_12_20_IMG (237).JPG,train,Citrus pest,dataset/test/Citrus pest/2025_12_20_IMG (236).JPG,2025_12_20_IMG (236).JPG,test,Citrus pest,6,0.90625,near-duplicate candidate requiring manual review
dataset/train/Citrus pest/2025_12_20_IMG (244).JPG,2025_12_20_IMG (244).JPG,train,Citrus pest,dataset/test/Citrus pest/2025_12_20_IMG (243).JPG,2025_12_20_IMG (243).JPG,test,Citrus pest,6,0.90625,near-duplicate candidate requiring manual review
dataset/train/Citrus pest/2025_12_20_IMG (261).JPG,2025_12_20_IMG (261).JPG,train,Citrus pest,dataset/test/Citrus pest/2025_12_20_IMG (263).JPG,2025_12_20_IMG (263).JPG,test,Citrus pest,6,0.90625,near-duplicate candidate requiring manual review
dataset/train/Citrus pest/2025_12_20_IMG (319).JPG,2025_12_20_IMG (319).JPG,train,Citrus pest,dataset/val/Citrus pest/2025_12_20_IMG (318).JPG,2025_12_20_IMG (318).JPG,val,Citrus pest,6,0.90625,near-duplicate candidate requiring manual review
dataset/train/Greening/2025_12_21_IMG (116).JPG,2025_12_21_IMG (116).JPG,train,Greening,dataset/test/Greening/2025_12_21_IMG (220).JPG,2025_12_21_IMG (220).JPG,test,Greening,6,0.90625,near-duplicate candidate requiring manual review
dataset/train/Greening/2025_12_21_IMG (14).JPG,2025_12_21_IMG (14).JPG,train,Greening,dataset/val/Greening/2025_12_21_IMG (12).JPG,2025_12_21_IMG (12).JPG,val,Greening,6,0.90625,near-duplicate candidate requiring manual review
dataset/train/Greening/2025_12_21_IMG (235).JPG,2025_12_21_IMG (235).JPG,train,Greening,dataset/test/Algal leaf spot/2025_12_21_IMG (188).JPG,2025_12_21_IMG (188).JPG,test,Algal leaf spot,6,0.90625,near-duplicate candidate requiring manual review
dataset/train/Greening/2025_12_21_IMG (235).JPG,2025_12_21_IMG (235).JPG,train,Greening,dataset/val/Healthy leaf/2025_11_21_IMG (245).JPG,2025_11_21_IMG (245).JPG,val,Healthy leaf,6,0.90625,near-duplicate candidate requiring manual review
dataset/train/Greening/2025_12_21_IMG (243).JPG,2025_12_21_IMG (243).JPG,train,Greening,dataset/val/Greening/2025_12_21_IMG (249).JPG,2025_12_21_IMG (249).JPG,val,Greening,6,0.90625,near-duplicate candidate requiring manual review
dataset/train/Greening/2025_12_21_IMG (261).JPG,2025_12_21_IMG (261).JPG,train,Greening,dataset/test/Greening/2025_12_21_IMG (2).JPG,2025_12_21_IMG (2).JPG,test,Greening,6,0.90625,near-duplicate candidate requiring manual review
dataset/train/Greening/2025_12_21_IMG (261).JPG,2025_12_21_IMG (261).JPG,train,Greening,dataset/val/Greening/2025_12_21_IMG (262).JPG,2025_12_21_IMG (262).JPG,val,Greening,6,0.90625,near-duplicate candidate requiring manual review
dataset/train/Greening/2025_12_21_IMG (286).JPG,2025_12_21_IMG (286).JPG,train,Greening,dataset/val/Greening/2025_12_21_IMG (284).JPG,2025_12_21_IMG (284).JPG,val,Greening,6,0.90625,near-duplicate candidate requiring manual review
dataset/train/Greening/2025_12_21_IMG (301).JPG,2025_12_21_IMG (301).JPG,train,Greening,dataset/test/Citrus canker/2025_12_21_IMG (281).JPG,2025_12_21_IMG (281).JPG,test,Citrus canker,6,0.90625,near-duplicate candidate requiring manual review
dataset/train/Greening/2025_12_21_IMG (302).JPG,2025_12_21_IMG (302).JPG,train,Greening,dataset/test/Citrus canker/2025_12_21_IMG (281).JPG,2025_12_21_IMG (281).JPG,test,Citrus canker,6,0.90625,near-duplicate candidate requiring manual review
dataset/train/Greening/2025_12_21_IMG (36).JPG,2025_12_21_IMG (36).JPG,train,Greening,dataset/test/Greening/2025_12_21_IMG (55).JPG,2025_12_21_IMG (55).JPG,test,Greening,6,0.90625,near-duplicate candidate requiring manual review
dataset/train/Greening/2025_12_21_IMG (39).JPG,2025_12_21_IMG (39).JPG,train,Greening,dataset/test/Greening/2025_12_21_IMG (38).JPG,2025_12_21_IMG (38).JPG,test,Greening,6,0.90625,near-duplicate candidate requiring manual review
dataset/train/Greening/2025_12_21_IMG (52).JPG,2025_12_21_IMG (52).JPG,train,Greening,dataset/val/Greening/2025_12_21_IMG (51).JPG,2025_12_21_IMG (51).JPG,val,Greening,6,0.90625,near-duplicate candidate requiring manual review
dataset/train/Healthy leaf/2025_11_21_IMG (116).JPG,2025_11_21_IMG (116).JPG,train,Healthy leaf,dataset/val/Healthy leaf/2025_11_21_IMG (114).JPG,2025_11_21_IMG (114).JPG,val,Healthy leaf,6,0.90625,near-duplicate candidate requiring manual review
dataset/train/Healthy leaf/2025_11_21_IMG (164).JPG,2025_11_21_IMG (164).JPG,train,Healthy leaf,dataset/test/Healthy leaf/2025_11_21_IMG (163).JPG,2025_11_21_IMG (163).JPG,test,Healthy leaf,6,0.90625,near-duplicate candidate requiring manual review
dataset/train/Healthy leaf/2025_11_21_IMG (165).JPG,2025_11_21_IMG (165).JPG,train,Healthy leaf,dataset/test/Healthy leaf/2025_11_21_IMG (163).JPG,2025_11_21_IMG (163).JPG,test,Healthy leaf,6,0.90625,near-duplicate candidate requiring manual review
dataset/train/Healthy leaf/2025_11_21_IMG (210).JPG,2025_11_21_IMG (210).JPG,train,Healthy leaf,dataset/val/Healthy leaf/2025_11_21_IMG (260).JPG,2025_11_21_IMG (260).JPG,val,Healthy leaf,6,0.90625,near-duplicate candidate requiring manual review
dataset/train/Healthy leaf/2025_11_21_IMG (210).JPG,2025_11_21_IMG (210).JPG,train,Healthy leaf,dataset/val/Healthy leaf/2025_11_21_IMG (261).JPG,2025_11_21_IMG (261).JPG,val,Healthy leaf,6,0.90625,near-duplicate candidate requiring manual review
dataset/train/Healthy leaf/2025_11_21_IMG (237).JPG,2025_11_21_IMG (237).JPG,train,Healthy leaf,dataset/val/Greening/2025_12_21_IMG (27).JPG,2025_12_21_IMG (27).JPG,val,Greening,6,0.90625,near-duplicate candidate requiring manual review
dataset/train/Healthy leaf/2025_11_21_IMG (255).JPG,2025_11_21_IMG (255).JPG,train,Healthy leaf,dataset/test/Citrus pest/2025_12_20_IMG (301).JPG,2025_12_20_IMG (301).JPG,test,Citrus pest,6,0.90625,near-duplicate candidate requiring manual review
dataset/train/Healthy leaf/2025_11_21_IMG (255).JPG,2025_11_21_IMG (255).JPG,train,Healthy leaf,dataset/test/Healthy leaf/2025_11_21_IMG (258).JPG,2025_11_21_IMG (258).JPG,test,Healthy leaf,6,0.90625,near-duplicate candidate requiring manual review
dataset/train/Healthy leaf/2025_11_21_IMG (255).JPG,2025_11_21_IMG (255).JPG,train,Healthy leaf,dataset/val/Healthy leaf/2025_11_21_IMG (251).JPG,2025_11_21_IMG (251).JPG,val,Healthy leaf,6,0.90625,near-duplicate candidate requiring manual review
dataset/train/Healthy leaf/2025_11_21_IMG (259).JPG,2025_11_21_IMG (259).JPG,train,Healthy leaf,dataset/val/Healthy leaf/2025_11_21_IMG (260).JPG,2025_11_21_IMG (260).JPG,val,Healthy leaf,6,0.90625,near-duplicate candidate requiring manual review
dataset/train/Healthy leaf/2025_11_21_IMG (265).JPG,2025_11_21_IMG (265).JPG,train,Healthy leaf,dataset/val/Healthy leaf/2025_11_21_IMG (260).JPG,2025_11_21_IMG (260).JPG,val,Healthy leaf,6,0.90625,near-duplicate candidate requiring manual review
dataset/train/Healthy leaf/2025_11_21_IMG (269).JPG,2025_11_21_IMG (269).JPG,train,Healthy leaf,dataset/test/Healthy leaf/2025_11_21_IMG (266).JPG,2025_11_21_IMG (266).JPG,test,Healthy leaf,6,0.90625,near-duplicate candidate requiring manual review
dataset/train/Healthy leaf/2025_11_21_IMG (269).JPG,2025_11_21_IMG (269).JPG,train,Healthy leaf,dataset/val/Healthy leaf/2025_11_21_IMG (267).JPG,2025_11_21_IMG (267).JPG,val,Healthy leaf,6,0.90625,near-duplicate candidate requiring manual review
dataset/train/Healthy leaf/2025_11_21_IMG (270).JPG,2025_11_21_IMG (270).JPG,train,Healthy leaf,dataset/test/Healthy leaf/2025_11_21_IMG (266).JPG,2025_11_21_IMG (266).JPG,test,Healthy leaf,6,0.90625,near-duplicate candidate requiring manual review
dataset/train/Healthy leaf/2025_11_21_IMG (270).JPG,2025_11_21_IMG (270).JPG,train,Healthy leaf,dataset/val/Healthy leaf/2025_11_21_IMG (267).JPG,2025_11_21_IMG (267).JPG,val,Healthy leaf,6,0.90625,near-duplicate candidate requiring manual review
dataset/train/Healthy leaf/2025_11_21_IMG (283).JPG,2025_11_21_IMG (283).JPG,train,Healthy leaf,dataset/test/Algal leaf spot/2025_12_21_IMG (170).JPG,2025_12_21_IMG (170).JPG,test,Algal leaf spot,6,0.90625,near-duplicate candidate requiring manual review
dataset/train/Healthy leaf/2025_11_21_IMG (285).JPG,2025_11_21_IMG (285).JPG,train,Healthy leaf,dataset/test/Healthy leaf/2025_11_21_IMG (266).JPG,2025_11_21_IMG (266).JPG,test,Healthy leaf,6,0.90625,near-duplicate candidate requiring manual review
dataset/train/Healthy leaf/2025_11_21_IMG (285).JPG,2025_11_21_IMG (285).JPG,train,Healthy leaf,dataset/val/Healthy leaf/2025_11_21_IMG (267).JPG,2025_11_21_IMG (267).JPG,val,Healthy leaf,6,0.90625,near-duplicate candidate requiring manual review
dataset/train/Healthy leaf/2025_11_21_IMG (32).JPG,2025_11_21_IMG (32).JPG,train,Healthy leaf,dataset/val/Greening/2025_12_21_IMG (232).JPG,2025_12_21_IMG (232).JPG,val,Greening,6,0.90625,near-duplicate candidate requiring manual review
dataset/train/Healthy leaf/2025_11_21_IMG (43).JPG,2025_11_21_IMG (43).JPG,train,Healthy leaf,dataset/val/Healthy leaf/2025_11_21_IMG (45).JPG,2025_11_21_IMG (45).JPG,val,Healthy leaf,6,0.90625,near-duplicate candidate requiring manual review
dataset/train/Healthy leaf/2025_11_21_IMG (5).JPG,2025_11_21_IMG (5).JPG,train,Healthy leaf,dataset/val/Healthy leaf/2025_11_21_IMG (4).JPG,2025_11_21_IMG (4).JPG,val,Healthy leaf,6,0.90625,near-duplicate candidate requiring manual review
dataset/train/Healthy leaf/2025_11_21_IMG (87).JPG,2025_11_21_IMG (87).JPG,train,Healthy leaf,dataset/test/Healthy leaf/2025_11_21_IMG (88).JPG,2025_11_21_IMG (88).JPG,test,Healthy leaf,6,0.90625,near-duplicate candidate requiring manual review
dataset/train/Healthy leaf/2025_11_21_IMG (9).JPG,2025_11_21_IMG (9).JPG,train,Healthy leaf,dataset/test/Healthy leaf/2025_11_21_IMG (11).JPG,2025_11_21_IMG (11).JPG,test,Healthy leaf,6,0.90625,near-duplicate candidate requiring manual review
dataset/train/Healthy leaf/2025_11_21_IMG (91).JPG,2025_11_21_IMG (91).JPG,train,Healthy leaf,dataset/test/Healthy leaf/2025_11_21_IMG (92).JPG,2025_11_21_IMG (92).JPG,test,Healthy leaf,6,0.90625,near-duplicate candidate requiring manual review
dataset/val/Black spot/2025_12_20_IMG (171).JPG,2025_12_20_IMG (171).JPG,val,Black spot,dataset/test/Black spot/2025_12_20_IMG (170).JPG,2025_12_20_IMG (170).JPG,test,Black spot,6,0.90625,near-duplicate candidate requiring manual review
dataset/val/Citrus canker/2025_12_21_IMG (340).JPG,2025_12_21_IMG (340).JPG,val,Citrus canker,dataset/test/Citrus canker/2025_12_21_IMG (344).JPG,2025_12_21_IMG (344).JPG,test,Citrus canker,6,0.90625,near-duplicate candidate requiring manual review
dataset/val/Citrus canker/2025_12_21_IMG (519).JPG,2025_12_21_IMG (519).JPG,val,Citrus canker,dataset/test/Citrus pest/2025_12_20_IMG (360).JPG,2025_12_20_IMG (360).JPG,test,Citrus pest,6,0.90625,near-duplicate candidate requiring manual review
dataset/val/Greening/2025_12_21_IMG (267).JPG,2025_12_21_IMG (267).JPG,val,Greening,dataset/test/Greening/2025_12_21_IMG (266).JPG,2025_12_21_IMG (266).JPG,test,Greening,6,0.90625,near-duplicate candidate requiring manual review
